csp_code,csp_name,month,asb_count,period_start,period_end,assignment
E22000001,Bath and North East Somerset,2025-04,209,2025-04-01,2026-03-01,LSOA21 to single LAD25/CSP25 relationship
E22000001,Bath and North East Somerset,2025-05,199,2025-04-01,2026-03-01,LSOA21 to single LAD25/CSP25 relationship
E22000001,Bath and North East Somerset,2025-06,242,2025-04-01,2026-03-01,LSOA21 to single LAD25/CSP25 relationship
E22000001,Bath and North East Somerset,2025-07,265,2025-04-01,2026-03-01,LSOA21 to single LAD25/CSP25 relationship
E22000001,Bath and North East Somerset,2025-08,259,2025-04-01,2026-03-01,LSOA21 to single LAD25/CSP25 relationship
E22000001,Bath and North East Somerset,2025-09,196,2025-04-01,2026-03-01,LSOA21 to single LAD25/CSP25 relationship
E22000001,Bath and North East Somerset,2025-10,208,2025-04-01,2026-03-01,LSOA21 to single LAD25/CSP25 relationship
E22000001,Bath and North East Somerset,2025-11,208,2025-04-01,2026-03-01,LSOA21 to single LAD25/CSP25 relationship
E22000001,Bath and North East Somerset,2025-12,217,2025-04-01,2026-03-01,LSOA21 to single LAD25/CSP25 relationship
E22000001,Bath and North East Somerset,2026-01,153,2025-04-01,2026-03-01,LSOA21 to single LAD25/CSP25 relationship
E22000001,Bath and North East Somerset,2026-02,193,2025-04-01,2026-03-01,LSOA21 to single LAD25/CSP25 relationship
E22000001,Bath and North East Somerset,2026-03,234,2025-04-01,2026-03-01,LSOA21 to single LAD25/CSP25 relationship
E22000002,"Bristol, City of",2025-04,811,2025-04-01,2026-03-01,LSOA21 to single LAD25/CSP25 relationship
E22000002,"Bristol, City of",2025-05,962,2025-04-01,2026-03-01,LSOA21 to single LAD25/CSP25 relationship
E22000002,"Bristol, City of",2025-06,1023,2025-04-01,2026-03-01,LSOA21 to single LAD25/CSP25 relationship
E22000002,"Bristol, City of",2025-07,1114,2025-04-01,2026-03-01,LSOA21 to single LAD25/CSP25 relationship
E22000002,"Bristol, City of",2025-08,1047,2025-04-01,2026-03-01,LSOA21 to single LAD25/CSP25 relationship
E22000002,"Bristol, City of",2025-09,903,2025-04-01,2026-03-01,LSOA21 to single LAD25/CSP25 relationship
E22000002,"Bristol, City of",2025-10,1000,2025-04-01,2026-03-01,LSOA21 to single LAD25/CSP25 relationship
E22000002,"Bristol, City of",2025-11,775,2025-04-01,2026-03-01,LSOA21 to single LAD25/CSP25 relationship
E22000002,"Bristol, City of",2025-12,779,2025-04-01,2026-03-01,LSOA21 to single LAD25/CSP25 relationship
E22000002,"Bristol, City of",2026-01,796,2025-04-01,2026-03-01,LSOA21 to single LAD25/CSP25 relationship
E22000002,"Bristol, City of",2026-02,824,2025-04-01,2026-03-01,LSOA21 to single LAD25/CSP25 relationship
E22000002,"Bristol, City of",2026-03,973,2025-04-01,2026-03-01,LSOA21 to single LAD25/CSP25 relationship
E22000003,North Somerset,2025-04,254,2025-04-01,2026-03-01,LSOA21 to single LAD25/CSP25 relationship
E22000003,North Somerset,2025-05,266,2025-04-01,2026-03-01,LSOA21 to single LAD25/CSP25 relationship
E22000003,North Somerset,2025-06,248,2025-04-01,2026-03-01,LSOA21 to single LAD25/CSP25 relationship
E22000003,North Somerset,2025-07,266,2025-04-01,2026-03-01,LSOA21 to single LAD25/CSP25 relationship
E22000003,North Somerset,2025-08,307,2025-04-01,2026-03-01,LSOA21 to single LAD25/CSP25 relationship
E22000003,North Somerset,2025-09,220,2025-04-01,2026-03-01,LSOA21 to single LAD25/CSP25 relationship
E22000003,North Somerset,2025-10,230,2025-04-01,2026-03-01,LSOA21 to single LAD25/CSP25 relationship
E22000003,North Somerset,2025-11,199,2025-04-01,2026-03-01,LSOA21 to single LAD25/CSP25 relationship
E22000003,North Somerset,2025-12,168,2025-04-01,2026-03-01,LSOA21 to single LAD25/CSP25 relationship
E22000003,North Somerset,2026-01,156,2025-04-01,2026-03-01,LSOA21 to single LAD25/CSP25 relationship
E22000003,North Somerset,2026-02,213,2025-04-01,2026-03-01,LSOA21 to single LAD25/CSP25 relationship
E22000003,North Somerset,2026-03,219,2025-04-01,2026-03-01,LSOA21 to single LAD25/CSP25 relationship
E22000006,South Gloucestershire,2025-04,241,2025-04-01,2026-03-01,LSOA21 to single LAD25/CSP25 relationship
E22000006,South Gloucestershire,2025-05,302,2025-04-01,2026-03-01,LSOA21 to single LAD25/CSP25 relationship
E22000006,South Gloucestershire,2025-06,317,2025-04-01,2026-03-01,LSOA21 to single LAD25/CSP25 relationship
E22000006,South Gloucestershire,2025-07,326,2025-04-01,2026-03-01,LSOA21 to single LAD25/CSP25 relationship
E22000006,South Gloucestershire,2025-08,322,2025-04-01,2026-03-01,LSOA21 to single LAD25/CSP25 relationship
E22000006,South Gloucestershire,2025-09,242,2025-04-01,2026-03-01,LSOA21 to single LAD25/CSP25 relationship
E22000006,South Gloucestershire,2025-10,268,2025-04-01,2026-03-01,LSOA21 to single LAD25/CSP25 relationship
E22000006,South Gloucestershire,2025-11,291,2025-04-01,2026-03-01,LSOA21 to single LAD25/CSP25 relationship
E22000006,South Gloucestershire,2025-12,204,2025-04-01,2026-03-01,LSOA21 to single LAD25/CSP25 relationship
E22000006,South Gloucestershire,2026-01,201,2025-04-01,2026-03-01,LSOA21 to single LAD25/CSP25 relationship
E22000006,South Gloucestershire,2026-02,243,2025-04-01,2026-03-01,LSOA21 to single LAD25/CSP25 relationship
E22000006,South Gloucestershire,2026-03,243,2025-04-01,2026-03-01,LSOA21 to single LAD25/CSP25 relationship
E22000009,Bedford,2025-04,238,2025-04-01,2026-03-01,LSOA21 to single LAD25/CSP25 relationship
E22000009,Bedford,2025-05,259,2025-04-01,2026-03-01,LSOA21 to single LAD25/CSP25 relationship
E22000009,Bedford,2025-06,293,2025-04-01,2026-03-01,LSOA21 to single LAD25/CSP25 relationship
E22000009,Bedford,2025-07,312,2025-04-01,2026-03-01,LSOA21 to single LAD25/CSP25 relationship
E22000009,Bedford,2025-08,293,2025-04-01,2026-03-01,LSOA21 to single LAD25/CSP25 relationship
E22000009,Bedford,2025-09,228,2025-04-01,2026-03-01,LSOA21 to single LAD25/CSP25 relationship
E22000009,Bedford,2025-10,185,2025-04-01,2026-03-01,LSOA21 to single LAD25/CSP25 relationship
E22000009,Bedford,2025-11,191,2025-04-01,2026-03-01,LSOA21 to single LAD25/CSP25 relationship
E22000009,Bedford,2025-12,168,2025-04-01,2026-03-01,LSOA21 to single LAD25/CSP25 relationship
E22000009,Bedford,2026-01,180,2025-04-01,2026-03-01,LSOA21 to single LAD25/CSP25 relationship
E22000009,Bedford,2026-02,184,2025-04-01,2026-03-01,LSOA21 to single LAD25/CSP25 relationship
E22000009,Bedford,2026-03,268,2025-04-01,2026-03-01,LSOA21 to single LAD25/CSP25 relationship
E22000010,Luton,2025-04,305,2025-04-01,2026-03-01,LSOA21 to single LAD25/CSP25 relationship
E22000010,Luton,2025-05,276,2025-04-01,2026-03-01,LSOA21 to single LAD25/CSP25 relationship
E22000010,Luton,2025-06,279,2025-04-01,2026-03-01,LSOA21 to single LAD25/CSP25 relationship
E22000010,Luton,2025-07,335,2025-04-01,2026-03-01,LSOA21 to single LAD25/CSP25 relationship
E22000010,Luton,2025-08,336,2025-04-01,2026-03-01,LSOA21 to single LAD25/CSP25 relationship
E22000010,Luton,2025-09,248,2025-04-01,2026-03-01,LSOA21 to single LAD25/CSP25 relationship
E22000010,Luton,2025-10,238,2025-04-01,2026-03-01,LSOA21 to single LAD25/CSP25 relationship
E22000010,Luton,2025-11,227,2025-04-01,2026-03-01,LSOA21 to single LAD25/CSP25 relationship
E22000010,Luton,2025-12,190,2025-04-01,2026-03-01,LSOA21 to single LAD25/CSP25 relationship
E22000010,Luton,2026-01,209,2025-04-01,2026-03-01,LSOA21 to single LAD25/CSP25 relationship
E22000010,Luton,2026-02,219,2025-04-01,2026-03-01,LSOA21 to single LAD25/CSP25 relationship
E22000010,Luton,2026-03,281,2025-04-01,2026-03-01,LSOA21 to single LAD25/CSP25 relationship
E22000013,Cambridge,2025-04,199,2025-04-01,2026-03-01,LSOA21 to single LAD25/CSP25 relationship
E22000013,Cambridge,2025-05,245,2025-04-01,2026-03-01,LSOA21 to single LAD25/CSP25 relationship
E22000013,Cambridge,2025-06,252,2025-04-01,2026-03-01,LSOA21 to single LAD25/CSP25 relationship
E22000013,Cambridge,2025-07,269,2025-04-01,2026-03-01,LSOA21 to single LAD25/CSP25 relationship
E22000013,Cambridge,2025-08,228,2025-04-01,2026-03-01,LSOA21 to single LAD25/CSP25 relationship
E22000013,Cambridge,2025-09,186,2025-04-01,2026-03-01,LSOA21 to single LAD25/CSP25 relationship
E22000013,Cambridge,2025-10,207,2025-04-01,2026-03-01,LSOA21 to single LAD25/CSP25 relationship
E22000013,Cambridge,2025-11,131,2025-04-01,2026-03-01,LSOA21 to single LAD25/CSP25 relationship
E22000013,Cambridge,2025-12,147,2025-04-01,2026-03-01,LSOA21 to single LAD25/CSP25 relationship
E22000013,Cambridge,2026-01,171,2025-04-01,2026-03-01,LSOA21 to single LAD25/CSP25 relationship
E22000013,Cambridge,2026-02,150,2025-04-01,2026-03-01,LSOA21 to single LAD25/CSP25 relationship
E22000013,Cambridge,2026-03,215,2025-04-01,2026-03-01,LSOA21 to single LAD25/CSP25 relationship
E22000014,East Cambridgeshire,2025-04,84,2025-04-01,2026-03-01,LSOA21 to single LAD25/CSP25 relationship
E22000014,East Cambridgeshire,2025-05,83,2025-04-01,2026-03-01,LSOA21 to single LAD25/CSP25 relationship
E22000014,East Cambridgeshire,2025-06,111,2025-04-01,2026-03-01,LSOA21 to single LAD25/CSP25 relationship
E22000014,East Cambridgeshire,2025-07,72,2025-04-01,2026-03-01,LSOA21 to single LAD25/CSP25 relationship
E22000014,East Cambridgeshire,2025-08,112,2025-04-01,2026-03-01,LSOA21 to single LAD25/CSP25 relationship
E22000014,East Cambridgeshire,2025-09,79,2025-04-01,2026-03-01,LSOA21 to single LAD25/CSP25 relationship
E22000014,East Cambridgeshire,2025-10,108,2025-04-01,2026-03-01,LSOA21 to single LAD25/CSP25 relationship
E22000014,East Cambridgeshire,2025-11,67,2025-04-01,2026-03-01,LSOA21 to single LAD25/CSP25 relationship
E22000014,East Cambridgeshire,2025-12,69,2025-04-01,2026-03-01,LSOA21 to single LAD25/CSP25 relationship
E22000014,East Cambridgeshire,2026-01,80,2025-04-01,2026-03-01,LSOA21 to single LAD25/CSP25 relationship
E22000014,East Cambridgeshire,2026-02,51,2025-04-01,2026-03-01,LSOA21 to single LAD25/CSP25 relationship
E22000014,East Cambridgeshire,2026-03,94,2025-04-01,2026-03-01,LSOA21 to single LAD25/CSP25 relationship
E22000015,Fenland,2025-04,151,2025-04-01,2026-03-01,LSOA21 to single LAD25/CSP25 relationship
E22000015,Fenland,2025-05,151,2025-04-01,2026-03-01,LSOA21 to single LAD25/CSP25 relationship
E22000015,Fenland,2025-06,198,2025-04-01,2026-03-01,LSOA21 to single LAD25/CSP25 relationship
E22000015,Fenland,2025-07,154,2025-04-01,2026-03-01,LSOA21 to single LAD25/CSP25 relationship
E22000015,Fenland,2025-08,165,2025-04-01,2026-03-01,LSOA21 to single LAD25/CSP25 relationship
E22000015,Fenland,2025-09,151,2025-04-01,2026-03-01,LSOA21 to single LAD25/CSP25 relationship
E22000015,Fenland,2025-10,142,2025-04-01,2026-03-01,LSOA21 to single LAD25/CSP25 relationship
E22000015,Fenland,2025-11,117,2025-04-01,2026-03-01,LSOA21 to single LAD25/CSP25 relationship
E22000015,Fenland,2025-12,135,2025-04-01,2026-03-01,LSOA21 to single LAD25/CSP25 relationship
E22000015,Fenland,2026-01,147,2025-04-01,2026-03-01,LSOA21 to single LAD25/CSP25 relationship
E22000015,Fenland,2026-02,142,2025-04-01,2026-03-01,LSOA21 to single LAD25/CSP25 relationship
E22000015,Fenland,2026-03,131,2025-04-01,2026-03-01,LSOA21 to single LAD25/CSP25 relationship
E22000016,Huntingdonshire,2025-04,256,2025-04-01,2026-03-01,LSOA21 to single LAD25/CSP25 relationship
E22000016,Huntingdonshire,2025-05,258,2025-04-01,2026-03-01,LSOA21 to single LAD25/CSP25 relationship
E22000016,Huntingdonshire,2025-06,295,2025-04-01,2026-03-01,LSOA21 to single LAD25/CSP25 relationship
E22000016,Huntingdonshire,2025-07,282,2025-04-01,2026-03-01,LSOA21 to single LAD25/CSP25 relationship
E22000016,Huntingdonshire,2025-08,275,2025-04-01,2026-03-01,LSOA21 to single LAD25/CSP25 relationship
E22000016,Huntingdonshire,2025-09,215,2025-04-01,2026-03-01,LSOA21 to single LAD25/CSP25 relationship
E22000016,Huntingdonshire,2025-10,182,2025-04-01,2026-03-01,LSOA21 to single LAD25/CSP25 relationship
E22000016,Huntingdonshire,2025-11,166,2025-04-01,2026-03-01,LSOA21 to single LAD25/CSP25 relationship
E22000016,Huntingdonshire,2025-12,179,2025-04-01,2026-03-01,LSOA21 to single LAD25/CSP25 relationship
E22000016,Huntingdonshire,2026-01,210,2025-04-01,2026-03-01,LSOA21 to single LAD25/CSP25 relationship
E22000016,Huntingdonshire,2026-02,169,2025-04-01,2026-03-01,LSOA21 to single LAD25/CSP25 relationship
E22000016,Huntingdonshire,2026-03,190,2025-04-01,2026-03-01,LSOA21 to single LAD25/CSP25 relationship
E22000017,Peterborough,2025-04,442,2025-04-01,2026-03-01,LSOA21 to single LAD25/CSP25 relationship
E22000017,Peterborough,2025-05,486,2025-04-01,2026-03-01,LSOA21 to single LAD25/CSP25 relationship
E22000017,Peterborough,2025-06,454,2025-04-01,2026-03-01,LSOA21 to single LAD25/CSP25 relationship
E22000017,Peterborough,2025-07,489,2025-04-01,2026-03-01,LSOA21 to single LAD25/CSP25 relationship
E22000017,Peterborough,2025-08,431,2025-04-01,2026-03-01,LSOA21 to single LAD25/CSP25 relationship
E22000017,Peterborough,2025-09,347,2025-04-01,2026-03-01,LSOA21 to single LAD25/CSP25 relationship
E22000017,Peterborough,2025-10,322,2025-04-01,2026-03-01,LSOA21 to single LAD25/CSP25 relationship
E22000017,Peterborough,2025-11,328,2025-04-01,2026-03-01,LSOA21 to single LAD25/CSP25 relationship
E22000017,Peterborough,2025-12,341,2025-04-01,2026-03-01,LSOA21 to single LAD25/CSP25 relationship
E22000017,Peterborough,2026-01,352,2025-04-01,2026-03-01,LSOA21 to single LAD25/CSP25 relationship
E22000017,Peterborough,2026-02,290,2025-04-01,2026-03-01,LSOA21 to single LAD25/CSP25 relationship
E22000017,Peterborough,2026-03,434,2025-04-01,2026-03-01,LSOA21 to single LAD25/CSP25 relationship
E22000018,South Cambridgeshire,2025-04,146,2025-04-01,2026-03-01,LSOA21 to single LAD25/CSP25 relationship
E22000018,South Cambridgeshire,2025-05,151,2025-04-01,2026-03-01,LSOA21 to single LAD25/CSP25 relationship
E22000018,South Cambridgeshire,2025-06,232,2025-04-01,2026-03-01,LSOA21 to single LAD25/CSP25 relationship
E22000018,South Cambridgeshire,2025-07,185,2025-04-01,2026-03-01,LSOA21 to single LAD25/CSP25 relationship
E22000018,South Cambridgeshire,2025-08,171,2025-04-01,2026-03-01,LSOA21 to single LAD25/CSP25 relationship
E22000018,South Cambridgeshire,2025-09,150,2025-04-01,2026-03-01,LSOA21 to single LAD25/CSP25 relationship
E22000018,South Cambridgeshire,2025-10,135,2025-04-01,2026-03-01,LSOA21 to single LAD25/CSP25 relationship
E22000018,South Cambridgeshire,2025-11,123,2025-04-01,2026-03-01,LSOA21 to single LAD25/CSP25 relationship
E22000018,South Cambridgeshire,2025-12,130,2025-04-01,2026-03-01,LSOA21 to single LAD25/CSP25 relationship
E22000018,South Cambridgeshire,2026-01,126,2025-04-01,2026-03-01,LSOA21 to single LAD25/CSP25 relationship
E22000018,South Cambridgeshire,2026-02,147,2025-04-01,2026-03-01,LSOA21 to single LAD25/CSP25 relationship
E22000018,South Cambridgeshire,2026-03,155,2025-04-01,2026-03-01,LSOA21 to single LAD25/CSP25 relationship
E22000023,Halton,2025-04,123,2025-04-01,2026-03-01,LSOA21 to single LAD25/CSP25 relationship
E22000023,Halton,2025-05,102,2025-04-01,2026-03-01,LSOA21 to single LAD25/CSP25 relationship
E22000023,Halton,2025-06,112,2025-04-01,2026-03-01,LSOA21 to single LAD25/CSP25 relationship
E22000023,Halton,2025-07,112,2025-04-01,2026-03-01,LSOA21 to single LAD25/CSP25 relationship
E22000023,Halton,2025-08,131,2025-04-01,2026-03-01,LSOA21 to single LAD25/CSP25 relationship
E22000023,Halton,2025-09,93,2025-04-01,2026-03-01,LSOA21 to single LAD25/CSP25 relationship
E22000023,Halton,2025-10,116,2025-04-01,2026-03-01,LSOA21 to single LAD25/CSP25 relationship
E22000023,Halton,2025-11,69,2025-04-01,2026-03-01,LSOA21 to single LAD25/CSP25 relationship
E22000023,Halton,2025-12,85,2025-04-01,2026-03-01,LSOA21 to single LAD25/CSP25 relationship
E22000023,Halton,2026-01,73,2025-04-01,2026-03-01,LSOA21 to single LAD25/CSP25 relationship
E22000023,Halton,2026-02,91,2025-04-01,2026-03-01,LSOA21 to single LAD25/CSP25 relationship
E22000023,Halton,2026-03,100,2025-04-01,2026-03-01,LSOA21 to single LAD25/CSP25 relationship
E22000026,Warrington,2025-04,139,2025-04-01,2026-03-01,LSOA21 to single LAD25/CSP25 relationship
E22000026,Warrington,2025-05,117,2025-04-01,2026-03-01,LSOA21 to single LAD25/CSP25 relationship
E22000026,Warrington,2025-06,125,2025-04-01,2026-03-01,LSOA21 to single LAD25/CSP25 relationship
E22000026,Warrington,2025-07,134,2025-04-01,2026-03-01,LSOA21 to single LAD25/CSP25 relationship
E22000026,Warrington,2025-08,134,2025-04-01,2026-03-01,LSOA21 to single LAD25/CSP25 relationship
E22000026,Warrington,2025-09,126,2025-04-01,2026-03-01,LSOA21 to single LAD25/CSP25 relationship
E22000026,Warrington,2025-10,108,2025-04-01,2026-03-01,LSOA21 to single LAD25/CSP25 relationship
E22000026,Warrington,2025-11,100,2025-04-01,2026-03-01,LSOA21 to single LAD25/CSP25 relationship
E22000026,Warrington,2025-12,46,2025-04-01,2026-03-01,LSOA21 to single LAD25/CSP25 relationship
E22000026,Warrington,2026-01,71,2025-04-01,2026-03-01,LSOA21 to single LAD25/CSP25 relationship
E22000026,Warrington,2026-02,110,2025-04-01,2026-03-01,LSOA21 to single LAD25/CSP25 relationship
E22000026,Warrington,2026-03,112,2025-04-01,2026-03-01,LSOA21 to single LAD25/CSP25 relationship
E22000027,Hartlepool,2025-04,348,2025-04-01,2026-03-01,LSOA21 to single LAD25/CSP25 relationship
E22000027,Hartlepool,2025-05,329,2025-04-01,2026-03-01,LSOA21 to single LAD25/CSP25 relationship
E22000027,Hartlepool,2025-06,259,2025-04-01,2026-03-01,LSOA21 to single LAD25/CSP25 relationship
E22000027,Hartlepool,2025-07,255,2025-04-01,2026-03-01,LSOA21 to single LAD25/CSP25 relationship
E22000027,Hartlepool,2025-08,285,2025-04-01,2026-03-01,LSOA21 to single LAD25/CSP25 relationship
E22000027,Hartlepool,2025-09,234,2025-04-01,2026-03-01,LSOA21 to single LAD25/CSP25 relationship
E22000027,Hartlepool,2025-10,246,2025-04-01,2026-03-01,LSOA21 to single LAD25/CSP25 relationship
E22000027,Hartlepool,2025-11,202,2025-04-01,2026-03-01,LSOA21 to single LAD25/CSP25 relationship
E22000027,Hartlepool,2025-12,165,2025-04-01,2026-03-01,LSOA21 to single LAD25/CSP25 relationship
E22000027,Hartlepool,2026-01,190,2025-04-01,2026-03-01,LSOA21 to single LAD25/CSP25 relationship
E22000027,Hartlepool,2026-02,186,2025-04-01,2026-03-01,LSOA21 to single LAD25/CSP25 relationship
E22000027,Hartlepool,2026-03,213,2025-04-01,2026-03-01,LSOA21 to single LAD25/CSP25 relationship
E22000028,Redcar and Cleveland,2025-04,373,2025-04-01,2026-03-01,LSOA21 to single LAD25/CSP25 relationship
E22000028,Redcar and Cleveland,2025-05,392,2025-04-01,2026-03-01,LSOA21 to single LAD25/CSP25 relationship
E22000028,Redcar and Cleveland,2025-06,377,2025-04-01,2026-03-01,LSOA21 to single LAD25/CSP25 relationship
E22000028,Redcar and Cleveland,2025-07,414,2025-04-01,2026-03-01,LSOA21 to single LAD25/CSP25 relationship
E22000028,Redcar and Cleveland,2025-08,365,2025-04-01,2026-03-01,LSOA21 to single LAD25/CSP25 relationship
E22000028,Redcar and Cleveland,2025-09,327,2025-04-01,2026-03-01,LSOA21 to single LAD25/CSP25 relationship
E22000028,Redcar and Cleveland,2025-10,391,2025-04-01,2026-03-01,LSOA21 to single LAD25/CSP25 relationship
E22000028,Redcar and Cleveland,2025-11,257,2025-04-01,2026-03-01,LSOA21 to single LAD25/CSP25 relationship
E22000028,Redcar and Cleveland,2025-12,204,2025-04-01,2026-03-01,LSOA21 to single LAD25/CSP25 relationship
E22000028,Redcar and Cleveland,2026-01,231,2025-04-01,2026-03-01,LSOA21 to single LAD25/CSP25 relationship
E22000028,Redcar and Cleveland,2026-02,235,2025-04-01,2026-03-01,LSOA21 to single LAD25/CSP25 relationship
E22000028,Redcar and Cleveland,2026-03,280,2025-04-01,2026-03-01,LSOA21 to single LAD25/CSP25 relationship
E22000029,Middlesbrough,2025-04,523,2025-04-01,2026-03-01,LSOA21 to single LAD25/CSP25 relationship
E22000029,Middlesbrough,2025-05,497,2025-04-01,2026-03-01,LSOA21 to single LAD25/CSP25 relationship
E22000029,Middlesbrough,2025-06,531,2025-04-01,2026-03-01,LSOA21 to single LAD25/CSP25 relationship
E22000029,Middlesbrough,2025-07,515,2025-04-01,2026-03-01,LSOA21 to single LAD25/CSP25 relationship
E22000029,Middlesbrough,2025-08,643,2025-04-01,2026-03-01,LSOA21 to single LAD25/CSP25 relationship
E22000029,Middlesbrough,2025-09,486,2025-04-01,2026-03-01,LSOA21 to single LAD25/CSP25 relationship
E22000029,Middlesbrough,2025-10,532,2025-04-01,2026-03-01,LSOA21 to single LAD25/CSP25 relationship
E22000029,Middlesbrough,2025-11,358,2025-04-01,2026-03-01,LSOA21 to single LAD25/CSP25 relationship
E22000029,Middlesbrough,2025-12,305,2025-04-01,2026-03-01,LSOA21 to single LAD25/CSP25 relationship
E22000029,Middlesbrough,2026-01,333,2025-04-01,2026-03-01,LSOA21 to single LAD25/CSP25 relationship
E22000029,Middlesbrough,2026-02,387,2025-04-01,2026-03-01,LSOA21 to single LAD25/CSP25 relationship
E22000029,Middlesbrough,2026-03,372,2025-04-01,2026-03-01,LSOA21 to single LAD25/CSP25 relationship
E22000030,Stockton-on-Tees,2025-04,460,2025-04-01,2026-03-01,LSOA21 to single LAD25/CSP25 relationship
E22000030,Stockton-on-Tees,2025-05,532,2025-04-01,2026-03-01,LSOA21 to single LAD25/CSP25 relationship
E22000030,Stockton-on-Tees,2025-06,504,2025-04-01,2026-03-01,LSOA21 to single LAD25/CSP25 relationship
E22000030,Stockton-on-Tees,2025-07,486,2025-04-01,2026-03-01,LSOA21 to single LAD25/CSP25 relationship
E22000030,Stockton-on-Tees,2025-08,482,2025-04-01,2026-03-01,LSOA21 to single LAD25/CSP25 relationship
E22000030,Stockton-on-Tees,2025-09,396,2025-04-01,2026-03-01,LSOA21 to single LAD25/CSP25 relationship
E22000030,Stockton-on-Tees,2025-10,417,2025-04-01,2026-03-01,LSOA21 to single LAD25/CSP25 relationship
E22000030,Stockton-on-Tees,2025-11,370,2025-04-01,2026-03-01,LSOA21 to single LAD25/CSP25 relationship
E22000030,Stockton-on-Tees,2025-12,291,2025-04-01,2026-03-01,LSOA21 to single LAD25/CSP25 relationship
E22000030,Stockton-on-Tees,2026-01,333,2025-04-01,2026-03-01,LSOA21 to single LAD25/CSP25 relationship
E22000030,Stockton-on-Tees,2026-02,328,2025-04-01,2026-03-01,LSOA21 to single LAD25/CSP25 relationship
E22000030,Stockton-on-Tees,2026-03,326,2025-04-01,2026-03-01,LSOA21 to single LAD25/CSP25 relationship
E22000037,Amber Valley,2025-04,207,2025-04-01,2026-03-01,LSOA21 to single LAD25/CSP25 relationship
E22000037,Amber Valley,2025-05,205,2025-04-01,2026-03-01,LSOA21 to single LAD25/CSP25 relationship
E22000037,Amber Valley,2025-06,214,2025-04-01,2026-03-01,LSOA21 to single LAD25/CSP25 relationship
E22000037,Amber Valley,2025-07,180,2025-04-01,2026-03-01,LSOA21 to single LAD25/CSP25 relationship
E22000037,Amber Valley,2025-08,115,2025-04-01,2026-03-01,LSOA21 to single LAD25/CSP25 relationship
E22000037,Amber Valley,2025-09,114,2025-04-01,2026-03-01,LSOA21 to single LAD25/CSP25 relationship
E22000037,Amber Valley,2025-10,114,2025-04-01,2026-03-01,LSOA21 to single LAD25/CSP25 relationship
E22000037,Amber Valley,2025-11,88,2025-04-01,2026-03-01,LSOA21 to single LAD25/CSP25 relationship
E22000037,Amber Valley,2025-12,80,2025-04-01,2026-03-01,LSOA21 to single LAD25/CSP25 relationship
E22000037,Amber Valley,2026-01,73,2025-04-01,2026-03-01,LSOA21 to single LAD25/CSP25 relationship
E22000037,Amber Valley,2026-02,78,2025-04-01,2026-03-01,LSOA21 to single LAD25/CSP25 relationship
E22000037,Amber Valley,2026-03,141,2025-04-01,2026-03-01,LSOA21 to single LAD25/CSP25 relationship
E22000038,Bolsover,2025-04,125,2025-04-01,2026-03-01,LSOA21 to single LAD25/CSP25 relationship
E22000038,Bolsover,2025-05,134,2025-04-01,2026-03-01,LSOA21 to single LAD25/CSP25 relationship
E22000038,Bolsover,2025-06,113,2025-04-01,2026-03-01,LSOA21 to single LAD25/CSP25 relationship
E22000038,Bolsover,2025-07,117,2025-04-01,2026-03-01,LSOA21 to single LAD25/CSP25 relationship
E22000038,Bolsover,2025-08,121,2025-04-01,2026-03-01,LSOA21 to single LAD25/CSP25 relationship
E22000038,Bolsover,2025-09,76,2025-04-01,2026-03-01,LSOA21 to single LAD25/CSP25 relationship
E22000038,Bolsover,2025-10,102,2025-04-01,2026-03-01,LSOA21 to single LAD25/CSP25 relationship
E22000038,Bolsover,2025-11,63,2025-04-01,2026-03-01,LSOA21 to single LAD25/CSP25 relationship
E22000038,Bolsover,2025-12,48,2025-04-01,2026-03-01,LSOA21 to single LAD25/CSP25 relationship
E22000038,Bolsover,2026-01,61,2025-04-01,2026-03-01,LSOA21 to single LAD25/CSP25 relationship
E22000038,Bolsover,2026-02,68,2025-04-01,2026-03-01,LSOA21 to single LAD25/CSP25 relationship
E22000038,Bolsover,2026-03,91,2025-04-01,2026-03-01,LSOA21 to single LAD25/CSP25 relationship
E22000039,Chesterfield,2025-04,233,2025-04-01,2026-03-01,LSOA21 to single LAD25/CSP25 relationship
E22000039,Chesterfield,2025-05,218,2025-04-01,2026-03-01,LSOA21 to single LAD25/CSP25 relationship
E22000039,Chesterfield,2025-06,184,2025-04-01,2026-03-01,LSOA21 to single LAD25/CSP25 relationship
E22000039,Chesterfield,2025-07,187,2025-04-01,2026-03-01,LSOA21 to single LAD25/CSP25 relationship
E22000039,Chesterfield,2025-08,242,2025-04-01,2026-03-01,LSOA21 to single LAD25/CSP25 relationship
E22000039,Chesterfield,2025-09,154,2025-04-01,2026-03-01,LSOA21 to single LAD25/CSP25 relationship
E22000039,Chesterfield,2025-10,166,2025-04-01,2026-03-01,LSOA21 to single LAD25/CSP25 relationship
E22000039,Chesterfield,2025-11,161,2025-04-01,2026-03-01,LSOA21 to single LAD25/CSP25 relationship
E22000039,Chesterfield,2025-12,141,2025-04-01,2026-03-01,LSOA21 to single LAD25/CSP25 relationship
E22000039,Chesterfield,2026-01,170,2025-04-01,2026-03-01,LSOA21 to single LAD25/CSP25 relationship
E22000039,Chesterfield,2026-02,133,2025-04-01,2026-03-01,LSOA21 to single LAD25/CSP25 relationship
E22000039,Chesterfield,2026-03,222,2025-04-01,2026-03-01,LSOA21 to single LAD25/CSP25 relationship
E22000040,Derby,2025-04,523,2025-04-01,2026-03-01,LSOA21 to single LAD25/CSP25 relationship
E22000040,Derby,2025-05,537,2025-04-01,2026-03-01,LSOA21 to single LAD25/CSP25 relationship
E22000040,Derby,2025-06,495,2025-04-01,2026-03-01,LSOA21 to single LAD25/CSP25 relationship
E22000040,Derby,2025-07,488,2025-04-01,2026-03-01,LSOA21 to single LAD25/CSP25 relationship
E22000040,Derby,2025-08,463,2025-04-01,2026-03-01,LSOA21 to single LAD25/CSP25 relationship
E22000040,Derby,2025-09,405,2025-04-01,2026-03-01,LSOA21 to single LAD25/CSP25 relationship
E22000040,Derby,2025-10,346,2025-04-01,2026-03-01,LSOA21 to single LAD25/CSP25 relationship
E22000040,Derby,2025-11,292,2025-04-01,2026-03-01,LSOA21 to single LAD25/CSP25 relationship
E22000040,Derby,2025-12,275,2025-04-01,2026-03-01,LSOA21 to single LAD25/CSP25 relationship
E22000040,Derby,2026-01,267,2025-04-01,2026-03-01,LSOA21 to single LAD25/CSP25 relationship
E22000040,Derby,2026-02,318,2025-04-01,2026-03-01,LSOA21 to single LAD25/CSP25 relationship
E22000040,Derby,2026-03,385,2025-04-01,2026-03-01,LSOA21 to single LAD25/CSP25 relationship
E22000041,Derbyshire Dales,2025-04,59,2025-04-01,2026-03-01,LSOA21 to single LAD25/CSP25 relationship
E22000041,Derbyshire Dales,2025-05,96,2025-04-01,2026-03-01,LSOA21 to single LAD25/CSP25 relationship
E22000041,Derbyshire Dales,2025-06,86,2025-04-01,2026-03-01,LSOA21 to single LAD25/CSP25 relationship
E22000041,Derbyshire Dales,2025-07,69,2025-04-01,2026-03-01,LSOA21 to single LAD25/CSP25 relationship
E22000041,Derbyshire Dales,2025-08,65,2025-04-01,2026-03-01,LSOA21 to single LAD25/CSP25 relationship
E22000041,Derbyshire Dales,2025-09,53,2025-04-01,2026-03-01,LSOA21 to single LAD25/CSP25 relationship
E22000041,Derbyshire Dales,2025-10,58,2025-04-01,2026-03-01,LSOA21 to single LAD25/CSP25 relationship
E22000041,Derbyshire Dales,2025-11,48,2025-04-01,2026-03-01,LSOA21 to single LAD25/CSP25 relationship
E22000041,Derbyshire Dales,2025-12,33,2025-04-01,2026-03-01,LSOA21 to single LAD25/CSP25 relationship
E22000041,Derbyshire Dales,2026-01,31,2025-04-01,2026-03-01,LSOA21 to single LAD25/CSP25 relationship
E22000041,Derbyshire Dales,2026-02,48,2025-04-01,2026-03-01,LSOA21 to single LAD25/CSP25 relationship
E22000041,Derbyshire Dales,2026-03,48,2025-04-01,2026-03-01,LSOA21 to single LAD25/CSP25 relationship
E22000042,Erewash,2025-04,162,2025-04-01,2026-03-01,LSOA21 to single LAD25/CSP25 relationship
E22000042,Erewash,2025-05,163,2025-04-01,2026-03-01,LSOA21 to single LAD25/CSP25 relationship
E22000042,Erewash,2025-06,154,2025-04-01,2026-03-01,LSOA21 to single LAD25/CSP25 relationship
E22000042,Erewash,2025-07,156,2025-04-01,2026-03-01,LSOA21 to single LAD25/CSP25 relationship
E22000042,Erewash,2025-08,146,2025-04-01,2026-03-01,LSOA21 to single LAD25/CSP25 relationship
E22000042,Erewash,2025-09,123,2025-04-01,2026-03-01,LSOA21 to single LAD25/CSP25 relationship
E22000042,Erewash,2025-10,122,2025-04-01,2026-03-01,LSOA21 to single LAD25/CSP25 relationship
E22000042,Erewash,2025-11,108,2025-04-01,2026-03-01,LSOA21 to single LAD25/CSP25 relationship
E22000042,Erewash,2025-12,72,2025-04-01,2026-03-01,LSOA21 to single LAD25/CSP25 relationship
E22000042,Erewash,2026-01,101,2025-04-01,2026-03-01,LSOA21 to single LAD25/CSP25 relationship
E22000042,Erewash,2026-02,107,2025-04-01,2026-03-01,LSOA21 to single LAD25/CSP25 relationship
E22000042,Erewash,2026-03,150,2025-04-01,2026-03-01,LSOA21 to single LAD25/CSP25 relationship
E22000043,High Peak,2025-04,127,2025-04-01,2026-03-01,LSOA21 to single LAD25/CSP25 relationship
E22000043,High Peak,2025-05,141,2025-04-01,2026-03-01,LSOA21 to single LAD25/CSP25 relationship
E22000043,High Peak,2025-06,143,2025-04-01,2026-03-01,LSOA21 to single LAD25/CSP25 relationship
E22000043,High Peak,2025-07,143,2025-04-01,2026-03-01,LSOA21 to single LAD25/CSP25 relationship
E22000043,High Peak,2025-08,113,2025-04-01,2026-03-01,LSOA21 to single LAD25/CSP25 relationship
E22000043,High Peak,2025-09,67,2025-04-01,2026-03-01,LSOA21 to single LAD25/CSP25 relationship
E22000043,High Peak,2025-10,82,2025-04-01,2026-03-01,LSOA21 to single LAD25/CSP25 relationship
E22000043,High Peak,2025-11,69,2025-04-01,2026-03-01,LSOA21 to single LAD25/CSP25 relationship
E22000043,High Peak,2025-12,45,2025-04-01,2026-03-01,LSOA21 to single LAD25/CSP25 relationship
E22000043,High Peak,2026-01,69,2025-04-01,2026-03-01,LSOA21 to single LAD25/CSP25 relationship
E22000043,High Peak,2026-02,61,2025-04-01,2026-03-01,LSOA21 to single LAD25/CSP25 relationship
E22000043,High Peak,2026-03,96,2025-04-01,2026-03-01,LSOA21 to single LAD25/CSP25 relationship
E22000044,North East Derbyshire,2025-04,103,2025-04-01,2026-03-01,LSOA21 to single LAD25/CSP25 relationship
E22000044,North East Derbyshire,2025-05,127,2025-04-01,2026-03-01,LSOA21 to single LAD25/CSP25 relationship
E22000044,North East Derbyshire,2025-06,133,2025-04-01,2026-03-01,LSOA21 to single LAD25/CSP25 relationship
E22000044,North East Derbyshire,2025-07,174,2025-04-01,2026-03-01,LSOA21 to single LAD25/CSP25 relationship
E22000044,North East Derbyshire,2025-08,116,2025-04-01,2026-03-01,LSOA21 to single LAD25/CSP25 relationship
E22000044,North East Derbyshire,2025-09,88,2025-04-01,2026-03-01,LSOA21 to single LAD25/CSP25 relationship
E22000044,North East Derbyshire,2025-10,99,2025-04-01,2026-03-01,LSOA21 to single LAD25/CSP25 relationship
E22000044,North East Derbyshire,2025-11,77,2025-04-01,2026-03-01,LSOA21 to single LAD25/CSP25 relationship
E22000044,North East Derbyshire,2025-12,56,2025-04-01,2026-03-01,LSOA21 to single LAD25/CSP25 relationship
E22000044,North East Derbyshire,2026-01,53,2025-04-01,2026-03-01,LSOA21 to single LAD25/CSP25 relationship
E22000044,North East Derbyshire,2026-02,66,2025-04-01,2026-03-01,LSOA21 to single LAD25/CSP25 relationship
E22000044,North East Derbyshire,2026-03,88,2025-04-01,2026-03-01,LSOA21 to single LAD25/CSP25 relationship
E22000045,South Derbyshire,2025-04,101,2025-04-01,2026-03-01,LSOA21 to single LAD25/CSP25 relationship
E22000045,South Derbyshire,2025-05,113,2025-04-01,2026-03-01,LSOA21 to single LAD25/CSP25 relationship
E22000045,South Derbyshire,2025-06,108,2025-04-01,2026-03-01,LSOA21 to single LAD25/CSP25 relationship
E22000045,South Derbyshire,2025-07,137,2025-04-01,2026-03-01,LSOA21 to single LAD25/CSP25 relationship
E22000045,South Derbyshire,2025-08,95,2025-04-01,2026-03-01,LSOA21 to single LAD25/CSP25 relationship
E22000045,South Derbyshire,2025-09,77,2025-04-01,2026-03-01,LSOA21 to single LAD25/CSP25 relationship
E22000045,South Derbyshire,2025-10,49,2025-04-01,2026-03-01,LSOA21 to single LAD25/CSP25 relationship
E22000045,South Derbyshire,2025-11,64,2025-04-01,2026-03-01,LSOA21 to single LAD25/CSP25 relationship
E22000045,South Derbyshire,2025-12,51,2025-04-01,2026-03-01,LSOA21 to single LAD25/CSP25 relationship
E22000045,South Derbyshire,2026-01,44,2025-04-01,2026-03-01,LSOA21 to single LAD25/CSP25 relationship
E22000045,South Derbyshire,2026-02,64,2025-04-01,2026-03-01,LSOA21 to single LAD25/CSP25 relationship
E22000045,South Derbyshire,2026-03,93,2025-04-01,2026-03-01,LSOA21 to single LAD25/CSP25 relationship
E22000049,Exeter,2025-04,221,2025-04-01,2026-03-01,LSOA21 to single LAD25/CSP25 relationship
E22000049,Exeter,2025-05,269,2025-04-01,2026-03-01,LSOA21 to single LAD25/CSP25 relationship
E22000049,Exeter,2025-06,278,2025-04-01,2026-03-01,LSOA21 to single LAD25/CSP25 relationship
E22000049,Exeter,2025-07,268,2025-04-01,2026-03-01,LSOA21 to single LAD25/CSP25 relationship
E22000049,Exeter,2025-08,276,2025-04-01,2026-03-01,LSOA21 to single LAD25/CSP25 relationship
E22000049,Exeter,2025-09,251,2025-04-01,2026-03-01,LSOA21 to single LAD25/CSP25 relationship
E22000049,Exeter,2025-10,200,2025-04-01,2026-03-01,LSOA21 to single LAD25/CSP25 relationship
E22000049,Exeter,2025-11,191,2025-04-01,2026-03-01,LSOA21 to single LAD25/CSP25 relationship
E22000049,Exeter,2025-12,146,2025-04-01,2026-03-01,LSOA21 to single LAD25/CSP25 relationship
E22000049,Exeter,2026-01,117,2025-04-01,2026-03-01,LSOA21 to single LAD25/CSP25 relationship
E22000049,Exeter,2026-02,143,2025-04-01,2026-03-01,LSOA21 to single LAD25/CSP25 relationship
E22000049,Exeter,2026-03,152,2025-04-01,2026-03-01,LSOA21 to single LAD25/CSP25 relationship
E22000050,Isles of Scilly,2025-04,,2025-04-01,2026-03-01,LSOA21 to single LAD25/CSP25 relationship
E22000050,Isles of Scilly,2025-05,,2025-04-01,2026-03-01,LSOA21 to single LAD25/CSP25 relationship
E22000050,Isles of Scilly,2025-06,1,2025-04-01,2026-03-01,LSOA21 to single LAD25/CSP25 relationship
E22000050,Isles of Scilly,2025-07,,2025-04-01,2026-03-01,LSOA21 to single LAD25/CSP25 relationship
E22000050,Isles of Scilly,2025-08,1,2025-04-01,2026-03-01,LSOA21 to single LAD25/CSP25 relationship
E22000050,Isles of Scilly,2025-09,1,2025-04-01,2026-03-01,LSOA21 to single LAD25/CSP25 relationship
E22000050,Isles of Scilly,2025-10,,2025-04-01,2026-03-01,LSOA21 to single LAD25/CSP25 relationship
E22000050,Isles of Scilly,2025-11,1,2025-04-01,2026-03-01,LSOA21 to single LAD25/CSP25 relationship
E22000050,Isles of Scilly,2025-12,,2025-04-01,2026-03-01,LSOA21 to single LAD25/CSP25 relationship
E22000050,Isles of Scilly,2026-01,,2025-04-01,2026-03-01,LSOA21 to single LAD25/CSP25 relationship
E22000050,Isles of Scilly,2026-02,1,2025-04-01,2026-03-01,LSOA21 to single LAD25/CSP25 relationship
E22000050,Isles of Scilly,2026-03,,2025-04-01,2026-03-01,LSOA21 to single LAD25/CSP25 relationship
E22000056,Plymouth,2025-04,489,2025-04-01,2026-03-01,LSOA21 to single LAD25/CSP25 relationship
E22000056,Plymouth,2025-05,521,2025-04-01,2026-03-01,LSOA21 to single LAD25/CSP25 relationship
E22000056,Plymouth,2025-06,426,2025-04-01,2026-03-01,LSOA21 to single LAD25/CSP25 relationship
E22000056,Plymouth,2025-07,535,2025-04-01,2026-03-01,LSOA21 to single LAD25/CSP25 relationship
E22000056,Plymouth,2025-08,476,2025-04-01,2026-03-01,LSOA21 to single LAD25/CSP25 relationship
E22000056,Plymouth,2025-09,385,2025-04-01,2026-03-01,LSOA21 to single LAD25/CSP25 relationship
E22000056,Plymouth,2025-10,410,2025-04-01,2026-03-01,LSOA21 to single LAD25/CSP25 relationship
E22000056,Plymouth,2025-11,359,2025-04-01,2026-03-01,LSOA21 to single LAD25/CSP25 relationship
E22000056,Plymouth,2025-12,252,2025-04-01,2026-03-01,LSOA21 to single LAD25/CSP25 relationship
E22000056,Plymouth,2026-01,242,2025-04-01,2026-03-01,LSOA21 to single LAD25/CSP25 relationship
E22000056,Plymouth,2026-02,245,2025-04-01,2026-03-01,LSOA21 to single LAD25/CSP25 relationship
E22000056,Plymouth,2026-03,297,2025-04-01,2026-03-01,LSOA21 to single LAD25/CSP25 relationship
E22000060,Torbay,2025-04,259,2025-04-01,2026-03-01,LSOA21 to single LAD25/CSP25 relationship
E22000060,Torbay,2025-05,258,2025-04-01,2026-03-01,LSOA21 to single LAD25/CSP25 relationship
E22000060,Torbay,2025-06,234,2025-04-01,2026-03-01,LSOA21 to single LAD25/CSP25 relationship
E22000060,Torbay,2025-07,267,2025-04-01,2026-03-01,LSOA21 to single LAD25/CSP25 relationship
E22000060,Torbay,2025-08,242,2025-04-01,2026-03-01,LSOA21 to single LAD25/CSP25 relationship
E22000060,Torbay,2025-09,201,2025-04-01,2026-03-01,LSOA21 to single LAD25/CSP25 relationship
E22000060,Torbay,2025-10,208,2025-04-01,2026-03-01,LSOA21 to single LAD25/CSP25 relationship
E22000060,Torbay,2025-11,170,2025-04-01,2026-03-01,LSOA21 to single LAD25/CSP25 relationship
E22000060,Torbay,2025-12,126,2025-04-01,2026-03-01,LSOA21 to single LAD25/CSP25 relationship
E22000060,Torbay,2026-01,97,2025-04-01,2026-03-01,LSOA21 to single LAD25/CSP25 relationship
E22000060,Torbay,2026-02,113,2025-04-01,2026-03-01,LSOA21 to single LAD25/CSP25 relationship
E22000060,Torbay,2026-03,186,2025-04-01,2026-03-01,LSOA21 to single LAD25/CSP25 relationship
E22000072,Darlington,2025-04,341,2025-04-01,2026-03-01,LSOA21 to single LAD25/CSP25 relationship
E22000072,Darlington,2025-05,309,2025-04-01,2026-03-01,LSOA21 to single LAD25/CSP25 relationship
E22000072,Darlington,2025-06,297,2025-04-01,2026-03-01,LSOA21 to single LAD25/CSP25 relationship
E22000072,Darlington,2025-07,294,2025-04-01,2026-03-01,LSOA21 to single LAD25/CSP25 relationship
E22000072,Darlington,2025-08,321,2025-04-01,2026-03-01,LSOA21 to single LAD25/CSP25 relationship
E22000072,Darlington,2025-09,271,2025-04-01,2026-03-01,LSOA21 to single LAD25/CSP25 relationship
E22000072,Darlington,2025-10,268,2025-04-01,2026-03-01,LSOA21 to single LAD25/CSP25 relationship
E22000072,Darlington,2025-11,220,2025-04-01,2026-03-01,LSOA21 to single LAD25/CSP25 relationship
E22000072,Darlington,2025-12,209,2025-04-01,2026-03-01,LSOA21 to single LAD25/CSP25 relationship
E22000072,Darlington,2026-01,208,2025-04-01,2026-03-01,LSOA21 to single LAD25/CSP25 relationship
E22000072,Darlington,2026-02,239,2025-04-01,2026-03-01,LSOA21 to single LAD25/CSP25 relationship
E22000072,Darlington,2026-03,269,2025-04-01,2026-03-01,LSOA21 to single LAD25/CSP25 relationship
E22000079,Basildon,2025-04,205,2025-04-01,2026-03-01,LSOA21 to single LAD25/CSP25 relationship
E22000079,Basildon,2025-05,208,2025-04-01,2026-03-01,LSOA21 to single LAD25/CSP25 relationship
E22000079,Basildon,2025-06,220,2025-04-01,2026-03-01,LSOA21 to single LAD25/CSP25 relationship
E22000079,Basildon,2025-07,252,2025-04-01,2026-03-01,LSOA21 to single LAD25/CSP25 relationship
E22000079,Basildon,2025-08,233,2025-04-01,2026-03-01,LSOA21 to single LAD25/CSP25 relationship
E22000079,Basildon,2025-09,159,2025-04-01,2026-03-01,LSOA21 to single LAD25/CSP25 relationship
E22000079,Basildon,2025-10,170,2025-04-01,2026-03-01,LSOA21 to single LAD25/CSP25 relationship
E22000079,Basildon,2025-11,151,2025-04-01,2026-03-01,LSOA21 to single LAD25/CSP25 relationship
E22000079,Basildon,2025-12,131,2025-04-01,2026-03-01,LSOA21 to single LAD25/CSP25 relationship
E22000079,Basildon,2026-01,159,2025-04-01,2026-03-01,LSOA21 to single LAD25/CSP25 relationship
E22000079,Basildon,2026-02,122,2025-04-01,2026-03-01,LSOA21 to single LAD25/CSP25 relationship
E22000079,Basildon,2026-03,190,2025-04-01,2026-03-01,LSOA21 to single LAD25/CSP25 relationship
E22000080,Braintree,2025-04,84,2025-04-01,2026-03-01,LSOA21 to single LAD25/CSP25 relationship
E22000080,Braintree,2025-05,86,2025-04-01,2026-03-01,LSOA21 to single LAD25/CSP25 relationship
E22000080,Braintree,2025-06,89,2025-04-01,2026-03-01,LSOA21 to single LAD25/CSP25 relationship
E22000080,Braintree,2025-07,98,2025-04-01,2026-03-01,LSOA21 to single LAD25/CSP25 relationship
E22000080,Braintree,2025-08,65,2025-04-01,2026-03-01,LSOA21 to single LAD25/CSP25 relationship
E22000080,Braintree,2025-09,59,2025-04-01,2026-03-01,LSOA21 to single LAD25/CSP25 relationship
E22000080,Braintree,2025-10,76,2025-04-01,2026-03-01,LSOA21 to single LAD25/CSP25 relationship
E22000080,Braintree,2025-11,48,2025-04-01,2026-03-01,LSOA21 to single LAD25/CSP25 relationship
E22000080,Braintree,2025-12,55,2025-04-01,2026-03-01,LSOA21 to single LAD25/CSP25 relationship
E22000080,Braintree,2026-01,58,2025-04-01,2026-03-01,LSOA21 to single LAD25/CSP25 relationship
E22000080,Braintree,2026-02,53,2025-04-01,2026-03-01,LSOA21 to single LAD25/CSP25 relationship
E22000080,Braintree,2026-03,104,2025-04-01,2026-03-01,LSOA21 to single LAD25/CSP25 relationship
E22000081,Brentwood,2025-04,48,2025-04-01,2026-03-01,LSOA21 to single LAD25/CSP25 relationship
E22000081,Brentwood,2025-05,34,2025-04-01,2026-03-01,LSOA21 to single LAD25/CSP25 relationship
E22000081,Brentwood,2025-06,43,2025-04-01,2026-03-01,LSOA21 to single LAD25/CSP25 relationship
E22000081,Brentwood,2025-07,69,2025-04-01,2026-03-01,LSOA21 to single LAD25/CSP25 relationship
E22000081,Brentwood,2025-08,42,2025-04-01,2026-03-01,LSOA21 to single LAD25/CSP25 relationship
E22000081,Brentwood,2025-09,31,2025-04-01,2026-03-01,LSOA21 to single LAD25/CSP25 relationship
E22000081,Brentwood,2025-10,38,2025-04-01,2026-03-01,LSOA21 to single LAD25/CSP25 relationship
E22000081,Brentwood,2025-11,37,2025-04-01,2026-03-01,LSOA21 to single LAD25/CSP25 relationship
E22000081,Brentwood,2025-12,39,2025-04-01,2026-03-01,LSOA21 to single LAD25/CSP25 relationship
E22000081,Brentwood,2026-01,51,2025-04-01,2026-03-01,LSOA21 to single LAD25/CSP25 relationship
E22000081,Brentwood,2026-02,34,2025-04-01,2026-03-01,LSOA21 to single LAD25/CSP25 relationship
E22000081,Brentwood,2026-03,44,2025-04-01,2026-03-01,LSOA21 to single LAD25/CSP25 relationship
E22000082,Castle Point,2025-04,46,2025-04-01,2026-03-01,LSOA21 to single LAD25/CSP25 relationship
E22000082,Castle Point,2025-05,65,2025-04-01,2026-03-01,LSOA21 to single LAD25/CSP25 relationship
E22000082,Castle Point,2025-06,56,2025-04-01,2026-03-01,LSOA21 to single LAD25/CSP25 relationship
E22000082,Castle Point,2025-07,67,2025-04-01,2026-03-01,LSOA21 to single LAD25/CSP25 relationship
E22000082,Castle Point,2025-08,74,2025-04-01,2026-03-01,LSOA21 to single LAD25/CSP25 relationship
E22000082,Castle Point,2025-09,39,2025-04-01,2026-03-01,LSOA21 to single LAD25/CSP25 relationship
E22000082,Castle Point,2025-10,49,2025-04-01,2026-03-01,LSOA21 to single LAD25/CSP25 relationship
E22000082,Castle Point,2025-11,49,2025-04-01,2026-03-01,LSOA21 to single LAD25/CSP25 relationship
E22000082,Castle Point,2025-12,56,2025-04-01,2026-03-01,LSOA21 to single LAD25/CSP25 relationship
E22000082,Castle Point,2026-01,49,2025-04-01,2026-03-01,LSOA21 to single LAD25/CSP25 relationship
E22000082,Castle Point,2026-02,58,2025-04-01,2026-03-01,LSOA21 to single LAD25/CSP25 relationship
E22000082,Castle Point,2026-03,80,2025-04-01,2026-03-01,LSOA21 to single LAD25/CSP25 relationship
E22000083,Chelmsford,2025-04,80,2025-04-01,2026-03-01,LSOA21 to single LAD25/CSP25 relationship
E22000083,Chelmsford,2025-05,110,2025-04-01,2026-03-01,LSOA21 to single LAD25/CSP25 relationship
E22000083,Chelmsford,2025-06,91,2025-04-01,2026-03-01,LSOA21 to single LAD25/CSP25 relationship
E22000083,Chelmsford,2025-07,125,2025-04-01,2026-03-01,LSOA21 to single LAD25/CSP25 relationship
E22000083,Chelmsford,2025-08,98,2025-04-01,2026-03-01,LSOA21 to single LAD25/CSP25 relationship
E22000083,Chelmsford,2025-09,82,2025-04-01,2026-03-01,LSOA21 to single LAD25/CSP25 relationship
E22000083,Chelmsford,2025-10,93,2025-04-01,2026-03-01,LSOA21 to single LAD25/CSP25 relationship
E22000083,Chelmsford,2025-11,77,2025-04-01,2026-03-01,LSOA21 to single LAD25/CSP25 relationship
E22000083,Chelmsford,2025-12,75,2025-04-01,2026-03-01,LSOA21 to single LAD25/CSP25 relationship
E22000083,Chelmsford,2026-01,98,2025-04-01,2026-03-01,LSOA21 to single LAD25/CSP25 relationship
E22000083,Chelmsford,2026-02,100,2025-04-01,2026-03-01,LSOA21 to single LAD25/CSP25 relationship
E22000083,Chelmsford,2026-03,166,2025-04-01,2026-03-01,LSOA21 to single LAD25/CSP25 relationship
E22000084,Colchester,2025-04,134,2025-04-01,2026-03-01,LSOA21 to single LAD25/CSP25 relationship
E22000084,Colchester,2025-05,165,2025-04-01,2026-03-01,LSOA21 to single LAD25/CSP25 relationship
E22000084,Colchester,2025-06,140,2025-04-01,2026-03-01,LSOA21 to single LAD25/CSP25 relationship
E22000084,Colchester,2025-07,147,2025-04-01,2026-03-01,LSOA21 to single LAD25/CSP25 relationship
E22000084,Colchester,2025-08,159,2025-04-01,2026-03-01,LSOA21 to single LAD25/CSP25 relationship
E22000084,Colchester,2025-09,144,2025-04-01,2026-03-01,LSOA21 to single LAD25/CSP25 relationship
E22000084,Colchester,2025-10,108,2025-04-01,2026-03-01,LSOA21 to single LAD25/CSP25 relationship
E22000084,Colchester,2025-11,123,2025-04-01,2026-03-01,LSOA21 to single LAD25/CSP25 relationship
E22000084,Colchester,2025-12,90,2025-04-01,2026-03-01,LSOA21 to single LAD25/CSP25 relationship
E22000084,Colchester,2026-01,116,2025-04-01,2026-03-01,LSOA21 to single LAD25/CSP25 relationship
E22000084,Colchester,2026-02,102,2025-04-01,2026-03-01,LSOA21 to single LAD25/CSP25 relationship
E22000084,Colchester,2026-03,189,2025-04-01,2026-03-01,LSOA21 to single LAD25/CSP25 relationship
E22000085,Epping Forest,2025-04,61,2025-04-01,2026-03-01,LSOA21 to single LAD25/CSP25 relationship
E22000085,Epping Forest,2025-05,67,2025-04-01,2026-03-01,LSOA21 to single LAD25/CSP25 relationship
E22000085,Epping Forest,2025-06,83,2025-04-01,2026-03-01,LSOA21 to single LAD25/CSP25 relationship
E22000085,Epping Forest,2025-07,84,2025-04-01,2026-03-01,LSOA21 to single LAD25/CSP25 relationship
E22000085,Epping Forest,2025-08,83,2025-04-01,2026-03-01,LSOA21 to single LAD25/CSP25 relationship
E22000085,Epping Forest,2025-09,68,2025-04-01,2026-03-01,LSOA21 to single LAD25/CSP25 relationship
E22000085,Epping Forest,2025-10,92,2025-04-01,2026-03-01,LSOA21 to single LAD25/CSP25 relationship
E22000085,Epping Forest,2025-11,47,2025-04-01,2026-03-01,LSOA21 to single LAD25/CSP25 relationship
E22000085,Epping Forest,2025-12,72,2025-04-01,2026-03-01,LSOA21 to single LAD25/CSP25 relationship
E22000085,Epping Forest,2026-01,50,2025-04-01,2026-03-01,LSOA21 to single LAD25/CSP25 relationship
E22000085,Epping Forest,2026-02,64,2025-04-01,2026-03-01,LSOA21 to single LAD25/CSP25 relationship
E22000085,Epping Forest,2026-03,77,2025-04-01,2026-03-01,LSOA21 to single LAD25/CSP25 relationship
E22000086,Harlow,2025-04,63,2025-04-01,2026-03-01,LSOA21 to single LAD25/CSP25 relationship
E22000086,Harlow,2025-05,98,2025-04-01,2026-03-01,LSOA21 to single LAD25/CSP25 relationship
E22000086,Harlow,2025-06,91,2025-04-01,2026-03-01,LSOA21 to single LAD25/CSP25 relationship
E22000086,Harlow,2025-07,100,2025-04-01,2026-03-01,LSOA21 to single LAD25/CSP25 relationship
E22000086,Harlow,2025-08,80,2025-04-01,2026-03-01,LSOA21 to single LAD25/CSP25 relationship
E22000086,Harlow,2025-09,69,2025-04-01,2026-03-01,LSOA21 to single LAD25/CSP25 relationship
E22000086,Harlow,2025-10,63,2025-04-01,2026-03-01,LSOA21 to single LAD25/CSP25 relationship
E22000086,Harlow,2025-11,82,2025-04-01,2026-03-01,LSOA21 to single LAD25/CSP25 relationship
E22000086,Harlow,2025-12,47,2025-04-01,2026-03-01,LSOA21 to single LAD25/CSP25 relationship
E22000086,Harlow,2026-01,79,2025-04-01,2026-03-01,LSOA21 to single LAD25/CSP25 relationship
E22000086,Harlow,2026-02,74,2025-04-01,2026-03-01,LSOA21 to single LAD25/CSP25 relationship
E22000086,Harlow,2026-03,99,2025-04-01,2026-03-01,LSOA21 to single LAD25/CSP25 relationship
E22000087,Maldon,2025-04,10,2025-04-01,2026-03-01,LSOA21 to single LAD25/CSP25 relationship
E22000087,Maldon,2025-05,22,2025-04-01,2026-03-01,LSOA21 to single LAD25/CSP25 relationship
E22000087,Maldon,2025-06,29,2025-04-01,2026-03-01,LSOA21 to single LAD25/CSP25 relationship
E22000087,Maldon,2025-07,22,2025-04-01,2026-03-01,LSOA21 to single LAD25/CSP25 relationship
E22000087,Maldon,2025-08,24,2025-04-01,2026-03-01,LSOA21 to single LAD25/CSP25 relationship
E22000087,Maldon,2025-09,19,2025-04-01,2026-03-01,LSOA21 to single LAD25/CSP25 relationship
E22000087,Maldon,2025-10,30,2025-04-01,2026-03-01,LSOA21 to single LAD25/CSP25 relationship
E22000087,Maldon,2025-11,17,2025-04-01,2026-03-01,LSOA21 to single LAD25/CSP25 relationship
E22000087,Maldon,2025-12,10,2025-04-01,2026-03-01,LSOA21 to single LAD25/CSP25 relationship
E22000087,Maldon,2026-01,14,2025-04-01,2026-03-01,LSOA21 to single LAD25/CSP25 relationship
E22000087,Maldon,2026-02,21,2025-04-01,2026-03-01,LSOA21 to single LAD25/CSP25 relationship
E22000087,Maldon,2026-03,27,2025-04-01,2026-03-01,LSOA21 to single LAD25/CSP25 relationship
E22000088,Rochford,2025-04,30,2025-04-01,2026-03-01,LSOA21 to single LAD25/CSP25 relationship
E22000088,Rochford,2025-05,29,2025-04-01,2026-03-01,LSOA21 to single LAD25/CSP25 relationship
E22000088,Rochford,2025-06,42,2025-04-01,2026-03-01,LSOA21 to single LAD25/CSP25 relationship
E22000088,Rochford,2025-07,39,2025-04-01,2026-03-01,LSOA21 to single LAD25/CSP25 relationship
E22000088,Rochford,2025-08,50,2025-04-01,2026-03-01,LSOA21 to single LAD25/CSP25 relationship
E22000088,Rochford,2025-09,26,2025-04-01,2026-03-01,LSOA21 to single LAD25/CSP25 relationship
E22000088,Rochford,2025-10,23,2025-04-01,2026-03-01,LSOA21 to single LAD25/CSP25 relationship
E22000088,Rochford,2025-11,33,2025-04-01,2026-03-01,LSOA21 to single LAD25/CSP25 relationship
E22000088,Rochford,2025-12,37,2025-04-01,2026-03-01,LSOA21 to single LAD25/CSP25 relationship
E22000088,Rochford,2026-01,21,2025-04-01,2026-03-01,LSOA21 to single LAD25/CSP25 relationship
E22000088,Rochford,2026-02,29,2025-04-01,2026-03-01,LSOA21 to single LAD25/CSP25 relationship
E22000088,Rochford,2026-03,51,2025-04-01,2026-03-01,LSOA21 to single LAD25/CSP25 relationship
E22000089,Southend-on-Sea,2025-04,164,2025-04-01,2026-03-01,LSOA21 to single LAD25/CSP25 relationship
E22000089,Southend-on-Sea,2025-05,162,2025-04-01,2026-03-01,LSOA21 to single LAD25/CSP25 relationship
E22000089,Southend-on-Sea,2025-06,183,2025-04-01,2026-03-01,LSOA21 to single LAD25/CSP25 relationship
E22000089,Southend-on-Sea,2025-07,218,2025-04-01,2026-03-01,LSOA21 to single LAD25/CSP25 relationship
E22000089,Southend-on-Sea,2025-08,181,2025-04-01,2026-03-01,LSOA21 to single LAD25/CSP25 relationship
E22000089,Southend-on-Sea,2025-09,137,2025-04-01,2026-03-01,LSOA21 to single LAD25/CSP25 relationship
E22000089,Southend-on-Sea,2025-10,148,2025-04-01,2026-03-01,LSOA21 to single LAD25/CSP25 relationship
E22000089,Southend-on-Sea,2025-11,151,2025-04-01,2026-03-01,LSOA21 to single LAD25/CSP25 relationship
E22000089,Southend-on-Sea,2025-12,118,2025-04-01,2026-03-01,LSOA21 to single LAD25/CSP25 relationship
E22000089,Southend-on-Sea,2026-01,143,2025-04-01,2026-03-01,LSOA21 to single LAD25/CSP25 relationship
E22000089,Southend-on-Sea,2026-02,157,2025-04-01,2026-03-01,LSOA21 to single LAD25/CSP25 relationship
E22000089,Southend-on-Sea,2026-03,217,2025-04-01,2026-03-01,LSOA21 to single LAD25/CSP25 relationship
E22000090,Tendring,2025-04,92,2025-04-01,2026-03-01,LSOA21 to single LAD25/CSP25 relationship
E22000090,Tendring,2025-05,127,2025-04-01,2026-03-01,LSOA21 to single LAD25/CSP25 relationship
E22000090,Tendring,2025-06,121,2025-04-01,2026-03-01,LSOA21 to single LAD25/CSP25 relationship
E22000090,Tendring,2025-07,142,2025-04-01,2026-03-01,LSOA21 to single LAD25/CSP25 relationship
E22000090,Tendring,2025-08,124,2025-04-01,2026-03-01,LSOA21 to single LAD25/CSP25 relationship
E22000090,Tendring,2025-09,111,2025-04-01,2026-03-01,LSOA21 to single LAD25/CSP25 relationship
E22000090,Tendring,2025-10,93,2025-04-01,2026-03-01,LSOA21 to single LAD25/CSP25 relationship
E22000090,Tendring,2025-11,80,2025-04-01,2026-03-01,LSOA21 to single LAD25/CSP25 relationship
E22000090,Tendring,2025-12,74,2025-04-01,2026-03-01,LSOA21 to single LAD25/CSP25 relationship
E22000090,Tendring,2026-01,68,2025-04-01,2026-03-01,LSOA21 to single LAD25/CSP25 relationship
E22000090,Tendring,2026-02,75,2025-04-01,2026-03-01,LSOA21 to single LAD25/CSP25 relationship
E22000090,Tendring,2026-03,81,2025-04-01,2026-03-01,LSOA21 to single LAD25/CSP25 relationship
E22000091,Thurrock,2025-04,163,2025-04-01,2026-03-01,LSOA21 to single LAD25/CSP25 relationship
E22000091,Thurrock,2025-05,182,2025-04-01,2026-03-01,LSOA21 to single LAD25/CSP25 relationship
E22000091,Thurrock,2025-06,171,2025-04-01,2026-03-01,LSOA21 to single LAD25/CSP25 relationship
E22000091,Thurrock,2025-07,167,2025-04-01,2026-03-01,LSOA21 to single LAD25/CSP25 relationship
E22000091,Thurrock,2025-08,147,2025-04-01,2026-03-01,LSOA21 to single LAD25/CSP25 relationship
E22000091,Thurrock,2025-09,150,2025-04-01,2026-03-01,LSOA21 to single LAD25/CSP25 relationship
E22000091,Thurrock,2025-10,114,2025-04-01,2026-03-01,LSOA21 to single LAD25/CSP25 relationship
E22000091,Thurrock,2025-11,129,2025-04-01,2026-03-01,LSOA21 to single LAD25/CSP25 relationship
E22000091,Thurrock,2025-12,105,2025-04-01,2026-03-01,LSOA21 to single LAD25/CSP25 relationship
E22000091,Thurrock,2026-01,147,2025-04-01,2026-03-01,LSOA21 to single LAD25/CSP25 relationship
E22000091,Thurrock,2026-02,158,2025-04-01,2026-03-01,LSOA21 to single LAD25/CSP25 relationship
E22000091,Thurrock,2026-03,206,2025-04-01,2026-03-01,LSOA21 to single LAD25/CSP25 relationship
E22000092,Uttlesford,2025-04,69,2025-04-01,2026-03-01,LSOA21 to single LAD25/CSP25 relationship
E22000092,Uttlesford,2025-05,73,2025-04-01,2026-03-01,LSOA21 to single LAD25/CSP25 relationship
E22000092,Uttlesford,2025-06,74,2025-04-01,2026-03-01,LSOA21 to single LAD25/CSP25 relationship
E22000092,Uttlesford,2025-07,68,2025-04-01,2026-03-01,LSOA21 to single LAD25/CSP25 relationship
E22000092,Uttlesford,2025-08,67,2025-04-01,2026-03-01,LSOA21 to single LAD25/CSP25 relationship
E22000092,Uttlesford,2025-09,68,2025-04-01,2026-03-01,LSOA21 to single LAD25/CSP25 relationship
E22000092,Uttlesford,2025-10,52,2025-04-01,2026-03-01,LSOA21 to single LAD25/CSP25 relationship
E22000092,Uttlesford,2025-11,51,2025-04-01,2026-03-01,LSOA21 to single LAD25/CSP25 relationship
E22000092,Uttlesford,2025-12,63,2025-04-01,2026-03-01,LSOA21 to single LAD25/CSP25 relationship
E22000092,Uttlesford,2026-01,46,2025-04-01,2026-03-01,LSOA21 to single LAD25/CSP25 relationship
E22000092,Uttlesford,2026-02,36,2025-04-01,2026-03-01,LSOA21 to single LAD25/CSP25 relationship
E22000092,Uttlesford,2026-03,62,2025-04-01,2026-03-01,LSOA21 to single LAD25/CSP25 relationship
E22000093,Cheltenham,2025-04,249,2025-04-01,2026-03-01,LSOA21 to single LAD25/CSP25 relationship
E22000093,Cheltenham,2025-05,243,2025-04-01,2026-03-01,LSOA21 to single LAD25/CSP25 relationship
E22000093,Cheltenham,2025-06,255,2025-04-01,2026-03-01,LSOA21 to single LAD25/CSP25 relationship
E22000093,Cheltenham,2025-07,277,2025-04-01,2026-03-01,LSOA21 to single LAD25/CSP25 relationship
E22000093,Cheltenham,2025-08,302,2025-04-01,2026-03-01,LSOA21 to single LAD25/CSP25 relationship
E22000093,Cheltenham,2025-09,262,2025-04-01,2026-03-01,LSOA21 to single LAD25/CSP25 relationship
E22000093,Cheltenham,2025-10,253,2025-04-01,2026-03-01,LSOA21 to single LAD25/CSP25 relationship
E22000093,Cheltenham,2025-11,265,2025-04-01,2026-03-01,LSOA21 to single LAD25/CSP25 relationship
E22000093,Cheltenham,2025-12,212,2025-04-01,2026-03-01,LSOA21 to single LAD25/CSP25 relationship
E22000093,Cheltenham,2026-01,214,2025-04-01,2026-03-01,LSOA21 to single LAD25/CSP25 relationship
E22000093,Cheltenham,2026-02,1,2025-04-01,2026-03-01,LSOA21 to single LAD25/CSP25 relationship
E22000093,Cheltenham,2026-03,,2025-04-01,2026-03-01,LSOA21 to single LAD25/CSP25 relationship
E22000094,Cotswold,2025-04,90,2025-04-01,2026-03-01,LSOA21 to single LAD25/CSP25 relationship
E22000094,Cotswold,2025-05,138,2025-04-01,2026-03-01,LSOA21 to single LAD25/CSP25 relationship
E22000094,Cotswold,2025-06,125,2025-04-01,2026-03-01,LSOA21 to single LAD25/CSP25 relationship
E22000094,Cotswold,2025-07,133,2025-04-01,2026-03-01,LSOA21 to single LAD25/CSP25 relationship
E22000094,Cotswold,2025-08,90,2025-04-01,2026-03-01,LSOA21 to single LAD25/CSP25 relationship
E22000094,Cotswold,2025-09,77,2025-04-01,2026-03-01,LSOA21 to single LAD25/CSP25 relationship
E22000094,Cotswold,2025-10,82,2025-04-01,2026-03-01,LSOA21 to single LAD25/CSP25 relationship
E22000094,Cotswold,2025-11,88,2025-04-01,2026-03-01,LSOA21 to single LAD25/CSP25 relationship
E22000094,Cotswold,2025-12,84,2025-04-01,2026-03-01,LSOA21 to single LAD25/CSP25 relationship
E22000094,Cotswold,2026-01,72,2025-04-01,2026-03-01,LSOA21 to single LAD25/CSP25 relationship
E22000094,Cotswold,2026-02,3,2025-04-01,2026-03-01,LSOA21 to single LAD25/CSP25 relationship
E22000094,Cotswold,2026-03,,2025-04-01,2026-03-01,LSOA21 to single LAD25/CSP25 relationship
E22000095,Forest of Dean,2025-04,99,2025-04-01,2026-03-01,LSOA21 to single LAD25/CSP25 relationship
E22000095,Forest of Dean,2025-05,132,2025-04-01,2026-03-01,LSOA21 to single LAD25/CSP25 relationship
E22000095,Forest of Dean,2025-06,174,2025-04-01,2026-03-01,LSOA21 to single LAD25/CSP25 relationship
E22000095,Forest of Dean,2025-07,167,2025-04-01,2026-03-01,LSOA21 to single LAD25/CSP25 relationship
E22000095,Forest of Dean,2025-08,132,2025-04-01,2026-03-01,LSOA21 to single LAD25/CSP25 relationship
E22000095,Forest of Dean,2025-09,86,2025-04-01,2026-03-01,LSOA21 to single LAD25/CSP25 relationship
E22000095,Forest of Dean,2025-10,86,2025-04-01,2026-03-01,LSOA21 to single LAD25/CSP25 relationship
E22000095,Forest of Dean,2025-11,73,2025-04-01,2026-03-01,LSOA21 to single LAD25/CSP25 relationship
E22000095,Forest of Dean,2025-12,72,2025-04-01,2026-03-01,LSOA21 to single LAD25/CSP25 relationship
E22000095,Forest of Dean,2026-01,61,2025-04-01,2026-03-01,LSOA21 to single LAD25/CSP25 relationship
E22000095,Forest of Dean,2026-02,,2025-04-01,2026-03-01,LSOA21 to single LAD25/CSP25 relationship
E22000095,Forest of Dean,2026-03,,2025-04-01,2026-03-01,LSOA21 to single LAD25/CSP25 relationship
E22000096,Gloucester,2025-04,282,2025-04-01,2026-03-01,LSOA21 to single LAD25/CSP25 relationship
E22000096,Gloucester,2025-05,324,2025-04-01,2026-03-01,LSOA21 to single LAD25/CSP25 relationship
E22000096,Gloucester,2025-06,377,2025-04-01,2026-03-01,LSOA21 to single LAD25/CSP25 relationship
E22000096,Gloucester,2025-07,397,2025-04-01,2026-03-01,LSOA21 to single LAD25/CSP25 relationship
E22000096,Gloucester,2025-08,337,2025-04-01,2026-03-01,LSOA21 to single LAD25/CSP25 relationship
E22000096,Gloucester,2025-09,250,2025-04-01,2026-03-01,LSOA21 to single LAD25/CSP25 relationship
E22000096,Gloucester,2025-10,266,2025-04-01,2026-03-01,LSOA21 to single LAD25/CSP25 relationship
E22000096,Gloucester,2025-11,261,2025-04-01,2026-03-01,LSOA21 to single LAD25/CSP25 relationship
E22000096,Gloucester,2025-12,265,2025-04-01,2026-03-01,LSOA21 to single LAD25/CSP25 relationship
E22000096,Gloucester,2026-01,295,2025-04-01,2026-03-01,LSOA21 to single LAD25/CSP25 relationship
E22000096,Gloucester,2026-02,1,2025-04-01,2026-03-01,LSOA21 to single LAD25/CSP25 relationship
E22000096,Gloucester,2026-03,,2025-04-01,2026-03-01,LSOA21 to single LAD25/CSP25 relationship
E22000097,Stroud,2025-04,163,2025-04-01,2026-03-01,LSOA21 to single LAD25/CSP25 relationship
E22000097,Stroud,2025-05,181,2025-04-01,2026-03-01,LSOA21 to single LAD25/CSP25 relationship
E22000097,Stroud,2025-06,201,2025-04-01,2026-03-01,LSOA21 to single LAD25/CSP25 relationship
E22000097,Stroud,2025-07,236,2025-04-01,2026-03-01,LSOA21 to single LAD25/CSP25 relationship
E22000097,Stroud,2025-08,182,2025-04-01,2026-03-01,LSOA21 to single LAD25/CSP25 relationship
E22000097,Stroud,2025-09,147,2025-04-01,2026-03-01,LSOA21 to single LAD25/CSP25 relationship
E22000097,Stroud,2025-10,145,2025-04-01,2026-03-01,LSOA21 to single LAD25/CSP25 relationship
E22000097,Stroud,2025-11,142,2025-04-01,2026-03-01,LSOA21 to single LAD25/CSP25 relationship
E22000097,Stroud,2025-12,127,2025-04-01,2026-03-01,LSOA21 to single LAD25/CSP25 relationship
E22000097,Stroud,2026-01,114,2025-04-01,2026-03-01,LSOA21 to single LAD25/CSP25 relationship
E22000097,Stroud,2026-02,,2025-04-01,2026-03-01,LSOA21 to single LAD25/CSP25 relationship
E22000097,Stroud,2026-03,,2025-04-01,2026-03-01,LSOA21 to single LAD25/CSP25 relationship
E22000098,Tewkesbury,2025-04,138,2025-04-01,2026-03-01,LSOA21 to single LAD25/CSP25 relationship
E22000098,Tewkesbury,2025-05,160,2025-04-01,2026-03-01,LSOA21 to single LAD25/CSP25 relationship
E22000098,Tewkesbury,2025-06,146,2025-04-01,2026-03-01,LSOA21 to single LAD25/CSP25 relationship
E22000098,Tewkesbury,2025-07,152,2025-04-01,2026-03-01,LSOA21 to single LAD25/CSP25 relationship
E22000098,Tewkesbury,2025-08,141,2025-04-01,2026-03-01,LSOA21 to single LAD25/CSP25 relationship
E22000098,Tewkesbury,2025-09,114,2025-04-01,2026-03-01,LSOA21 to single LAD25/CSP25 relationship
E22000098,Tewkesbury,2025-10,98,2025-04-01,2026-03-01,LSOA21 to single LAD25/CSP25 relationship
E22000098,Tewkesbury,2025-11,97,2025-04-01,2026-03-01,LSOA21 to single LAD25/CSP25 relationship
E22000098,Tewkesbury,2025-12,72,2025-04-01,2026-03-01,LSOA21 to single LAD25/CSP25 relationship
E22000098,Tewkesbury,2026-01,134,2025-04-01,2026-03-01,LSOA21 to single LAD25/CSP25 relationship
E22000098,Tewkesbury,2026-02,,2025-04-01,2026-03-01,LSOA21 to single LAD25/CSP25 relationship
E22000098,Tewkesbury,2026-03,1,2025-04-01,2026-03-01,LSOA21 to single LAD25/CSP25 relationship
E22000099,Bolton,2025-04,,2025-04-01,2026-03-01,LSOA21 to single LAD25/CSP25 relationship
E22000099,Bolton,2025-05,,2025-04-01,2026-03-01,LSOA21 to single LAD25/CSP25 relationship
E22000099,Bolton,2025-06,,2025-04-01,2026-03-01,LSOA21 to single LAD25/CSP25 relationship
E22000099,Bolton,2025-07,1,2025-04-01,2026-03-01,LSOA21 to single LAD25/CSP25 relationship
E22000099,Bolton,2025-08,,2025-04-01,2026-03-01,LSOA21 to single LAD25/CSP25 relationship
E22000099,Bolton,2025-09,,2025-04-01,2026-03-01,LSOA21 to single LAD25/CSP25 relationship
E22000099,Bolton,2025-10,,2025-04-01,2026-03-01,LSOA21 to single LAD25/CSP25 relationship
E22000099,Bolton,2025-11,,2025-04-01,2026-03-01,LSOA21 to single LAD25/CSP25 relationship
E22000099,Bolton,2025-12,1,2025-04-01,2026-03-01,LSOA21 to single LAD25/CSP25 relationship
E22000099,Bolton,2026-01,1,2025-04-01,2026-03-01,LSOA21 to single LAD25/CSP25 relationship
E22000099,Bolton,2026-02,,2025-04-01,2026-03-01,LSOA21 to single LAD25/CSP25 relationship
E22000099,Bolton,2026-03,,2025-04-01,2026-03-01,LSOA21 to single LAD25/CSP25 relationship
E22000103,Rochdale,2025-04,,2025-04-01,2026-03-01,LSOA21 to single LAD25/CSP25 relationship
E22000103,Rochdale,2025-05,,2025-04-01,2026-03-01,LSOA21 to single LAD25/CSP25 relationship
E22000103,Rochdale,2025-06,,2025-04-01,2026-03-01,LSOA21 to single LAD25/CSP25 relationship
E22000103,Rochdale,2025-07,,2025-04-01,2026-03-01,LSOA21 to single LAD25/CSP25 relationship
E22000103,Rochdale,2025-08,,2025-04-01,2026-03-01,LSOA21 to single LAD25/CSP25 relationship
E22000103,Rochdale,2025-09,,2025-04-01,2026-03-01,LSOA21 to single LAD25/CSP25 relationship
E22000103,Rochdale,2025-10,2,2025-04-01,2026-03-01,LSOA21 to single LAD25/CSP25 relationship
E22000103,Rochdale,2025-11,,2025-04-01,2026-03-01,LSOA21 to single LAD25/CSP25 relationship
E22000103,Rochdale,2025-12,,2025-04-01,2026-03-01,LSOA21 to single LAD25/CSP25 relationship
E22000103,Rochdale,2026-01,,2025-04-01,2026-03-01,LSOA21 to single LAD25/CSP25 relationship
E22000103,Rochdale,2026-02,1,2025-04-01,2026-03-01,LSOA21 to single LAD25/CSP25 relationship
E22000103,Rochdale,2026-03,,2025-04-01,2026-03-01,LSOA21 to single LAD25/CSP25 relationship
E22000104,Salford,2025-04,,2025-04-01,2026-03-01,LSOA21 to single LAD25/CSP25 relationship
E22000104,Salford,2025-05,1,2025-04-01,2026-03-01,LSOA21 to single LAD25/CSP25 relationship
E22000104,Salford,2025-06,,2025-04-01,2026-03-01,LSOA21 to single LAD25/CSP25 relationship
E22000104,Salford,2025-07,,2025-04-01,2026-03-01,LSOA21 to single LAD25/CSP25 relationship
E22000104,Salford,2025-08,,2025-04-01,2026-03-01,LSOA21 to single LAD25/CSP25 relationship
E22000104,Salford,2025-09,,2025-04-01,2026-03-01,LSOA21 to single LAD25/CSP25 relationship
E22000104,Salford,2025-10,,2025-04-01,2026-03-01,LSOA21 to single LAD25/CSP25 relationship
E22000104,Salford,2025-11,1,2025-04-01,2026-03-01,LSOA21 to single LAD25/CSP25 relationship
E22000104,Salford,2025-12,,2025-04-01,2026-03-01,LSOA21 to single LAD25/CSP25 relationship
E22000104,Salford,2026-01,,2025-04-01,2026-03-01,LSOA21 to single LAD25/CSP25 relationship
E22000104,Salford,2026-02,,2025-04-01,2026-03-01,LSOA21 to single LAD25/CSP25 relationship
E22000104,Salford,2026-03,,2025-04-01,2026-03-01,LSOA21 to single LAD25/CSP25 relationship
E22000105,Stockport,2025-04,1,2025-04-01,2026-03-01,LSOA21 to single LAD25/CSP25 relationship
E22000105,Stockport,2025-05,1,2025-04-01,2026-03-01,LSOA21 to single LAD25/CSP25 relationship
E22000105,Stockport,2025-06,,2025-04-01,2026-03-01,LSOA21 to single LAD25/CSP25 relationship
E22000105,Stockport,2025-07,2,2025-04-01,2026-03-01,LSOA21 to single LAD25/CSP25 relationship
E22000105,Stockport,2025-08,,2025-04-01,2026-03-01,LSOA21 to single LAD25/CSP25 relationship
E22000105,Stockport,2025-09,,2025-04-01,2026-03-01,LSOA21 to single LAD25/CSP25 relationship
E22000105,Stockport,2025-10,1,2025-04-01,2026-03-01,LSOA21 to single LAD25/CSP25 relationship
E22000105,Stockport,2025-11,,2025-04-01,2026-03-01,LSOA21 to single LAD25/CSP25 relationship
E22000105,Stockport,2025-12,,2025-04-01,2026-03-01,LSOA21 to single LAD25/CSP25 relationship
E22000105,Stockport,2026-01,,2025-04-01,2026-03-01,LSOA21 to single LAD25/CSP25 relationship
E22000105,Stockport,2026-02,,2025-04-01,2026-03-01,LSOA21 to single LAD25/CSP25 relationship
E22000105,Stockport,2026-03,,2025-04-01,2026-03-01,LSOA21 to single LAD25/CSP25 relationship
E22000106,Tameside,2025-04,,2025-04-01,2026-03-01,LSOA21 to single LAD25/CSP25 relationship
E22000106,Tameside,2025-05,,2025-04-01,2026-03-01,LSOA21 to single LAD25/CSP25 relationship
E22000106,Tameside,2025-06,1,2025-04-01,2026-03-01,LSOA21 to single LAD25/CSP25 relationship
E22000106,Tameside,2025-07,1,2025-04-01,2026-03-01,LSOA21 to single LAD25/CSP25 relationship
E22000106,Tameside,2025-08,,2025-04-01,2026-03-01,LSOA21 to single LAD25/CSP25 relationship
E22000106,Tameside,2025-09,,2025-04-01,2026-03-01,LSOA21 to single LAD25/CSP25 relationship
E22000106,Tameside,2025-10,,2025-04-01,2026-03-01,LSOA21 to single LAD25/CSP25 relationship
E22000106,Tameside,2025-11,,2025-04-01,2026-03-01,LSOA21 to single LAD25/CSP25 relationship
E22000106,Tameside,2025-12,,2025-04-01,2026-03-01,LSOA21 to single LAD25/CSP25 relationship
E22000106,Tameside,2026-01,2,2025-04-01,2026-03-01,LSOA21 to single LAD25/CSP25 relationship
E22000106,Tameside,2026-02,,2025-04-01,2026-03-01,LSOA21 to single LAD25/CSP25 relationship
E22000106,Tameside,2026-03,,2025-04-01,2026-03-01,LSOA21 to single LAD25/CSP25 relationship
E22000107,Trafford,2025-04,,2025-04-01,2026-03-01,LSOA21 to single LAD25/CSP25 relationship
E22000107,Trafford,2025-05,,2025-04-01,2026-03-01,LSOA21 to single LAD25/CSP25 relationship
E22000107,Trafford,2025-06,,2025-04-01,2026-03-01,LSOA21 to single LAD25/CSP25 relationship
E22000107,Trafford,2025-07,1,2025-04-01,2026-03-01,LSOA21 to single LAD25/CSP25 relationship
E22000107,Trafford,2025-08,,2025-04-01,2026-03-01,LSOA21 to single LAD25/CSP25 relationship
E22000107,Trafford,2025-09,,2025-04-01,2026-03-01,LSOA21 to single LAD25/CSP25 relationship
E22000107,Trafford,2025-10,,2025-04-01,2026-03-01,LSOA21 to single LAD25/CSP25 relationship
E22000107,Trafford,2025-11,,2025-04-01,2026-03-01,LSOA21 to single LAD25/CSP25 relationship
E22000107,Trafford,2025-12,,2025-04-01,2026-03-01,LSOA21 to single LAD25/CSP25 relationship
E22000107,Trafford,2026-01,,2025-04-01,2026-03-01,LSOA21 to single LAD25/CSP25 relationship
E22000107,Trafford,2026-02,,2025-04-01,2026-03-01,LSOA21 to single LAD25/CSP25 relationship
E22000107,Trafford,2026-03,1,2025-04-01,2026-03-01,LSOA21 to single LAD25/CSP25 relationship
E22000108,Wigan,2025-04,1,2025-04-01,2026-03-01,LSOA21 to single LAD25/CSP25 relationship
E22000108,Wigan,2025-05,2,2025-04-01,2026-03-01,LSOA21 to single LAD25/CSP25 relationship
E22000108,Wigan,2025-06,1,2025-04-01,2026-03-01,LSOA21 to single LAD25/CSP25 relationship
E22000108,Wigan,2025-07,,2025-04-01,2026-03-01,LSOA21 to single LAD25/CSP25 relationship
E22000108,Wigan,2025-08,2,2025-04-01,2026-03-01,LSOA21 to single LAD25/CSP25 relationship
E22000108,Wigan,2025-09,,2025-04-01,2026-03-01,LSOA21 to single LAD25/CSP25 relationship
E22000108,Wigan,2025-10,,2025-04-01,2026-03-01,LSOA21 to single LAD25/CSP25 relationship
E22000108,Wigan,2025-11,,2025-04-01,2026-03-01,LSOA21 to single LAD25/CSP25 relationship
E22000108,Wigan,2025-12,,2025-04-01,2026-03-01,LSOA21 to single LAD25/CSP25 relationship
E22000108,Wigan,2026-01,2,2025-04-01,2026-03-01,LSOA21 to single LAD25/CSP25 relationship
E22000108,Wigan,2026-02,,2025-04-01,2026-03-01,LSOA21 to single LAD25/CSP25 relationship
E22000108,Wigan,2026-03,1,2025-04-01,2026-03-01,LSOA21 to single LAD25/CSP25 relationship
E22000110,East Hampshire,2025-04,74,2025-04-01,2026-03-01,LSOA21 to single LAD25/CSP25 relationship
E22000110,East Hampshire,2025-05,72,2025-04-01,2026-03-01,LSOA21 to single LAD25/CSP25 relationship
E22000110,East Hampshire,2025-06,62,2025-04-01,2026-03-01,LSOA21 to single LAD25/CSP25 relationship
E22000110,East Hampshire,2025-07,65,2025-04-01,2026-03-01,LSOA21 to single LAD25/CSP25 relationship
E22000110,East Hampshire,2025-08,,2025-04-01,2026-03-01,LSOA21 to single LAD25/CSP25 relationship
E22000110,East Hampshire,2025-09,60,2025-04-01,2026-03-01,LSOA21 to single LAD25/CSP25 relationship
E22000110,East Hampshire,2025-10,59,2025-04-01,2026-03-01,LSOA21 to single LAD25/CSP25 relationship
E22000110,East Hampshire,2025-11,61,2025-04-01,2026-03-01,LSOA21 to single LAD25/CSP25 relationship
E22000110,East Hampshire,2025-12,40,2025-04-01,2026-03-01,LSOA21 to single LAD25/CSP25 relationship
E22000110,East Hampshire,2026-01,47,2025-04-01,2026-03-01,LSOA21 to single LAD25/CSP25 relationship
E22000110,East Hampshire,2026-02,46,2025-04-01,2026-03-01,LSOA21 to single LAD25/CSP25 relationship
E22000110,East Hampshire,2026-03,54,2025-04-01,2026-03-01,LSOA21 to single LAD25/CSP25 relationship
E22000111,Eastleigh,2025-04,98,2025-04-01,2026-03-01,LSOA21 to single LAD25/CSP25 relationship
E22000111,Eastleigh,2025-05,130,2025-04-01,2026-03-01,LSOA21 to single LAD25/CSP25 relationship
E22000111,Eastleigh,2025-06,110,2025-04-01,2026-03-01,LSOA21 to single LAD25/CSP25 relationship
E22000111,Eastleigh,2025-07,171,2025-04-01,2026-03-01,LSOA21 to single LAD25/CSP25 relationship
E22000111,Eastleigh,2025-08,1,2025-04-01,2026-03-01,LSOA21 to single LAD25/CSP25 relationship
E22000111,Eastleigh,2025-09,96,2025-04-01,2026-03-01,LSOA21 to single LAD25/CSP25 relationship
E22000111,Eastleigh,2025-10,83,2025-04-01,2026-03-01,LSOA21 to single LAD25/CSP25 relationship
E22000111,Eastleigh,2025-11,78,2025-04-01,2026-03-01,LSOA21 to single LAD25/CSP25 relationship
E22000111,Eastleigh,2025-12,65,2025-04-01,2026-03-01,LSOA21 to single LAD25/CSP25 relationship
E22000111,Eastleigh,2026-01,66,2025-04-01,2026-03-01,LSOA21 to single LAD25/CSP25 relationship
E22000111,Eastleigh,2026-02,95,2025-04-01,2026-03-01,LSOA21 to single LAD25/CSP25 relationship
E22000111,Eastleigh,2026-03,143,2025-04-01,2026-03-01,LSOA21 to single LAD25/CSP25 relationship
E22000112,Fareham,2025-04,88,2025-04-01,2026-03-01,LSOA21 to single LAD25/CSP25 relationship
E22000112,Fareham,2025-05,88,2025-04-01,2026-03-01,LSOA21 to single LAD25/CSP25 relationship
E22000112,Fareham,2025-06,80,2025-04-01,2026-03-01,LSOA21 to single LAD25/CSP25 relationship
E22000112,Fareham,2025-07,113,2025-04-01,2026-03-01,LSOA21 to single LAD25/CSP25 relationship
E22000112,Fareham,2025-08,3,2025-04-01,2026-03-01,LSOA21 to single LAD25/CSP25 relationship
E22000112,Fareham,2025-09,75,2025-04-01,2026-03-01,LSOA21 to single LAD25/CSP25 relationship
E22000112,Fareham,2025-10,71,2025-04-01,2026-03-01,LSOA21 to single LAD25/CSP25 relationship
E22000112,Fareham,2025-11,70,2025-04-01,2026-03-01,LSOA21 to single LAD25/CSP25 relationship
E22000112,Fareham,2025-12,45,2025-04-01,2026-03-01,LSOA21 to single LAD25/CSP25 relationship
E22000112,Fareham,2026-01,46,2025-04-01,2026-03-01,LSOA21 to single LAD25/CSP25 relationship
E22000112,Fareham,2026-02,61,2025-04-01,2026-03-01,LSOA21 to single LAD25/CSP25 relationship
E22000112,Fareham,2026-03,72,2025-04-01,2026-03-01,LSOA21 to single LAD25/CSP25 relationship
E22000113,Gosport,2025-04,71,2025-04-01,2026-03-01,LSOA21 to single LAD25/CSP25 relationship
E22000113,Gosport,2025-05,98,2025-04-01,2026-03-01,LSOA21 to single LAD25/CSP25 relationship
E22000113,Gosport,2025-06,78,2025-04-01,2026-03-01,LSOA21 to single LAD25/CSP25 relationship
E22000113,Gosport,2025-07,125,2025-04-01,2026-03-01,LSOA21 to single LAD25/CSP25 relationship
E22000113,Gosport,2025-08,49,2025-04-01,2026-03-01,LSOA21 to single LAD25/CSP25 relationship
E22000113,Gosport,2025-09,79,2025-04-01,2026-03-01,LSOA21 to single LAD25/CSP25 relationship
E22000113,Gosport,2025-10,75,2025-04-01,2026-03-01,LSOA21 to single LAD25/CSP25 relationship
E22000113,Gosport,2025-11,60,2025-04-01,2026-03-01,LSOA21 to single LAD25/CSP25 relationship
E22000113,Gosport,2025-12,51,2025-04-01,2026-03-01,LSOA21 to single LAD25/CSP25 relationship
E22000113,Gosport,2026-01,55,2025-04-01,2026-03-01,LSOA21 to single LAD25/CSP25 relationship
E22000113,Gosport,2026-02,56,2025-04-01,2026-03-01,LSOA21 to single LAD25/CSP25 relationship
E22000113,Gosport,2026-03,73,2025-04-01,2026-03-01,LSOA21 to single LAD25/CSP25 relationship
E22000115,Havant,2025-04,80,2025-04-01,2026-03-01,LSOA21 to single LAD25/CSP25 relationship
E22000115,Havant,2025-05,110,2025-04-01,2026-03-01,LSOA21 to single LAD25/CSP25 relationship
E22000115,Havant,2025-06,84,2025-04-01,2026-03-01,LSOA21 to single LAD25/CSP25 relationship
E22000115,Havant,2025-07,161,2025-04-01,2026-03-01,LSOA21 to single LAD25/CSP25 relationship
E22000115,Havant,2025-08,14,2025-04-01,2026-03-01,LSOA21 to single LAD25/CSP25 relationship
E22000115,Havant,2025-09,77,2025-04-01,2026-03-01,LSOA21 to single LAD25/CSP25 relationship
E22000115,Havant,2025-10,128,2025-04-01,2026-03-01,LSOA21 to single LAD25/CSP25 relationship
E22000115,Havant,2025-11,79,2025-04-01,2026-03-01,LSOA21 to single LAD25/CSP25 relationship
E22000115,Havant,2025-12,89,2025-04-01,2026-03-01,LSOA21 to single LAD25/CSP25 relationship
E22000115,Havant,2026-01,98,2025-04-01,2026-03-01,LSOA21 to single LAD25/CSP25 relationship
E22000115,Havant,2026-02,109,2025-04-01,2026-03-01,LSOA21 to single LAD25/CSP25 relationship
E22000115,Havant,2026-03,135,2025-04-01,2026-03-01,LSOA21 to single LAD25/CSP25 relationship
E22000116,Isle of Wight,2025-04,108,2025-04-01,2026-03-01,LSOA21 to single LAD25/CSP25 relationship
E22000116,Isle of Wight,2025-05,156,2025-04-01,2026-03-01,LSOA21 to single LAD25/CSP25 relationship
E22000116,Isle of Wight,2025-06,99,2025-04-01,2026-03-01,LSOA21 to single LAD25/CSP25 relationship
E22000116,Isle of Wight,2025-07,163,2025-04-01,2026-03-01,LSOA21 to single LAD25/CSP25 relationship
E22000116,Isle of Wight,2025-08,152,2025-04-01,2026-03-01,LSOA21 to single LAD25/CSP25 relationship
E22000116,Isle of Wight,2025-09,100,2025-04-01,2026-03-01,LSOA21 to single LAD25/CSP25 relationship
E22000116,Isle of Wight,2025-10,127,2025-04-01,2026-03-01,LSOA21 to single LAD25/CSP25 relationship
E22000116,Isle of Wight,2025-11,79,2025-04-01,2026-03-01,LSOA21 to single LAD25/CSP25 relationship
E22000116,Isle of Wight,2025-12,81,2025-04-01,2026-03-01,LSOA21 to single LAD25/CSP25 relationship
E22000116,Isle of Wight,2026-01,101,2025-04-01,2026-03-01,LSOA21 to single LAD25/CSP25 relationship
E22000116,Isle of Wight,2026-02,66,2025-04-01,2026-03-01,LSOA21 to single LAD25/CSP25 relationship
E22000116,Isle of Wight,2026-03,112,2025-04-01,2026-03-01,LSOA21 to single LAD25/CSP25 relationship
E22000117,New Forest,2025-04,101,2025-04-01,2026-03-01,LSOA21 to single LAD25/CSP25 relationship
E22000117,New Forest,2025-05,112,2025-04-01,2026-03-01,LSOA21 to single LAD25/CSP25 relationship
E22000117,New Forest,2025-06,95,2025-04-01,2026-03-01,LSOA21 to single LAD25/CSP25 relationship
E22000117,New Forest,2025-07,151,2025-04-01,2026-03-01,LSOA21 to single LAD25/CSP25 relationship
E22000117,New Forest,2025-08,34,2025-04-01,2026-03-01,LSOA21 to single LAD25/CSP25 relationship
E22000117,New Forest,2025-09,80,2025-04-01,2026-03-01,LSOA21 to single LAD25/CSP25 relationship
E22000117,New Forest,2025-10,93,2025-04-01,2026-03-01,LSOA21 to single LAD25/CSP25 relationship
E22000117,New Forest,2025-11,68,2025-04-01,2026-03-01,LSOA21 to single LAD25/CSP25 relationship
E22000117,New Forest,2025-12,69,2025-04-01,2026-03-01,LSOA21 to single LAD25/CSP25 relationship
E22000117,New Forest,2026-01,67,2025-04-01,2026-03-01,LSOA21 to single LAD25/CSP25 relationship
E22000117,New Forest,2026-02,64,2025-04-01,2026-03-01,LSOA21 to single LAD25/CSP25 relationship
E22000117,New Forest,2026-03,101,2025-04-01,2026-03-01,LSOA21 to single LAD25/CSP25 relationship
E22000118,Portsmouth,2025-04,253,2025-04-01,2026-03-01,LSOA21 to single LAD25/CSP25 relationship
E22000118,Portsmouth,2025-05,246,2025-04-01,2026-03-01,LSOA21 to single LAD25/CSP25 relationship
E22000118,Portsmouth,2025-06,255,2025-04-01,2026-03-01,LSOA21 to single LAD25/CSP25 relationship
E22000118,Portsmouth,2025-07,325,2025-04-01,2026-03-01,LSOA21 to single LAD25/CSP25 relationship
E22000118,Portsmouth,2025-08,177,2025-04-01,2026-03-01,LSOA21 to single LAD25/CSP25 relationship
E22000118,Portsmouth,2025-09,239,2025-04-01,2026-03-01,LSOA21 to single LAD25/CSP25 relationship
E22000118,Portsmouth,2025-10,245,2025-04-01,2026-03-01,LSOA21 to single LAD25/CSP25 relationship
E22000118,Portsmouth,2025-11,197,2025-04-01,2026-03-01,LSOA21 to single LAD25/CSP25 relationship
E22000118,Portsmouth,2025-12,182,2025-04-01,2026-03-01,LSOA21 to single LAD25/CSP25 relationship
E22000118,Portsmouth,2026-01,202,2025-04-01,2026-03-01,LSOA21 to single LAD25/CSP25 relationship
E22000118,Portsmouth,2026-02,175,2025-04-01,2026-03-01,LSOA21 to single LAD25/CSP25 relationship
E22000118,Portsmouth,2026-03,263,2025-04-01,2026-03-01,LSOA21 to single LAD25/CSP25 relationship
E22000120,Southampton,2025-04,340,2025-04-01,2026-03-01,LSOA21 to single LAD25/CSP25 relationship
E22000120,Southampton,2025-05,380,2025-04-01,2026-03-01,LSOA21 to single LAD25/CSP25 relationship
E22000120,Southampton,2025-06,345,2025-04-01,2026-03-01,LSOA21 to single LAD25/CSP25 relationship
E22000120,Southampton,2025-07,354,2025-04-01,2026-03-01,LSOA21 to single LAD25/CSP25 relationship
E22000120,Southampton,2025-08,,2025-04-01,2026-03-01,LSOA21 to single LAD25/CSP25 relationship
E22000120,Southampton,2025-09,275,2025-04-01,2026-03-01,LSOA21 to single LAD25/CSP25 relationship
E22000120,Southampton,2025-10,280,2025-04-01,2026-03-01,LSOA21 to single LAD25/CSP25 relationship
E22000120,Southampton,2025-11,245,2025-04-01,2026-03-01,LSOA21 to single LAD25/CSP25 relationship
E22000120,Southampton,2025-12,218,2025-04-01,2026-03-01,LSOA21 to single LAD25/CSP25 relationship
E22000120,Southampton,2026-01,229,2025-04-01,2026-03-01,LSOA21 to single LAD25/CSP25 relationship
E22000120,Southampton,2026-02,263,2025-04-01,2026-03-01,LSOA21 to single LAD25/CSP25 relationship
E22000120,Southampton,2026-03,332,2025-04-01,2026-03-01,LSOA21 to single LAD25/CSP25 relationship
E22000121,Test Valley,2025-04,99,2025-04-01,2026-03-01,LSOA21 to single LAD25/CSP25 relationship
E22000121,Test Valley,2025-05,109,2025-04-01,2026-03-01,LSOA21 to single LAD25/CSP25 relationship
E22000121,Test Valley,2025-06,120,2025-04-01,2026-03-01,LSOA21 to single LAD25/CSP25 relationship
E22000121,Test Valley,2025-07,135,2025-04-01,2026-03-01,LSOA21 to single LAD25/CSP25 relationship
E22000121,Test Valley,2025-08,,2025-04-01,2026-03-01,LSOA21 to single LAD25/CSP25 relationship
E22000121,Test Valley,2025-09,76,2025-04-01,2026-03-01,LSOA21 to single LAD25/CSP25 relationship
E22000121,Test Valley,2025-10,80,2025-04-01,2026-03-01,LSOA21 to single LAD25/CSP25 relationship
E22000121,Test Valley,2025-11,72,2025-04-01,2026-03-01,LSOA21 to single LAD25/CSP25 relationship
E22000121,Test Valley,2025-12,70,2025-04-01,2026-03-01,LSOA21 to single LAD25/CSP25 relationship
E22000121,Test Valley,2026-01,85,2025-04-01,2026-03-01,LSOA21 to single LAD25/CSP25 relationship
E22000121,Test Valley,2026-02,74,2025-04-01,2026-03-01,LSOA21 to single LAD25/CSP25 relationship
E22000121,Test Valley,2026-03,89,2025-04-01,2026-03-01,LSOA21 to single LAD25/CSP25 relationship
E22000122,Winchester,2025-04,70,2025-04-01,2026-03-01,LSOA21 to single LAD25/CSP25 relationship
E22000122,Winchester,2025-05,65,2025-04-01,2026-03-01,LSOA21 to single LAD25/CSP25 relationship
E22000122,Winchester,2025-06,58,2025-04-01,2026-03-01,LSOA21 to single LAD25/CSP25 relationship
E22000122,Winchester,2025-07,100,2025-04-01,2026-03-01,LSOA21 to single LAD25/CSP25 relationship
E22000122,Winchester,2025-08,,2025-04-01,2026-03-01,LSOA21 to single LAD25/CSP25 relationship
E22000122,Winchester,2025-09,62,2025-04-01,2026-03-01,LSOA21 to single LAD25/CSP25 relationship
E22000122,Winchester,2025-10,66,2025-04-01,2026-03-01,LSOA21 to single LAD25/CSP25 relationship
E22000122,Winchester,2025-11,59,2025-04-01,2026-03-01,LSOA21 to single LAD25/CSP25 relationship
E22000122,Winchester,2025-12,51,2025-04-01,2026-03-01,LSOA21 to single LAD25/CSP25 relationship
E22000122,Winchester,2026-01,51,2025-04-01,2026-03-01,LSOA21 to single LAD25/CSP25 relationship
E22000122,Winchester,2026-02,53,2025-04-01,2026-03-01,LSOA21 to single LAD25/CSP25 relationship
E22000122,Winchester,2026-03,79,2025-04-01,2026-03-01,LSOA21 to single LAD25/CSP25 relationship
E22000123,Broxbourne,2025-04,145,2025-04-01,2026-03-01,LSOA21 to single LAD25/CSP25 relationship
E22000123,Broxbourne,2025-05,173,2025-04-01,2026-03-01,LSOA21 to single LAD25/CSP25 relationship
E22000123,Broxbourne,2025-06,183,2025-04-01,2026-03-01,LSOA21 to single LAD25/CSP25 relationship
E22000123,Broxbourne,2025-07,244,2025-04-01,2026-03-01,LSOA21 to single LAD25/CSP25 relationship
E22000123,Broxbourne,2025-08,177,2025-04-01,2026-03-01,LSOA21 to single LAD25/CSP25 relationship
E22000123,Broxbourne,2025-09,152,2025-04-01,2026-03-01,LSOA21 to single LAD25/CSP25 relationship
E22000123,Broxbourne,2025-10,178,2025-04-01,2026-03-01,LSOA21 to single LAD25/CSP25 relationship
E22000123,Broxbourne,2025-11,142,2025-04-01,2026-03-01,LSOA21 to single LAD25/CSP25 relationship
E22000123,Broxbourne,2025-12,125,2025-04-01,2026-03-01,LSOA21 to single LAD25/CSP25 relationship
E22000123,Broxbourne,2026-01,138,2025-04-01,2026-03-01,LSOA21 to single LAD25/CSP25 relationship
E22000123,Broxbourne,2026-02,106,2025-04-01,2026-03-01,LSOA21 to single LAD25/CSP25 relationship
E22000123,Broxbourne,2026-03,152,2025-04-01,2026-03-01,LSOA21 to single LAD25/CSP25 relationship
E22000124,Dacorum,2025-04,256,2025-04-01,2026-03-01,LSOA21 to single LAD25/CSP25 relationship
E22000124,Dacorum,2025-05,296,2025-04-01,2026-03-01,LSOA21 to single LAD25/CSP25 relationship
E22000124,Dacorum,2025-06,385,2025-04-01,2026-03-01,LSOA21 to single LAD25/CSP25 relationship
E22000124,Dacorum,2025-07,393,2025-04-01,2026-03-01,LSOA21 to single LAD25/CSP25 relationship
E22000124,Dacorum,2025-08,295,2025-04-01,2026-03-01,LSOA21 to single LAD25/CSP25 relationship
E22000124,Dacorum,2025-09,225,2025-04-01,2026-03-01,LSOA21 to single LAD25/CSP25 relationship
E22000124,Dacorum,2025-10,250,2025-04-01,2026-03-01,LSOA21 to single LAD25/CSP25 relationship
E22000124,Dacorum,2025-11,210,2025-04-01,2026-03-01,LSOA21 to single LAD25/CSP25 relationship
E22000124,Dacorum,2025-12,201,2025-04-01,2026-03-01,LSOA21 to single LAD25/CSP25 relationship
E22000124,Dacorum,2026-01,196,2025-04-01,2026-03-01,LSOA21 to single LAD25/CSP25 relationship
E22000124,Dacorum,2026-02,229,2025-04-01,2026-03-01,LSOA21 to single LAD25/CSP25 relationship
E22000124,Dacorum,2026-03,286,2025-04-01,2026-03-01,LSOA21 to single LAD25/CSP25 relationship
E22000125,East Hertfordshire,2025-04,207,2025-04-01,2026-03-01,LSOA21 to single LAD25/CSP25 relationship
E22000125,East Hertfordshire,2025-05,203,2025-04-01,2026-03-01,LSOA21 to single LAD25/CSP25 relationship
E22000125,East Hertfordshire,2025-06,272,2025-04-01,2026-03-01,LSOA21 to single LAD25/CSP25 relationship
E22000125,East Hertfordshire,2025-07,256,2025-04-01,2026-03-01,LSOA21 to single LAD25/CSP25 relationship
E22000125,East Hertfordshire,2025-08,247,2025-04-01,2026-03-01,LSOA21 to single LAD25/CSP25 relationship
E22000125,East Hertfordshire,2025-09,174,2025-04-01,2026-03-01,LSOA21 to single LAD25/CSP25 relationship
E22000125,East Hertfordshire,2025-10,223,2025-04-01,2026-03-01,LSOA21 to single LAD25/CSP25 relationship
E22000125,East Hertfordshire,2025-11,156,2025-04-01,2026-03-01,LSOA21 to single LAD25/CSP25 relationship
E22000125,East Hertfordshire,2025-12,155,2025-04-01,2026-03-01,LSOA21 to single LAD25/CSP25 relationship
E22000125,East Hertfordshire,2026-01,113,2025-04-01,2026-03-01,LSOA21 to single LAD25/CSP25 relationship
E22000125,East Hertfordshire,2026-02,139,2025-04-01,2026-03-01,LSOA21 to single LAD25/CSP25 relationship
E22000125,East Hertfordshire,2026-03,164,2025-04-01,2026-03-01,LSOA21 to single LAD25/CSP25 relationship
E22000126,Hertsmere,2025-04,177,2025-04-01,2026-03-01,LSOA21 to single LAD25/CSP25 relationship
E22000126,Hertsmere,2025-05,206,2025-04-01,2026-03-01,LSOA21 to single LAD25/CSP25 relationship
E22000126,Hertsmere,2025-06,190,2025-04-01,2026-03-01,LSOA21 to single LAD25/CSP25 relationship
E22000126,Hertsmere,2025-07,233,2025-04-01,2026-03-01,LSOA21 to single LAD25/CSP25 relationship
E22000126,Hertsmere,2025-08,157,2025-04-01,2026-03-01,LSOA21 to single LAD25/CSP25 relationship
E22000126,Hertsmere,2025-09,132,2025-04-01,2026-03-01,LSOA21 to single LAD25/CSP25 relationship
E22000126,Hertsmere,2025-10,134,2025-04-01,2026-03-01,LSOA21 to single LAD25/CSP25 relationship
E22000126,Hertsmere,2025-11,120,2025-04-01,2026-03-01,LSOA21 to single LAD25/CSP25 relationship
E22000126,Hertsmere,2025-12,141,2025-04-01,2026-03-01,LSOA21 to single LAD25/CSP25 relationship
E22000126,Hertsmere,2026-01,132,2025-04-01,2026-03-01,LSOA21 to single LAD25/CSP25 relationship
E22000126,Hertsmere,2026-02,119,2025-04-01,2026-03-01,LSOA21 to single LAD25/CSP25 relationship
E22000126,Hertsmere,2026-03,178,2025-04-01,2026-03-01,LSOA21 to single LAD25/CSP25 relationship
E22000127,North Hertfordshire,2025-04,191,2025-04-01,2026-03-01,LSOA21 to single LAD25/CSP25 relationship
E22000127,North Hertfordshire,2025-05,190,2025-04-01,2026-03-01,LSOA21 to single LAD25/CSP25 relationship
E22000127,North Hertfordshire,2025-06,215,2025-04-01,2026-03-01,LSOA21 to single LAD25/CSP25 relationship
E22000127,North Hertfordshire,2025-07,225,2025-04-01,2026-03-01,LSOA21 to single LAD25/CSP25 relationship
E22000127,North Hertfordshire,2025-08,193,2025-04-01,2026-03-01,LSOA21 to single LAD25/CSP25 relationship
E22000127,North Hertfordshire,2025-09,145,2025-04-01,2026-03-01,LSOA21 to single LAD25/CSP25 relationship
E22000127,North Hertfordshire,2025-10,149,2025-04-01,2026-03-01,LSOA21 to single LAD25/CSP25 relationship
E22000127,North Hertfordshire,2025-11,126,2025-04-01,2026-03-01,LSOA21 to single LAD25/CSP25 relationship
E22000127,North Hertfordshire,2025-12,124,2025-04-01,2026-03-01,LSOA21 to single LAD25/CSP25 relationship
E22000127,North Hertfordshire,2026-01,95,2025-04-01,2026-03-01,LSOA21 to single LAD25/CSP25 relationship
E22000127,North Hertfordshire,2026-02,126,2025-04-01,2026-03-01,LSOA21 to single LAD25/CSP25 relationship
E22000127,North Hertfordshire,2026-03,166,2025-04-01,2026-03-01,LSOA21 to single LAD25/CSP25 relationship
E22000128,St Albans,2025-04,227,2025-04-01,2026-03-01,LSOA21 to single LAD25/CSP25 relationship
E22000128,St Albans,2025-05,205,2025-04-01,2026-03-01,LSOA21 to single LAD25/CSP25 relationship
E22000128,St Albans,2025-06,233,2025-04-01,2026-03-01,LSOA21 to single LAD25/CSP25 relationship
E22000128,St Albans,2025-07,247,2025-04-01,2026-03-01,LSOA21 to single LAD25/CSP25 relationship
E22000128,St Albans,2025-08,239,2025-04-01,2026-03-01,LSOA21 to single LAD25/CSP25 relationship
E22000128,St Albans,2025-09,171,2025-04-01,2026-03-01,LSOA21 to single LAD25/CSP25 relationship
E22000128,St Albans,2025-10,178,2025-04-01,2026-03-01,LSOA21 to single LAD25/CSP25 relationship
E22000128,St Albans,2025-11,150,2025-04-01,2026-03-01,LSOA21 to single LAD25/CSP25 relationship
E22000128,St Albans,2025-12,145,2025-04-01,2026-03-01,LSOA21 to single LAD25/CSP25 relationship
E22000128,St Albans,2026-01,132,2025-04-01,2026-03-01,LSOA21 to single LAD25/CSP25 relationship
E22000128,St Albans,2026-02,163,2025-04-01,2026-03-01,LSOA21 to single LAD25/CSP25 relationship
E22000128,St Albans,2026-03,188,2025-04-01,2026-03-01,LSOA21 to single LAD25/CSP25 relationship
E22000129,Stevenage,2025-04,189,2025-04-01,2026-03-01,LSOA21 to single LAD25/CSP25 relationship
E22000129,Stevenage,2025-05,199,2025-04-01,2026-03-01,LSOA21 to single LAD25/CSP25 relationship
E22000129,Stevenage,2025-06,196,2025-04-01,2026-03-01,LSOA21 to single LAD25/CSP25 relationship
E22000129,Stevenage,2025-07,230,2025-04-01,2026-03-01,LSOA21 to single LAD25/CSP25 relationship
E22000129,Stevenage,2025-08,184,2025-04-01,2026-03-01,LSOA21 to single LAD25/CSP25 relationship
E22000129,Stevenage,2025-09,141,2025-04-01,2026-03-01,LSOA21 to single LAD25/CSP25 relationship
E22000129,Stevenage,2025-10,126,2025-04-01,2026-03-01,LSOA21 to single LAD25/CSP25 relationship
E22000129,Stevenage,2025-11,105,2025-04-01,2026-03-01,LSOA21 to single LAD25/CSP25 relationship
E22000129,Stevenage,2025-12,111,2025-04-01,2026-03-01,LSOA21 to single LAD25/CSP25 relationship
E22000129,Stevenage,2026-01,109,2025-04-01,2026-03-01,LSOA21 to single LAD25/CSP25 relationship
E22000129,Stevenage,2026-02,118,2025-04-01,2026-03-01,LSOA21 to single LAD25/CSP25 relationship
E22000129,Stevenage,2026-03,167,2025-04-01,2026-03-01,LSOA21 to single LAD25/CSP25 relationship
E22000130,Three Rivers,2025-04,101,2025-04-01,2026-03-01,LSOA21 to single LAD25/CSP25 relationship
E22000130,Three Rivers,2025-05,132,2025-04-01,2026-03-01,LSOA21 to single LAD25/CSP25 relationship
E22000130,Three Rivers,2025-06,140,2025-04-01,2026-03-01,LSOA21 to single LAD25/CSP25 relationship
E22000130,Three Rivers,2025-07,130,2025-04-01,2026-03-01,LSOA21 to single LAD25/CSP25 relationship
E22000130,Three Rivers,2025-08,109,2025-04-01,2026-03-01,LSOA21 to single LAD25/CSP25 relationship
E22000130,Three Rivers,2025-09,109,2025-04-01,2026-03-01,LSOA21 to single LAD25/CSP25 relationship
E22000130,Three Rivers,2025-10,95,2025-04-01,2026-03-01,LSOA21 to single LAD25/CSP25 relationship
E22000130,Three Rivers,2025-11,61,2025-04-01,2026-03-01,LSOA21 to single LAD25/CSP25 relationship
E22000130,Three Rivers,2025-12,69,2025-04-01,2026-03-01,LSOA21 to single LAD25/CSP25 relationship
E22000130,Three Rivers,2026-01,93,2025-04-01,2026-03-01,LSOA21 to single LAD25/CSP25 relationship
E22000130,Three Rivers,2026-02,65,2025-04-01,2026-03-01,LSOA21 to single LAD25/CSP25 relationship
E22000130,Three Rivers,2026-03,105,2025-04-01,2026-03-01,LSOA21 to single LAD25/CSP25 relationship
E22000131,Watford,2025-04,199,2025-04-01,2026-03-01,LSOA21 to single LAD25/CSP25 relationship
E22000131,Watford,2025-05,219,2025-04-01,2026-03-01,LSOA21 to single LAD25/CSP25 relationship
E22000131,Watford,2025-06,242,2025-04-01,2026-03-01,LSOA21 to single LAD25/CSP25 relationship
E22000131,Watford,2025-07,289,2025-04-01,2026-03-01,LSOA21 to single LAD25/CSP25 relationship
E22000131,Watford,2025-08,190,2025-04-01,2026-03-01,LSOA21 to single LAD25/CSP25 relationship
E22000131,Watford,2025-09,166,2025-04-01,2026-03-01,LSOA21 to single LAD25/CSP25 relationship
E22000131,Watford,2025-10,194,2025-04-01,2026-03-01,LSOA21 to single LAD25/CSP25 relationship
E22000131,Watford,2025-11,157,2025-04-01,2026-03-01,LSOA21 to single LAD25/CSP25 relationship
E22000131,Watford,2025-12,146,2025-04-01,2026-03-01,LSOA21 to single LAD25/CSP25 relationship
E22000131,Watford,2026-01,163,2025-04-01,2026-03-01,LSOA21 to single LAD25/CSP25 relationship
E22000131,Watford,2026-02,153,2025-04-01,2026-03-01,LSOA21 to single LAD25/CSP25 relationship
E22000131,Watford,2026-03,211,2025-04-01,2026-03-01,LSOA21 to single LAD25/CSP25 relationship
E22000132,Welwyn Hatfield,2025-04,214,2025-04-01,2026-03-01,LSOA21 to single LAD25/CSP25 relationship
E22000132,Welwyn Hatfield,2025-05,246,2025-04-01,2026-03-01,LSOA21 to single LAD25/CSP25 relationship
E22000132,Welwyn Hatfield,2025-06,267,2025-04-01,2026-03-01,LSOA21 to single LAD25/CSP25 relationship
E22000132,Welwyn Hatfield,2025-07,275,2025-04-01,2026-03-01,LSOA21 to single LAD25/CSP25 relationship
E22000132,Welwyn Hatfield,2025-08,226,2025-04-01,2026-03-01,LSOA21 to single LAD25/CSP25 relationship
E22000132,Welwyn Hatfield,2025-09,177,2025-04-01,2026-03-01,LSOA21 to single LAD25/CSP25 relationship
E22000132,Welwyn Hatfield,2025-10,220,2025-04-01,2026-03-01,LSOA21 to single LAD25/CSP25 relationship
E22000132,Welwyn Hatfield,2025-11,198,2025-04-01,2026-03-01,LSOA21 to single LAD25/CSP25 relationship
E22000132,Welwyn Hatfield,2025-12,199,2025-04-01,2026-03-01,LSOA21 to single LAD25/CSP25 relationship
E22000132,Welwyn Hatfield,2026-01,150,2025-04-01,2026-03-01,LSOA21 to single LAD25/CSP25 relationship
E22000132,Welwyn Hatfield,2026-02,136,2025-04-01,2026-03-01,LSOA21 to single LAD25/CSP25 relationship
E22000132,Welwyn Hatfield,2026-03,221,2025-04-01,2026-03-01,LSOA21 to single LAD25/CSP25 relationship
E22000133,East Riding of Yorkshire,2025-04,194,2025-04-01,2026-03-01,LSOA21 to single LAD25/CSP25 relationship
E22000133,East Riding of Yorkshire,2025-05,173,2025-04-01,2026-03-01,LSOA21 to single LAD25/CSP25 relationship
E22000133,East Riding of Yorkshire,2025-06,204,2025-04-01,2026-03-01,LSOA21 to single LAD25/CSP25 relationship
E22000133,East Riding of Yorkshire,2025-07,210,2025-04-01,2026-03-01,LSOA21 to single LAD25/CSP25 relationship
E22000133,East Riding of Yorkshire,2025-08,217,2025-04-01,2026-03-01,LSOA21 to single LAD25/CSP25 relationship
E22000133,East Riding of Yorkshire,2025-09,165,2025-04-01,2026-03-01,LSOA21 to single LAD25/CSP25 relationship
E22000133,East Riding of Yorkshire,2025-10,179,2025-04-01,2026-03-01,LSOA21 to single LAD25/CSP25 relationship
E22000133,East Riding of Yorkshire,2025-11,118,2025-04-01,2026-03-01,LSOA21 to single LAD25/CSP25 relationship
E22000133,East Riding of Yorkshire,2025-12,93,2025-04-01,2026-03-01,LSOA21 to single LAD25/CSP25 relationship
E22000133,East Riding of Yorkshire,2026-01,108,2025-04-01,2026-03-01,LSOA21 to single LAD25/CSP25 relationship
E22000133,East Riding of Yorkshire,2026-02,118,2025-04-01,2026-03-01,LSOA21 to single LAD25/CSP25 relationship
E22000133,East Riding of Yorkshire,2026-03,161,2025-04-01,2026-03-01,LSOA21 to single LAD25/CSP25 relationship
E22000134,"Kingston upon Hull, City of",2025-04,230,2025-04-01,2026-03-01,LSOA21 to single LAD25/CSP25 relationship
E22000134,"Kingston upon Hull, City of",2025-05,257,2025-04-01,2026-03-01,LSOA21 to single LAD25/CSP25 relationship
E22000134,"Kingston upon Hull, City of",2025-06,264,2025-04-01,2026-03-01,LSOA21 to single LAD25/CSP25 relationship
E22000134,"Kingston upon Hull, City of",2025-07,278,2025-04-01,2026-03-01,LSOA21 to single LAD25/CSP25 relationship
E22000134,"Kingston upon Hull, City of",2025-08,307,2025-04-01,2026-03-01,LSOA21 to single LAD25/CSP25 relationship
E22000134,"Kingston upon Hull, City of",2025-09,195,2025-04-01,2026-03-01,LSOA21 to single LAD25/CSP25 relationship
E22000134,"Kingston upon Hull, City of",2025-10,250,2025-04-01,2026-03-01,LSOA21 to single LAD25/CSP25 relationship
E22000134,"Kingston upon Hull, City of",2025-11,162,2025-04-01,2026-03-01,LSOA21 to single LAD25/CSP25 relationship
E22000134,"Kingston upon Hull, City of",2025-12,154,2025-04-01,2026-03-01,LSOA21 to single LAD25/CSP25 relationship
E22000134,"Kingston upon Hull, City of",2026-01,150,2025-04-01,2026-03-01,LSOA21 to single LAD25/CSP25 relationship
E22000134,"Kingston upon Hull, City of",2026-02,154,2025-04-01,2026-03-01,LSOA21 to single LAD25/CSP25 relationship
E22000134,"Kingston upon Hull, City of",2026-03,183,2025-04-01,2026-03-01,LSOA21 to single LAD25/CSP25 relationship
E22000135,North East Lincolnshire,2025-04,187,2025-04-01,2026-03-01,LSOA21 to single LAD25/CSP25 relationship
E22000135,North East Lincolnshire,2025-05,168,2025-04-01,2026-03-01,LSOA21 to single LAD25/CSP25 relationship
E22000135,North East Lincolnshire,2025-06,205,2025-04-01,2026-03-01,LSOA21 to single LAD25/CSP25 relationship
E22000135,North East Lincolnshire,2025-07,175,2025-04-01,2026-03-01,LSOA21 to single LAD25/CSP25 relationship
E22000135,North East Lincolnshire,2025-08,175,2025-04-01,2026-03-01,LSOA21 to single LAD25/CSP25 relationship
E22000135,North East Lincolnshire,2025-09,146,2025-04-01,2026-03-01,LSOA21 to single LAD25/CSP25 relationship
E22000135,North East Lincolnshire,2025-10,160,2025-04-01,2026-03-01,LSOA21 to single LAD25/CSP25 relationship
E22000135,North East Lincolnshire,2025-11,118,2025-04-01,2026-03-01,LSOA21 to single LAD25/CSP25 relationship
E22000135,North East Lincolnshire,2025-12,128,2025-04-01,2026-03-01,LSOA21 to single LAD25/CSP25 relationship
E22000135,North East Lincolnshire,2026-01,140,2025-04-01,2026-03-01,LSOA21 to single LAD25/CSP25 relationship
E22000135,North East Lincolnshire,2026-02,158,2025-04-01,2026-03-01,LSOA21 to single LAD25/CSP25 relationship
E22000135,North East Lincolnshire,2026-03,131,2025-04-01,2026-03-01,LSOA21 to single LAD25/CSP25 relationship
E22000136,North Lincolnshire,2025-04,146,2025-04-01,2026-03-01,LSOA21 to single LAD25/CSP25 relationship
E22000136,North Lincolnshire,2025-05,138,2025-04-01,2026-03-01,LSOA21 to single LAD25/CSP25 relationship
E22000136,North Lincolnshire,2025-06,161,2025-04-01,2026-03-01,LSOA21 to single LAD25/CSP25 relationship
E22000136,North Lincolnshire,2025-07,139,2025-04-01,2026-03-01,LSOA21 to single LAD25/CSP25 relationship
E22000136,North Lincolnshire,2025-08,141,2025-04-01,2026-03-01,LSOA21 to single LAD25/CSP25 relationship
E22000136,North Lincolnshire,2025-09,118,2025-04-01,2026-03-01,LSOA21 to single LAD25/CSP25 relationship
E22000136,North Lincolnshire,2025-10,135,2025-04-01,2026-03-01,LSOA21 to single LAD25/CSP25 relationship
E22000136,North Lincolnshire,2025-11,88,2025-04-01,2026-03-01,LSOA21 to single LAD25/CSP25 relationship
E22000136,North Lincolnshire,2025-12,92,2025-04-01,2026-03-01,LSOA21 to single LAD25/CSP25 relationship
E22000136,North Lincolnshire,2026-01,80,2025-04-01,2026-03-01,LSOA21 to single LAD25/CSP25 relationship
E22000136,North Lincolnshire,2026-02,77,2025-04-01,2026-03-01,LSOA21 to single LAD25/CSP25 relationship
E22000136,North Lincolnshire,2026-03,115,2025-04-01,2026-03-01,LSOA21 to single LAD25/CSP25 relationship
E22000137,Ashford,2025-04,132,2025-04-01,2026-03-01,LSOA21 to single LAD25/CSP25 relationship
E22000137,Ashford,2025-05,136,2025-04-01,2026-03-01,LSOA21 to single LAD25/CSP25 relationship
E22000137,Ashford,2025-06,135,2025-04-01,2026-03-01,LSOA21 to single LAD25/CSP25 relationship
E22000137,Ashford,2025-07,200,2025-04-01,2026-03-01,LSOA21 to single LAD25/CSP25 relationship
E22000137,Ashford,2025-08,187,2025-04-01,2026-03-01,LSOA21 to single LAD25/CSP25 relationship
E22000137,Ashford,2025-09,150,2025-04-01,2026-03-01,LSOA21 to single LAD25/CSP25 relationship
E22000137,Ashford,2025-10,148,2025-04-01,2026-03-01,LSOA21 to single LAD25/CSP25 relationship
E22000137,Ashford,2025-11,169,2025-04-01,2026-03-01,LSOA21 to single LAD25/CSP25 relationship
E22000137,Ashford,2025-12,154,2025-04-01,2026-03-01,LSOA21 to single LAD25/CSP25 relationship
E22000137,Ashford,2026-01,129,2025-04-01,2026-03-01,LSOA21 to single LAD25/CSP25 relationship
E22000137,Ashford,2026-02,99,2025-04-01,2026-03-01,LSOA21 to single LAD25/CSP25 relationship
E22000137,Ashford,2026-03,145,2025-04-01,2026-03-01,LSOA21 to single LAD25/CSP25 relationship
E22000138,Canterbury,2025-04,200,2025-04-01,2026-03-01,LSOA21 to single LAD25/CSP25 relationship
E22000138,Canterbury,2025-05,246,2025-04-01,2026-03-01,LSOA21 to single LAD25/CSP25 relationship
E22000138,Canterbury,2025-06,272,2025-04-01,2026-03-01,LSOA21 to single LAD25/CSP25 relationship
E22000138,Canterbury,2025-07,356,2025-04-01,2026-03-01,LSOA21 to single LAD25/CSP25 relationship
E22000138,Canterbury,2025-08,318,2025-04-01,2026-03-01,LSOA21 to single LAD25/CSP25 relationship
E22000138,Canterbury,2025-09,244,2025-04-01,2026-03-01,LSOA21 to single LAD25/CSP25 relationship
E22000138,Canterbury,2025-10,244,2025-04-01,2026-03-01,LSOA21 to single LAD25/CSP25 relationship
E22000138,Canterbury,2025-11,230,2025-04-01,2026-03-01,LSOA21 to single LAD25/CSP25 relationship
E22000138,Canterbury,2025-12,227,2025-04-01,2026-03-01,LSOA21 to single LAD25/CSP25 relationship
E22000138,Canterbury,2026-01,211,2025-04-01,2026-03-01,LSOA21 to single LAD25/CSP25 relationship
E22000138,Canterbury,2026-02,234,2025-04-01,2026-03-01,LSOA21 to single LAD25/CSP25 relationship
E22000138,Canterbury,2026-03,288,2025-04-01,2026-03-01,LSOA21 to single LAD25/CSP25 relationship
E22000140,Dover,2025-04,185,2025-04-01,2026-03-01,LSOA21 to single LAD25/CSP25 relationship
E22000140,Dover,2025-05,191,2025-04-01,2026-03-01,LSOA21 to single LAD25/CSP25 relationship
E22000140,Dover,2025-06,205,2025-04-01,2026-03-01,LSOA21 to single LAD25/CSP25 relationship
E22000140,Dover,2025-07,230,2025-04-01,2026-03-01,LSOA21 to single LAD25/CSP25 relationship
E22000140,Dover,2025-08,245,2025-04-01,2026-03-01,LSOA21 to single LAD25/CSP25 relationship
E22000140,Dover,2025-09,152,2025-04-01,2026-03-01,LSOA21 to single LAD25/CSP25 relationship
E22000140,Dover,2025-10,149,2025-04-01,2026-03-01,LSOA21 to single LAD25/CSP25 relationship
E22000140,Dover,2025-11,161,2025-04-01,2026-03-01,LSOA21 to single LAD25/CSP25 relationship
E22000140,Dover,2025-12,134,2025-04-01,2026-03-01,LSOA21 to single LAD25/CSP25 relationship
E22000140,Dover,2026-01,120,2025-04-01,2026-03-01,LSOA21 to single LAD25/CSP25 relationship
E22000140,Dover,2026-02,150,2025-04-01,2026-03-01,LSOA21 to single LAD25/CSP25 relationship
E22000140,Dover,2026-03,185,2025-04-01,2026-03-01,LSOA21 to single LAD25/CSP25 relationship
E22000142,Maidstone,2025-04,242,2025-04-01,2026-03-01,LSOA21 to single LAD25/CSP25 relationship
E22000142,Maidstone,2025-05,233,2025-04-01,2026-03-01,LSOA21 to single LAD25/CSP25 relationship
E22000142,Maidstone,2025-06,277,2025-04-01,2026-03-01,LSOA21 to single LAD25/CSP25 relationship
E22000142,Maidstone,2025-07,357,2025-04-01,2026-03-01,LSOA21 to single LAD25/CSP25 relationship
E22000142,Maidstone,2025-08,341,2025-04-01,2026-03-01,LSOA21 to single LAD25/CSP25 relationship
E22000142,Maidstone,2025-09,253,2025-04-01,2026-03-01,LSOA21 to single LAD25/CSP25 relationship
E22000142,Maidstone,2025-10,250,2025-04-01,2026-03-01,LSOA21 to single LAD25/CSP25 relationship
E22000142,Maidstone,2025-11,241,2025-04-01,2026-03-01,LSOA21 to single LAD25/CSP25 relationship
E22000142,Maidstone,2025-12,202,2025-04-01,2026-03-01,LSOA21 to single LAD25/CSP25 relationship
E22000142,Maidstone,2026-01,223,2025-04-01,2026-03-01,LSOA21 to single LAD25/CSP25 relationship
E22000142,Maidstone,2026-02,193,2025-04-01,2026-03-01,LSOA21 to single LAD25/CSP25 relationship
E22000142,Maidstone,2026-03,251,2025-04-01,2026-03-01,LSOA21 to single LAD25/CSP25 relationship
E22000143,Medway,2025-04,503,2025-04-01,2026-03-01,LSOA21 to single LAD25/CSP25 relationship
E22000143,Medway,2025-05,541,2025-04-01,2026-03-01,LSOA21 to single LAD25/CSP25 relationship
E22000143,Medway,2025-06,523,2025-04-01,2026-03-01,LSOA21 to single LAD25/CSP25 relationship
E22000143,Medway,2025-07,674,2025-04-01,2026-03-01,LSOA21 to single LAD25/CSP25 relationship
E22000143,Medway,2025-08,587,2025-04-01,2026-03-01,LSOA21 to single LAD25/CSP25 relationship
E22000143,Medway,2025-09,428,2025-04-01,2026-03-01,LSOA21 to single LAD25/CSP25 relationship
E22000143,Medway,2025-10,451,2025-04-01,2026-03-01,LSOA21 to single LAD25/CSP25 relationship
E22000143,Medway,2025-11,439,2025-04-01,2026-03-01,LSOA21 to single LAD25/CSP25 relationship
E22000143,Medway,2025-12,380,2025-04-01,2026-03-01,LSOA21 to single LAD25/CSP25 relationship
E22000143,Medway,2026-01,408,2025-04-01,2026-03-01,LSOA21 to single LAD25/CSP25 relationship
E22000143,Medway,2026-02,411,2025-04-01,2026-03-01,LSOA21 to single LAD25/CSP25 relationship
E22000143,Medway,2026-03,533,2025-04-01,2026-03-01,LSOA21 to single LAD25/CSP25 relationship
E22000144,Sevenoaks,2025-04,120,2025-04-01,2026-03-01,LSOA21 to single LAD25/CSP25 relationship
E22000144,Sevenoaks,2025-05,122,2025-04-01,2026-03-01,LSOA21 to single LAD25/CSP25 relationship
E22000144,Sevenoaks,2025-06,151,2025-04-01,2026-03-01,LSOA21 to single LAD25/CSP25 relationship
E22000144,Sevenoaks,2025-07,198,2025-04-01,2026-03-01,LSOA21 to single LAD25/CSP25 relationship
E22000144,Sevenoaks,2025-08,162,2025-04-01,2026-03-01,LSOA21 to single LAD25/CSP25 relationship
E22000144,Sevenoaks,2025-09,94,2025-04-01,2026-03-01,LSOA21 to single LAD25/CSP25 relationship
E22000144,Sevenoaks,2025-10,133,2025-04-01,2026-03-01,LSOA21 to single LAD25/CSP25 relationship
E22000144,Sevenoaks,2025-11,119,2025-04-01,2026-03-01,LSOA21 to single LAD25/CSP25 relationship
E22000144,Sevenoaks,2025-12,99,2025-04-01,2026-03-01,LSOA21 to single LAD25/CSP25 relationship
E22000144,Sevenoaks,2026-01,60,2025-04-01,2026-03-01,LSOA21 to single LAD25/CSP25 relationship
E22000144,Sevenoaks,2026-02,100,2025-04-01,2026-03-01,LSOA21 to single LAD25/CSP25 relationship
E22000144,Sevenoaks,2026-03,112,2025-04-01,2026-03-01,LSOA21 to single LAD25/CSP25 relationship
E22000145,Shepway,2025-04,133,2025-04-01,2026-03-01,LSOA21 to single LAD25/CSP25 relationship
E22000145,Shepway,2025-05,112,2025-04-01,2026-03-01,LSOA21 to single LAD25/CSP25 relationship
E22000145,Shepway,2025-06,118,2025-04-01,2026-03-01,LSOA21 to single LAD25/CSP25 relationship
E22000145,Shepway,2025-07,169,2025-04-01,2026-03-01,LSOA21 to single LAD25/CSP25 relationship
E22000145,Shepway,2025-08,183,2025-04-01,2026-03-01,LSOA21 to single LAD25/CSP25 relationship
E22000145,Shepway,2025-09,121,2025-04-01,2026-03-01,LSOA21 to single LAD25/CSP25 relationship
E22000145,Shepway,2025-10,106,2025-04-01,2026-03-01,LSOA21 to single LAD25/CSP25 relationship
E22000145,Shepway,2025-11,138,2025-04-01,2026-03-01,LSOA21 to single LAD25/CSP25 relationship
E22000145,Shepway,2025-12,116,2025-04-01,2026-03-01,LSOA21 to single LAD25/CSP25 relationship
E22000145,Shepway,2026-01,97,2025-04-01,2026-03-01,LSOA21 to single LAD25/CSP25 relationship
E22000145,Shepway,2026-02,131,2025-04-01,2026-03-01,LSOA21 to single LAD25/CSP25 relationship
E22000145,Shepway,2026-03,116,2025-04-01,2026-03-01,LSOA21 to single LAD25/CSP25 relationship
E22000146,Swale,2025-04,315,2025-04-01,2026-03-01,LSOA21 to single LAD25/CSP25 relationship
E22000146,Swale,2025-05,310,2025-04-01,2026-03-01,LSOA21 to single LAD25/CSP25 relationship
E22000146,Swale,2025-06,288,2025-04-01,2026-03-01,LSOA21 to single LAD25/CSP25 relationship
E22000146,Swale,2025-07,395,2025-04-01,2026-03-01,LSOA21 to single LAD25/CSP25 relationship
E22000146,Swale,2025-08,372,2025-04-01,2026-03-01,LSOA21 to single LAD25/CSP25 relationship
E22000146,Swale,2025-09,279,2025-04-01,2026-03-01,LSOA21 to single LAD25/CSP25 relationship
E22000146,Swale,2025-10,223,2025-04-01,2026-03-01,LSOA21 to single LAD25/CSP25 relationship
E22000146,Swale,2025-11,247,2025-04-01,2026-03-01,LSOA21 to single LAD25/CSP25 relationship
E22000146,Swale,2025-12,243,2025-04-01,2026-03-01,LSOA21 to single LAD25/CSP25 relationship
E22000146,Swale,2026-01,228,2025-04-01,2026-03-01,LSOA21 to single LAD25/CSP25 relationship
E22000146,Swale,2026-02,251,2025-04-01,2026-03-01,LSOA21 to single LAD25/CSP25 relationship
E22000146,Swale,2026-03,273,2025-04-01,2026-03-01,LSOA21 to single LAD25/CSP25 relationship
E22000147,Thanet,2025-04,212,2025-04-01,2026-03-01,LSOA21 to single LAD25/CSP25 relationship
E22000147,Thanet,2025-05,272,2025-04-01,2026-03-01,LSOA21 to single LAD25/CSP25 relationship
E22000147,Thanet,2025-06,338,2025-04-01,2026-03-01,LSOA21 to single LAD25/CSP25 relationship
E22000147,Thanet,2025-07,337,2025-04-01,2026-03-01,LSOA21 to single LAD25/CSP25 relationship
E22000147,Thanet,2025-08,345,2025-04-01,2026-03-01,LSOA21 to single LAD25/CSP25 relationship
E22000147,Thanet,2025-09,200,2025-04-01,2026-03-01,LSOA21 to single LAD25/CSP25 relationship
E22000147,Thanet,2025-10,234,2025-04-01,2026-03-01,LSOA21 to single LAD25/CSP25 relationship
E22000147,Thanet,2025-11,223,2025-04-01,2026-03-01,LSOA21 to single LAD25/CSP25 relationship
E22000147,Thanet,2025-12,199,2025-04-01,2026-03-01,LSOA21 to single LAD25/CSP25 relationship
E22000147,Thanet,2026-01,184,2025-04-01,2026-03-01,LSOA21 to single LAD25/CSP25 relationship
E22000147,Thanet,2026-02,182,2025-04-01,2026-03-01,LSOA21 to single LAD25/CSP25 relationship
E22000147,Thanet,2026-03,233,2025-04-01,2026-03-01,LSOA21 to single LAD25/CSP25 relationship
E22000148,Tonbridge and Malling,2025-04,145,2025-04-01,2026-03-01,LSOA21 to single LAD25/CSP25 relationship
E22000148,Tonbridge and Malling,2025-05,170,2025-04-01,2026-03-01,LSOA21 to single LAD25/CSP25 relationship
E22000148,Tonbridge and Malling,2025-06,177,2025-04-01,2026-03-01,LSOA21 to single LAD25/CSP25 relationship
E22000148,Tonbridge and Malling,2025-07,186,2025-04-01,2026-03-01,LSOA21 to single LAD25/CSP25 relationship
E22000148,Tonbridge and Malling,2025-08,167,2025-04-01,2026-03-01,LSOA21 to single LAD25/CSP25 relationship
E22000148,Tonbridge and Malling,2025-09,146,2025-04-01,2026-03-01,LSOA21 to single LAD25/CSP25 relationship
E22000148,Tonbridge and Malling,2025-10,184,2025-04-01,2026-03-01,LSOA21 to single LAD25/CSP25 relationship
E22000148,Tonbridge and Malling,2025-11,182,2025-04-01,2026-03-01,LSOA21 to single LAD25/CSP25 relationship
E22000148,Tonbridge and Malling,2025-12,143,2025-04-01,2026-03-01,LSOA21 to single LAD25/CSP25 relationship
E22000148,Tonbridge and Malling,2026-01,133,2025-04-01,2026-03-01,LSOA21 to single LAD25/CSP25 relationship
E22000148,Tonbridge and Malling,2026-02,147,2025-04-01,2026-03-01,LSOA21 to single LAD25/CSP25 relationship
E22000148,Tonbridge and Malling,2026-03,170,2025-04-01,2026-03-01,LSOA21 to single LAD25/CSP25 relationship
E22000149,Tunbridge Wells,2025-04,81,2025-04-01,2026-03-01,LSOA21 to single LAD25/CSP25 relationship
E22000149,Tunbridge Wells,2025-05,140,2025-04-01,2026-03-01,LSOA21 to single LAD25/CSP25 relationship
E22000149,Tunbridge Wells,2025-06,132,2025-04-01,2026-03-01,LSOA21 to single LAD25/CSP25 relationship
E22000149,Tunbridge Wells,2025-07,155,2025-04-01,2026-03-01,LSOA21 to single LAD25/CSP25 relationship
E22000149,Tunbridge Wells,2025-08,147,2025-04-01,2026-03-01,LSOA21 to single LAD25/CSP25 relationship
E22000149,Tunbridge Wells,2025-09,107,2025-04-01,2026-03-01,LSOA21 to single LAD25/CSP25 relationship
E22000149,Tunbridge Wells,2025-10,145,2025-04-01,2026-03-01,LSOA21 to single LAD25/CSP25 relationship
E22000149,Tunbridge Wells,2025-11,147,2025-04-01,2026-03-01,LSOA21 to single LAD25/CSP25 relationship
E22000149,Tunbridge Wells,2025-12,130,2025-04-01,2026-03-01,LSOA21 to single LAD25/CSP25 relationship
E22000149,Tunbridge Wells,2026-01,102,2025-04-01,2026-03-01,LSOA21 to single LAD25/CSP25 relationship
E22000149,Tunbridge Wells,2026-02,136,2025-04-01,2026-03-01,LSOA21 to single LAD25/CSP25 relationship
E22000149,Tunbridge Wells,2026-03,111,2025-04-01,2026-03-01,LSOA21 to single LAD25/CSP25 relationship
E22000150,Blackburn with Darwen,2025-04,564,2025-04-01,2026-03-01,LSOA21 to single LAD25/CSP25 relationship
E22000150,Blackburn with Darwen,2025-05,520,2025-04-01,2026-03-01,LSOA21 to single LAD25/CSP25 relationship
E22000150,Blackburn with Darwen,2025-06,514,2025-04-01,2026-03-01,LSOA21 to single LAD25/CSP25 relationship
E22000150,Blackburn with Darwen,2025-07,555,2025-04-01,2026-03-01,LSOA21 to single LAD25/CSP25 relationship
E22000150,Blackburn with Darwen,2025-08,565,2025-04-01,2026-03-01,LSOA21 to single LAD25/CSP25 relationship
E22000150,Blackburn with Darwen,2025-09,416,2025-04-01,2026-03-01,LSOA21 to single LAD25/CSP25 relationship
E22000150,Blackburn with Darwen,2025-10,470,2025-04-01,2026-03-01,LSOA21 to single LAD25/CSP25 relationship
E22000150,Blackburn with Darwen,2025-11,372,2025-04-01,2026-03-01,LSOA21 to single LAD25/CSP25 relationship
E22000150,Blackburn with Darwen,2025-12,349,2025-04-01,2026-03-01,LSOA21 to single LAD25/CSP25 relationship
E22000150,Blackburn with Darwen,2026-01,232,2025-04-01,2026-03-01,LSOA21 to single LAD25/CSP25 relationship
E22000150,Blackburn with Darwen,2026-02,157,2025-04-01,2026-03-01,LSOA21 to single LAD25/CSP25 relationship
E22000150,Blackburn with Darwen,2026-03,225,2025-04-01,2026-03-01,LSOA21 to single LAD25/CSP25 relationship
E22000151,Blackpool,2025-04,852,2025-04-01,2026-03-01,LSOA21 to single LAD25/CSP25 relationship
E22000151,Blackpool,2025-05,826,2025-04-01,2026-03-01,LSOA21 to single LAD25/CSP25 relationship
E22000151,Blackpool,2025-06,777,2025-04-01,2026-03-01,LSOA21 to single LAD25/CSP25 relationship
E22000151,Blackpool,2025-07,826,2025-04-01,2026-03-01,LSOA21 to single LAD25/CSP25 relationship
E22000151,Blackpool,2025-08,847,2025-04-01,2026-03-01,LSOA21 to single LAD25/CSP25 relationship
E22000151,Blackpool,2025-09,579,2025-04-01,2026-03-01,LSOA21 to single LAD25/CSP25 relationship
E22000151,Blackpool,2025-10,659,2025-04-01,2026-03-01,LSOA21 to single LAD25/CSP25 relationship
E22000151,Blackpool,2025-11,530,2025-04-01,2026-03-01,LSOA21 to single LAD25/CSP25 relationship
E22000151,Blackpool,2025-12,568,2025-04-01,2026-03-01,LSOA21 to single LAD25/CSP25 relationship
E22000151,Blackpool,2026-01,375,2025-04-01,2026-03-01,LSOA21 to single LAD25/CSP25 relationship
E22000151,Blackpool,2026-02,266,2025-04-01,2026-03-01,LSOA21 to single LAD25/CSP25 relationship
E22000151,Blackpool,2026-03,369,2025-04-01,2026-03-01,LSOA21 to single LAD25/CSP25 relationship
E22000152,Burnley,2025-04,369,2025-04-01,2026-03-01,LSOA21 to single LAD25/CSP25 relationship
E22000152,Burnley,2025-05,359,2025-04-01,2026-03-01,LSOA21 to single LAD25/CSP25 relationship
E22000152,Burnley,2025-06,352,2025-04-01,2026-03-01,LSOA21 to single LAD25/CSP25 relationship
E22000152,Burnley,2025-07,376,2025-04-01,2026-03-01,LSOA21 to single LAD25/CSP25 relationship
E22000152,Burnley,2025-08,386,2025-04-01,2026-03-01,LSOA21 to single LAD25/CSP25 relationship
E22000152,Burnley,2025-09,301,2025-04-01,2026-03-01,LSOA21 to single LAD25/CSP25 relationship
E22000152,Burnley,2025-10,372,2025-04-01,2026-03-01,LSOA21 to single LAD25/CSP25 relationship
E22000152,Burnley,2025-11,271,2025-04-01,2026-03-01,LSOA21 to single LAD25/CSP25 relationship
E22000152,Burnley,2025-12,234,2025-04-01,2026-03-01,LSOA21 to single LAD25/CSP25 relationship
E22000152,Burnley,2026-01,187,2025-04-01,2026-03-01,LSOA21 to single LAD25/CSP25 relationship
E22000152,Burnley,2026-02,143,2025-04-01,2026-03-01,LSOA21 to single LAD25/CSP25 relationship
E22000152,Burnley,2026-03,147,2025-04-01,2026-03-01,LSOA21 to single LAD25/CSP25 relationship
E22000153,Chorley,2025-04,311,2025-04-01,2026-03-01,LSOA21 to single LAD25/CSP25 relationship
E22000153,Chorley,2025-05,341,2025-04-01,2026-03-01,LSOA21 to single LAD25/CSP25 relationship
E22000153,Chorley,2025-06,283,2025-04-01,2026-03-01,LSOA21 to single LAD25/CSP25 relationship
E22000153,Chorley,2025-07,307,2025-04-01,2026-03-01,LSOA21 to single LAD25/CSP25 relationship
E22000153,Chorley,2025-08,275,2025-04-01,2026-03-01,LSOA21 to single LAD25/CSP25 relationship
E22000153,Chorley,2025-09,250,2025-04-01,2026-03-01,LSOA21 to single LAD25/CSP25 relationship
E22000153,Chorley,2025-10,246,2025-04-01,2026-03-01,LSOA21 to single LAD25/CSP25 relationship
E22000153,Chorley,2025-11,203,2025-04-01,2026-03-01,LSOA21 to single LAD25/CSP25 relationship
E22000153,Chorley,2025-12,194,2025-04-01,2026-03-01,LSOA21 to single LAD25/CSP25 relationship
E22000153,Chorley,2026-01,145,2025-04-01,2026-03-01,LSOA21 to single LAD25/CSP25 relationship
E22000153,Chorley,2026-02,74,2025-04-01,2026-03-01,LSOA21 to single LAD25/CSP25 relationship
E22000153,Chorley,2026-03,109,2025-04-01,2026-03-01,LSOA21 to single LAD25/CSP25 relationship
E22000154,Fylde,2025-04,211,2025-04-01,2026-03-01,LSOA21 to single LAD25/CSP25 relationship
E22000154,Fylde,2025-05,186,2025-04-01,2026-03-01,LSOA21 to single LAD25/CSP25 relationship
E22000154,Fylde,2025-06,170,2025-04-01,2026-03-01,LSOA21 to single LAD25/CSP25 relationship
E22000154,Fylde,2025-07,263,2025-04-01,2026-03-01,LSOA21 to single LAD25/CSP25 relationship
E22000154,Fylde,2025-08,277,2025-04-01,2026-03-01,LSOA21 to single LAD25/CSP25 relationship
E22000154,Fylde,2025-09,169,2025-04-01,2026-03-01,LSOA21 to single LAD25/CSP25 relationship
E22000154,Fylde,2025-10,216,2025-04-01,2026-03-01,LSOA21 to single LAD25/CSP25 relationship
E22000154,Fylde,2025-11,145,2025-04-01,2026-03-01,LSOA21 to single LAD25/CSP25 relationship
E22000154,Fylde,2025-12,123,2025-04-01,2026-03-01,LSOA21 to single LAD25/CSP25 relationship
E22000154,Fylde,2026-01,101,2025-04-01,2026-03-01,LSOA21 to single LAD25/CSP25 relationship
E22000154,Fylde,2026-02,91,2025-04-01,2026-03-01,LSOA21 to single LAD25/CSP25 relationship
E22000154,Fylde,2026-03,104,2025-04-01,2026-03-01,LSOA21 to single LAD25/CSP25 relationship
E22000155,Hyndburn,2025-04,342,2025-04-01,2026-03-01,LSOA21 to single LAD25/CSP25 relationship
E22000155,Hyndburn,2025-05,285,2025-04-01,2026-03-01,LSOA21 to single LAD25/CSP25 relationship
E22000155,Hyndburn,2025-06,295,2025-04-01,2026-03-01,LSOA21 to single LAD25/CSP25 relationship
E22000155,Hyndburn,2025-07,359,2025-04-01,2026-03-01,LSOA21 to single LAD25/CSP25 relationship
E22000155,Hyndburn,2025-08,363,2025-04-01,2026-03-01,LSOA21 to single LAD25/CSP25 relationship
E22000155,Hyndburn,2025-09,261,2025-04-01,2026-03-01,LSOA21 to single LAD25/CSP25 relationship
E22000155,Hyndburn,2025-10,284,2025-04-01,2026-03-01,LSOA21 to single LAD25/CSP25 relationship
E22000155,Hyndburn,2025-11,222,2025-04-01,2026-03-01,LSOA21 to single LAD25/CSP25 relationship
E22000155,Hyndburn,2025-12,228,2025-04-01,2026-03-01,LSOA21 to single LAD25/CSP25 relationship
E22000155,Hyndburn,2026-01,176,2025-04-01,2026-03-01,LSOA21 to single LAD25/CSP25 relationship
E22000155,Hyndburn,2026-02,131,2025-04-01,2026-03-01,LSOA21 to single LAD25/CSP25 relationship
E22000155,Hyndburn,2026-03,139,2025-04-01,2026-03-01,LSOA21 to single LAD25/CSP25 relationship
E22000156,Lancaster,2025-04,496,2025-04-01,2026-03-01,LSOA21 to single LAD25/CSP25 relationship
E22000156,Lancaster,2025-05,432,2025-04-01,2026-03-01,LSOA21 to single LAD25/CSP25 relationship
E22000156,Lancaster,2025-06,380,2025-04-01,2026-03-01,LSOA21 to single LAD25/CSP25 relationship
E22000156,Lancaster,2025-07,434,2025-04-01,2026-03-01,LSOA21 to single LAD25/CSP25 relationship
E22000156,Lancaster,2025-08,429,2025-04-01,2026-03-01,LSOA21 to single LAD25/CSP25 relationship
E22000156,Lancaster,2025-09,363,2025-04-01,2026-03-01,LSOA21 to single LAD25/CSP25 relationship
E22000156,Lancaster,2025-10,355,2025-04-01,2026-03-01,LSOA21 to single LAD25/CSP25 relationship
E22000156,Lancaster,2025-11,329,2025-04-01,2026-03-01,LSOA21 to single LAD25/CSP25 relationship
E22000156,Lancaster,2025-12,263,2025-04-01,2026-03-01,LSOA21 to single LAD25/CSP25 relationship
E22000156,Lancaster,2026-01,190,2025-04-01,2026-03-01,LSOA21 to single LAD25/CSP25 relationship
E22000156,Lancaster,2026-02,146,2025-04-01,2026-03-01,LSOA21 to single LAD25/CSP25 relationship
E22000156,Lancaster,2026-03,194,2025-04-01,2026-03-01,LSOA21 to single LAD25/CSP25 relationship
E22000157,Pendle,2025-04,299,2025-04-01,2026-03-01,LSOA21 to single LAD25/CSP25 relationship
E22000157,Pendle,2025-05,294,2025-04-01,2026-03-01,LSOA21 to single LAD25/CSP25 relationship
E22000157,Pendle,2025-06,209,2025-04-01,2026-03-01,LSOA21 to single LAD25/CSP25 relationship
E22000157,Pendle,2025-07,313,2025-04-01,2026-03-01,LSOA21 to single LAD25/CSP25 relationship
E22000157,Pendle,2025-08,338,2025-04-01,2026-03-01,LSOA21 to single LAD25/CSP25 relationship
E22000157,Pendle,2025-09,244,2025-04-01,2026-03-01,LSOA21 to single LAD25/CSP25 relationship
E22000157,Pendle,2025-10,246,2025-04-01,2026-03-01,LSOA21 to single LAD25/CSP25 relationship
E22000157,Pendle,2025-11,220,2025-04-01,2026-03-01,LSOA21 to single LAD25/CSP25 relationship
E22000157,Pendle,2025-12,189,2025-04-01,2026-03-01,LSOA21 to single LAD25/CSP25 relationship
E22000157,Pendle,2026-01,159,2025-04-01,2026-03-01,LSOA21 to single LAD25/CSP25 relationship
E22000157,Pendle,2026-02,90,2025-04-01,2026-03-01,LSOA21 to single LAD25/CSP25 relationship
E22000157,Pendle,2026-03,116,2025-04-01,2026-03-01,LSOA21 to single LAD25/CSP25 relationship
E22000158,Preston,2025-04,633,2025-04-01,2026-03-01,LSOA21 to single LAD25/CSP25 relationship
E22000158,Preston,2025-05,654,2025-04-01,2026-03-01,LSOA21 to single LAD25/CSP25 relationship
E22000158,Preston,2025-06,592,2025-04-01,2026-03-01,LSOA21 to single LAD25/CSP25 relationship
E22000158,Preston,2025-07,714,2025-04-01,2026-03-01,LSOA21 to single LAD25/CSP25 relationship
E22000158,Preston,2025-08,662,2025-04-01,2026-03-01,LSOA21 to single LAD25/CSP25 relationship
E22000158,Preston,2025-09,494,2025-04-01,2026-03-01,LSOA21 to single LAD25/CSP25 relationship
E22000158,Preston,2025-10,676,2025-04-01,2026-03-01,LSOA21 to single LAD25/CSP25 relationship
E22000158,Preston,2025-11,466,2025-04-01,2026-03-01,LSOA21 to single LAD25/CSP25 relationship
E22000158,Preston,2025-12,437,2025-04-01,2026-03-01,LSOA21 to single LAD25/CSP25 relationship
E22000158,Preston,2026-01,318,2025-04-01,2026-03-01,LSOA21 to single LAD25/CSP25 relationship
E22000158,Preston,2026-02,226,2025-04-01,2026-03-01,LSOA21 to single LAD25/CSP25 relationship
E22000158,Preston,2026-03,268,2025-04-01,2026-03-01,LSOA21 to single LAD25/CSP25 relationship
E22000159,Ribble Valley,2025-04,109,2025-04-01,2026-03-01,LSOA21 to single LAD25/CSP25 relationship
E22000159,Ribble Valley,2025-05,101,2025-04-01,2026-03-01,LSOA21 to single LAD25/CSP25 relationship
E22000159,Ribble Valley,2025-06,84,2025-04-01,2026-03-01,LSOA21 to single LAD25/CSP25 relationship
E22000159,Ribble Valley,2025-07,96,2025-04-01,2026-03-01,LSOA21 to single LAD25/CSP25 relationship
E22000159,Ribble Valley,2025-08,87,2025-04-01,2026-03-01,LSOA21 to single LAD25/CSP25 relationship
E22000159,Ribble Valley,2025-09,101,2025-04-01,2026-03-01,LSOA21 to single LAD25/CSP25 relationship
E22000159,Ribble Valley,2025-10,87,2025-04-01,2026-03-01,LSOA21 to single LAD25/CSP25 relationship
E22000159,Ribble Valley,2025-11,72,2025-04-01,2026-03-01,LSOA21 to single LAD25/CSP25 relationship
E22000159,Ribble Valley,2025-12,87,2025-04-01,2026-03-01,LSOA21 to single LAD25/CSP25 relationship
E22000159,Ribble Valley,2026-01,62,2025-04-01,2026-03-01,LSOA21 to single LAD25/CSP25 relationship
E22000159,Ribble Valley,2026-02,29,2025-04-01,2026-03-01,LSOA21 to single LAD25/CSP25 relationship
E22000159,Ribble Valley,2026-03,35,2025-04-01,2026-03-01,LSOA21 to single LAD25/CSP25 relationship
E22000160,Rossendale,2025-04,229,2025-04-01,2026-03-01,LSOA21 to single LAD25/CSP25 relationship
E22000160,Rossendale,2025-05,230,2025-04-01,2026-03-01,LSOA21 to single LAD25/CSP25 relationship
E22000160,Rossendale,2025-06,196,2025-04-01,2026-03-01,LSOA21 to single LAD25/CSP25 relationship
E22000160,Rossendale,2025-07,211,2025-04-01,2026-03-01,LSOA21 to single LAD25/CSP25 relationship
E22000160,Rossendale,2025-08,182,2025-04-01,2026-03-01,LSOA21 to single LAD25/CSP25 relationship
E22000160,Rossendale,2025-09,146,2025-04-01,2026-03-01,LSOA21 to single LAD25/CSP25 relationship
E22000160,Rossendale,2025-10,165,2025-04-01,2026-03-01,LSOA21 to single LAD25/CSP25 relationship
E22000160,Rossendale,2025-11,132,2025-04-01,2026-03-01,LSOA21 to single LAD25/CSP25 relationship
E22000160,Rossendale,2025-12,141,2025-04-01,2026-03-01,LSOA21 to single LAD25/CSP25 relationship
E22000160,Rossendale,2026-01,116,2025-04-01,2026-03-01,LSOA21 to single LAD25/CSP25 relationship
E22000160,Rossendale,2026-02,65,2025-04-01,2026-03-01,LSOA21 to single LAD25/CSP25 relationship
E22000160,Rossendale,2026-03,76,2025-04-01,2026-03-01,LSOA21 to single LAD25/CSP25 relationship
E22000161,South Ribble,2025-04,299,2025-04-01,2026-03-01,LSOA21 to single LAD25/CSP25 relationship
E22000161,South Ribble,2025-05,274,2025-04-01,2026-03-01,LSOA21 to single LAD25/CSP25 relationship
E22000161,South Ribble,2025-06,325,2025-04-01,2026-03-01,LSOA21 to single LAD25/CSP25 relationship
E22000161,South Ribble,2025-07,322,2025-04-01,2026-03-01,LSOA21 to single LAD25/CSP25 relationship
E22000161,South Ribble,2025-08,384,2025-04-01,2026-03-01,LSOA21 to single LAD25/CSP25 relationship
E22000161,South Ribble,2025-09,235,2025-04-01,2026-03-01,LSOA21 to single LAD25/CSP25 relationship
E22000161,South Ribble,2025-10,256,2025-04-01,2026-03-01,LSOA21 to single LAD25/CSP25 relationship
E22000161,South Ribble,2025-11,217,2025-04-01,2026-03-01,LSOA21 to single LAD25/CSP25 relationship
E22000161,South Ribble,2025-12,218,2025-04-01,2026-03-01,LSOA21 to single LAD25/CSP25 relationship
E22000161,South Ribble,2026-01,155,2025-04-01,2026-03-01,LSOA21 to single LAD25/CSP25 relationship
E22000161,South Ribble,2026-02,75,2025-04-01,2026-03-01,LSOA21 to single LAD25/CSP25 relationship
E22000161,South Ribble,2026-03,106,2025-04-01,2026-03-01,LSOA21 to single LAD25/CSP25 relationship
E22000162,West Lancashire,2025-04,256,2025-04-01,2026-03-01,LSOA21 to single LAD25/CSP25 relationship
E22000162,West Lancashire,2025-05,278,2025-04-01,2026-03-01,LSOA21 to single LAD25/CSP25 relationship
E22000162,West Lancashire,2025-06,229,2025-04-01,2026-03-01,LSOA21 to single LAD25/CSP25 relationship
E22000162,West Lancashire,2025-07,281,2025-04-01,2026-03-01,LSOA21 to single LAD25/CSP25 relationship
E22000162,West Lancashire,2025-08,248,2025-04-01,2026-03-01,LSOA21 to single LAD25/CSP25 relationship
E22000162,West Lancashire,2025-09,227,2025-04-01,2026-03-01,LSOA21 to single LAD25/CSP25 relationship
E22000162,West Lancashire,2025-10,167,2025-04-01,2026-03-01,LSOA21 to single LAD25/CSP25 relationship
E22000162,West Lancashire,2025-11,189,2025-04-01,2026-03-01,LSOA21 to single LAD25/CSP25 relationship
E22000162,West Lancashire,2025-12,138,2025-04-01,2026-03-01,LSOA21 to single LAD25/CSP25 relationship
E22000162,West Lancashire,2026-01,91,2025-04-01,2026-03-01,LSOA21 to single LAD25/CSP25 relationship
E22000162,West Lancashire,2026-02,62,2025-04-01,2026-03-01,LSOA21 to single LAD25/CSP25 relationship
E22000162,West Lancashire,2026-03,87,2025-04-01,2026-03-01,LSOA21 to single LAD25/CSP25 relationship
E22000163,Wyre,2025-04,276,2025-04-01,2026-03-01,LSOA21 to single LAD25/CSP25 relationship
E22000163,Wyre,2025-05,320,2025-04-01,2026-03-01,LSOA21 to single LAD25/CSP25 relationship
E22000163,Wyre,2025-06,251,2025-04-01,2026-03-01,LSOA21 to single LAD25/CSP25 relationship
E22000163,Wyre,2025-07,304,2025-04-01,2026-03-01,LSOA21 to single LAD25/CSP25 relationship
E22000163,Wyre,2025-08,343,2025-04-01,2026-03-01,LSOA21 to single LAD25/CSP25 relationship
E22000163,Wyre,2025-09,231,2025-04-01,2026-03-01,LSOA21 to single LAD25/CSP25 relationship
E22000163,Wyre,2025-10,235,2025-04-01,2026-03-01,LSOA21 to single LAD25/CSP25 relationship
E22000163,Wyre,2025-11,206,2025-04-01,2026-03-01,LSOA21 to single LAD25/CSP25 relationship
E22000163,Wyre,2025-12,174,2025-04-01,2026-03-01,LSOA21 to single LAD25/CSP25 relationship
E22000163,Wyre,2026-01,127,2025-04-01,2026-03-01,LSOA21 to single LAD25/CSP25 relationship
E22000163,Wyre,2026-02,99,2025-04-01,2026-03-01,LSOA21 to single LAD25/CSP25 relationship
E22000163,Wyre,2026-03,93,2025-04-01,2026-03-01,LSOA21 to single LAD25/CSP25 relationship
E22000164,Blaby,2025-04,101,2025-04-01,2026-03-01,LSOA21 to single LAD25/CSP25 relationship
E22000164,Blaby,2025-05,84,2025-04-01,2026-03-01,LSOA21 to single LAD25/CSP25 relationship
E22000164,Blaby,2025-06,122,2025-04-01,2026-03-01,LSOA21 to single LAD25/CSP25 relationship
E22000164,Blaby,2025-07,91,2025-04-01,2026-03-01,LSOA21 to single LAD25/CSP25 relationship
E22000164,Blaby,2025-08,118,2025-04-01,2026-03-01,LSOA21 to single LAD25/CSP25 relationship
E22000164,Blaby,2025-09,63,2025-04-01,2026-03-01,LSOA21 to single LAD25/CSP25 relationship
E22000164,Blaby,2025-10,81,2025-04-01,2026-03-01,LSOA21 to single LAD25/CSP25 relationship
E22000164,Blaby,2025-11,68,2025-04-01,2026-03-01,LSOA21 to single LAD25/CSP25 relationship
E22000164,Blaby,2025-12,72,2025-04-01,2026-03-01,LSOA21 to single LAD25/CSP25 relationship
E22000164,Blaby,2026-01,86,2025-04-01,2026-03-01,LSOA21 to single LAD25/CSP25 relationship
E22000164,Blaby,2026-02,68,2025-04-01,2026-03-01,LSOA21 to single LAD25/CSP25 relationship
E22000164,Blaby,2026-03,131,2025-04-01,2026-03-01,LSOA21 to single LAD25/CSP25 relationship
E22000165,Charnwood,2025-04,196,2025-04-01,2026-03-01,LSOA21 to single LAD25/CSP25 relationship
E22000165,Charnwood,2025-05,281,2025-04-01,2026-03-01,LSOA21 to single LAD25/CSP25 relationship
E22000165,Charnwood,2025-06,231,2025-04-01,2026-03-01,LSOA21 to single LAD25/CSP25 relationship
E22000165,Charnwood,2025-07,246,2025-04-01,2026-03-01,LSOA21 to single LAD25/CSP25 relationship
E22000165,Charnwood,2025-08,221,2025-04-01,2026-03-01,LSOA21 to single LAD25/CSP25 relationship
E22000165,Charnwood,2025-09,187,2025-04-01,2026-03-01,LSOA21 to single LAD25/CSP25 relationship
E22000165,Charnwood,2025-10,199,2025-04-01,2026-03-01,LSOA21 to single LAD25/CSP25 relationship
E22000165,Charnwood,2025-11,131,2025-04-01,2026-03-01,LSOA21 to single LAD25/CSP25 relationship
E22000165,Charnwood,2025-12,112,2025-04-01,2026-03-01,LSOA21 to single LAD25/CSP25 relationship
E22000165,Charnwood,2026-01,135,2025-04-01,2026-03-01,LSOA21 to single LAD25/CSP25 relationship
E22000165,Charnwood,2026-02,179,2025-04-01,2026-03-01,LSOA21 to single LAD25/CSP25 relationship
E22000165,Charnwood,2026-03,257,2025-04-01,2026-03-01,LSOA21 to single LAD25/CSP25 relationship
E22000166,Harborough,2025-04,60,2025-04-01,2026-03-01,LSOA21 to single LAD25/CSP25 relationship
E22000166,Harborough,2025-05,65,2025-04-01,2026-03-01,LSOA21 to single LAD25/CSP25 relationship
E22000166,Harborough,2025-06,100,2025-04-01,2026-03-01,LSOA21 to single LAD25/CSP25 relationship
E22000166,Harborough,2025-07,91,2025-04-01,2026-03-01,LSOA21 to single LAD25/CSP25 relationship
E22000166,Harborough,2025-08,67,2025-04-01,2026-03-01,LSOA21 to single LAD25/CSP25 relationship
E22000166,Harborough,2025-09,61,2025-04-01,2026-03-01,LSOA21 to single LAD25/CSP25 relationship
E22000166,Harborough,2025-10,50,2025-04-01,2026-03-01,LSOA21 to single LAD25/CSP25 relationship
E22000166,Harborough,2025-11,36,2025-04-01,2026-03-01,LSOA21 to single LAD25/CSP25 relationship
E22000166,Harborough,2025-12,29,2025-04-01,2026-03-01,LSOA21 to single LAD25/CSP25 relationship
E22000166,Harborough,2026-01,40,2025-04-01,2026-03-01,LSOA21 to single LAD25/CSP25 relationship
E22000166,Harborough,2026-02,46,2025-04-01,2026-03-01,LSOA21 to single LAD25/CSP25 relationship
E22000166,Harborough,2026-03,64,2025-04-01,2026-03-01,LSOA21 to single LAD25/CSP25 relationship
E22000167,Hinckley and Bosworth,2025-04,92,2025-04-01,2026-03-01,LSOA21 to single LAD25/CSP25 relationship
E22000167,Hinckley and Bosworth,2025-05,101,2025-04-01,2026-03-01,LSOA21 to single LAD25/CSP25 relationship
E22000167,Hinckley and Bosworth,2025-06,91,2025-04-01,2026-03-01,LSOA21 to single LAD25/CSP25 relationship
E22000167,Hinckley and Bosworth,2025-07,107,2025-04-01,2026-03-01,LSOA21 to single LAD25/CSP25 relationship
E22000167,Hinckley and Bosworth,2025-08,97,2025-04-01,2026-03-01,LSOA21 to single LAD25/CSP25 relationship
E22000167,Hinckley and Bosworth,2025-09,73,2025-04-01,2026-03-01,LSOA21 to single LAD25/CSP25 relationship
E22000167,Hinckley and Bosworth,2025-10,110,2025-04-01,2026-03-01,LSOA21 to single LAD25/CSP25 relationship
E22000167,Hinckley and Bosworth,2025-11,73,2025-04-01,2026-03-01,LSOA21 to single LAD25/CSP25 relationship
E22000167,Hinckley and Bosworth,2025-12,56,2025-04-01,2026-03-01,LSOA21 to single LAD25/CSP25 relationship
E22000167,Hinckley and Bosworth,2026-01,70,2025-04-01,2026-03-01,LSOA21 to single LAD25/CSP25 relationship
E22000167,Hinckley and Bosworth,2026-02,59,2025-04-01,2026-03-01,LSOA21 to single LAD25/CSP25 relationship
E22000167,Hinckley and Bosworth,2026-03,71,2025-04-01,2026-03-01,LSOA21 to single LAD25/CSP25 relationship
E22000168,Leicester,2025-04,633,2025-04-01,2026-03-01,LSOA21 to single LAD25/CSP25 relationship
E22000168,Leicester,2025-05,694,2025-04-01,2026-03-01,LSOA21 to single LAD25/CSP25 relationship
E22000168,Leicester,2025-06,580,2025-04-01,2026-03-01,LSOA21 to single LAD25/CSP25 relationship
E22000168,Leicester,2025-07,688,2025-04-01,2026-03-01,LSOA21 to single LAD25/CSP25 relationship
E22000168,Leicester,2025-08,693,2025-04-01,2026-03-01,LSOA21 to single LAD25/CSP25 relationship
E22000168,Leicester,2025-09,550,2025-04-01,2026-03-01,LSOA21 to single LAD25/CSP25 relationship
E22000168,Leicester,2025-10,673,2025-04-01,2026-03-01,LSOA21 to single LAD25/CSP25 relationship
E22000168,Leicester,2025-11,427,2025-04-01,2026-03-01,LSOA21 to single LAD25/CSP25 relationship
E22000168,Leicester,2025-12,398,2025-04-01,2026-03-01,LSOA21 to single LAD25/CSP25 relationship
E22000168,Leicester,2026-01,474,2025-04-01,2026-03-01,LSOA21 to single LAD25/CSP25 relationship
E22000168,Leicester,2026-02,438,2025-04-01,2026-03-01,LSOA21 to single LAD25/CSP25 relationship
E22000168,Leicester,2026-03,559,2025-04-01,2026-03-01,LSOA21 to single LAD25/CSP25 relationship
E22000169,Melton,2025-04,47,2025-04-01,2026-03-01,LSOA21 to single LAD25/CSP25 relationship
E22000169,Melton,2025-05,41,2025-04-01,2026-03-01,LSOA21 to single LAD25/CSP25 relationship
E22000169,Melton,2025-06,35,2025-04-01,2026-03-01,LSOA21 to single LAD25/CSP25 relationship
E22000169,Melton,2025-07,55,2025-04-01,2026-03-01,LSOA21 to single LAD25/CSP25 relationship
E22000169,Melton,2025-08,59,2025-04-01,2026-03-01,LSOA21 to single LAD25/CSP25 relationship
E22000169,Melton,2025-09,25,2025-04-01,2026-03-01,LSOA21 to single LAD25/CSP25 relationship
E22000169,Melton,2025-10,29,2025-04-01,2026-03-01,LSOA21 to single LAD25/CSP25 relationship
E22000169,Melton,2025-11,27,2025-04-01,2026-03-01,LSOA21 to single LAD25/CSP25 relationship
E22000169,Melton,2025-12,28,2025-04-01,2026-03-01,LSOA21 to single LAD25/CSP25 relationship
E22000169,Melton,2026-01,22,2025-04-01,2026-03-01,LSOA21 to single LAD25/CSP25 relationship
E22000169,Melton,2026-02,34,2025-04-01,2026-03-01,LSOA21 to single LAD25/CSP25 relationship
E22000169,Melton,2026-03,40,2025-04-01,2026-03-01,LSOA21 to single LAD25/CSP25 relationship
E22000170,North West Leicestershire,2025-04,109,2025-04-01,2026-03-01,LSOA21 to single LAD25/CSP25 relationship
E22000170,North West Leicestershire,2025-05,115,2025-04-01,2026-03-01,LSOA21 to single LAD25/CSP25 relationship
E22000170,North West Leicestershire,2025-06,134,2025-04-01,2026-03-01,LSOA21 to single LAD25/CSP25 relationship
E22000170,North West Leicestershire,2025-07,129,2025-04-01,2026-03-01,LSOA21 to single LAD25/CSP25 relationship
E22000170,North West Leicestershire,2025-08,174,2025-04-01,2026-03-01,LSOA21 to single LAD25/CSP25 relationship
E22000170,North West Leicestershire,2025-09,89,2025-04-01,2026-03-01,LSOA21 to single LAD25/CSP25 relationship
E22000170,North West Leicestershire,2025-10,89,2025-04-01,2026-03-01,LSOA21 to single LAD25/CSP25 relationship
E22000170,North West Leicestershire,2025-11,72,2025-04-01,2026-03-01,LSOA21 to single LAD25/CSP25 relationship
E22000170,North West Leicestershire,2025-12,84,2025-04-01,2026-03-01,LSOA21 to single LAD25/CSP25 relationship
E22000170,North West Leicestershire,2026-01,70,2025-04-01,2026-03-01,LSOA21 to single LAD25/CSP25 relationship
E22000170,North West Leicestershire,2026-02,82,2025-04-01,2026-03-01,LSOA21 to single LAD25/CSP25 relationship
E22000170,North West Leicestershire,2026-03,111,2025-04-01,2026-03-01,LSOA21 to single LAD25/CSP25 relationship
E22000171,Oadby and Wigston,2025-04,40,2025-04-01,2026-03-01,LSOA21 to single LAD25/CSP25 relationship
E22000171,Oadby and Wigston,2025-05,37,2025-04-01,2026-03-01,LSOA21 to single LAD25/CSP25 relationship
E22000171,Oadby and Wigston,2025-06,35,2025-04-01,2026-03-01,LSOA21 to single LAD25/CSP25 relationship
E22000171,Oadby and Wigston,2025-07,52,2025-04-01,2026-03-01,LSOA21 to single LAD25/CSP25 relationship
E22000171,Oadby and Wigston,2025-08,47,2025-04-01,2026-03-01,LSOA21 to single LAD25/CSP25 relationship
E22000171,Oadby and Wigston,2025-09,36,2025-04-01,2026-03-01,LSOA21 to single LAD25/CSP25 relationship
E22000171,Oadby and Wigston,2025-10,38,2025-04-01,2026-03-01,LSOA21 to single LAD25/CSP25 relationship
E22000171,Oadby and Wigston,2025-11,35,2025-04-01,2026-03-01,LSOA21 to single LAD25/CSP25 relationship
E22000171,Oadby and Wigston,2025-12,37,2025-04-01,2026-03-01,LSOA21 to single LAD25/CSP25 relationship
E22000171,Oadby and Wigston,2026-01,34,2025-04-01,2026-03-01,LSOA21 to single LAD25/CSP25 relationship
E22000171,Oadby and Wigston,2026-02,51,2025-04-01,2026-03-01,LSOA21 to single LAD25/CSP25 relationship
E22000171,Oadby and Wigston,2026-03,36,2025-04-01,2026-03-01,LSOA21 to single LAD25/CSP25 relationship
E22000172,Rutland,2025-04,17,2025-04-01,2026-03-01,LSOA21 to single LAD25/CSP25 relationship
E22000172,Rutland,2025-05,29,2025-04-01,2026-03-01,LSOA21 to single LAD25/CSP25 relationship
E22000172,Rutland,2025-06,21,2025-04-01,2026-03-01,LSOA21 to single LAD25/CSP25 relationship
E22000172,Rutland,2025-07,22,2025-04-01,2026-03-01,LSOA21 to single LAD25/CSP25 relationship
E22000172,Rutland,2025-08,20,2025-04-01,2026-03-01,LSOA21 to single LAD25/CSP25 relationship
E22000172,Rutland,2025-09,16,2025-04-01,2026-03-01,LSOA21 to single LAD25/CSP25 relationship
E22000172,Rutland,2025-10,8,2025-04-01,2026-03-01,LSOA21 to single LAD25/CSP25 relationship
E22000172,Rutland,2025-11,15,2025-04-01,2026-03-01,LSOA21 to single LAD25/CSP25 relationship
E22000172,Rutland,2025-12,17,2025-04-01,2026-03-01,LSOA21 to single LAD25/CSP25 relationship
E22000172,Rutland,2026-01,17,2025-04-01,2026-03-01,LSOA21 to single LAD25/CSP25 relationship
E22000172,Rutland,2026-02,16,2025-04-01,2026-03-01,LSOA21 to single LAD25/CSP25 relationship
E22000172,Rutland,2026-03,14,2025-04-01,2026-03-01,LSOA21 to single LAD25/CSP25 relationship
E22000173,Boston,2025-04,132,2025-04-01,2026-03-01,LSOA21 to single LAD25/CSP25 relationship
E22000173,Boston,2025-05,133,2025-04-01,2026-03-01,LSOA21 to single LAD25/CSP25 relationship
E22000173,Boston,2025-06,170,2025-04-01,2026-03-01,LSOA21 to single LAD25/CSP25 relationship
E22000173,Boston,2025-07,184,2025-04-01,2026-03-01,LSOA21 to single LAD25/CSP25 relationship
E22000173,Boston,2025-08,155,2025-04-01,2026-03-01,LSOA21 to single LAD25/CSP25 relationship
E22000173,Boston,2025-09,150,2025-04-01,2026-03-01,LSOA21 to single LAD25/CSP25 relationship
E22000173,Boston,2025-10,136,2025-04-01,2026-03-01,LSOA21 to single LAD25/CSP25 relationship
E22000173,Boston,2025-11,130,2025-04-01,2026-03-01,LSOA21 to single LAD25/CSP25 relationship
E22000173,Boston,2025-12,113,2025-04-01,2026-03-01,LSOA21 to single LAD25/CSP25 relationship
E22000173,Boston,2026-01,136,2025-04-01,2026-03-01,LSOA21 to single LAD25/CSP25 relationship
E22000173,Boston,2026-02,98,2025-04-01,2026-03-01,LSOA21 to single LAD25/CSP25 relationship
E22000173,Boston,2026-03,144,2025-04-01,2026-03-01,LSOA21 to single LAD25/CSP25 relationship
E22000174,East Lindsey,2025-04,290,2025-04-01,2026-03-01,LSOA21 to single LAD25/CSP25 relationship
E22000174,East Lindsey,2025-05,281,2025-04-01,2026-03-01,LSOA21 to single LAD25/CSP25 relationship
E22000174,East Lindsey,2025-06,294,2025-04-01,2026-03-01,LSOA21 to single LAD25/CSP25 relationship
E22000174,East Lindsey,2025-07,347,2025-04-01,2026-03-01,LSOA21 to single LAD25/CSP25 relationship
E22000174,East Lindsey,2025-08,338,2025-04-01,2026-03-01,LSOA21 to single LAD25/CSP25 relationship
E22000174,East Lindsey,2025-09,254,2025-04-01,2026-03-01,LSOA21 to single LAD25/CSP25 relationship
E22000174,East Lindsey,2025-10,254,2025-04-01,2026-03-01,LSOA21 to single LAD25/CSP25 relationship
E22000174,East Lindsey,2025-11,214,2025-04-01,2026-03-01,LSOA21 to single LAD25/CSP25 relationship
E22000174,East Lindsey,2025-12,205,2025-04-01,2026-03-01,LSOA21 to single LAD25/CSP25 relationship
E22000174,East Lindsey,2026-01,195,2025-04-01,2026-03-01,LSOA21 to single LAD25/CSP25 relationship
E22000174,East Lindsey,2026-02,214,2025-04-01,2026-03-01,LSOA21 to single LAD25/CSP25 relationship
E22000174,East Lindsey,2026-03,284,2025-04-01,2026-03-01,LSOA21 to single LAD25/CSP25 relationship
E22000175,Lincoln,2025-04,317,2025-04-01,2026-03-01,LSOA21 to single LAD25/CSP25 relationship
E22000175,Lincoln,2025-05,360,2025-04-01,2026-03-01,LSOA21 to single LAD25/CSP25 relationship
E22000175,Lincoln,2025-06,371,2025-04-01,2026-03-01,LSOA21 to single LAD25/CSP25 relationship
E22000175,Lincoln,2025-07,367,2025-04-01,2026-03-01,LSOA21 to single LAD25/CSP25 relationship
E22000175,Lincoln,2025-08,354,2025-04-01,2026-03-01,LSOA21 to single LAD25/CSP25 relationship
E22000175,Lincoln,2025-09,294,2025-04-01,2026-03-01,LSOA21 to single LAD25/CSP25 relationship
E22000175,Lincoln,2025-10,273,2025-04-01,2026-03-01,LSOA21 to single LAD25/CSP25 relationship
E22000175,Lincoln,2025-11,288,2025-04-01,2026-03-01,LSOA21 to single LAD25/CSP25 relationship
E22000175,Lincoln,2025-12,302,2025-04-01,2026-03-01,LSOA21 to single LAD25/CSP25 relationship
E22000175,Lincoln,2026-01,299,2025-04-01,2026-03-01,LSOA21 to single LAD25/CSP25 relationship
E22000175,Lincoln,2026-02,228,2025-04-01,2026-03-01,LSOA21 to single LAD25/CSP25 relationship
E22000175,Lincoln,2026-03,354,2025-04-01,2026-03-01,LSOA21 to single LAD25/CSP25 relationship
E22000176,North Kesteven,2025-04,133,2025-04-01,2026-03-01,LSOA21 to single LAD25/CSP25 relationship
E22000176,North Kesteven,2025-05,145,2025-04-01,2026-03-01,LSOA21 to single LAD25/CSP25 relationship
E22000176,North Kesteven,2025-06,162,2025-04-01,2026-03-01,LSOA21 to single LAD25/CSP25 relationship
E22000176,North Kesteven,2025-07,171,2025-04-01,2026-03-01,LSOA21 to single LAD25/CSP25 relationship
E22000176,North Kesteven,2025-08,186,2025-04-01,2026-03-01,LSOA21 to single LAD25/CSP25 relationship
E22000176,North Kesteven,2025-09,118,2025-04-01,2026-03-01,LSOA21 to single LAD25/CSP25 relationship
E22000176,North Kesteven,2025-10,108,2025-04-01,2026-03-01,LSOA21 to single LAD25/CSP25 relationship
E22000176,North Kesteven,2025-11,78,2025-04-01,2026-03-01,LSOA21 to single LAD25/CSP25 relationship
E22000176,North Kesteven,2025-12,91,2025-04-01,2026-03-01,LSOA21 to single LAD25/CSP25 relationship
E22000176,North Kesteven,2026-01,126,2025-04-01,2026-03-01,LSOA21 to single LAD25/CSP25 relationship
E22000176,North Kesteven,2026-02,119,2025-04-01,2026-03-01,LSOA21 to single LAD25/CSP25 relationship
E22000176,North Kesteven,2026-03,131,2025-04-01,2026-03-01,LSOA21 to single LAD25/CSP25 relationship
E22000177,South Holland,2025-04,121,2025-04-01,2026-03-01,LSOA21 to single LAD25/CSP25 relationship
E22000177,South Holland,2025-05,162,2025-04-01,2026-03-01,LSOA21 to single LAD25/CSP25 relationship
E22000177,South Holland,2025-06,166,2025-04-01,2026-03-01,LSOA21 to single LAD25/CSP25 relationship
E22000177,South Holland,2025-07,153,2025-04-01,2026-03-01,LSOA21 to single LAD25/CSP25 relationship
E22000177,South Holland,2025-08,156,2025-04-01,2026-03-01,LSOA21 to single LAD25/CSP25 relationship
E22000177,South Holland,2025-09,140,2025-04-01,2026-03-01,LSOA21 to single LAD25/CSP25 relationship
E22000177,South Holland,2025-10,154,2025-04-01,2026-03-01,LSOA21 to single LAD25/CSP25 relationship
E22000177,South Holland,2025-11,127,2025-04-01,2026-03-01,LSOA21 to single LAD25/CSP25 relationship
E22000177,South Holland,2025-12,114,2025-04-01,2026-03-01,LSOA21 to single LAD25/CSP25 relationship
E22000177,South Holland,2026-01,128,2025-04-01,2026-03-01,LSOA21 to single LAD25/CSP25 relationship
E22000177,South Holland,2026-02,138,2025-04-01,2026-03-01,LSOA21 to single LAD25/CSP25 relationship
E22000177,South Holland,2026-03,172,2025-04-01,2026-03-01,LSOA21 to single LAD25/CSP25 relationship
E22000178,South Kesteven,2025-04,191,2025-04-01,2026-03-01,LSOA21 to single LAD25/CSP25 relationship
E22000178,South Kesteven,2025-05,212,2025-04-01,2026-03-01,LSOA21 to single LAD25/CSP25 relationship
E22000178,South Kesteven,2025-06,251,2025-04-01,2026-03-01,LSOA21 to single LAD25/CSP25 relationship
E22000178,South Kesteven,2025-07,234,2025-04-01,2026-03-01,LSOA21 to single LAD25/CSP25 relationship
E22000178,South Kesteven,2025-08,272,2025-04-01,2026-03-01,LSOA21 to single LAD25/CSP25 relationship
E22000178,South Kesteven,2025-09,219,2025-04-01,2026-03-01,LSOA21 to single LAD25/CSP25 relationship
E22000178,South Kesteven,2025-10,196,2025-04-01,2026-03-01,LSOA21 to single LAD25/CSP25 relationship
E22000178,South Kesteven,2025-11,197,2025-04-01,2026-03-01,LSOA21 to single LAD25/CSP25 relationship
E22000178,South Kesteven,2025-12,201,2025-04-01,2026-03-01,LSOA21 to single LAD25/CSP25 relationship
E22000178,South Kesteven,2026-01,164,2025-04-01,2026-03-01,LSOA21 to single LAD25/CSP25 relationship
E22000178,South Kesteven,2026-02,160,2025-04-01,2026-03-01,LSOA21 to single LAD25/CSP25 relationship
E22000178,South Kesteven,2026-03,203,2025-04-01,2026-03-01,LSOA21 to single LAD25/CSP25 relationship
E22000179,West Lindsey,2025-04,192,2025-04-01,2026-03-01,LSOA21 to single LAD25/CSP25 relationship
E22000179,West Lindsey,2025-05,166,2025-04-01,2026-03-01,LSOA21 to single LAD25/CSP25 relationship
E22000179,West Lindsey,2025-06,181,2025-04-01,2026-03-01,LSOA21 to single LAD25/CSP25 relationship
E22000179,West Lindsey,2025-07,195,2025-04-01,2026-03-01,LSOA21 to single LAD25/CSP25 relationship
E22000179,West Lindsey,2025-08,171,2025-04-01,2026-03-01,LSOA21 to single LAD25/CSP25 relationship
E22000179,West Lindsey,2025-09,149,2025-04-01,2026-03-01,LSOA21 to single LAD25/CSP25 relationship
E22000179,West Lindsey,2025-10,146,2025-04-01,2026-03-01,LSOA21 to single LAD25/CSP25 relationship
E22000179,West Lindsey,2025-11,148,2025-04-01,2026-03-01,LSOA21 to single LAD25/CSP25 relationship
E22000179,West Lindsey,2025-12,128,2025-04-01,2026-03-01,LSOA21 to single LAD25/CSP25 relationship
E22000179,West Lindsey,2026-01,139,2025-04-01,2026-03-01,LSOA21 to single LAD25/CSP25 relationship
E22000179,West Lindsey,2026-02,114,2025-04-01,2026-03-01,LSOA21 to single LAD25/CSP25 relationship
E22000179,West Lindsey,2026-03,162,2025-04-01,2026-03-01,LSOA21 to single LAD25/CSP25 relationship
E22000180,City of London,2025-04,20,2025-04-01,2026-03-01,LSOA21 to single LAD25/CSP25 relationship
E22000180,City of London,2025-05,14,2025-04-01,2026-03-01,LSOA21 to single LAD25/CSP25 relationship
E22000180,City of London,2025-06,14,2025-04-01,2026-03-01,LSOA21 to single LAD25/CSP25 relationship
E22000180,City of London,2025-07,13,2025-04-01,2026-03-01,LSOA21 to single LAD25/CSP25 relationship
E22000180,City of London,2025-08,16,2025-04-01,2026-03-01,LSOA21 to single LAD25/CSP25 relationship
E22000180,City of London,2025-09,22,2025-04-01,2026-03-01,LSOA21 to single LAD25/CSP25 relationship
E22000180,City of London,2025-10,13,2025-04-01,2026-03-01,LSOA21 to single LAD25/CSP25 relationship
E22000180,City of London,2025-11,10,2025-04-01,2026-03-01,LSOA21 to single LAD25/CSP25 relationship
E22000180,City of London,2025-12,9,2025-04-01,2026-03-01,LSOA21 to single LAD25/CSP25 relationship
E22000180,City of London,2026-01,9,2025-04-01,2026-03-01,LSOA21 to single LAD25/CSP25 relationship
E22000180,City of London,2026-02,14,2025-04-01,2026-03-01,LSOA21 to single LAD25/CSP25 relationship
E22000180,City of London,2026-03,18,2025-04-01,2026-03-01,LSOA21 to single LAD25/CSP25 relationship
E22000181,Knowsley,2025-04,149,2025-04-01,2026-03-01,LSOA21 to single LAD25/CSP25 relationship
E22000181,Knowsley,2025-05,131,2025-04-01,2026-03-01,LSOA21 to single LAD25/CSP25 relationship
E22000181,Knowsley,2025-06,139,2025-04-01,2026-03-01,LSOA21 to single LAD25/CSP25 relationship
E22000181,Knowsley,2025-07,149,2025-04-01,2026-03-01,LSOA21 to single LAD25/CSP25 relationship
E22000181,Knowsley,2025-08,159,2025-04-01,2026-03-01,LSOA21 to single LAD25/CSP25 relationship
E22000181,Knowsley,2025-09,130,2025-04-01,2026-03-01,LSOA21 to single LAD25/CSP25 relationship
E22000181,Knowsley,2025-10,230,2025-04-01,2026-03-01,LSOA21 to single LAD25/CSP25 relationship
E22000181,Knowsley,2025-11,115,2025-04-01,2026-03-01,LSOA21 to single LAD25/CSP25 relationship
E22000181,Knowsley,2025-12,111,2025-04-01,2026-03-01,LSOA21 to single LAD25/CSP25 relationship
E22000181,Knowsley,2026-01,114,2025-04-01,2026-03-01,LSOA21 to single LAD25/CSP25 relationship
E22000181,Knowsley,2026-02,127,2025-04-01,2026-03-01,LSOA21 to single LAD25/CSP25 relationship
E22000181,Knowsley,2026-03,186,2025-04-01,2026-03-01,LSOA21 to single LAD25/CSP25 relationship
E22000182,Liverpool,2025-04,516,2025-04-01,2026-03-01,LSOA21 to single LAD25/CSP25 relationship
E22000182,Liverpool,2025-05,612,2025-04-01,2026-03-01,LSOA21 to single LAD25/CSP25 relationship
E22000182,Liverpool,2025-06,504,2025-04-01,2026-03-01,LSOA21 to single LAD25/CSP25 relationship
E22000182,Liverpool,2025-07,439,2025-04-01,2026-03-01,LSOA21 to single LAD25/CSP25 relationship
E22000182,Liverpool,2025-08,530,2025-04-01,2026-03-01,LSOA21 to single LAD25/CSP25 relationship
E22000182,Liverpool,2025-09,494,2025-04-01,2026-03-01,LSOA21 to single LAD25/CSP25 relationship
E22000182,Liverpool,2025-10,649,2025-04-01,2026-03-01,LSOA21 to single LAD25/CSP25 relationship
E22000182,Liverpool,2025-11,525,2025-04-01,2026-03-01,LSOA21 to single LAD25/CSP25 relationship
E22000182,Liverpool,2025-12,386,2025-04-01,2026-03-01,LSOA21 to single LAD25/CSP25 relationship
E22000182,Liverpool,2026-01,426,2025-04-01,2026-03-01,LSOA21 to single LAD25/CSP25 relationship
E22000182,Liverpool,2026-02,415,2025-04-01,2026-03-01,LSOA21 to single LAD25/CSP25 relationship
E22000182,Liverpool,2026-03,458,2025-04-01,2026-03-01,LSOA21 to single LAD25/CSP25 relationship
E22000183,Sefton,2025-04,211,2025-04-01,2026-03-01,LSOA21 to single LAD25/CSP25 relationship
E22000183,Sefton,2025-05,237,2025-04-01,2026-03-01,LSOA21 to single LAD25/CSP25 relationship
E22000183,Sefton,2025-06,192,2025-04-01,2026-03-01,LSOA21 to single LAD25/CSP25 relationship
E22000183,Sefton,2025-07,222,2025-04-01,2026-03-01,LSOA21 to single LAD25/CSP25 relationship
E22000183,Sefton,2025-08,205,2025-04-01,2026-03-01,LSOA21 to single LAD25/CSP25 relationship
E22000183,Sefton,2025-09,188,2025-04-01,2026-03-01,LSOA21 to single LAD25/CSP25 relationship
E22000183,Sefton,2025-10,241,2025-04-01,2026-03-01,LSOA21 to single LAD25/CSP25 relationship
E22000183,Sefton,2025-11,215,2025-04-01,2026-03-01,LSOA21 to single LAD25/CSP25 relationship
E22000183,Sefton,2025-12,160,2025-04-01,2026-03-01,LSOA21 to single LAD25/CSP25 relationship
E22000183,Sefton,2026-01,186,2025-04-01,2026-03-01,LSOA21 to single LAD25/CSP25 relationship
E22000183,Sefton,2026-02,179,2025-04-01,2026-03-01,LSOA21 to single LAD25/CSP25 relationship
E22000183,Sefton,2026-03,197,2025-04-01,2026-03-01,LSOA21 to single LAD25/CSP25 relationship
E22000184,St. Helens,2025-04,172,2025-04-01,2026-03-01,LSOA21 to single LAD25/CSP25 relationship
E22000184,St. Helens,2025-05,143,2025-04-01,2026-03-01,LSOA21 to single LAD25/CSP25 relationship
E22000184,St. Helens,2025-06,136,2025-04-01,2026-03-01,LSOA21 to single LAD25/CSP25 relationship
E22000184,St. Helens,2025-07,132,2025-04-01,2026-03-01,LSOA21 to single LAD25/CSP25 relationship
E22000184,St. Helens,2025-08,150,2025-04-01,2026-03-01,LSOA21 to single LAD25/CSP25 relationship
E22000184,St. Helens,2025-09,138,2025-04-01,2026-03-01,LSOA21 to single LAD25/CSP25 relationship
E22000184,St. Helens,2025-10,143,2025-04-01,2026-03-01,LSOA21 to single LAD25/CSP25 relationship
E22000184,St. Helens,2025-11,143,2025-04-01,2026-03-01,LSOA21 to single LAD25/CSP25 relationship
E22000184,St. Helens,2025-12,95,2025-04-01,2026-03-01,LSOA21 to single LAD25/CSP25 relationship
E22000184,St. Helens,2026-01,107,2025-04-01,2026-03-01,LSOA21 to single LAD25/CSP25 relationship
E22000184,St. Helens,2026-02,114,2025-04-01,2026-03-01,LSOA21 to single LAD25/CSP25 relationship
E22000184,St. Helens,2026-03,141,2025-04-01,2026-03-01,LSOA21 to single LAD25/CSP25 relationship
E22000185,Wirral,2025-04,291,2025-04-01,2026-03-01,LSOA21 to single LAD25/CSP25 relationship
E22000185,Wirral,2025-05,255,2025-04-01,2026-03-01,LSOA21 to single LAD25/CSP25 relationship
E22000185,Wirral,2025-06,238,2025-04-01,2026-03-01,LSOA21 to single LAD25/CSP25 relationship
E22000185,Wirral,2025-07,254,2025-04-01,2026-03-01,LSOA21 to single LAD25/CSP25 relationship
E22000185,Wirral,2025-08,245,2025-04-01,2026-03-01,LSOA21 to single LAD25/CSP25 relationship
E22000185,Wirral,2025-09,203,2025-04-01,2026-03-01,LSOA21 to single LAD25/CSP25 relationship
E22000185,Wirral,2025-10,394,2025-04-01,2026-03-01,LSOA21 to single LAD25/CSP25 relationship
E22000185,Wirral,2025-11,248,2025-04-01,2026-03-01,LSOA21 to single LAD25/CSP25 relationship
E22000185,Wirral,2025-12,218,2025-04-01,2026-03-01,LSOA21 to single LAD25/CSP25 relationship
E22000185,Wirral,2026-01,175,2025-04-01,2026-03-01,LSOA21 to single LAD25/CSP25 relationship
E22000185,Wirral,2026-02,211,2025-04-01,2026-03-01,LSOA21 to single LAD25/CSP25 relationship
E22000185,Wirral,2026-03,314,2025-04-01,2026-03-01,LSOA21 to single LAD25/CSP25 relationship
E22000186,Barking and Dagenham,2025-04,371,2025-04-01,2026-03-01,LSOA21 to single LAD25/CSP25 relationship
E22000186,Barking and Dagenham,2025-05,385,2025-04-01,2026-03-01,LSOA21 to single LAD25/CSP25 relationship
E22000186,Barking and Dagenham,2025-06,454,2025-04-01,2026-03-01,LSOA21 to single LAD25/CSP25 relationship
E22000186,Barking and Dagenham,2025-07,506,2025-04-01,2026-03-01,LSOA21 to single LAD25/CSP25 relationship
E22000186,Barking and Dagenham,2025-08,443,2025-04-01,2026-03-01,LSOA21 to single LAD25/CSP25 relationship
E22000186,Barking and Dagenham,2025-09,360,2025-04-01,2026-03-01,LSOA21 to single LAD25/CSP25 relationship
E22000186,Barking and Dagenham,2025-10,410,2025-04-01,2026-03-01,LSOA21 to single LAD25/CSP25 relationship
E22000186,Barking and Dagenham,2025-11,329,2025-04-01,2026-03-01,LSOA21 to single LAD25/CSP25 relationship
E22000186,Barking and Dagenham,2025-12,328,2025-04-01,2026-03-01,LSOA21 to single LAD25/CSP25 relationship
E22000186,Barking and Dagenham,2026-01,315,2025-04-01,2026-03-01,LSOA21 to single LAD25/CSP25 relationship
E22000186,Barking and Dagenham,2026-02,339,2025-04-01,2026-03-01,LSOA21 to single LAD25/CSP25 relationship
E22000186,Barking and Dagenham,2026-03,379,2025-04-01,2026-03-01,LSOA21 to single LAD25/CSP25 relationship
E22000187,Barnet,2025-04,634,2025-04-01,2026-03-01,LSOA21 to single LAD25/CSP25 relationship
E22000187,Barnet,2025-05,719,2025-04-01,2026-03-01,LSOA21 to single LAD25/CSP25 relationship
E22000187,Barnet,2025-06,802,2025-04-01,2026-03-01,LSOA21 to single LAD25/CSP25 relationship
E22000187,Barnet,2025-07,862,2025-04-01,2026-03-01,LSOA21 to single LAD25/CSP25 relationship
E22000187,Barnet,2025-08,792,2025-04-01,2026-03-01,LSOA21 to single LAD25/CSP25 relationship
E22000187,Barnet,2025-09,658,2025-04-01,2026-03-01,LSOA21 to single LAD25/CSP25 relationship
E22000187,Barnet,2025-10,759,2025-04-01,2026-03-01,LSOA21 to single LAD25/CSP25 relationship
E22000187,Barnet,2025-11,659,2025-04-01,2026-03-01,LSOA21 to single LAD25/CSP25 relationship
E22000187,Barnet,2025-12,677,2025-04-01,2026-03-01,LSOA21 to single LAD25/CSP25 relationship
E22000187,Barnet,2026-01,590,2025-04-01,2026-03-01,LSOA21 to single LAD25/CSP25 relationship
E22000187,Barnet,2026-02,673,2025-04-01,2026-03-01,LSOA21 to single LAD25/CSP25 relationship
E22000187,Barnet,2026-03,761,2025-04-01,2026-03-01,LSOA21 to single LAD25/CSP25 relationship
E22000188,Bexley,2025-04,345,2025-04-01,2026-03-01,LSOA21 to single LAD25/CSP25 relationship
E22000188,Bexley,2025-05,341,2025-04-01,2026-03-01,LSOA21 to single LAD25/CSP25 relationship
E22000188,Bexley,2025-06,340,2025-04-01,2026-03-01,LSOA21 to single LAD25/CSP25 relationship
E22000188,Bexley,2025-07,379,2025-04-01,2026-03-01,LSOA21 to single LAD25/CSP25 relationship
E22000188,Bexley,2025-08,372,2025-04-01,2026-03-01,LSOA21 to single LAD25/CSP25 relationship
E22000188,Bexley,2025-09,309,2025-04-01,2026-03-01,LSOA21 to single LAD25/CSP25 relationship
E22000188,Bexley,2025-10,342,2025-04-01,2026-03-01,LSOA21 to single LAD25/CSP25 relationship
E22000188,Bexley,2025-11,295,2025-04-01,2026-03-01,LSOA21 to single LAD25/CSP25 relationship
E22000188,Bexley,2025-12,272,2025-04-01,2026-03-01,LSOA21 to single LAD25/CSP25 relationship
E22000188,Bexley,2026-01,243,2025-04-01,2026-03-01,LSOA21 to single LAD25/CSP25 relationship
E22000188,Bexley,2026-02,280,2025-04-01,2026-03-01,LSOA21 to single LAD25/CSP25 relationship
E22000188,Bexley,2026-03,333,2025-04-01,2026-03-01,LSOA21 to single LAD25/CSP25 relationship
E22000189,Brent,2025-04,848,2025-04-01,2026-03-01,LSOA21 to single LAD25/CSP25 relationship
E22000189,Brent,2025-05,1015,2025-04-01,2026-03-01,LSOA21 to single LAD25/CSP25 relationship
E22000189,Brent,2025-06,991,2025-04-01,2026-03-01,LSOA21 to single LAD25/CSP25 relationship
E22000189,Brent,2025-07,1121,2025-04-01,2026-03-01,LSOA21 to single LAD25/CSP25 relationship
E22000189,Brent,2025-08,1002,2025-04-01,2026-03-01,LSOA21 to single LAD25/CSP25 relationship
E22000189,Brent,2025-09,842,2025-04-01,2026-03-01,LSOA21 to single LAD25/CSP25 relationship
E22000189,Brent,2025-10,982,2025-04-01,2026-03-01,LSOA21 to single LAD25/CSP25 relationship
E22000189,Brent,2025-11,725,2025-04-01,2026-03-01,LSOA21 to single LAD25/CSP25 relationship
E22000189,Brent,2025-12,664,2025-04-01,2026-03-01,LSOA21 to single LAD25/CSP25 relationship
E22000189,Brent,2026-01,697,2025-04-01,2026-03-01,LSOA21 to single LAD25/CSP25 relationship
E22000189,Brent,2026-02,697,2025-04-01,2026-03-01,LSOA21 to single LAD25/CSP25 relationship
E22000189,Brent,2026-03,835,2025-04-01,2026-03-01,LSOA21 to single LAD25/CSP25 relationship
E22000190,Bromley,2025-04,508,2025-04-01,2026-03-01,LSOA21 to single LAD25/CSP25 relationship
E22000190,Bromley,2025-05,500,2025-04-01,2026-03-01,LSOA21 to single LAD25/CSP25 relationship
E22000190,Bromley,2025-06,499,2025-04-01,2026-03-01,LSOA21 to single LAD25/CSP25 relationship
E22000190,Bromley,2025-07,558,2025-04-01,2026-03-01,LSOA21 to single LAD25/CSP25 relationship
E22000190,Bromley,2025-08,567,2025-04-01,2026-03-01,LSOA21 to single LAD25/CSP25 relationship
E22000190,Bromley,2025-09,432,2025-04-01,2026-03-01,LSOA21 to single LAD25/CSP25 relationship
E22000190,Bromley,2025-10,427,2025-04-01,2026-03-01,LSOA21 to single LAD25/CSP25 relationship
E22000190,Bromley,2025-11,421,2025-04-01,2026-03-01,LSOA21 to single LAD25/CSP25 relationship
E22000190,Bromley,2025-12,421,2025-04-01,2026-03-01,LSOA21 to single LAD25/CSP25 relationship
E22000190,Bromley,2026-01,411,2025-04-01,2026-03-01,LSOA21 to single LAD25/CSP25 relationship
E22000190,Bromley,2026-02,394,2025-04-01,2026-03-01,LSOA21 to single LAD25/CSP25 relationship
E22000190,Bromley,2026-03,440,2025-04-01,2026-03-01,LSOA21 to single LAD25/CSP25 relationship
E22000191,Camden,2025-04,750,2025-04-01,2026-03-01,LSOA21 to single LAD25/CSP25 relationship
E22000191,Camden,2025-05,864,2025-04-01,2026-03-01,LSOA21 to single LAD25/CSP25 relationship
E22000191,Camden,2025-06,927,2025-04-01,2026-03-01,LSOA21 to single LAD25/CSP25 relationship
E22000191,Camden,2025-07,931,2025-04-01,2026-03-01,LSOA21 to single LAD25/CSP25 relationship
E22000191,Camden,2025-08,788,2025-04-01,2026-03-01,LSOA21 to single LAD25/CSP25 relationship
E22000191,Camden,2025-09,661,2025-04-01,2026-03-01,LSOA21 to single LAD25/CSP25 relationship
E22000191,Camden,2025-10,791,2025-04-01,2026-03-01,LSOA21 to single LAD25/CSP25 relationship
E22000191,Camden,2025-11,764,2025-04-01,2026-03-01,LSOA21 to single LAD25/CSP25 relationship
E22000191,Camden,2025-12,713,2025-04-01,2026-03-01,LSOA21 to single LAD25/CSP25 relationship
E22000191,Camden,2026-01,709,2025-04-01,2026-03-01,LSOA21 to single LAD25/CSP25 relationship
E22000191,Camden,2026-02,694,2025-04-01,2026-03-01,LSOA21 to single LAD25/CSP25 relationship
E22000191,Camden,2026-03,762,2025-04-01,2026-03-01,LSOA21 to single LAD25/CSP25 relationship
E22000192,Westminster,2025-04,1096,2025-04-01,2026-03-01,LSOA21 to single LAD25/CSP25 relationship
E22000192,Westminster,2025-05,1218,2025-04-01,2026-03-01,LSOA21 to single LAD25/CSP25 relationship
E22000192,Westminster,2025-06,1256,2025-04-01,2026-03-01,LSOA21 to single LAD25/CSP25 relationship
E22000192,Westminster,2025-07,1320,2025-04-01,2026-03-01,LSOA21 to single LAD25/CSP25 relationship
E22000192,Westminster,2025-08,1302,2025-04-01,2026-03-01,LSOA21 to single LAD25/CSP25 relationship
E22000192,Westminster,2025-09,1123,2025-04-01,2026-03-01,LSOA21 to single LAD25/CSP25 relationship
E22000192,Westminster,2025-10,1211,2025-04-01,2026-03-01,LSOA21 to single LAD25/CSP25 relationship
E22000192,Westminster,2025-11,1032,2025-04-01,2026-03-01,LSOA21 to single LAD25/CSP25 relationship
E22000192,Westminster,2025-12,1137,2025-04-01,2026-03-01,LSOA21 to single LAD25/CSP25 relationship
E22000192,Westminster,2026-01,1088,2025-04-01,2026-03-01,LSOA21 to single LAD25/CSP25 relationship
E22000192,Westminster,2026-02,945,2025-04-01,2026-03-01,LSOA21 to single LAD25/CSP25 relationship
E22000192,Westminster,2026-03,996,2025-04-01,2026-03-01,LSOA21 to single LAD25/CSP25 relationship
E22000193,Croydon,2025-04,744,2025-04-01,2026-03-01,LSOA21 to single LAD25/CSP25 relationship
E22000193,Croydon,2025-05,833,2025-04-01,2026-03-01,LSOA21 to single LAD25/CSP25 relationship
E22000193,Croydon,2025-06,865,2025-04-01,2026-03-01,LSOA21 to single LAD25/CSP25 relationship
E22000193,Croydon,2025-07,969,2025-04-01,2026-03-01,LSOA21 to single LAD25/CSP25 relationship
E22000193,Croydon,2025-08,958,2025-04-01,2026-03-01,LSOA21 to single LAD25/CSP25 relationship
E22000193,Croydon,2025-09,752,2025-04-01,2026-03-01,LSOA21 to single LAD25/CSP25 relationship
E22000193,Croydon,2025-10,673,2025-04-01,2026-03-01,LSOA21 to single LAD25/CSP25 relationship
E22000193,Croydon,2025-11,628,2025-04-01,2026-03-01,LSOA21 to single LAD25/CSP25 relationship
E22000193,Croydon,2025-12,609,2025-04-01,2026-03-01,LSOA21 to single LAD25/CSP25 relationship
E22000193,Croydon,2026-01,643,2025-04-01,2026-03-01,LSOA21 to single LAD25/CSP25 relationship
E22000193,Croydon,2026-02,577,2025-04-01,2026-03-01,LSOA21 to single LAD25/CSP25 relationship
E22000193,Croydon,2026-03,719,2025-04-01,2026-03-01,LSOA21 to single LAD25/CSP25 relationship
E22000194,Ealing,2025-04,962,2025-04-01,2026-03-01,LSOA21 to single LAD25/CSP25 relationship
E22000194,Ealing,2025-05,952,2025-04-01,2026-03-01,LSOA21 to single LAD25/CSP25 relationship
E22000194,Ealing,2025-06,1008,2025-04-01,2026-03-01,LSOA21 to single LAD25/CSP25 relationship
E22000194,Ealing,2025-07,1121,2025-04-01,2026-03-01,LSOA21 to single LAD25/CSP25 relationship
E22000194,Ealing,2025-08,1042,2025-04-01,2026-03-01,LSOA21 to single LAD25/CSP25 relationship
E22000194,Ealing,2025-09,902,2025-04-01,2026-03-01,LSOA21 to single LAD25/CSP25 relationship
E22000194,Ealing,2025-10,1116,2025-04-01,2026-03-01,LSOA21 to single LAD25/CSP25 relationship
E22000194,Ealing,2025-11,917,2025-04-01,2026-03-01,LSOA21 to single LAD25/CSP25 relationship
E22000194,Ealing,2025-12,790,2025-04-01,2026-03-01,LSOA21 to single LAD25/CSP25 relationship
E22000194,Ealing,2026-01,763,2025-04-01,2026-03-01,LSOA21 to single LAD25/CSP25 relationship
E22000194,Ealing,2026-02,861,2025-04-01,2026-03-01,LSOA21 to single LAD25/CSP25 relationship
E22000194,Ealing,2026-03,927,2025-04-01,2026-03-01,LSOA21 to single LAD25/CSP25 relationship
E22000195,Enfield,2025-04,651,2025-04-01,2026-03-01,LSOA21 to single LAD25/CSP25 relationship
E22000195,Enfield,2025-05,759,2025-04-01,2026-03-01,LSOA21 to single LAD25/CSP25 relationship
E22000195,Enfield,2025-06,721,2025-04-01,2026-03-01,LSOA21 to single LAD25/CSP25 relationship
E22000195,Enfield,2025-07,817,2025-04-01,2026-03-01,LSOA21 to single LAD25/CSP25 relationship
E22000195,Enfield,2025-08,694,2025-04-01,2026-03-01,LSOA21 to single LAD25/CSP25 relationship
E22000195,Enfield,2025-09,609,2025-04-01,2026-03-01,LSOA21 to single LAD25/CSP25 relationship
E22000195,Enfield,2025-10,660,2025-04-01,2026-03-01,LSOA21 to single LAD25/CSP25 relationship
E22000195,Enfield,2025-11,666,2025-04-01,2026-03-01,LSOA21 to single LAD25/CSP25 relationship
E22000195,Enfield,2025-12,591,2025-04-01,2026-03-01,LSOA21 to single LAD25/CSP25 relationship
E22000195,Enfield,2026-01,485,2025-04-01,2026-03-01,LSOA21 to single LAD25/CSP25 relationship
E22000195,Enfield,2026-02,538,2025-04-01,2026-03-01,LSOA21 to single LAD25/CSP25 relationship
E22000195,Enfield,2026-03,641,2025-04-01,2026-03-01,LSOA21 to single LAD25/CSP25 relationship
E22000196,Greenwich,2025-04,572,2025-04-01,2026-03-01,LSOA21 to single LAD25/CSP25 relationship
E22000196,Greenwich,2025-05,649,2025-04-01,2026-03-01,LSOA21 to single LAD25/CSP25 relationship
E22000196,Greenwich,2025-06,665,2025-04-01,2026-03-01,LSOA21 to single LAD25/CSP25 relationship
E22000196,Greenwich,2025-07,750,2025-04-01,2026-03-01,LSOA21 to single LAD25/CSP25 relationship
E22000196,Greenwich,2025-08,685,2025-04-01,2026-03-01,LSOA21 to single LAD25/CSP25 relationship
E22000196,Greenwich,2025-09,491,2025-04-01,2026-03-01,LSOA21 to single LAD25/CSP25 relationship
E22000196,Greenwich,2025-10,543,2025-04-01,2026-03-01,LSOA21 to single LAD25/CSP25 relationship
E22000196,Greenwich,2025-11,461,2025-04-01,2026-03-01,LSOA21 to single LAD25/CSP25 relationship
E22000196,Greenwich,2025-12,442,2025-04-01,2026-03-01,LSOA21 to single LAD25/CSP25 relationship
E22000196,Greenwich,2026-01,453,2025-04-01,2026-03-01,LSOA21 to single LAD25/CSP25 relationship
E22000196,Greenwich,2026-02,445,2025-04-01,2026-03-01,LSOA21 to single LAD25/CSP25 relationship
E22000196,Greenwich,2026-03,509,2025-04-01,2026-03-01,LSOA21 to single LAD25/CSP25 relationship
E22000197,Hackney,2025-04,681,2025-04-01,2026-03-01,LSOA21 to single LAD25/CSP25 relationship
E22000197,Hackney,2025-05,802,2025-04-01,2026-03-01,LSOA21 to single LAD25/CSP25 relationship
E22000197,Hackney,2025-06,771,2025-04-01,2026-03-01,LSOA21 to single LAD25/CSP25 relationship
E22000197,Hackney,2025-07,832,2025-04-01,2026-03-01,LSOA21 to single LAD25/CSP25 relationship
E22000197,Hackney,2025-08,774,2025-04-01,2026-03-01,LSOA21 to single LAD25/CSP25 relationship
E22000197,Hackney,2025-09,651,2025-04-01,2026-03-01,LSOA21 to single LAD25/CSP25 relationship
E22000197,Hackney,2025-10,751,2025-04-01,2026-03-01,LSOA21 to single LAD25/CSP25 relationship
E22000197,Hackney,2025-11,651,2025-04-01,2026-03-01,LSOA21 to single LAD25/CSP25 relationship
E22000197,Hackney,2025-12,538,2025-04-01,2026-03-01,LSOA21 to single LAD25/CSP25 relationship
E22000197,Hackney,2026-01,532,2025-04-01,2026-03-01,LSOA21 to single LAD25/CSP25 relationship
E22000197,Hackney,2026-02,540,2025-04-01,2026-03-01,LSOA21 to single LAD25/CSP25 relationship
E22000197,Hackney,2026-03,617,2025-04-01,2026-03-01,LSOA21 to single LAD25/CSP25 relationship
E22000198,Hammersmith and Fulham,2025-04,464,2025-04-01,2026-03-01,LSOA21 to single LAD25/CSP25 relationship
E22000198,Hammersmith and Fulham,2025-05,526,2025-04-01,2026-03-01,LSOA21 to single LAD25/CSP25 relationship
E22000198,Hammersmith and Fulham,2025-06,521,2025-04-01,2026-03-01,LSOA21 to single LAD25/CSP25 relationship
E22000198,Hammersmith and Fulham,2025-07,586,2025-04-01,2026-03-01,LSOA21 to single LAD25/CSP25 relationship
E22000198,Hammersmith and Fulham,2025-08,579,2025-04-01,2026-03-01,LSOA21 to single LAD25/CSP25 relationship
E22000198,Hammersmith and Fulham,2025-09,528,2025-04-01,2026-03-01,LSOA21 to single LAD25/CSP25 relationship
E22000198,Hammersmith and Fulham,2025-10,520,2025-04-01,2026-03-01,LSOA21 to single LAD25/CSP25 relationship
E22000198,Hammersmith and Fulham,2025-11,496,2025-04-01,2026-03-01,LSOA21 to single LAD25/CSP25 relationship
E22000198,Hammersmith and Fulham,2025-12,410,2025-04-01,2026-03-01,LSOA21 to single LAD25/CSP25 relationship
E22000198,Hammersmith and Fulham,2026-01,421,2025-04-01,2026-03-01,LSOA21 to single LAD25/CSP25 relationship
E22000198,Hammersmith and Fulham,2026-02,423,2025-04-01,2026-03-01,LSOA21 to single LAD25/CSP25 relationship
E22000198,Hammersmith and Fulham,2026-03,505,2025-04-01,2026-03-01,LSOA21 to single LAD25/CSP25 relationship
E22000199,Haringey,2025-04,723,2025-04-01,2026-03-01,LSOA21 to single LAD25/CSP25 relationship
E22000199,Haringey,2025-05,745,2025-04-01,2026-03-01,LSOA21 to single LAD25/CSP25 relationship
E22000199,Haringey,2025-06,809,2025-04-01,2026-03-01,LSOA21 to single LAD25/CSP25 relationship
E22000199,Haringey,2025-07,858,2025-04-01,2026-03-01,LSOA21 to single LAD25/CSP25 relationship
E22000199,Haringey,2025-08,761,2025-04-01,2026-03-01,LSOA21 to single LAD25/CSP25 relationship
E22000199,Haringey,2025-09,589,2025-04-01,2026-03-01,LSOA21 to single LAD25/CSP25 relationship
E22000199,Haringey,2025-10,690,2025-04-01,2026-03-01,LSOA21 to single LAD25/CSP25 relationship
E22000199,Haringey,2025-11,662,2025-04-01,2026-03-01,LSOA21 to single LAD25/CSP25 relationship
E22000199,Haringey,2025-12,568,2025-04-01,2026-03-01,LSOA21 to single LAD25/CSP25 relationship
E22000199,Haringey,2026-01,608,2025-04-01,2026-03-01,LSOA21 to single LAD25/CSP25 relationship
E22000199,Haringey,2026-02,548,2025-04-01,2026-03-01,LSOA21 to single LAD25/CSP25 relationship
E22000199,Haringey,2026-03,647,2025-04-01,2026-03-01,LSOA21 to single LAD25/CSP25 relationship
E22000200,Harrow,2025-04,449,2025-04-01,2026-03-01,LSOA21 to single LAD25/CSP25 relationship
E22000200,Harrow,2025-05,462,2025-04-01,2026-03-01,LSOA21 to single LAD25/CSP25 relationship
E22000200,Harrow,2025-06,517,2025-04-01,2026-03-01,LSOA21 to single LAD25/CSP25 relationship
E22000200,Harrow,2025-07,551,2025-04-01,2026-03-01,LSOA21 to single LAD25/CSP25 relationship
E22000200,Harrow,2025-08,467,2025-04-01,2026-03-01,LSOA21 to single LAD25/CSP25 relationship
E22000200,Harrow,2025-09,391,2025-04-01,2026-03-01,LSOA21 to single LAD25/CSP25 relationship
E22000200,Harrow,2025-10,537,2025-04-01,2026-03-01,LSOA21 to single LAD25/CSP25 relationship
E22000200,Harrow,2025-11,428,2025-04-01,2026-03-01,LSOA21 to single LAD25/CSP25 relationship
E22000200,Harrow,2025-12,413,2025-04-01,2026-03-01,LSOA21 to single LAD25/CSP25 relationship
E22000200,Harrow,2026-01,382,2025-04-01,2026-03-01,LSOA21 to single LAD25/CSP25 relationship
E22000200,Harrow,2026-02,375,2025-04-01,2026-03-01,LSOA21 to single LAD25/CSP25 relationship
E22000200,Harrow,2026-03,419,2025-04-01,2026-03-01,LSOA21 to single LAD25/CSP25 relationship
E22000201,Havering,2025-04,417,2025-04-01,2026-03-01,LSOA21 to single LAD25/CSP25 relationship
E22000201,Havering,2025-05,476,2025-04-01,2026-03-01,LSOA21 to single LAD25/CSP25 relationship
E22000201,Havering,2025-06,499,2025-04-01,2026-03-01,LSOA21 to single LAD25/CSP25 relationship
E22000201,Havering,2025-07,563,2025-04-01,2026-03-01,LSOA21 to single LAD25/CSP25 relationship
E22000201,Havering,2025-08,514,2025-04-01,2026-03-01,LSOA21 to single LAD25/CSP25 relationship
E22000201,Havering,2025-09,388,2025-04-01,2026-03-01,LSOA21 to single LAD25/CSP25 relationship
E22000201,Havering,2025-10,490,2025-04-01,2026-03-01,LSOA21 to single LAD25/CSP25 relationship
E22000201,Havering,2025-11,425,2025-04-01,2026-03-01,LSOA21 to single LAD25/CSP25 relationship
E22000201,Havering,2025-12,380,2025-04-01,2026-03-01,LSOA21 to single LAD25/CSP25 relationship
E22000201,Havering,2026-01,374,2025-04-01,2026-03-01,LSOA21 to single LAD25/CSP25 relationship
E22000201,Havering,2026-02,383,2025-04-01,2026-03-01,LSOA21 to single LAD25/CSP25 relationship
E22000201,Havering,2026-03,448,2025-04-01,2026-03-01,LSOA21 to single LAD25/CSP25 relationship
E22000202,Hillingdon,2025-04,809,2025-04-01,2026-03-01,LSOA21 to single LAD25/CSP25 relationship
E22000202,Hillingdon,2025-05,852,2025-04-01,2026-03-01,LSOA21 to single LAD25/CSP25 relationship
E22000202,Hillingdon,2025-06,808,2025-04-01,2026-03-01,LSOA21 to single LAD25/CSP25 relationship
E22000202,Hillingdon,2025-07,866,2025-04-01,2026-03-01,LSOA21 to single LAD25/CSP25 relationship
E22000202,Hillingdon,2025-08,846,2025-04-01,2026-03-01,LSOA21 to single LAD25/CSP25 relationship
E22000202,Hillingdon,2025-09,679,2025-04-01,2026-03-01,LSOA21 to single LAD25/CSP25 relationship
E22000202,Hillingdon,2025-10,870,2025-04-01,2026-03-01,LSOA21 to single LAD25/CSP25 relationship
E22000202,Hillingdon,2025-11,674,2025-04-01,2026-03-01,LSOA21 to single LAD25/CSP25 relationship
E22000202,Hillingdon,2025-12,671,2025-04-01,2026-03-01,LSOA21 to single LAD25/CSP25 relationship
E22000202,Hillingdon,2026-01,592,2025-04-01,2026-03-01,LSOA21 to single LAD25/CSP25 relationship
E22000202,Hillingdon,2026-02,635,2025-04-01,2026-03-01,LSOA21 to single LAD25/CSP25 relationship
E22000202,Hillingdon,2026-03,691,2025-04-01,2026-03-01,LSOA21 to single LAD25/CSP25 relationship
E22000203,Hounslow,2025-04,571,2025-04-01,2026-03-01,LSOA21 to single LAD25/CSP25 relationship
E22000203,Hounslow,2025-05,686,2025-04-01,2026-03-01,LSOA21 to single LAD25/CSP25 relationship
E22000203,Hounslow,2025-06,712,2025-04-01,2026-03-01,LSOA21 to single LAD25/CSP25 relationship
E22000203,Hounslow,2025-07,659,2025-04-01,2026-03-01,LSOA21 to single LAD25/CSP25 relationship
E22000203,Hounslow,2025-08,730,2025-04-01,2026-03-01,LSOA21 to single LAD25/CSP25 relationship
E22000203,Hounslow,2025-09,613,2025-04-01,2026-03-01,LSOA21 to single LAD25/CSP25 relationship
E22000203,Hounslow,2025-10,764,2025-04-01,2026-03-01,LSOA21 to single LAD25/CSP25 relationship
E22000203,Hounslow,2025-11,513,2025-04-01,2026-03-01,LSOA21 to single LAD25/CSP25 relationship
E22000203,Hounslow,2025-12,488,2025-04-01,2026-03-01,LSOA21 to single LAD25/CSP25 relationship
E22000203,Hounslow,2026-01,501,2025-04-01,2026-03-01,LSOA21 to single LAD25/CSP25 relationship
E22000203,Hounslow,2026-02,437,2025-04-01,2026-03-01,LSOA21 to single LAD25/CSP25 relationship
E22000203,Hounslow,2026-03,503,2025-04-01,2026-03-01,LSOA21 to single LAD25/CSP25 relationship
E22000204,Islington,2025-04,761,2025-04-01,2026-03-01,LSOA21 to single LAD25/CSP25 relationship
E22000204,Islington,2025-05,799,2025-04-01,2026-03-01,LSOA21 to single LAD25/CSP25 relationship
E22000204,Islington,2025-06,837,2025-04-01,2026-03-01,LSOA21 to single LAD25/CSP25 relationship
E22000204,Islington,2025-07,926,2025-04-01,2026-03-01,LSOA21 to single LAD25/CSP25 relationship
E22000204,Islington,2025-08,789,2025-04-01,2026-03-01,LSOA21 to single LAD25/CSP25 relationship
E22000204,Islington,2025-09,739,2025-04-01,2026-03-01,LSOA21 to single LAD25/CSP25 relationship
E22000204,Islington,2025-10,764,2025-04-01,2026-03-01,LSOA21 to single LAD25/CSP25 relationship
E22000204,Islington,2025-11,720,2025-04-01,2026-03-01,LSOA21 to single LAD25/CSP25 relationship
E22000204,Islington,2025-12,633,2025-04-01,2026-03-01,LSOA21 to single LAD25/CSP25 relationship
E22000204,Islington,2026-01,666,2025-04-01,2026-03-01,LSOA21 to single LAD25/CSP25 relationship
E22000204,Islington,2026-02,694,2025-04-01,2026-03-01,LSOA21 to single LAD25/CSP25 relationship
E22000204,Islington,2026-03,784,2025-04-01,2026-03-01,LSOA21 to single LAD25/CSP25 relationship
E22000205,Kensington and Chelsea,2025-04,433,2025-04-01,2026-03-01,LSOA21 to single LAD25/CSP25 relationship
E22000205,Kensington and Chelsea,2025-05,486,2025-04-01,2026-03-01,LSOA21 to single LAD25/CSP25 relationship
E22000205,Kensington and Chelsea,2025-06,466,2025-04-01,2026-03-01,LSOA21 to single LAD25/CSP25 relationship
E22000205,Kensington and Chelsea,2025-07,475,2025-04-01,2026-03-01,LSOA21 to single LAD25/CSP25 relationship
E22000205,Kensington and Chelsea,2025-08,512,2025-04-01,2026-03-01,LSOA21 to single LAD25/CSP25 relationship
E22000205,Kensington and Chelsea,2025-09,394,2025-04-01,2026-03-01,LSOA21 to single LAD25/CSP25 relationship
E22000205,Kensington and Chelsea,2025-10,405,2025-04-01,2026-03-01,LSOA21 to single LAD25/CSP25 relationship
E22000205,Kensington and Chelsea,2025-11,403,2025-04-01,2026-03-01,LSOA21 to single LAD25/CSP25 relationship
E22000205,Kensington and Chelsea,2025-12,376,2025-04-01,2026-03-01,LSOA21 to single LAD25/CSP25 relationship
E22000205,Kensington and Chelsea,2026-01,354,2025-04-01,2026-03-01,LSOA21 to single LAD25/CSP25 relationship
E22000205,Kensington and Chelsea,2026-02,342,2025-04-01,2026-03-01,LSOA21 to single LAD25/CSP25 relationship
E22000205,Kensington and Chelsea,2026-03,412,2025-04-01,2026-03-01,LSOA21 to single LAD25/CSP25 relationship
E22000206,Kingston upon Thames,2025-04,270,2025-04-01,2026-03-01,LSOA21 to single LAD25/CSP25 relationship
E22000206,Kingston upon Thames,2025-05,346,2025-04-01,2026-03-01,LSOA21 to single LAD25/CSP25 relationship
E22000206,Kingston upon Thames,2025-06,328,2025-04-01,2026-03-01,LSOA21 to single LAD25/CSP25 relationship
E22000206,Kingston upon Thames,2025-07,326,2025-04-01,2026-03-01,LSOA21 to single LAD25/CSP25 relationship
E22000206,Kingston upon Thames,2025-08,293,2025-04-01,2026-03-01,LSOA21 to single LAD25/CSP25 relationship
E22000206,Kingston upon Thames,2025-09,263,2025-04-01,2026-03-01,LSOA21 to single LAD25/CSP25 relationship
E22000206,Kingston upon Thames,2025-10,297,2025-04-01,2026-03-01,LSOA21 to single LAD25/CSP25 relationship
E22000206,Kingston upon Thames,2025-11,252,2025-04-01,2026-03-01,LSOA21 to single LAD25/CSP25 relationship
E22000206,Kingston upon Thames,2025-12,230,2025-04-01,2026-03-01,LSOA21 to single LAD25/CSP25 relationship
E22000206,Kingston upon Thames,2026-01,201,2025-04-01,2026-03-01,LSOA21 to single LAD25/CSP25 relationship
E22000206,Kingston upon Thames,2026-02,214,2025-04-01,2026-03-01,LSOA21 to single LAD25/CSP25 relationship
E22000206,Kingston upon Thames,2026-03,259,2025-04-01,2026-03-01,LSOA21 to single LAD25/CSP25 relationship
E22000207,Lambeth,2025-04,796,2025-04-01,2026-03-01,LSOA21 to single LAD25/CSP25 relationship
E22000207,Lambeth,2025-05,861,2025-04-01,2026-03-01,LSOA21 to single LAD25/CSP25 relationship
E22000207,Lambeth,2025-06,938,2025-04-01,2026-03-01,LSOA21 to single LAD25/CSP25 relationship
E22000207,Lambeth,2025-07,1026,2025-04-01,2026-03-01,LSOA21 to single LAD25/CSP25 relationship
E22000207,Lambeth,2025-08,968,2025-04-01,2026-03-01,LSOA21 to single LAD25/CSP25 relationship
E22000207,Lambeth,2025-09,902,2025-04-01,2026-03-01,LSOA21 to single LAD25/CSP25 relationship
E22000207,Lambeth,2025-10,853,2025-04-01,2026-03-01,LSOA21 to single LAD25/CSP25 relationship
E22000207,Lambeth,2025-11,749,2025-04-01,2026-03-01,LSOA21 to single LAD25/CSP25 relationship
E22000207,Lambeth,2025-12,735,2025-04-01,2026-03-01,LSOA21 to single LAD25/CSP25 relationship
E22000207,Lambeth,2026-01,714,2025-04-01,2026-03-01,LSOA21 to single LAD25/CSP25 relationship
E22000207,Lambeth,2026-02,674,2025-04-01,2026-03-01,LSOA21 to single LAD25/CSP25 relationship
E22000207,Lambeth,2026-03,758,2025-04-01,2026-03-01,LSOA21 to single LAD25/CSP25 relationship
E22000208,Lewisham,2025-04,550,2025-04-01,2026-03-01,LSOA21 to single LAD25/CSP25 relationship
E22000208,Lewisham,2025-05,693,2025-04-01,2026-03-01,LSOA21 to single LAD25/CSP25 relationship
E22000208,Lewisham,2025-06,708,2025-04-01,2026-03-01,LSOA21 to single LAD25/CSP25 relationship
E22000208,Lewisham,2025-07,726,2025-04-01,2026-03-01,LSOA21 to single LAD25/CSP25 relationship
E22000208,Lewisham,2025-08,785,2025-04-01,2026-03-01,LSOA21 to single LAD25/CSP25 relationship
E22000208,Lewisham,2025-09,565,2025-04-01,2026-03-01,LSOA21 to single LAD25/CSP25 relationship
E22000208,Lewisham,2025-10,614,2025-04-01,2026-03-01,LSOA21 to single LAD25/CSP25 relationship
E22000208,Lewisham,2025-11,531,2025-04-01,2026-03-01,LSOA21 to single LAD25/CSP25 relationship
E22000208,Lewisham,2025-12,482,2025-04-01,2026-03-01,LSOA21 to single LAD25/CSP25 relationship
E22000208,Lewisham,2026-01,502,2025-04-01,2026-03-01,LSOA21 to single LAD25/CSP25 relationship
E22000208,Lewisham,2026-02,514,2025-04-01,2026-03-01,LSOA21 to single LAD25/CSP25 relationship
E22000208,Lewisham,2026-03,520,2025-04-01,2026-03-01,LSOA21 to single LAD25/CSP25 relationship
E22000209,Merton,2025-04,305,2025-04-01,2026-03-01,LSOA21 to single LAD25/CSP25 relationship
E22000209,Merton,2025-05,334,2025-04-01,2026-03-01,LSOA21 to single LAD25/CSP25 relationship
E22000209,Merton,2025-06,330,2025-04-01,2026-03-01,LSOA21 to single LAD25/CSP25 relationship
E22000209,Merton,2025-07,447,2025-04-01,2026-03-01,LSOA21 to single LAD25/CSP25 relationship
E22000209,Merton,2025-08,348,2025-04-01,2026-03-01,LSOA21 to single LAD25/CSP25 relationship
E22000209,Merton,2025-09,286,2025-04-01,2026-03-01,LSOA21 to single LAD25/CSP25 relationship
E22000209,Merton,2025-10,331,2025-04-01,2026-03-01,LSOA21 to single LAD25/CSP25 relationship
E22000209,Merton,2025-11,230,2025-04-01,2026-03-01,LSOA21 to single LAD25/CSP25 relationship
E22000209,Merton,2025-12,251,2025-04-01,2026-03-01,LSOA21 to single LAD25/CSP25 relationship
E22000209,Merton,2026-01,213,2025-04-01,2026-03-01,LSOA21 to single LAD25/CSP25 relationship
E22000209,Merton,2026-02,251,2025-04-01,2026-03-01,LSOA21 to single LAD25/CSP25 relationship
E22000209,Merton,2026-03,258,2025-04-01,2026-03-01,LSOA21 to single LAD25/CSP25 relationship
E22000210,Newham,2025-04,805,2025-04-01,2026-03-01,LSOA21 to single LAD25/CSP25 relationship
E22000210,Newham,2025-05,835,2025-04-01,2026-03-01,LSOA21 to single LAD25/CSP25 relationship
E22000210,Newham,2025-06,985,2025-04-01,2026-03-01,LSOA21 to single LAD25/CSP25 relationship
E22000210,Newham,2025-07,1103,2025-04-01,2026-03-01,LSOA21 to single LAD25/CSP25 relationship
E22000210,Newham,2025-08,958,2025-04-01,2026-03-01,LSOA21 to single LAD25/CSP25 relationship
E22000210,Newham,2025-09,822,2025-04-01,2026-03-01,LSOA21 to single LAD25/CSP25 relationship
E22000210,Newham,2025-10,911,2025-04-01,2026-03-01,LSOA21 to single LAD25/CSP25 relationship
E22000210,Newham,2025-11,804,2025-04-01,2026-03-01,LSOA21 to single LAD25/CSP25 relationship
E22000210,Newham,2025-12,653,2025-04-01,2026-03-01,LSOA21 to single LAD25/CSP25 relationship
E22000210,Newham,2026-01,681,2025-04-01,2026-03-01,LSOA21 to single LAD25/CSP25 relationship
E22000210,Newham,2026-02,666,2025-04-01,2026-03-01,LSOA21 to single LAD25/CSP25 relationship
E22000210,Newham,2026-03,817,2025-04-01,2026-03-01,LSOA21 to single LAD25/CSP25 relationship
E22000211,Redbridge,2025-04,528,2025-04-01,2026-03-01,LSOA21 to single LAD25/CSP25 relationship
E22000211,Redbridge,2025-05,542,2025-04-01,2026-03-01,LSOA21 to single LAD25/CSP25 relationship
E22000211,Redbridge,2025-06,556,2025-04-01,2026-03-01,LSOA21 to single LAD25/CSP25 relationship
E22000211,Redbridge,2025-07,626,2025-04-01,2026-03-01,LSOA21 to single LAD25/CSP25 relationship
E22000211,Redbridge,2025-08,628,2025-04-01,2026-03-01,LSOA21 to single LAD25/CSP25 relationship
E22000211,Redbridge,2025-09,480,2025-04-01,2026-03-01,LSOA21 to single LAD25/CSP25 relationship
E22000211,Redbridge,2025-10,612,2025-04-01,2026-03-01,LSOA21 to single LAD25/CSP25 relationship
E22000211,Redbridge,2025-11,458,2025-04-01,2026-03-01,LSOA21 to single LAD25/CSP25 relationship
E22000211,Redbridge,2025-12,454,2025-04-01,2026-03-01,LSOA21 to single LAD25/CSP25 relationship
E22000211,Redbridge,2026-01,454,2025-04-01,2026-03-01,LSOA21 to single LAD25/CSP25 relationship
E22000211,Redbridge,2026-02,426,2025-04-01,2026-03-01,LSOA21 to single LAD25/CSP25 relationship
E22000211,Redbridge,2026-03,481,2025-04-01,2026-03-01,LSOA21 to single LAD25/CSP25 relationship
E22000212,Richmond upon Thames,2025-04,267,2025-04-01,2026-03-01,LSOA21 to single LAD25/CSP25 relationship
E22000212,Richmond upon Thames,2025-05,305,2025-04-01,2026-03-01,LSOA21 to single LAD25/CSP25 relationship
E22000212,Richmond upon Thames,2025-06,301,2025-04-01,2026-03-01,LSOA21 to single LAD25/CSP25 relationship
E22000212,Richmond upon Thames,2025-07,299,2025-04-01,2026-03-01,LSOA21 to single LAD25/CSP25 relationship
E22000212,Richmond upon Thames,2025-08,300,2025-04-01,2026-03-01,LSOA21 to single LAD25/CSP25 relationship
E22000212,Richmond upon Thames,2025-09,227,2025-04-01,2026-03-01,LSOA21 to single LAD25/CSP25 relationship
E22000212,Richmond upon Thames,2025-10,269,2025-04-01,2026-03-01,LSOA21 to single LAD25/CSP25 relationship
E22000212,Richmond upon Thames,2025-11,254,2025-04-01,2026-03-01,LSOA21 to single LAD25/CSP25 relationship
E22000212,Richmond upon Thames,2025-12,213,2025-04-01,2026-03-01,LSOA21 to single LAD25/CSP25 relationship
E22000212,Richmond upon Thames,2026-01,226,2025-04-01,2026-03-01,LSOA21 to single LAD25/CSP25 relationship
E22000212,Richmond upon Thames,2026-02,213,2025-04-01,2026-03-01,LSOA21 to single LAD25/CSP25 relationship
E22000212,Richmond upon Thames,2026-03,275,2025-04-01,2026-03-01,LSOA21 to single LAD25/CSP25 relationship
E22000213,Southwark,2025-04,800,2025-04-01,2026-03-01,LSOA21 to single LAD25/CSP25 relationship
E22000213,Southwark,2025-05,889,2025-04-01,2026-03-01,LSOA21 to single LAD25/CSP25 relationship
E22000213,Southwark,2025-06,957,2025-04-01,2026-03-01,LSOA21 to single LAD25/CSP25 relationship
E22000213,Southwark,2025-07,946,2025-04-01,2026-03-01,LSOA21 to single LAD25/CSP25 relationship
E22000213,Southwark,2025-08,881,2025-04-01,2026-03-01,LSOA21 to single LAD25/CSP25 relationship
E22000213,Southwark,2025-09,826,2025-04-01,2026-03-01,LSOA21 to single LAD25/CSP25 relationship
E22000213,Southwark,2025-10,835,2025-04-01,2026-03-01,LSOA21 to single LAD25/CSP25 relationship
E22000213,Southwark,2025-11,783,2025-04-01,2026-03-01,LSOA21 to single LAD25/CSP25 relationship
E22000213,Southwark,2025-12,667,2025-04-01,2026-03-01,LSOA21 to single LAD25/CSP25 relationship
E22000213,Southwark,2026-01,632,2025-04-01,2026-03-01,LSOA21 to single LAD25/CSP25 relationship
E22000213,Southwark,2026-02,692,2025-04-01,2026-03-01,LSOA21 to single LAD25/CSP25 relationship
E22000213,Southwark,2026-03,751,2025-04-01,2026-03-01,LSOA21 to single LAD25/CSP25 relationship
E22000214,Sutton,2025-04,262,2025-04-01,2026-03-01,LSOA21 to single LAD25/CSP25 relationship
E22000214,Sutton,2025-05,283,2025-04-01,2026-03-01,LSOA21 to single LAD25/CSP25 relationship
E22000214,Sutton,2025-06,280,2025-04-01,2026-03-01,LSOA21 to single LAD25/CSP25 relationship
E22000214,Sutton,2025-07,340,2025-04-01,2026-03-01,LSOA21 to single LAD25/CSP25 relationship
E22000214,Sutton,2025-08,316,2025-04-01,2026-03-01,LSOA21 to single LAD25/CSP25 relationship
E22000214,Sutton,2025-09,243,2025-04-01,2026-03-01,LSOA21 to single LAD25/CSP25 relationship
E22000214,Sutton,2025-10,268,2025-04-01,2026-03-01,LSOA21 to single LAD25/CSP25 relationship
E22000214,Sutton,2025-11,238,2025-04-01,2026-03-01,LSOA21 to single LAD25/CSP25 relationship
E22000214,Sutton,2025-12,236,2025-04-01,2026-03-01,LSOA21 to single LAD25/CSP25 relationship
E22000214,Sutton,2026-01,191,2025-04-01,2026-03-01,LSOA21 to single LAD25/CSP25 relationship
E22000214,Sutton,2026-02,236,2025-04-01,2026-03-01,LSOA21 to single LAD25/CSP25 relationship
E22000214,Sutton,2026-03,264,2025-04-01,2026-03-01,LSOA21 to single LAD25/CSP25 relationship
E22000215,Tower Hamlets,2025-04,914,2025-04-01,2026-03-01,LSOA21 to single LAD25/CSP25 relationship
E22000215,Tower Hamlets,2025-05,1057,2025-04-01,2026-03-01,LSOA21 to single LAD25/CSP25 relationship
E22000215,Tower Hamlets,2025-06,1186,2025-04-01,2026-03-01,LSOA21 to single LAD25/CSP25 relationship
E22000215,Tower Hamlets,2025-07,1306,2025-04-01,2026-03-01,LSOA21 to single LAD25/CSP25 relationship
E22000215,Tower Hamlets,2025-08,1141,2025-04-01,2026-03-01,LSOA21 to single LAD25/CSP25 relationship
E22000215,Tower Hamlets,2025-09,877,2025-04-01,2026-03-01,LSOA21 to single LAD25/CSP25 relationship
E22000215,Tower Hamlets,2025-10,849,2025-04-01,2026-03-01,LSOA21 to single LAD25/CSP25 relationship
E22000215,Tower Hamlets,2025-11,810,2025-04-01,2026-03-01,LSOA21 to single LAD25/CSP25 relationship
E22000215,Tower Hamlets,2025-12,693,2025-04-01,2026-03-01,LSOA21 to single LAD25/CSP25 relationship
E22000215,Tower Hamlets,2026-01,703,2025-04-01,2026-03-01,LSOA21 to single LAD25/CSP25 relationship
E22000215,Tower Hamlets,2026-02,660,2025-04-01,2026-03-01,LSOA21 to single LAD25/CSP25 relationship
E22000215,Tower Hamlets,2026-03,811,2025-04-01,2026-03-01,LSOA21 to single LAD25/CSP25 relationship
E22000216,Waltham Forest,2025-04,538,2025-04-01,2026-03-01,LSOA21 to single LAD25/CSP25 relationship
E22000216,Waltham Forest,2025-05,641,2025-04-01,2026-03-01,LSOA21 to single LAD25/CSP25 relationship
E22000216,Waltham Forest,2025-06,641,2025-04-01,2026-03-01,LSOA21 to single LAD25/CSP25 relationship
E22000216,Waltham Forest,2025-07,695,2025-04-01,2026-03-01,LSOA21 to single LAD25/CSP25 relationship
E22000216,Waltham Forest,2025-08,630,2025-04-01,2026-03-01,LSOA21 to single LAD25/CSP25 relationship
E22000216,Waltham Forest,2025-09,548,2025-04-01,2026-03-01,LSOA21 to single LAD25/CSP25 relationship
E22000216,Waltham Forest,2025-10,626,2025-04-01,2026-03-01,LSOA21 to single LAD25/CSP25 relationship
E22000216,Waltham Forest,2025-11,584,2025-04-01,2026-03-01,LSOA21 to single LAD25/CSP25 relationship
E22000216,Waltham Forest,2025-12,474,2025-04-01,2026-03-01,LSOA21 to single LAD25/CSP25 relationship
E22000216,Waltham Forest,2026-01,474,2025-04-01,2026-03-01,LSOA21 to single LAD25/CSP25 relationship
E22000216,Waltham Forest,2026-02,450,2025-04-01,2026-03-01,LSOA21 to single LAD25/CSP25 relationship
E22000216,Waltham Forest,2026-03,547,2025-04-01,2026-03-01,LSOA21 to single LAD25/CSP25 relationship
E22000217,Wandsworth,2025-04,628,2025-04-01,2026-03-01,LSOA21 to single LAD25/CSP25 relationship
E22000217,Wandsworth,2025-05,696,2025-04-01,2026-03-01,LSOA21 to single LAD25/CSP25 relationship
E22000217,Wandsworth,2025-06,751,2025-04-01,2026-03-01,LSOA21 to single LAD25/CSP25 relationship
E22000217,Wandsworth,2025-07,818,2025-04-01,2026-03-01,LSOA21 to single LAD25/CSP25 relationship
E22000217,Wandsworth,2025-08,687,2025-04-01,2026-03-01,LSOA21 to single LAD25/CSP25 relationship
E22000217,Wandsworth,2025-09,599,2025-04-01,2026-03-01,LSOA21 to single LAD25/CSP25 relationship
E22000217,Wandsworth,2025-10,617,2025-04-01,2026-03-01,LSOA21 to single LAD25/CSP25 relationship
E22000217,Wandsworth,2025-11,592,2025-04-01,2026-03-01,LSOA21 to single LAD25/CSP25 relationship
E22000217,Wandsworth,2025-12,494,2025-04-01,2026-03-01,LSOA21 to single LAD25/CSP25 relationship
E22000217,Wandsworth,2026-01,466,2025-04-01,2026-03-01,LSOA21 to single LAD25/CSP25 relationship
E22000217,Wandsworth,2026-02,499,2025-04-01,2026-03-01,LSOA21 to single LAD25/CSP25 relationship
E22000217,Wandsworth,2026-03,599,2025-04-01,2026-03-01,LSOA21 to single LAD25/CSP25 relationship
E22000218,Breckland,2025-04,96,2025-04-01,2026-03-01,LSOA21 to single LAD25/CSP25 relationship
E22000218,Breckland,2025-05,109,2025-04-01,2026-03-01,LSOA21 to single LAD25/CSP25 relationship
E22000218,Breckland,2025-06,90,2025-04-01,2026-03-01,LSOA21 to single LAD25/CSP25 relationship
E22000218,Breckland,2025-07,140,2025-04-01,2026-03-01,LSOA21 to single LAD25/CSP25 relationship
E22000218,Breckland,2025-08,106,2025-04-01,2026-03-01,LSOA21 to single LAD25/CSP25 relationship
E22000218,Breckland,2025-09,63,2025-04-01,2026-03-01,LSOA21 to single LAD25/CSP25 relationship
E22000218,Breckland,2025-10,93,2025-04-01,2026-03-01,LSOA21 to single LAD25/CSP25 relationship
E22000218,Breckland,2025-11,60,2025-04-01,2026-03-01,LSOA21 to single LAD25/CSP25 relationship
E22000218,Breckland,2025-12,72,2025-04-01,2026-03-01,LSOA21 to single LAD25/CSP25 relationship
E22000218,Breckland,2026-01,56,2025-04-01,2026-03-01,LSOA21 to single LAD25/CSP25 relationship
E22000218,Breckland,2026-02,62,2025-04-01,2026-03-01,LSOA21 to single LAD25/CSP25 relationship
E22000218,Breckland,2026-03,88,2025-04-01,2026-03-01,LSOA21 to single LAD25/CSP25 relationship
E22000219,Broadland,2025-04,77,2025-04-01,2026-03-01,LSOA21 to single LAD25/CSP25 relationship
E22000219,Broadland,2025-05,50,2025-04-01,2026-03-01,LSOA21 to single LAD25/CSP25 relationship
E22000219,Broadland,2025-06,80,2025-04-01,2026-03-01,LSOA21 to single LAD25/CSP25 relationship
E22000219,Broadland,2025-07,68,2025-04-01,2026-03-01,LSOA21 to single LAD25/CSP25 relationship
E22000219,Broadland,2025-08,65,2025-04-01,2026-03-01,LSOA21 to single LAD25/CSP25 relationship
E22000219,Broadland,2025-09,49,2025-04-01,2026-03-01,LSOA21 to single LAD25/CSP25 relationship
E22000219,Broadland,2025-10,63,2025-04-01,2026-03-01,LSOA21 to single LAD25/CSP25 relationship
E22000219,Broadland,2025-11,36,2025-04-01,2026-03-01,LSOA21 to single LAD25/CSP25 relationship
E22000219,Broadland,2025-12,61,2025-04-01,2026-03-01,LSOA21 to single LAD25/CSP25 relationship
E22000219,Broadland,2026-01,56,2025-04-01,2026-03-01,LSOA21 to single LAD25/CSP25 relationship
E22000219,Broadland,2026-02,40,2025-04-01,2026-03-01,LSOA21 to single LAD25/CSP25 relationship
E22000219,Broadland,2026-03,64,2025-04-01,2026-03-01,LSOA21 to single LAD25/CSP25 relationship
E22000220,Great Yarmouth,2025-04,129,2025-04-01,2026-03-01,LSOA21 to single LAD25/CSP25 relationship
E22000220,Great Yarmouth,2025-05,139,2025-04-01,2026-03-01,LSOA21 to single LAD25/CSP25 relationship
E22000220,Great Yarmouth,2025-06,166,2025-04-01,2026-03-01,LSOA21 to single LAD25/CSP25 relationship
E22000220,Great Yarmouth,2025-07,150,2025-04-01,2026-03-01,LSOA21 to single LAD25/CSP25 relationship
E22000220,Great Yarmouth,2025-08,153,2025-04-01,2026-03-01,LSOA21 to single LAD25/CSP25 relationship
E22000220,Great Yarmouth,2025-09,118,2025-04-01,2026-03-01,LSOA21 to single LAD25/CSP25 relationship
E22000220,Great Yarmouth,2025-10,118,2025-04-01,2026-03-01,LSOA21 to single LAD25/CSP25 relationship
E22000220,Great Yarmouth,2025-11,85,2025-04-01,2026-03-01,LSOA21 to single LAD25/CSP25 relationship
E22000220,Great Yarmouth,2025-12,82,2025-04-01,2026-03-01,LSOA21 to single LAD25/CSP25 relationship
E22000220,Great Yarmouth,2026-01,102,2025-04-01,2026-03-01,LSOA21 to single LAD25/CSP25 relationship
E22000220,Great Yarmouth,2026-02,97,2025-04-01,2026-03-01,LSOA21 to single LAD25/CSP25 relationship
E22000220,Great Yarmouth,2026-03,144,2025-04-01,2026-03-01,LSOA21 to single LAD25/CSP25 relationship
E22000221,King's Lynn and West Norfolk,2025-04,111,2025-04-01,2026-03-01,LSOA21 to single LAD25/CSP25 relationship
E22000221,King's Lynn and West Norfolk,2025-05,121,2025-04-01,2026-03-01,LSOA21 to single LAD25/CSP25 relationship
E22000221,King's Lynn and West Norfolk,2025-06,111,2025-04-01,2026-03-01,LSOA21 to single LAD25/CSP25 relationship
E22000221,King's Lynn and West Norfolk,2025-07,119,2025-04-01,2026-03-01,LSOA21 to single LAD25/CSP25 relationship
E22000221,King's Lynn and West Norfolk,2025-08,119,2025-04-01,2026-03-01,LSOA21 to single LAD25/CSP25 relationship
E22000221,King's Lynn and West Norfolk,2025-09,98,2025-04-01,2026-03-01,LSOA21 to single LAD25/CSP25 relationship
E22000221,King's Lynn and West Norfolk,2025-10,89,2025-04-01,2026-03-01,LSOA21 to single LAD25/CSP25 relationship
E22000221,King's Lynn and West Norfolk,2025-11,63,2025-04-01,2026-03-01,LSOA21 to single LAD25/CSP25 relationship
E22000221,King's Lynn and West Norfolk,2025-12,66,2025-04-01,2026-03-01,LSOA21 to single LAD25/CSP25 relationship
E22000221,King's Lynn and West Norfolk,2026-01,63,2025-04-01,2026-03-01,LSOA21 to single LAD25/CSP25 relationship
E22000221,King's Lynn and West Norfolk,2026-02,81,2025-04-01,2026-03-01,LSOA21 to single LAD25/CSP25 relationship
E22000221,King's Lynn and West Norfolk,2026-03,79,2025-04-01,2026-03-01,LSOA21 to single LAD25/CSP25 relationship
E22000222,North Norfolk,2025-04,66,2025-04-01,2026-03-01,LSOA21 to single LAD25/CSP25 relationship
E22000222,North Norfolk,2025-05,60,2025-04-01,2026-03-01,LSOA21 to single LAD25/CSP25 relationship
E22000222,North Norfolk,2025-06,56,2025-04-01,2026-03-01,LSOA21 to single LAD25/CSP25 relationship
E22000222,North Norfolk,2025-07,53,2025-04-01,2026-03-01,LSOA21 to single LAD25/CSP25 relationship
E22000222,North Norfolk,2025-08,54,2025-04-01,2026-03-01,LSOA21 to single LAD25/CSP25 relationship
E22000222,North Norfolk,2025-09,49,2025-04-01,2026-03-01,LSOA21 to single LAD25/CSP25 relationship
E22000222,North Norfolk,2025-10,53,2025-04-01,2026-03-01,LSOA21 to single LAD25/CSP25 relationship
E22000222,North Norfolk,2025-11,49,2025-04-01,2026-03-01,LSOA21 to single LAD25/CSP25 relationship
E22000222,North Norfolk,2025-12,38,2025-04-01,2026-03-01,LSOA21 to single LAD25/CSP25 relationship
E22000222,North Norfolk,2026-01,47,2025-04-01,2026-03-01,LSOA21 to single LAD25/CSP25 relationship
E22000222,North Norfolk,2026-02,55,2025-04-01,2026-03-01,LSOA21 to single LAD25/CSP25 relationship
E22000222,North Norfolk,2026-03,92,2025-04-01,2026-03-01,LSOA21 to single LAD25/CSP25 relationship
E22000223,Norwich,2025-04,245,2025-04-01,2026-03-01,LSOA21 to single LAD25/CSP25 relationship
E22000223,Norwich,2025-05,261,2025-04-01,2026-03-01,LSOA21 to single LAD25/CSP25 relationship
E22000223,Norwich,2025-06,224,2025-04-01,2026-03-01,LSOA21 to single LAD25/CSP25 relationship
E22000223,Norwich,2025-07,247,2025-04-01,2026-03-01,LSOA21 to single LAD25/CSP25 relationship
E22000223,Norwich,2025-08,261,2025-04-01,2026-03-01,LSOA21 to single LAD25/CSP25 relationship
E22000223,Norwich,2025-09,220,2025-04-01,2026-03-01,LSOA21 to single LAD25/CSP25 relationship
E22000223,Norwich,2025-10,217,2025-04-01,2026-03-01,LSOA21 to single LAD25/CSP25 relationship
E22000223,Norwich,2025-11,189,2025-04-01,2026-03-01,LSOA21 to single LAD25/CSP25 relationship
E22000223,Norwich,2025-12,209,2025-04-01,2026-03-01,LSOA21 to single LAD25/CSP25 relationship
E22000223,Norwich,2026-01,172,2025-04-01,2026-03-01,LSOA21 to single LAD25/CSP25 relationship
E22000223,Norwich,2026-02,210,2025-04-01,2026-03-01,LSOA21 to single LAD25/CSP25 relationship
E22000223,Norwich,2026-03,227,2025-04-01,2026-03-01,LSOA21 to single LAD25/CSP25 relationship
E22000224,South Norfolk,2025-04,72,2025-04-01,2026-03-01,LSOA21 to single LAD25/CSP25 relationship
E22000224,South Norfolk,2025-05,81,2025-04-01,2026-03-01,LSOA21 to single LAD25/CSP25 relationship
E22000224,South Norfolk,2025-06,89,2025-04-01,2026-03-01,LSOA21 to single LAD25/CSP25 relationship
E22000224,South Norfolk,2025-07,93,2025-04-01,2026-03-01,LSOA21 to single LAD25/CSP25 relationship
E22000224,South Norfolk,2025-08,68,2025-04-01,2026-03-01,LSOA21 to single LAD25/CSP25 relationship
E22000224,South Norfolk,2025-09,51,2025-04-01,2026-03-01,LSOA21 to single LAD25/CSP25 relationship
E22000224,South Norfolk,2025-10,67,2025-04-01,2026-03-01,LSOA21 to single LAD25/CSP25 relationship
E22000224,South Norfolk,2025-11,49,2025-04-01,2026-03-01,LSOA21 to single LAD25/CSP25 relationship
E22000224,South Norfolk,2025-12,51,2025-04-01,2026-03-01,LSOA21 to single LAD25/CSP25 relationship
E22000224,South Norfolk,2026-01,51,2025-04-01,2026-03-01,LSOA21 to single LAD25/CSP25 relationship
E22000224,South Norfolk,2026-02,60,2025-04-01,2026-03-01,LSOA21 to single LAD25/CSP25 relationship
E22000224,South Norfolk,2026-03,71,2025-04-01,2026-03-01,LSOA21 to single LAD25/CSP25 relationship
E22000244,Gateshead,2025-04,304,2025-04-01,2026-03-01,LSOA21 to single LAD25/CSP25 relationship
E22000244,Gateshead,2025-05,336,2025-04-01,2026-03-01,LSOA21 to single LAD25/CSP25 relationship
E22000244,Gateshead,2025-06,340,2025-04-01,2026-03-01,LSOA21 to single LAD25/CSP25 relationship
E22000244,Gateshead,2025-07,359,2025-04-01,2026-03-01,LSOA21 to single LAD25/CSP25 relationship
E22000244,Gateshead,2025-08,396,2025-04-01,2026-03-01,LSOA21 to single LAD25/CSP25 relationship
E22000244,Gateshead,2025-09,308,2025-04-01,2026-03-01,LSOA21 to single LAD25/CSP25 relationship
E22000244,Gateshead,2025-10,353,2025-04-01,2026-03-01,LSOA21 to single LAD25/CSP25 relationship
E22000244,Gateshead,2025-11,292,2025-04-01,2026-03-01,LSOA21 to single LAD25/CSP25 relationship
E22000244,Gateshead,2025-12,256,2025-04-01,2026-03-01,LSOA21 to single LAD25/CSP25 relationship
E22000244,Gateshead,2026-01,247,2025-04-01,2026-03-01,LSOA21 to single LAD25/CSP25 relationship
E22000244,Gateshead,2026-02,236,2025-04-01,2026-03-01,LSOA21 to single LAD25/CSP25 relationship
E22000244,Gateshead,2026-03,302,2025-04-01,2026-03-01,LSOA21 to single LAD25/CSP25 relationship
E22000245,Newcastle upon Tyne,2025-04,679,2025-04-01,2026-03-01,LSOA21 to single LAD25/CSP25 relationship
E22000245,Newcastle upon Tyne,2025-05,788,2025-04-01,2026-03-01,LSOA21 to single LAD25/CSP25 relationship
E22000245,Newcastle upon Tyne,2025-06,651,2025-04-01,2026-03-01,LSOA21 to single LAD25/CSP25 relationship
E22000245,Newcastle upon Tyne,2025-07,730,2025-04-01,2026-03-01,LSOA21 to single LAD25/CSP25 relationship
E22000245,Newcastle upon Tyne,2025-08,707,2025-04-01,2026-03-01,LSOA21 to single LAD25/CSP25 relationship
E22000245,Newcastle upon Tyne,2025-09,692,2025-04-01,2026-03-01,LSOA21 to single LAD25/CSP25 relationship
E22000245,Newcastle upon Tyne,2025-10,880,2025-04-01,2026-03-01,LSOA21 to single LAD25/CSP25 relationship
E22000245,Newcastle upon Tyne,2025-11,613,2025-04-01,2026-03-01,LSOA21 to single LAD25/CSP25 relationship
E22000245,Newcastle upon Tyne,2025-12,492,2025-04-01,2026-03-01,LSOA21 to single LAD25/CSP25 relationship
E22000245,Newcastle upon Tyne,2026-01,518,2025-04-01,2026-03-01,LSOA21 to single LAD25/CSP25 relationship
E22000245,Newcastle upon Tyne,2026-02,505,2025-04-01,2026-03-01,LSOA21 to single LAD25/CSP25 relationship
E22000245,Newcastle upon Tyne,2026-03,633,2025-04-01,2026-03-01,LSOA21 to single LAD25/CSP25 relationship
E22000246,North Tyneside,2025-04,385,2025-04-01,2026-03-01,LSOA21 to single LAD25/CSP25 relationship
E22000246,North Tyneside,2025-05,388,2025-04-01,2026-03-01,LSOA21 to single LAD25/CSP25 relationship
E22000246,North Tyneside,2025-06,316,2025-04-01,2026-03-01,LSOA21 to single LAD25/CSP25 relationship
E22000246,North Tyneside,2025-07,361,2025-04-01,2026-03-01,LSOA21 to single LAD25/CSP25 relationship
E22000246,North Tyneside,2025-08,373,2025-04-01,2026-03-01,LSOA21 to single LAD25/CSP25 relationship
E22000246,North Tyneside,2025-09,282,2025-04-01,2026-03-01,LSOA21 to single LAD25/CSP25 relationship
E22000246,North Tyneside,2025-10,316,2025-04-01,2026-03-01,LSOA21 to single LAD25/CSP25 relationship
E22000246,North Tyneside,2025-11,247,2025-04-01,2026-03-01,LSOA21 to single LAD25/CSP25 relationship
E22000246,North Tyneside,2025-12,191,2025-04-01,2026-03-01,LSOA21 to single LAD25/CSP25 relationship
E22000246,North Tyneside,2026-01,192,2025-04-01,2026-03-01,LSOA21 to single LAD25/CSP25 relationship
E22000246,North Tyneside,2026-02,225,2025-04-01,2026-03-01,LSOA21 to single LAD25/CSP25 relationship
E22000246,North Tyneside,2026-03,346,2025-04-01,2026-03-01,LSOA21 to single LAD25/CSP25 relationship
E22000247,South Tyneside,2025-04,289,2025-04-01,2026-03-01,LSOA21 to single LAD25/CSP25 relationship
E22000247,South Tyneside,2025-05,273,2025-04-01,2026-03-01,LSOA21 to single LAD25/CSP25 relationship
E22000247,South Tyneside,2025-06,250,2025-04-01,2026-03-01,LSOA21 to single LAD25/CSP25 relationship
E22000247,South Tyneside,2025-07,278,2025-04-01,2026-03-01,LSOA21 to single LAD25/CSP25 relationship
E22000247,South Tyneside,2025-08,287,2025-04-01,2026-03-01,LSOA21 to single LAD25/CSP25 relationship
E22000247,South Tyneside,2025-09,288,2025-04-01,2026-03-01,LSOA21 to single LAD25/CSP25 relationship
E22000247,South Tyneside,2025-10,228,2025-04-01,2026-03-01,LSOA21 to single LAD25/CSP25 relationship
E22000247,South Tyneside,2025-11,196,2025-04-01,2026-03-01,LSOA21 to single LAD25/CSP25 relationship
E22000247,South Tyneside,2025-12,178,2025-04-01,2026-03-01,LSOA21 to single LAD25/CSP25 relationship
E22000247,South Tyneside,2026-01,175,2025-04-01,2026-03-01,LSOA21 to single LAD25/CSP25 relationship
E22000247,South Tyneside,2026-02,176,2025-04-01,2026-03-01,LSOA21 to single LAD25/CSP25 relationship
E22000247,South Tyneside,2026-03,223,2025-04-01,2026-03-01,LSOA21 to single LAD25/CSP25 relationship
E22000248,Sunderland,2025-04,481,2025-04-01,2026-03-01,LSOA21 to single LAD25/CSP25 relationship
E22000248,Sunderland,2025-05,511,2025-04-01,2026-03-01,LSOA21 to single LAD25/CSP25 relationship
E22000248,Sunderland,2025-06,474,2025-04-01,2026-03-01,LSOA21 to single LAD25/CSP25 relationship
E22000248,Sunderland,2025-07,464,2025-04-01,2026-03-01,LSOA21 to single LAD25/CSP25 relationship
E22000248,Sunderland,2025-08,437,2025-04-01,2026-03-01,LSOA21 to single LAD25/CSP25 relationship
E22000248,Sunderland,2025-09,458,2025-04-01,2026-03-01,LSOA21 to single LAD25/CSP25 relationship
E22000248,Sunderland,2025-10,385,2025-04-01,2026-03-01,LSOA21 to single LAD25/CSP25 relationship
E22000248,Sunderland,2025-11,373,2025-04-01,2026-03-01,LSOA21 to single LAD25/CSP25 relationship
E22000248,Sunderland,2025-12,257,2025-04-01,2026-03-01,LSOA21 to single LAD25/CSP25 relationship
E22000248,Sunderland,2026-01,301,2025-04-01,2026-03-01,LSOA21 to single LAD25/CSP25 relationship
E22000248,Sunderland,2026-02,336,2025-04-01,2026-03-01,LSOA21 to single LAD25/CSP25 relationship
E22000248,Sunderland,2026-03,431,2025-04-01,2026-03-01,LSOA21 to single LAD25/CSP25 relationship
E22000251,Ashfield,2025-04,187,2025-04-01,2026-03-01,LSOA21 to single LAD25/CSP25 relationship
E22000251,Ashfield,2025-05,197,2025-04-01,2026-03-01,LSOA21 to single LAD25/CSP25 relationship
E22000251,Ashfield,2025-06,197,2025-04-01,2026-03-01,LSOA21 to single LAD25/CSP25 relationship
E22000251,Ashfield,2025-07,206,2025-04-01,2026-03-01,LSOA21 to single LAD25/CSP25 relationship
E22000251,Ashfield,2025-08,204,2025-04-01,2026-03-01,LSOA21 to single LAD25/CSP25 relationship
E22000251,Ashfield,2025-09,178,2025-04-01,2026-03-01,LSOA21 to single LAD25/CSP25 relationship
E22000251,Ashfield,2025-10,182,2025-04-01,2026-03-01,LSOA21 to single LAD25/CSP25 relationship
E22000251,Ashfield,2025-11,179,2025-04-01,2026-03-01,LSOA21 to single LAD25/CSP25 relationship
E22000251,Ashfield,2025-12,144,2025-04-01,2026-03-01,LSOA21 to single LAD25/CSP25 relationship
E22000251,Ashfield,2026-01,188,2025-04-01,2026-03-01,LSOA21 to single LAD25/CSP25 relationship
E22000251,Ashfield,2026-02,184,2025-04-01,2026-03-01,LSOA21 to single LAD25/CSP25 relationship
E22000251,Ashfield,2026-03,200,2025-04-01,2026-03-01,LSOA21 to single LAD25/CSP25 relationship
E22000252,Bassetlaw,2025-04,177,2025-04-01,2026-03-01,LSOA21 to single LAD25/CSP25 relationship
E22000252,Bassetlaw,2025-05,130,2025-04-01,2026-03-01,LSOA21 to single LAD25/CSP25 relationship
E22000252,Bassetlaw,2025-06,149,2025-04-01,2026-03-01,LSOA21 to single LAD25/CSP25 relationship
E22000252,Bassetlaw,2025-07,202,2025-04-01,2026-03-01,LSOA21 to single LAD25/CSP25 relationship
E22000252,Bassetlaw,2025-08,157,2025-04-01,2026-03-01,LSOA21 to single LAD25/CSP25 relationship
E22000252,Bassetlaw,2025-09,170,2025-04-01,2026-03-01,LSOA21 to single LAD25/CSP25 relationship
E22000252,Bassetlaw,2025-10,168,2025-04-01,2026-03-01,LSOA21 to single LAD25/CSP25 relationship
E22000252,Bassetlaw,2025-11,156,2025-04-01,2026-03-01,LSOA21 to single LAD25/CSP25 relationship
E22000252,Bassetlaw,2025-12,144,2025-04-01,2026-03-01,LSOA21 to single LAD25/CSP25 relationship
E22000252,Bassetlaw,2026-01,137,2025-04-01,2026-03-01,LSOA21 to single LAD25/CSP25 relationship
E22000252,Bassetlaw,2026-02,98,2025-04-01,2026-03-01,LSOA21 to single LAD25/CSP25 relationship
E22000252,Bassetlaw,2026-03,176,2025-04-01,2026-03-01,LSOA21 to single LAD25/CSP25 relationship
E22000255,Mansfield,2025-04,214,2025-04-01,2026-03-01,LSOA21 to single LAD25/CSP25 relationship
E22000255,Mansfield,2025-05,195,2025-04-01,2026-03-01,LSOA21 to single LAD25/CSP25 relationship
E22000255,Mansfield,2025-06,201,2025-04-01,2026-03-01,LSOA21 to single LAD25/CSP25 relationship
E22000255,Mansfield,2025-07,244,2025-04-01,2026-03-01,LSOA21 to single LAD25/CSP25 relationship
E22000255,Mansfield,2025-08,248,2025-04-01,2026-03-01,LSOA21 to single LAD25/CSP25 relationship
E22000255,Mansfield,2025-09,184,2025-04-01,2026-03-01,LSOA21 to single LAD25/CSP25 relationship
E22000255,Mansfield,2025-10,207,2025-04-01,2026-03-01,LSOA21 to single LAD25/CSP25 relationship
E22000255,Mansfield,2025-11,176,2025-04-01,2026-03-01,LSOA21 to single LAD25/CSP25 relationship
E22000255,Mansfield,2025-12,147,2025-04-01,2026-03-01,LSOA21 to single LAD25/CSP25 relationship
E22000255,Mansfield,2026-01,188,2025-04-01,2026-03-01,LSOA21 to single LAD25/CSP25 relationship
E22000255,Mansfield,2026-02,154,2025-04-01,2026-03-01,LSOA21 to single LAD25/CSP25 relationship
E22000255,Mansfield,2026-03,218,2025-04-01,2026-03-01,LSOA21 to single LAD25/CSP25 relationship
E22000256,Newark and Sherwood,2025-04,159,2025-04-01,2026-03-01,LSOA21 to single LAD25/CSP25 relationship
E22000256,Newark and Sherwood,2025-05,187,2025-04-01,2026-03-01,LSOA21 to single LAD25/CSP25 relationship
E22000256,Newark and Sherwood,2025-06,186,2025-04-01,2026-03-01,LSOA21 to single LAD25/CSP25 relationship
E22000256,Newark and Sherwood,2025-07,214,2025-04-01,2026-03-01,LSOA21 to single LAD25/CSP25 relationship
E22000256,Newark and Sherwood,2025-08,215,2025-04-01,2026-03-01,LSOA21 to single LAD25/CSP25 relationship
E22000256,Newark and Sherwood,2025-09,147,2025-04-01,2026-03-01,LSOA21 to single LAD25/CSP25 relationship
E22000256,Newark and Sherwood,2025-10,162,2025-04-01,2026-03-01,LSOA21 to single LAD25/CSP25 relationship
E22000256,Newark and Sherwood,2025-11,165,2025-04-01,2026-03-01,LSOA21 to single LAD25/CSP25 relationship
E22000256,Newark and Sherwood,2025-12,106,2025-04-01,2026-03-01,LSOA21 to single LAD25/CSP25 relationship
E22000256,Newark and Sherwood,2026-01,131,2025-04-01,2026-03-01,LSOA21 to single LAD25/CSP25 relationship
E22000256,Newark and Sherwood,2026-02,128,2025-04-01,2026-03-01,LSOA21 to single LAD25/CSP25 relationship
E22000256,Newark and Sherwood,2026-03,161,2025-04-01,2026-03-01,LSOA21 to single LAD25/CSP25 relationship
E22000257,Nottingham,2025-04,698,2025-04-01,2026-03-01,LSOA21 to single LAD25/CSP25 relationship
E22000257,Nottingham,2025-05,778,2025-04-01,2026-03-01,LSOA21 to single LAD25/CSP25 relationship
E22000257,Nottingham,2025-06,719,2025-04-01,2026-03-01,LSOA21 to single LAD25/CSP25 relationship
E22000257,Nottingham,2025-07,759,2025-04-01,2026-03-01,LSOA21 to single LAD25/CSP25 relationship
E22000257,Nottingham,2025-08,716,2025-04-01,2026-03-01,LSOA21 to single LAD25/CSP25 relationship
E22000257,Nottingham,2025-09,654,2025-04-01,2026-03-01,LSOA21 to single LAD25/CSP25 relationship
E22000257,Nottingham,2025-10,759,2025-04-01,2026-03-01,LSOA21 to single LAD25/CSP25 relationship
E22000257,Nottingham,2025-11,652,2025-04-01,2026-03-01,LSOA21 to single LAD25/CSP25 relationship
E22000257,Nottingham,2025-12,595,2025-04-01,2026-03-01,LSOA21 to single LAD25/CSP25 relationship
E22000257,Nottingham,2026-01,544,2025-04-01,2026-03-01,LSOA21 to single LAD25/CSP25 relationship
E22000257,Nottingham,2026-02,620,2025-04-01,2026-03-01,LSOA21 to single LAD25/CSP25 relationship
E22000257,Nottingham,2026-03,720,2025-04-01,2026-03-01,LSOA21 to single LAD25/CSP25 relationship
E22000259,Barnsley,2025-04,407,2025-04-01,2026-03-01,LSOA21 to single LAD25/CSP25 relationship
E22000259,Barnsley,2025-05,398,2025-04-01,2026-03-01,LSOA21 to single LAD25/CSP25 relationship
E22000259,Barnsley,2025-06,421,2025-04-01,2026-03-01,LSOA21 to single LAD25/CSP25 relationship
E22000259,Barnsley,2025-07,405,2025-04-01,2026-03-01,LSOA21 to single LAD25/CSP25 relationship
E22000259,Barnsley,2025-08,412,2025-04-01,2026-03-01,LSOA21 to single LAD25/CSP25 relationship
E22000259,Barnsley,2025-09,393,2025-04-01,2026-03-01,LSOA21 to single LAD25/CSP25 relationship
E22000259,Barnsley,2025-10,394,2025-04-01,2026-03-01,LSOA21 to single LAD25/CSP25 relationship
E22000259,Barnsley,2025-11,297,2025-04-01,2026-03-01,LSOA21 to single LAD25/CSP25 relationship
E22000259,Barnsley,2025-12,293,2025-04-01,2026-03-01,LSOA21 to single LAD25/CSP25 relationship
E22000259,Barnsley,2026-01,252,2025-04-01,2026-03-01,LSOA21 to single LAD25/CSP25 relationship
E22000259,Barnsley,2026-02,287,2025-04-01,2026-03-01,LSOA21 to single LAD25/CSP25 relationship
E22000259,Barnsley,2026-03,366,2025-04-01,2026-03-01,LSOA21 to single LAD25/CSP25 relationship
E22000260,Doncaster,2025-04,624,2025-04-01,2026-03-01,LSOA21 to single LAD25/CSP25 relationship
E22000260,Doncaster,2025-05,631,2025-04-01,2026-03-01,LSOA21 to single LAD25/CSP25 relationship
E22000260,Doncaster,2025-06,644,2025-04-01,2026-03-01,LSOA21 to single LAD25/CSP25 relationship
E22000260,Doncaster,2025-07,641,2025-04-01,2026-03-01,LSOA21 to single LAD25/CSP25 relationship
E22000260,Doncaster,2025-08,602,2025-04-01,2026-03-01,LSOA21 to single LAD25/CSP25 relationship
E22000260,Doncaster,2025-09,479,2025-04-01,2026-03-01,LSOA21 to single LAD25/CSP25 relationship
E22000260,Doncaster,2025-10,528,2025-04-01,2026-03-01,LSOA21 to single LAD25/CSP25 relationship
E22000260,Doncaster,2025-11,425,2025-04-01,2026-03-01,LSOA21 to single LAD25/CSP25 relationship
E22000260,Doncaster,2025-12,407,2025-04-01,2026-03-01,LSOA21 to single LAD25/CSP25 relationship
E22000260,Doncaster,2026-01,442,2025-04-01,2026-03-01,LSOA21 to single LAD25/CSP25 relationship
E22000260,Doncaster,2026-02,435,2025-04-01,2026-03-01,LSOA21 to single LAD25/CSP25 relationship
E22000260,Doncaster,2026-03,603,2025-04-01,2026-03-01,LSOA21 to single LAD25/CSP25 relationship
E22000261,Rotherham,2025-04,437,2025-04-01,2026-03-01,LSOA21 to single LAD25/CSP25 relationship
E22000261,Rotherham,2025-05,434,2025-04-01,2026-03-01,LSOA21 to single LAD25/CSP25 relationship
E22000261,Rotherham,2025-06,503,2025-04-01,2026-03-01,LSOA21 to single LAD25/CSP25 relationship
E22000261,Rotherham,2025-07,525,2025-04-01,2026-03-01,LSOA21 to single LAD25/CSP25 relationship
E22000261,Rotherham,2025-08,441,2025-04-01,2026-03-01,LSOA21 to single LAD25/CSP25 relationship
E22000261,Rotherham,2025-09,410,2025-04-01,2026-03-01,LSOA21 to single LAD25/CSP25 relationship
E22000261,Rotherham,2025-10,469,2025-04-01,2026-03-01,LSOA21 to single LAD25/CSP25 relationship
E22000261,Rotherham,2025-11,367,2025-04-01,2026-03-01,LSOA21 to single LAD25/CSP25 relationship
E22000261,Rotherham,2025-12,289,2025-04-01,2026-03-01,LSOA21 to single LAD25/CSP25 relationship
E22000261,Rotherham,2026-01,274,2025-04-01,2026-03-01,LSOA21 to single LAD25/CSP25 relationship
E22000261,Rotherham,2026-02,298,2025-04-01,2026-03-01,LSOA21 to single LAD25/CSP25 relationship
E22000261,Rotherham,2026-03,467,2025-04-01,2026-03-01,LSOA21 to single LAD25/CSP25 relationship
E22000262,Sheffield,2025-04,1033,2025-04-01,2026-03-01,LSOA21 to single LAD25/CSP25 relationship
E22000262,Sheffield,2025-05,983,2025-04-01,2026-03-01,LSOA21 to single LAD25/CSP25 relationship
E22000262,Sheffield,2025-06,952,2025-04-01,2026-03-01,LSOA21 to single LAD25/CSP25 relationship
E22000262,Sheffield,2025-07,1059,2025-04-01,2026-03-01,LSOA21 to single LAD25/CSP25 relationship
E22000262,Sheffield,2025-08,1105,2025-04-01,2026-03-01,LSOA21 to single LAD25/CSP25 relationship
E22000262,Sheffield,2025-09,830,2025-04-01,2026-03-01,LSOA21 to single LAD25/CSP25 relationship
E22000262,Sheffield,2025-10,1081,2025-04-01,2026-03-01,LSOA21 to single LAD25/CSP25 relationship
E22000262,Sheffield,2025-11,846,2025-04-01,2026-03-01,LSOA21 to single LAD25/CSP25 relationship
E22000262,Sheffield,2025-12,717,2025-04-01,2026-03-01,LSOA21 to single LAD25/CSP25 relationship
E22000262,Sheffield,2026-01,781,2025-04-01,2026-03-01,LSOA21 to single LAD25/CSP25 relationship
E22000262,Sheffield,2026-02,740,2025-04-01,2026-03-01,LSOA21 to single LAD25/CSP25 relationship
E22000262,Sheffield,2026-03,1000,2025-04-01,2026-03-01,LSOA21 to single LAD25/CSP25 relationship
E22000263,Cannock Chase,2025-04,117,2025-04-01,2026-03-01,LSOA21 to single LAD25/CSP25 relationship
E22000263,Cannock Chase,2025-05,101,2025-04-01,2026-03-01,LSOA21 to single LAD25/CSP25 relationship
E22000263,Cannock Chase,2025-06,106,2025-04-01,2026-03-01,LSOA21 to single LAD25/CSP25 relationship
E22000263,Cannock Chase,2025-07,128,2025-04-01,2026-03-01,LSOA21 to single LAD25/CSP25 relationship
E22000263,Cannock Chase,2025-08,127,2025-04-01,2026-03-01,LSOA21 to single LAD25/CSP25 relationship
E22000263,Cannock Chase,2025-09,80,2025-04-01,2026-03-01,LSOA21 to single LAD25/CSP25 relationship
E22000263,Cannock Chase,2025-10,85,2025-04-01,2026-03-01,LSOA21 to single LAD25/CSP25 relationship
E22000263,Cannock Chase,2025-11,82,2025-04-01,2026-03-01,LSOA21 to single LAD25/CSP25 relationship
E22000263,Cannock Chase,2025-12,78,2025-04-01,2026-03-01,LSOA21 to single LAD25/CSP25 relationship
E22000263,Cannock Chase,2026-01,87,2025-04-01,2026-03-01,LSOA21 to single LAD25/CSP25 relationship
E22000263,Cannock Chase,2026-02,82,2025-04-01,2026-03-01,LSOA21 to single LAD25/CSP25 relationship
E22000263,Cannock Chase,2026-03,112,2025-04-01,2026-03-01,LSOA21 to single LAD25/CSP25 relationship
E22000264,East Staffordshire,2025-04,94,2025-04-01,2026-03-01,LSOA21 to single LAD25/CSP25 relationship
E22000264,East Staffordshire,2025-05,116,2025-04-01,2026-03-01,LSOA21 to single LAD25/CSP25 relationship
E22000264,East Staffordshire,2025-06,110,2025-04-01,2026-03-01,LSOA21 to single LAD25/CSP25 relationship
E22000264,East Staffordshire,2025-07,141,2025-04-01,2026-03-01,LSOA21 to single LAD25/CSP25 relationship
E22000264,East Staffordshire,2025-08,153,2025-04-01,2026-03-01,LSOA21 to single LAD25/CSP25 relationship
E22000264,East Staffordshire,2025-09,104,2025-04-01,2026-03-01,LSOA21 to single LAD25/CSP25 relationship
E22000264,East Staffordshire,2025-10,99,2025-04-01,2026-03-01,LSOA21 to single LAD25/CSP25 relationship
E22000264,East Staffordshire,2025-11,119,2025-04-01,2026-03-01,LSOA21 to single LAD25/CSP25 relationship
E22000264,East Staffordshire,2025-12,78,2025-04-01,2026-03-01,LSOA21 to single LAD25/CSP25 relationship
E22000264,East Staffordshire,2026-01,75,2025-04-01,2026-03-01,LSOA21 to single LAD25/CSP25 relationship
E22000264,East Staffordshire,2026-02,110,2025-04-01,2026-03-01,LSOA21 to single LAD25/CSP25 relationship
E22000264,East Staffordshire,2026-03,116,2025-04-01,2026-03-01,LSOA21 to single LAD25/CSP25 relationship
E22000265,Lichfield,2025-04,98,2025-04-01,2026-03-01,LSOA21 to single LAD25/CSP25 relationship
E22000265,Lichfield,2025-05,101,2025-04-01,2026-03-01,LSOA21 to single LAD25/CSP25 relationship
E22000265,Lichfield,2025-06,103,2025-04-01,2026-03-01,LSOA21 to single LAD25/CSP25 relationship
E22000265,Lichfield,2025-07,93,2025-04-01,2026-03-01,LSOA21 to single LAD25/CSP25 relationship
E22000265,Lichfield,2025-08,117,2025-04-01,2026-03-01,LSOA21 to single LAD25/CSP25 relationship
E22000265,Lichfield,2025-09,94,2025-04-01,2026-03-01,LSOA21 to single LAD25/CSP25 relationship
E22000265,Lichfield,2025-10,77,2025-04-01,2026-03-01,LSOA21 to single LAD25/CSP25 relationship
E22000265,Lichfield,2025-11,71,2025-04-01,2026-03-01,LSOA21 to single LAD25/CSP25 relationship
E22000265,Lichfield,2025-12,49,2025-04-01,2026-03-01,LSOA21 to single LAD25/CSP25 relationship
E22000265,Lichfield,2026-01,75,2025-04-01,2026-03-01,LSOA21 to single LAD25/CSP25 relationship
E22000265,Lichfield,2026-02,83,2025-04-01,2026-03-01,LSOA21 to single LAD25/CSP25 relationship
E22000265,Lichfield,2026-03,98,2025-04-01,2026-03-01,LSOA21 to single LAD25/CSP25 relationship
E22000266,Newcastle-under-Lyme,2025-04,153,2025-04-01,2026-03-01,LSOA21 to single LAD25/CSP25 relationship
E22000266,Newcastle-under-Lyme,2025-05,226,2025-04-01,2026-03-01,LSOA21 to single LAD25/CSP25 relationship
E22000266,Newcastle-under-Lyme,2025-06,161,2025-04-01,2026-03-01,LSOA21 to single LAD25/CSP25 relationship
E22000266,Newcastle-under-Lyme,2025-07,179,2025-04-01,2026-03-01,LSOA21 to single LAD25/CSP25 relationship
E22000266,Newcastle-under-Lyme,2025-08,178,2025-04-01,2026-03-01,LSOA21 to single LAD25/CSP25 relationship
E22000266,Newcastle-under-Lyme,2025-09,131,2025-04-01,2026-03-01,LSOA21 to single LAD25/CSP25 relationship
E22000266,Newcastle-under-Lyme,2025-10,140,2025-04-01,2026-03-01,LSOA21 to single LAD25/CSP25 relationship
E22000266,Newcastle-under-Lyme,2025-11,100,2025-04-01,2026-03-01,LSOA21 to single LAD25/CSP25 relationship
E22000266,Newcastle-under-Lyme,2025-12,100,2025-04-01,2026-03-01,LSOA21 to single LAD25/CSP25 relationship
E22000266,Newcastle-under-Lyme,2026-01,153,2025-04-01,2026-03-01,LSOA21 to single LAD25/CSP25 relationship
E22000266,Newcastle-under-Lyme,2026-02,152,2025-04-01,2026-03-01,LSOA21 to single LAD25/CSP25 relationship
E22000266,Newcastle-under-Lyme,2026-03,225,2025-04-01,2026-03-01,LSOA21 to single LAD25/CSP25 relationship
E22000267,South Staffordshire,2025-04,77,2025-04-01,2026-03-01,LSOA21 to single LAD25/CSP25 relationship
E22000267,South Staffordshire,2025-05,88,2025-04-01,2026-03-01,LSOA21 to single LAD25/CSP25 relationship
E22000267,South Staffordshire,2025-06,71,2025-04-01,2026-03-01,LSOA21 to single LAD25/CSP25 relationship
E22000267,South Staffordshire,2025-07,90,2025-04-01,2026-03-01,LSOA21 to single LAD25/CSP25 relationship
E22000267,South Staffordshire,2025-08,58,2025-04-01,2026-03-01,LSOA21 to single LAD25/CSP25 relationship
E22000267,South Staffordshire,2025-09,45,2025-04-01,2026-03-01,LSOA21 to single LAD25/CSP25 relationship
E22000267,South Staffordshire,2025-10,54,2025-04-01,2026-03-01,LSOA21 to single LAD25/CSP25 relationship
E22000267,South Staffordshire,2025-11,44,2025-04-01,2026-03-01,LSOA21 to single LAD25/CSP25 relationship
E22000267,South Staffordshire,2025-12,47,2025-04-01,2026-03-01,LSOA21 to single LAD25/CSP25 relationship
E22000267,South Staffordshire,2026-01,63,2025-04-01,2026-03-01,LSOA21 to single LAD25/CSP25 relationship
E22000267,South Staffordshire,2026-02,60,2025-04-01,2026-03-01,LSOA21 to single LAD25/CSP25 relationship
E22000267,South Staffordshire,2026-03,70,2025-04-01,2026-03-01,LSOA21 to single LAD25/CSP25 relationship
E22000268,Stafford,2025-04,120,2025-04-01,2026-03-01,LSOA21 to single LAD25/CSP25 relationship
E22000268,Stafford,2025-05,150,2025-04-01,2026-03-01,LSOA21 to single LAD25/CSP25 relationship
E22000268,Stafford,2025-06,161,2025-04-01,2026-03-01,LSOA21 to single LAD25/CSP25 relationship
E22000268,Stafford,2025-07,177,2025-04-01,2026-03-01,LSOA21 to single LAD25/CSP25 relationship
E22000268,Stafford,2025-08,159,2025-04-01,2026-03-01,LSOA21 to single LAD25/CSP25 relationship
E22000268,Stafford,2025-09,104,2025-04-01,2026-03-01,LSOA21 to single LAD25/CSP25 relationship
E22000268,Stafford,2025-10,136,2025-04-01,2026-03-01,LSOA21 to single LAD25/CSP25 relationship
E22000268,Stafford,2025-11,131,2025-04-01,2026-03-01,LSOA21 to single LAD25/CSP25 relationship
E22000268,Stafford,2025-12,106,2025-04-01,2026-03-01,LSOA21 to single LAD25/CSP25 relationship
E22000268,Stafford,2026-01,111,2025-04-01,2026-03-01,LSOA21 to single LAD25/CSP25 relationship
E22000268,Stafford,2026-02,114,2025-04-01,2026-03-01,LSOA21 to single LAD25/CSP25 relationship
E22000268,Stafford,2026-03,184,2025-04-01,2026-03-01,LSOA21 to single LAD25/CSP25 relationship
E22000269,Staffordshire Moorlands,2025-04,78,2025-04-01,2026-03-01,LSOA21 to single LAD25/CSP25 relationship
E22000269,Staffordshire Moorlands,2025-05,74,2025-04-01,2026-03-01,LSOA21 to single LAD25/CSP25 relationship
E22000269,Staffordshire Moorlands,2025-06,124,2025-04-01,2026-03-01,LSOA21 to single LAD25/CSP25 relationship
E22000269,Staffordshire Moorlands,2025-07,102,2025-04-01,2026-03-01,LSOA21 to single LAD25/CSP25 relationship
E22000269,Staffordshire Moorlands,2025-08,101,2025-04-01,2026-03-01,LSOA21 to single LAD25/CSP25 relationship
E22000269,Staffordshire Moorlands,2025-09,113,2025-04-01,2026-03-01,LSOA21 to single LAD25/CSP25 relationship
E22000269,Staffordshire Moorlands,2025-10,72,2025-04-01,2026-03-01,LSOA21 to single LAD25/CSP25 relationship
E22000269,Staffordshire Moorlands,2025-11,71,2025-04-01,2026-03-01,LSOA21 to single LAD25/CSP25 relationship
E22000269,Staffordshire Moorlands,2025-12,67,2025-04-01,2026-03-01,LSOA21 to single LAD25/CSP25 relationship
E22000269,Staffordshire Moorlands,2026-01,55,2025-04-01,2026-03-01,LSOA21 to single LAD25/CSP25 relationship
E22000269,Staffordshire Moorlands,2026-02,58,2025-04-01,2026-03-01,LSOA21 to single LAD25/CSP25 relationship
E22000269,Staffordshire Moorlands,2026-03,89,2025-04-01,2026-03-01,LSOA21 to single LAD25/CSP25 relationship
E22000270,Stoke-on-Trent,2025-04,562,2025-04-01,2026-03-01,LSOA21 to single LAD25/CSP25 relationship
E22000270,Stoke-on-Trent,2025-05,670,2025-04-01,2026-03-01,LSOA21 to single LAD25/CSP25 relationship
E22000270,Stoke-on-Trent,2025-06,647,2025-04-01,2026-03-01,LSOA21 to single LAD25/CSP25 relationship
E22000270,Stoke-on-Trent,2025-07,668,2025-04-01,2026-03-01,LSOA21 to single LAD25/CSP25 relationship
E22000270,Stoke-on-Trent,2025-08,593,2025-04-01,2026-03-01,LSOA21 to single LAD25/CSP25 relationship
E22000270,Stoke-on-Trent,2025-09,458,2025-04-01,2026-03-01,LSOA21 to single LAD25/CSP25 relationship
E22000270,Stoke-on-Trent,2025-10,536,2025-04-01,2026-03-01,LSOA21 to single LAD25/CSP25 relationship
E22000270,Stoke-on-Trent,2025-11,413,2025-04-01,2026-03-01,LSOA21 to single LAD25/CSP25 relationship
E22000270,Stoke-on-Trent,2025-12,420,2025-04-01,2026-03-01,LSOA21 to single LAD25/CSP25 relationship
E22000270,Stoke-on-Trent,2026-01,472,2025-04-01,2026-03-01,LSOA21 to single LAD25/CSP25 relationship
E22000270,Stoke-on-Trent,2026-02,529,2025-04-01,2026-03-01,LSOA21 to single LAD25/CSP25 relationship
E22000270,Stoke-on-Trent,2026-03,572,2025-04-01,2026-03-01,LSOA21 to single LAD25/CSP25 relationship
E22000271,Tamworth,2025-04,88,2025-04-01,2026-03-01,LSOA21 to single LAD25/CSP25 relationship
E22000271,Tamworth,2025-05,111,2025-04-01,2026-03-01,LSOA21 to single LAD25/CSP25 relationship
E22000271,Tamworth,2025-06,87,2025-04-01,2026-03-01,LSOA21 to single LAD25/CSP25 relationship
E22000271,Tamworth,2025-07,86,2025-04-01,2026-03-01,LSOA21 to single LAD25/CSP25 relationship
E22000271,Tamworth,2025-08,79,2025-04-01,2026-03-01,LSOA21 to single LAD25/CSP25 relationship
E22000271,Tamworth,2025-09,60,2025-04-01,2026-03-01,LSOA21 to single LAD25/CSP25 relationship
E22000271,Tamworth,2025-10,59,2025-04-01,2026-03-01,LSOA21 to single LAD25/CSP25 relationship
E22000271,Tamworth,2025-11,59,2025-04-01,2026-03-01,LSOA21 to single LAD25/CSP25 relationship
E22000271,Tamworth,2025-12,43,2025-04-01,2026-03-01,LSOA21 to single LAD25/CSP25 relationship
E22000271,Tamworth,2026-01,49,2025-04-01,2026-03-01,LSOA21 to single LAD25/CSP25 relationship
E22000271,Tamworth,2026-02,62,2025-04-01,2026-03-01,LSOA21 to single LAD25/CSP25 relationship
E22000271,Tamworth,2026-03,90,2025-04-01,2026-03-01,LSOA21 to single LAD25/CSP25 relationship
E22000273,Ipswich,2025-04,98,2025-04-01,2026-03-01,LSOA21 to single LAD25/CSP25 relationship
E22000273,Ipswich,2025-05,101,2025-04-01,2026-03-01,LSOA21 to single LAD25/CSP25 relationship
E22000273,Ipswich,2025-06,113,2025-04-01,2026-03-01,LSOA21 to single LAD25/CSP25 relationship
E22000273,Ipswich,2025-07,153,2025-04-01,2026-03-01,LSOA21 to single LAD25/CSP25 relationship
E22000273,Ipswich,2025-08,109,2025-04-01,2026-03-01,LSOA21 to single LAD25/CSP25 relationship
E22000273,Ipswich,2025-09,90,2025-04-01,2026-03-01,LSOA21 to single LAD25/CSP25 relationship
E22000273,Ipswich,2025-10,88,2025-04-01,2026-03-01,LSOA21 to single LAD25/CSP25 relationship
E22000273,Ipswich,2025-11,51,2025-04-01,2026-03-01,LSOA21 to single LAD25/CSP25 relationship
E22000273,Ipswich,2025-12,50,2025-04-01,2026-03-01,LSOA21 to single LAD25/CSP25 relationship
E22000273,Ipswich,2026-01,48,2025-04-01,2026-03-01,LSOA21 to single LAD25/CSP25 relationship
E22000273,Ipswich,2026-02,68,2025-04-01,2026-03-01,LSOA21 to single LAD25/CSP25 relationship
E22000273,Ipswich,2026-03,75,2025-04-01,2026-03-01,LSOA21 to single LAD25/CSP25 relationship
E22000279,Elmbridge,2025-04,111,2025-04-01,2026-03-01,LSOA21 to single LAD25/CSP25 relationship
E22000279,Elmbridge,2025-05,125,2025-04-01,2026-03-01,LSOA21 to single LAD25/CSP25 relationship
E22000279,Elmbridge,2025-06,107,2025-04-01,2026-03-01,LSOA21 to single LAD25/CSP25 relationship
E22000279,Elmbridge,2025-07,137,2025-04-01,2026-03-01,LSOA21 to single LAD25/CSP25 relationship
E22000279,Elmbridge,2025-08,118,2025-04-01,2026-03-01,LSOA21 to single LAD25/CSP25 relationship
E22000279,Elmbridge,2025-09,99,2025-04-01,2026-03-01,LSOA21 to single LAD25/CSP25 relationship
E22000279,Elmbridge,2025-10,134,2025-04-01,2026-03-01,LSOA21 to single LAD25/CSP25 relationship
E22000279,Elmbridge,2025-11,106,2025-04-01,2026-03-01,LSOA21 to single LAD25/CSP25 relationship
E22000279,Elmbridge,2025-12,93,2025-04-01,2026-03-01,LSOA21 to single LAD25/CSP25 relationship
E22000279,Elmbridge,2026-01,79,2025-04-01,2026-03-01,LSOA21 to single LAD25/CSP25 relationship
E22000279,Elmbridge,2026-02,65,2025-04-01,2026-03-01,LSOA21 to single LAD25/CSP25 relationship
E22000279,Elmbridge,2026-03,83,2025-04-01,2026-03-01,LSOA21 to single LAD25/CSP25 relationship
E22000280,Epsom and Ewell,2025-04,99,2025-04-01,2026-03-01,LSOA21 to single LAD25/CSP25 relationship
E22000280,Epsom and Ewell,2025-05,97,2025-04-01,2026-03-01,LSOA21 to single LAD25/CSP25 relationship
E22000280,Epsom and Ewell,2025-06,129,2025-04-01,2026-03-01,LSOA21 to single LAD25/CSP25 relationship
E22000280,Epsom and Ewell,2025-07,109,2025-04-01,2026-03-01,LSOA21 to single LAD25/CSP25 relationship
E22000280,Epsom and Ewell,2025-08,81,2025-04-01,2026-03-01,LSOA21 to single LAD25/CSP25 relationship
E22000280,Epsom and Ewell,2025-09,119,2025-04-01,2026-03-01,LSOA21 to single LAD25/CSP25 relationship
E22000280,Epsom and Ewell,2025-10,108,2025-04-01,2026-03-01,LSOA21 to single LAD25/CSP25 relationship
E22000280,Epsom and Ewell,2025-11,65,2025-04-01,2026-03-01,LSOA21 to single LAD25/CSP25 relationship
E22000280,Epsom and Ewell,2025-12,68,2025-04-01,2026-03-01,LSOA21 to single LAD25/CSP25 relationship
E22000280,Epsom and Ewell,2026-01,68,2025-04-01,2026-03-01,LSOA21 to single LAD25/CSP25 relationship
E22000280,Epsom and Ewell,2026-02,72,2025-04-01,2026-03-01,LSOA21 to single LAD25/CSP25 relationship
E22000280,Epsom and Ewell,2026-03,79,2025-04-01,2026-03-01,LSOA21 to single LAD25/CSP25 relationship
E22000281,Guildford,2025-04,180,2025-04-01,2026-03-01,LSOA21 to single LAD25/CSP25 relationship
E22000281,Guildford,2025-05,173,2025-04-01,2026-03-01,LSOA21 to single LAD25/CSP25 relationship
E22000281,Guildford,2025-06,184,2025-04-01,2026-03-01,LSOA21 to single LAD25/CSP25 relationship
E22000281,Guildford,2025-07,205,2025-04-01,2026-03-01,LSOA21 to single LAD25/CSP25 relationship
E22000281,Guildford,2025-08,195,2025-04-01,2026-03-01,LSOA21 to single LAD25/CSP25 relationship
E22000281,Guildford,2025-09,162,2025-04-01,2026-03-01,LSOA21 to single LAD25/CSP25 relationship
E22000281,Guildford,2025-10,169,2025-04-01,2026-03-01,LSOA21 to single LAD25/CSP25 relationship
E22000281,Guildford,2025-11,146,2025-04-01,2026-03-01,LSOA21 to single LAD25/CSP25 relationship
E22000281,Guildford,2025-12,155,2025-04-01,2026-03-01,LSOA21 to single LAD25/CSP25 relationship
E22000281,Guildford,2026-01,135,2025-04-01,2026-03-01,LSOA21 to single LAD25/CSP25 relationship
E22000281,Guildford,2026-02,117,2025-04-01,2026-03-01,LSOA21 to single LAD25/CSP25 relationship
E22000281,Guildford,2026-03,134,2025-04-01,2026-03-01,LSOA21 to single LAD25/CSP25 relationship
E22000282,Mole Valley,2025-04,86,2025-04-01,2026-03-01,LSOA21 to single LAD25/CSP25 relationship
E22000282,Mole Valley,2025-05,107,2025-04-01,2026-03-01,LSOA21 to single LAD25/CSP25 relationship
E22000282,Mole Valley,2025-06,104,2025-04-01,2026-03-01,LSOA21 to single LAD25/CSP25 relationship
E22000282,Mole Valley,2025-07,103,2025-04-01,2026-03-01,LSOA21 to single LAD25/CSP25 relationship
E22000282,Mole Valley,2025-08,134,2025-04-01,2026-03-01,LSOA21 to single LAD25/CSP25 relationship
E22000282,Mole Valley,2025-09,95,2025-04-01,2026-03-01,LSOA21 to single LAD25/CSP25 relationship
E22000282,Mole Valley,2025-10,79,2025-04-01,2026-03-01,LSOA21 to single LAD25/CSP25 relationship
E22000282,Mole Valley,2025-11,67,2025-04-01,2026-03-01,LSOA21 to single LAD25/CSP25 relationship
E22000282,Mole Valley,2025-12,54,2025-04-01,2026-03-01,LSOA21 to single LAD25/CSP25 relationship
E22000282,Mole Valley,2026-01,58,2025-04-01,2026-03-01,LSOA21 to single LAD25/CSP25 relationship
E22000282,Mole Valley,2026-02,59,2025-04-01,2026-03-01,LSOA21 to single LAD25/CSP25 relationship
E22000282,Mole Valley,2026-03,107,2025-04-01,2026-03-01,LSOA21 to single LAD25/CSP25 relationship
E22000283,Reigate and Banstead,2025-04,140,2025-04-01,2026-03-01,LSOA21 to single LAD25/CSP25 relationship
E22000283,Reigate and Banstead,2025-05,176,2025-04-01,2026-03-01,LSOA21 to single LAD25/CSP25 relationship
E22000283,Reigate and Banstead,2025-06,150,2025-04-01,2026-03-01,LSOA21 to single LAD25/CSP25 relationship
E22000283,Reigate and Banstead,2025-07,164,2025-04-01,2026-03-01,LSOA21 to single LAD25/CSP25 relationship
E22000283,Reigate and Banstead,2025-08,171,2025-04-01,2026-03-01,LSOA21 to single LAD25/CSP25 relationship
E22000283,Reigate and Banstead,2025-09,137,2025-04-01,2026-03-01,LSOA21 to single LAD25/CSP25 relationship
E22000283,Reigate and Banstead,2025-10,136,2025-04-01,2026-03-01,LSOA21 to single LAD25/CSP25 relationship
E22000283,Reigate and Banstead,2025-11,126,2025-04-01,2026-03-01,LSOA21 to single LAD25/CSP25 relationship
E22000283,Reigate and Banstead,2025-12,111,2025-04-01,2026-03-01,LSOA21 to single LAD25/CSP25 relationship
E22000283,Reigate and Banstead,2026-01,101,2025-04-01,2026-03-01,LSOA21 to single LAD25/CSP25 relationship
E22000283,Reigate and Banstead,2026-02,88,2025-04-01,2026-03-01,LSOA21 to single LAD25/CSP25 relationship
E22000283,Reigate and Banstead,2026-03,128,2025-04-01,2026-03-01,LSOA21 to single LAD25/CSP25 relationship
E22000284,Runnymede,2025-04,102,2025-04-01,2026-03-01,LSOA21 to single LAD25/CSP25 relationship
E22000284,Runnymede,2025-05,118,2025-04-01,2026-03-01,LSOA21 to single LAD25/CSP25 relationship
E22000284,Runnymede,2025-06,106,2025-04-01,2026-03-01,LSOA21 to single LAD25/CSP25 relationship
E22000284,Runnymede,2025-07,112,2025-04-01,2026-03-01,LSOA21 to single LAD25/CSP25 relationship
E22000284,Runnymede,2025-08,86,2025-04-01,2026-03-01,LSOA21 to single LAD25/CSP25 relationship
E22000284,Runnymede,2025-09,74,2025-04-01,2026-03-01,LSOA21 to single LAD25/CSP25 relationship
E22000284,Runnymede,2025-10,100,2025-04-01,2026-03-01,LSOA21 to single LAD25/CSP25 relationship
E22000284,Runnymede,2025-11,76,2025-04-01,2026-03-01,LSOA21 to single LAD25/CSP25 relationship
E22000284,Runnymede,2025-12,85,2025-04-01,2026-03-01,LSOA21 to single LAD25/CSP25 relationship
E22000284,Runnymede,2026-01,77,2025-04-01,2026-03-01,LSOA21 to single LAD25/CSP25 relationship
E22000284,Runnymede,2026-02,66,2025-04-01,2026-03-01,LSOA21 to single LAD25/CSP25 relationship
E22000284,Runnymede,2026-03,86,2025-04-01,2026-03-01,LSOA21 to single LAD25/CSP25 relationship
E22000285,Spelthorne,2025-04,113,2025-04-01,2026-03-01,LSOA21 to single LAD25/CSP25 relationship
E22000285,Spelthorne,2025-05,156,2025-04-01,2026-03-01,LSOA21 to single LAD25/CSP25 relationship
E22000285,Spelthorne,2025-06,157,2025-04-01,2026-03-01,LSOA21 to single LAD25/CSP25 relationship
E22000285,Spelthorne,2025-07,161,2025-04-01,2026-03-01,LSOA21 to single LAD25/CSP25 relationship
E22000285,Spelthorne,2025-08,123,2025-04-01,2026-03-01,LSOA21 to single LAD25/CSP25 relationship
E22000285,Spelthorne,2025-09,135,2025-04-01,2026-03-01,LSOA21 to single LAD25/CSP25 relationship
E22000285,Spelthorne,2025-10,125,2025-04-01,2026-03-01,LSOA21 to single LAD25/CSP25 relationship
E22000285,Spelthorne,2025-11,103,2025-04-01,2026-03-01,LSOA21 to single LAD25/CSP25 relationship
E22000285,Spelthorne,2025-12,100,2025-04-01,2026-03-01,LSOA21 to single LAD25/CSP25 relationship
E22000285,Spelthorne,2026-01,80,2025-04-01,2026-03-01,LSOA21 to single LAD25/CSP25 relationship
E22000285,Spelthorne,2026-02,88,2025-04-01,2026-03-01,LSOA21 to single LAD25/CSP25 relationship
E22000285,Spelthorne,2026-03,140,2025-04-01,2026-03-01,LSOA21 to single LAD25/CSP25 relationship
E22000286,Surrey Heath,2025-04,61,2025-04-01,2026-03-01,LSOA21 to single LAD25/CSP25 relationship
E22000286,Surrey Heath,2025-05,118,2025-04-01,2026-03-01,LSOA21 to single LAD25/CSP25 relationship
E22000286,Surrey Heath,2025-06,85,2025-04-01,2026-03-01,LSOA21 to single LAD25/CSP25 relationship
E22000286,Surrey Heath,2025-07,106,2025-04-01,2026-03-01,LSOA21 to single LAD25/CSP25 relationship
E22000286,Surrey Heath,2025-08,91,2025-04-01,2026-03-01,LSOA21 to single LAD25/CSP25 relationship
E22000286,Surrey Heath,2025-09,93,2025-04-01,2026-03-01,LSOA21 to single LAD25/CSP25 relationship
E22000286,Surrey Heath,2025-10,68,2025-04-01,2026-03-01,LSOA21 to single LAD25/CSP25 relationship
E22000286,Surrey Heath,2025-11,76,2025-04-01,2026-03-01,LSOA21 to single LAD25/CSP25 relationship
E22000286,Surrey Heath,2025-12,79,2025-04-01,2026-03-01,LSOA21 to single LAD25/CSP25 relationship
E22000286,Surrey Heath,2026-01,73,2025-04-01,2026-03-01,LSOA21 to single LAD25/CSP25 relationship
E22000286,Surrey Heath,2026-02,66,2025-04-01,2026-03-01,LSOA21 to single LAD25/CSP25 relationship
E22000286,Surrey Heath,2026-03,75,2025-04-01,2026-03-01,LSOA21 to single LAD25/CSP25 relationship
E22000287,Tandridge,2025-04,83,2025-04-01,2026-03-01,LSOA21 to single LAD25/CSP25 relationship
E22000287,Tandridge,2025-05,100,2025-04-01,2026-03-01,LSOA21 to single LAD25/CSP25 relationship
E22000287,Tandridge,2025-06,95,2025-04-01,2026-03-01,LSOA21 to single LAD25/CSP25 relationship
E22000287,Tandridge,2025-07,101,2025-04-01,2026-03-01,LSOA21 to single LAD25/CSP25 relationship
E22000287,Tandridge,2025-08,123,2025-04-01,2026-03-01,LSOA21 to single LAD25/CSP25 relationship
E22000287,Tandridge,2025-09,125,2025-04-01,2026-03-01,LSOA21 to single LAD25/CSP25 relationship
E22000287,Tandridge,2025-10,97,2025-04-01,2026-03-01,LSOA21 to single LAD25/CSP25 relationship
E22000287,Tandridge,2025-11,102,2025-04-01,2026-03-01,LSOA21 to single LAD25/CSP25 relationship
E22000287,Tandridge,2025-12,74,2025-04-01,2026-03-01,LSOA21 to single LAD25/CSP25 relationship
E22000287,Tandridge,2026-01,89,2025-04-01,2026-03-01,LSOA21 to single LAD25/CSP25 relationship
E22000287,Tandridge,2026-02,84,2025-04-01,2026-03-01,LSOA21 to single LAD25/CSP25 relationship
E22000287,Tandridge,2026-03,99,2025-04-01,2026-03-01,LSOA21 to single LAD25/CSP25 relationship
E22000288,Waverley,2025-04,78,2025-04-01,2026-03-01,LSOA21 to single LAD25/CSP25 relationship
E22000288,Waverley,2025-05,100,2025-04-01,2026-03-01,LSOA21 to single LAD25/CSP25 relationship
E22000288,Waverley,2025-06,74,2025-04-01,2026-03-01,LSOA21 to single LAD25/CSP25 relationship
E22000288,Waverley,2025-07,108,2025-04-01,2026-03-01,LSOA21 to single LAD25/CSP25 relationship
E22000288,Waverley,2025-08,104,2025-04-01,2026-03-01,LSOA21 to single LAD25/CSP25 relationship
E22000288,Waverley,2025-09,74,2025-04-01,2026-03-01,LSOA21 to single LAD25/CSP25 relationship
E22000288,Waverley,2025-10,79,2025-04-01,2026-03-01,LSOA21 to single LAD25/CSP25 relationship
E22000288,Waverley,2025-11,54,2025-04-01,2026-03-01,LSOA21 to single LAD25/CSP25 relationship
E22000288,Waverley,2025-12,50,2025-04-01,2026-03-01,LSOA21 to single LAD25/CSP25 relationship
E22000288,Waverley,2026-01,60,2025-04-01,2026-03-01,LSOA21 to single LAD25/CSP25 relationship
E22000288,Waverley,2026-02,67,2025-04-01,2026-03-01,LSOA21 to single LAD25/CSP25 relationship
E22000288,Waverley,2026-03,74,2025-04-01,2026-03-01,LSOA21 to single LAD25/CSP25 relationship
E22000289,Woking,2025-04,116,2025-04-01,2026-03-01,LSOA21 to single LAD25/CSP25 relationship
E22000289,Woking,2025-05,107,2025-04-01,2026-03-01,LSOA21 to single LAD25/CSP25 relationship
E22000289,Woking,2025-06,124,2025-04-01,2026-03-01,LSOA21 to single LAD25/CSP25 relationship
E22000289,Woking,2025-07,125,2025-04-01,2026-03-01,LSOA21 to single LAD25/CSP25 relationship
E22000289,Woking,2025-08,130,2025-04-01,2026-03-01,LSOA21 to single LAD25/CSP25 relationship
E22000289,Woking,2025-09,91,2025-04-01,2026-03-01,LSOA21 to single LAD25/CSP25 relationship
E22000289,Woking,2025-10,116,2025-04-01,2026-03-01,LSOA21 to single LAD25/CSP25 relationship
E22000289,Woking,2025-11,79,2025-04-01,2026-03-01,LSOA21 to single LAD25/CSP25 relationship
E22000289,Woking,2025-12,86,2025-04-01,2026-03-01,LSOA21 to single LAD25/CSP25 relationship
E22000289,Woking,2026-01,69,2025-04-01,2026-03-01,LSOA21 to single LAD25/CSP25 relationship
E22000289,Woking,2026-02,60,2025-04-01,2026-03-01,LSOA21 to single LAD25/CSP25 relationship
E22000289,Woking,2026-03,98,2025-04-01,2026-03-01,LSOA21 to single LAD25/CSP25 relationship
E22000290,Adur,2025-04,62,2025-04-01,2026-03-01,LSOA21 to single LAD25/CSP25 relationship
E22000290,Adur,2025-05,76,2025-04-01,2026-03-01,LSOA21 to single LAD25/CSP25 relationship
E22000290,Adur,2025-06,60,2025-04-01,2026-03-01,LSOA21 to single LAD25/CSP25 relationship
E22000290,Adur,2025-07,95,2025-04-01,2026-03-01,LSOA21 to single LAD25/CSP25 relationship
E22000290,Adur,2025-08,91,2025-04-01,2026-03-01,LSOA21 to single LAD25/CSP25 relationship
E22000290,Adur,2025-09,77,2025-04-01,2026-03-01,LSOA21 to single LAD25/CSP25 relationship
E22000290,Adur,2025-10,80,2025-04-01,2026-03-01,LSOA21 to single LAD25/CSP25 relationship
E22000290,Adur,2025-11,72,2025-04-01,2026-03-01,LSOA21 to single LAD25/CSP25 relationship
E22000290,Adur,2025-12,43,2025-04-01,2026-03-01,LSOA21 to single LAD25/CSP25 relationship
E22000290,Adur,2026-01,60,2025-04-01,2026-03-01,LSOA21 to single LAD25/CSP25 relationship
E22000290,Adur,2026-02,55,2025-04-01,2026-03-01,LSOA21 to single LAD25/CSP25 relationship
E22000290,Adur,2026-03,105,2025-04-01,2026-03-01,LSOA21 to single LAD25/CSP25 relationship
E22000291,Arun,2025-04,227,2025-04-01,2026-03-01,LSOA21 to single LAD25/CSP25 relationship
E22000291,Arun,2025-05,282,2025-04-01,2026-03-01,LSOA21 to single LAD25/CSP25 relationship
E22000291,Arun,2025-06,248,2025-04-01,2026-03-01,LSOA21 to single LAD25/CSP25 relationship
E22000291,Arun,2025-07,314,2025-04-01,2026-03-01,LSOA21 to single LAD25/CSP25 relationship
E22000291,Arun,2025-08,300,2025-04-01,2026-03-01,LSOA21 to single LAD25/CSP25 relationship
E22000291,Arun,2025-09,178,2025-04-01,2026-03-01,LSOA21 to single LAD25/CSP25 relationship
E22000291,Arun,2025-10,182,2025-04-01,2026-03-01,LSOA21 to single LAD25/CSP25 relationship
E22000291,Arun,2025-11,161,2025-04-01,2026-03-01,LSOA21 to single LAD25/CSP25 relationship
E22000291,Arun,2025-12,129,2025-04-01,2026-03-01,LSOA21 to single LAD25/CSP25 relationship
E22000291,Arun,2026-01,176,2025-04-01,2026-03-01,LSOA21 to single LAD25/CSP25 relationship
E22000291,Arun,2026-02,200,2025-04-01,2026-03-01,LSOA21 to single LAD25/CSP25 relationship
E22000291,Arun,2026-03,257,2025-04-01,2026-03-01,LSOA21 to single LAD25/CSP25 relationship
E22000292,Brighton and Hove,2025-04,552,2025-04-01,2026-03-01,LSOA21 to single LAD25/CSP25 relationship
E22000292,Brighton and Hove,2025-05,557,2025-04-01,2026-03-01,LSOA21 to single LAD25/CSP25 relationship
E22000292,Brighton and Hove,2025-06,605,2025-04-01,2026-03-01,LSOA21 to single LAD25/CSP25 relationship
E22000292,Brighton and Hove,2025-07,638,2025-04-01,2026-03-01,LSOA21 to single LAD25/CSP25 relationship
E22000292,Brighton and Hove,2025-08,609,2025-04-01,2026-03-01,LSOA21 to single LAD25/CSP25 relationship
E22000292,Brighton and Hove,2025-09,464,2025-04-01,2026-03-01,LSOA21 to single LAD25/CSP25 relationship
E22000292,Brighton and Hove,2025-10,528,2025-04-01,2026-03-01,LSOA21 to single LAD25/CSP25 relationship
E22000292,Brighton and Hove,2025-11,430,2025-04-01,2026-03-01,LSOA21 to single LAD25/CSP25 relationship
E22000292,Brighton and Hove,2025-12,373,2025-04-01,2026-03-01,LSOA21 to single LAD25/CSP25 relationship
E22000292,Brighton and Hove,2026-01,393,2025-04-01,2026-03-01,LSOA21 to single LAD25/CSP25 relationship
E22000292,Brighton and Hove,2026-02,474,2025-04-01,2026-03-01,LSOA21 to single LAD25/CSP25 relationship
E22000292,Brighton and Hove,2026-03,651,2025-04-01,2026-03-01,LSOA21 to single LAD25/CSP25 relationship
E22000293,Chichester,2025-04,196,2025-04-01,2026-03-01,LSOA21 to single LAD25/CSP25 relationship
E22000293,Chichester,2025-05,174,2025-04-01,2026-03-01,LSOA21 to single LAD25/CSP25 relationship
E22000293,Chichester,2025-06,221,2025-04-01,2026-03-01,LSOA21 to single LAD25/CSP25 relationship
E22000293,Chichester,2025-07,251,2025-04-01,2026-03-01,LSOA21 to single LAD25/CSP25 relationship
E22000293,Chichester,2025-08,234,2025-04-01,2026-03-01,LSOA21 to single LAD25/CSP25 relationship
E22000293,Chichester,2025-09,178,2025-04-01,2026-03-01,LSOA21 to single LAD25/CSP25 relationship
E22000293,Chichester,2025-10,185,2025-04-01,2026-03-01,LSOA21 to single LAD25/CSP25 relationship
E22000293,Chichester,2025-11,146,2025-04-01,2026-03-01,LSOA21 to single LAD25/CSP25 relationship
E22000293,Chichester,2025-12,141,2025-04-01,2026-03-01,LSOA21 to single LAD25/CSP25 relationship
E22000293,Chichester,2026-01,127,2025-04-01,2026-03-01,LSOA21 to single LAD25/CSP25 relationship
E22000293,Chichester,2026-02,183,2025-04-01,2026-03-01,LSOA21 to single LAD25/CSP25 relationship
E22000293,Chichester,2026-03,224,2025-04-01,2026-03-01,LSOA21 to single LAD25/CSP25 relationship
E22000294,Crawley,2025-04,181,2025-04-01,2026-03-01,LSOA21 to single LAD25/CSP25 relationship
E22000294,Crawley,2025-05,208,2025-04-01,2026-03-01,LSOA21 to single LAD25/CSP25 relationship
E22000294,Crawley,2025-06,209,2025-04-01,2026-03-01,LSOA21 to single LAD25/CSP25 relationship
E22000294,Crawley,2025-07,258,2025-04-01,2026-03-01,LSOA21 to single LAD25/CSP25 relationship
E22000294,Crawley,2025-08,245,2025-04-01,2026-03-01,LSOA21 to single LAD25/CSP25 relationship
E22000294,Crawley,2025-09,218,2025-04-01,2026-03-01,LSOA21 to single LAD25/CSP25 relationship
E22000294,Crawley,2025-10,201,2025-04-01,2026-03-01,LSOA21 to single LAD25/CSP25 relationship
E22000294,Crawley,2025-11,180,2025-04-01,2026-03-01,LSOA21 to single LAD25/CSP25 relationship
E22000294,Crawley,2025-12,173,2025-04-01,2026-03-01,LSOA21 to single LAD25/CSP25 relationship
E22000294,Crawley,2026-01,140,2025-04-01,2026-03-01,LSOA21 to single LAD25/CSP25 relationship
E22000294,Crawley,2026-02,199,2025-04-01,2026-03-01,LSOA21 to single LAD25/CSP25 relationship
E22000294,Crawley,2026-03,233,2025-04-01,2026-03-01,LSOA21 to single LAD25/CSP25 relationship
E22000295,Eastbourne,2025-04,229,2025-04-01,2026-03-01,LSOA21 to single LAD25/CSP25 relationship
E22000295,Eastbourne,2025-05,202,2025-04-01,2026-03-01,LSOA21 to single LAD25/CSP25 relationship
E22000295,Eastbourne,2025-06,194,2025-04-01,2026-03-01,LSOA21 to single LAD25/CSP25 relationship
E22000295,Eastbourne,2025-07,239,2025-04-01,2026-03-01,LSOA21 to single LAD25/CSP25 relationship
E22000295,Eastbourne,2025-08,235,2025-04-01,2026-03-01,LSOA21 to single LAD25/CSP25 relationship
E22000295,Eastbourne,2025-09,194,2025-04-01,2026-03-01,LSOA21 to single LAD25/CSP25 relationship
E22000295,Eastbourne,2025-10,187,2025-04-01,2026-03-01,LSOA21 to single LAD25/CSP25 relationship
E22000295,Eastbourne,2025-11,213,2025-04-01,2026-03-01,LSOA21 to single LAD25/CSP25 relationship
E22000295,Eastbourne,2025-12,171,2025-04-01,2026-03-01,LSOA21 to single LAD25/CSP25 relationship
E22000295,Eastbourne,2026-01,198,2025-04-01,2026-03-01,LSOA21 to single LAD25/CSP25 relationship
E22000295,Eastbourne,2026-02,252,2025-04-01,2026-03-01,LSOA21 to single LAD25/CSP25 relationship
E22000295,Eastbourne,2026-03,276,2025-04-01,2026-03-01,LSOA21 to single LAD25/CSP25 relationship
E22000296,Hastings,2025-04,169,2025-04-01,2026-03-01,LSOA21 to single LAD25/CSP25 relationship
E22000296,Hastings,2025-05,165,2025-04-01,2026-03-01,LSOA21 to single LAD25/CSP25 relationship
E22000296,Hastings,2025-06,191,2025-04-01,2026-03-01,LSOA21 to single LAD25/CSP25 relationship
E22000296,Hastings,2025-07,210,2025-04-01,2026-03-01,LSOA21 to single LAD25/CSP25 relationship
E22000296,Hastings,2025-08,187,2025-04-01,2026-03-01,LSOA21 to single LAD25/CSP25 relationship
E22000296,Hastings,2025-09,168,2025-04-01,2026-03-01,LSOA21 to single LAD25/CSP25 relationship
E22000296,Hastings,2025-10,181,2025-04-01,2026-03-01,LSOA21 to single LAD25/CSP25 relationship
E22000296,Hastings,2025-11,133,2025-04-01,2026-03-01,LSOA21 to single LAD25/CSP25 relationship
E22000296,Hastings,2025-12,101,2025-04-01,2026-03-01,LSOA21 to single LAD25/CSP25 relationship
E22000296,Hastings,2026-01,139,2025-04-01,2026-03-01,LSOA21 to single LAD25/CSP25 relationship
E22000296,Hastings,2026-02,171,2025-04-01,2026-03-01,LSOA21 to single LAD25/CSP25 relationship
E22000296,Hastings,2026-03,227,2025-04-01,2026-03-01,LSOA21 to single LAD25/CSP25 relationship
E22000297,Horsham,2025-04,150,2025-04-01,2026-03-01,LSOA21 to single LAD25/CSP25 relationship
E22000297,Horsham,2025-05,162,2025-04-01,2026-03-01,LSOA21 to single LAD25/CSP25 relationship
E22000297,Horsham,2025-06,109,2025-04-01,2026-03-01,LSOA21 to single LAD25/CSP25 relationship
E22000297,Horsham,2025-07,173,2025-04-01,2026-03-01,LSOA21 to single LAD25/CSP25 relationship
E22000297,Horsham,2025-08,183,2025-04-01,2026-03-01,LSOA21 to single LAD25/CSP25 relationship
E22000297,Horsham,2025-09,148,2025-04-01,2026-03-01,LSOA21 to single LAD25/CSP25 relationship
E22000297,Horsham,2025-10,133,2025-04-01,2026-03-01,LSOA21 to single LAD25/CSP25 relationship
E22000297,Horsham,2025-11,106,2025-04-01,2026-03-01,LSOA21 to single LAD25/CSP25 relationship
E22000297,Horsham,2025-12,94,2025-04-01,2026-03-01,LSOA21 to single LAD25/CSP25 relationship
E22000297,Horsham,2026-01,93,2025-04-01,2026-03-01,LSOA21 to single LAD25/CSP25 relationship
E22000297,Horsham,2026-02,128,2025-04-01,2026-03-01,LSOA21 to single LAD25/CSP25 relationship
E22000297,Horsham,2026-03,174,2025-04-01,2026-03-01,LSOA21 to single LAD25/CSP25 relationship
E22000298,Lewes,2025-04,125,2025-04-01,2026-03-01,LSOA21 to single LAD25/CSP25 relationship
E22000298,Lewes,2025-05,110,2025-04-01,2026-03-01,LSOA21 to single LAD25/CSP25 relationship
E22000298,Lewes,2025-06,126,2025-04-01,2026-03-01,LSOA21 to single LAD25/CSP25 relationship
E22000298,Lewes,2025-07,175,2025-04-01,2026-03-01,LSOA21 to single LAD25/CSP25 relationship
E22000298,Lewes,2025-08,148,2025-04-01,2026-03-01,LSOA21 to single LAD25/CSP25 relationship
E22000298,Lewes,2025-09,129,2025-04-01,2026-03-01,LSOA21 to single LAD25/CSP25 relationship
E22000298,Lewes,2025-10,108,2025-04-01,2026-03-01,LSOA21 to single LAD25/CSP25 relationship
E22000298,Lewes,2025-11,110,2025-04-01,2026-03-01,LSOA21 to single LAD25/CSP25 relationship
E22000298,Lewes,2025-12,93,2025-04-01,2026-03-01,LSOA21 to single LAD25/CSP25 relationship
E22000298,Lewes,2026-01,100,2025-04-01,2026-03-01,LSOA21 to single LAD25/CSP25 relationship
E22000298,Lewes,2026-02,101,2025-04-01,2026-03-01,LSOA21 to single LAD25/CSP25 relationship
E22000298,Lewes,2026-03,156,2025-04-01,2026-03-01,LSOA21 to single LAD25/CSP25 relationship
E22000299,Mid Sussex,2025-04,157,2025-04-01,2026-03-01,LSOA21 to single LAD25/CSP25 relationship
E22000299,Mid Sussex,2025-05,191,2025-04-01,2026-03-01,LSOA21 to single LAD25/CSP25 relationship
E22000299,Mid Sussex,2025-06,184,2025-04-01,2026-03-01,LSOA21 to single LAD25/CSP25 relationship
E22000299,Mid Sussex,2025-07,248,2025-04-01,2026-03-01,LSOA21 to single LAD25/CSP25 relationship
E22000299,Mid Sussex,2025-08,191,2025-04-01,2026-03-01,LSOA21 to single LAD25/CSP25 relationship
E22000299,Mid Sussex,2025-09,207,2025-04-01,2026-03-01,LSOA21 to single LAD25/CSP25 relationship
E22000299,Mid Sussex,2025-10,168,2025-04-01,2026-03-01,LSOA21 to single LAD25/CSP25 relationship
E22000299,Mid Sussex,2025-11,158,2025-04-01,2026-03-01,LSOA21 to single LAD25/CSP25 relationship
E22000299,Mid Sussex,2025-12,130,2025-04-01,2026-03-01,LSOA21 to single LAD25/CSP25 relationship
E22000299,Mid Sussex,2026-01,135,2025-04-01,2026-03-01,LSOA21 to single LAD25/CSP25 relationship
E22000299,Mid Sussex,2026-02,148,2025-04-01,2026-03-01,LSOA21 to single LAD25/CSP25 relationship
E22000299,Mid Sussex,2026-03,188,2025-04-01,2026-03-01,LSOA21 to single LAD25/CSP25 relationship
E22000300,Rother,2025-04,80,2025-04-01,2026-03-01,LSOA21 to single LAD25/CSP25 relationship
E22000300,Rother,2025-05,92,2025-04-01,2026-03-01,LSOA21 to single LAD25/CSP25 relationship
E22000300,Rother,2025-06,147,2025-04-01,2026-03-01,LSOA21 to single LAD25/CSP25 relationship
E22000300,Rother,2025-07,153,2025-04-01,2026-03-01,LSOA21 to single LAD25/CSP25 relationship
E22000300,Rother,2025-08,156,2025-04-01,2026-03-01,LSOA21 to single LAD25/CSP25 relationship
E22000300,Rother,2025-09,125,2025-04-01,2026-03-01,LSOA21 to single LAD25/CSP25 relationship
E22000300,Rother,2025-10,114,2025-04-01,2026-03-01,LSOA21 to single LAD25/CSP25 relationship
E22000300,Rother,2025-11,92,2025-04-01,2026-03-01,LSOA21 to single LAD25/CSP25 relationship
E22000300,Rother,2025-12,71,2025-04-01,2026-03-01,LSOA21 to single LAD25/CSP25 relationship
E22000300,Rother,2026-01,74,2025-04-01,2026-03-01,LSOA21 to single LAD25/CSP25 relationship
E22000300,Rother,2026-02,93,2025-04-01,2026-03-01,LSOA21 to single LAD25/CSP25 relationship
E22000300,Rother,2026-03,109,2025-04-01,2026-03-01,LSOA21 to single LAD25/CSP25 relationship
E22000301,Wealden,2025-04,127,2025-04-01,2026-03-01,LSOA21 to single LAD25/CSP25 relationship
E22000301,Wealden,2025-05,153,2025-04-01,2026-03-01,LSOA21 to single LAD25/CSP25 relationship
E22000301,Wealden,2025-06,156,2025-04-01,2026-03-01,LSOA21 to single LAD25/CSP25 relationship
E22000301,Wealden,2025-07,198,2025-04-01,2026-03-01,LSOA21 to single LAD25/CSP25 relationship
E22000301,Wealden,2025-08,225,2025-04-01,2026-03-01,LSOA21 to single LAD25/CSP25 relationship
E22000301,Wealden,2025-09,123,2025-04-01,2026-03-01,LSOA21 to single LAD25/CSP25 relationship
E22000301,Wealden,2025-10,162,2025-04-01,2026-03-01,LSOA21 to single LAD25/CSP25 relationship
E22000301,Wealden,2025-11,136,2025-04-01,2026-03-01,LSOA21 to single LAD25/CSP25 relationship
E22000301,Wealden,2025-12,117,2025-04-01,2026-03-01,LSOA21 to single LAD25/CSP25 relationship
E22000301,Wealden,2026-01,144,2025-04-01,2026-03-01,LSOA21 to single LAD25/CSP25 relationship
E22000301,Wealden,2026-02,119,2025-04-01,2026-03-01,LSOA21 to single LAD25/CSP25 relationship
E22000301,Wealden,2026-03,173,2025-04-01,2026-03-01,LSOA21 to single LAD25/CSP25 relationship
E22000302,Worthing,2025-04,158,2025-04-01,2026-03-01,LSOA21 to single LAD25/CSP25 relationship
E22000302,Worthing,2025-05,154,2025-04-01,2026-03-01,LSOA21 to single LAD25/CSP25 relationship
E22000302,Worthing,2025-06,182,2025-04-01,2026-03-01,LSOA21 to single LAD25/CSP25 relationship
E22000302,Worthing,2025-07,182,2025-04-01,2026-03-01,LSOA21 to single LAD25/CSP25 relationship
E22000302,Worthing,2025-08,227,2025-04-01,2026-03-01,LSOA21 to single LAD25/CSP25 relationship
E22000302,Worthing,2025-09,194,2025-04-01,2026-03-01,LSOA21 to single LAD25/CSP25 relationship
E22000302,Worthing,2025-10,139,2025-04-01,2026-03-01,LSOA21 to single LAD25/CSP25 relationship
E22000302,Worthing,2025-11,157,2025-04-01,2026-03-01,LSOA21 to single LAD25/CSP25 relationship
E22000302,Worthing,2025-12,104,2025-04-01,2026-03-01,LSOA21 to single LAD25/CSP25 relationship
E22000302,Worthing,2026-01,127,2025-04-01,2026-03-01,LSOA21 to single LAD25/CSP25 relationship
E22000302,Worthing,2026-02,178,2025-04-01,2026-03-01,LSOA21 to single LAD25/CSP25 relationship
E22000302,Worthing,2026-03,206,2025-04-01,2026-03-01,LSOA21 to single LAD25/CSP25 relationship
E22000304,Bracknell Forest,2025-04,139,2025-04-01,2026-03-01,LSOA21 to single LAD25/CSP25 relationship
E22000304,Bracknell Forest,2025-05,152,2025-04-01,2026-03-01,LSOA21 to single LAD25/CSP25 relationship
E22000304,Bracknell Forest,2025-06,145,2025-04-01,2026-03-01,LSOA21 to single LAD25/CSP25 relationship
E22000304,Bracknell Forest,2025-07,161,2025-04-01,2026-03-01,LSOA21 to single LAD25/CSP25 relationship
E22000304,Bracknell Forest,2025-08,119,2025-04-01,2026-03-01,LSOA21 to single LAD25/CSP25 relationship
E22000304,Bracknell Forest,2025-09,76,2025-04-01,2026-03-01,LSOA21 to single LAD25/CSP25 relationship
E22000304,Bracknell Forest,2025-10,103,2025-04-01,2026-03-01,LSOA21 to single LAD25/CSP25 relationship
E22000304,Bracknell Forest,2025-11,69,2025-04-01,2026-03-01,LSOA21 to single LAD25/CSP25 relationship
E22000304,Bracknell Forest,2025-12,63,2025-04-01,2026-03-01,LSOA21 to single LAD25/CSP25 relationship
E22000304,Bracknell Forest,2026-01,67,2025-04-01,2026-03-01,LSOA21 to single LAD25/CSP25 relationship
E22000304,Bracknell Forest,2026-02,62,2025-04-01,2026-03-01,LSOA21 to single LAD25/CSP25 relationship
E22000304,Bracknell Forest,2026-03,105,2025-04-01,2026-03-01,LSOA21 to single LAD25/CSP25 relationship
E22000305,Cherwell,2025-04,81,2025-04-01,2026-03-01,LSOA21 to single LAD25/CSP25 relationship
E22000305,Cherwell,2025-05,78,2025-04-01,2026-03-01,LSOA21 to single LAD25/CSP25 relationship
E22000305,Cherwell,2025-06,87,2025-04-01,2026-03-01,LSOA21 to single LAD25/CSP25 relationship
E22000305,Cherwell,2025-07,137,2025-04-01,2026-03-01,LSOA21 to single LAD25/CSP25 relationship
E22000305,Cherwell,2025-08,119,2025-04-01,2026-03-01,LSOA21 to single LAD25/CSP25 relationship
E22000305,Cherwell,2025-09,80,2025-04-01,2026-03-01,LSOA21 to single LAD25/CSP25 relationship
E22000305,Cherwell,2025-10,82,2025-04-01,2026-03-01,LSOA21 to single LAD25/CSP25 relationship
E22000305,Cherwell,2025-11,70,2025-04-01,2026-03-01,LSOA21 to single LAD25/CSP25 relationship
E22000305,Cherwell,2025-12,56,2025-04-01,2026-03-01,LSOA21 to single LAD25/CSP25 relationship
E22000305,Cherwell,2026-01,59,2025-04-01,2026-03-01,LSOA21 to single LAD25/CSP25 relationship
E22000305,Cherwell,2026-02,75,2025-04-01,2026-03-01,LSOA21 to single LAD25/CSP25 relationship
E22000305,Cherwell,2026-03,110,2025-04-01,2026-03-01,LSOA21 to single LAD25/CSP25 relationship
E22000307,Milton Keynes,2025-04,311,2025-04-01,2026-03-01,LSOA21 to single LAD25/CSP25 relationship
E22000307,Milton Keynes,2025-05,290,2025-04-01,2026-03-01,LSOA21 to single LAD25/CSP25 relationship
E22000307,Milton Keynes,2025-06,357,2025-04-01,2026-03-01,LSOA21 to single LAD25/CSP25 relationship
E22000307,Milton Keynes,2025-07,398,2025-04-01,2026-03-01,LSOA21 to single LAD25/CSP25 relationship
E22000307,Milton Keynes,2025-08,405,2025-04-01,2026-03-01,LSOA21 to single LAD25/CSP25 relationship
E22000307,Milton Keynes,2025-09,282,2025-04-01,2026-03-01,LSOA21 to single LAD25/CSP25 relationship
E22000307,Milton Keynes,2025-10,255,2025-04-01,2026-03-01,LSOA21 to single LAD25/CSP25 relationship
E22000307,Milton Keynes,2025-11,191,2025-04-01,2026-03-01,LSOA21 to single LAD25/CSP25 relationship
E22000307,Milton Keynes,2025-12,158,2025-04-01,2026-03-01,LSOA21 to single LAD25/CSP25 relationship
E22000307,Milton Keynes,2026-01,168,2025-04-01,2026-03-01,LSOA21 to single LAD25/CSP25 relationship
E22000307,Milton Keynes,2026-02,178,2025-04-01,2026-03-01,LSOA21 to single LAD25/CSP25 relationship
E22000307,Milton Keynes,2026-03,291,2025-04-01,2026-03-01,LSOA21 to single LAD25/CSP25 relationship
E22000308,Oxford,2025-04,142,2025-04-01,2026-03-01,LSOA21 to single LAD25/CSP25 relationship
E22000308,Oxford,2025-05,129,2025-04-01,2026-03-01,LSOA21 to single LAD25/CSP25 relationship
E22000308,Oxford,2025-06,127,2025-04-01,2026-03-01,LSOA21 to single LAD25/CSP25 relationship
E22000308,Oxford,2025-07,177,2025-04-01,2026-03-01,LSOA21 to single LAD25/CSP25 relationship
E22000308,Oxford,2025-08,183,2025-04-01,2026-03-01,LSOA21 to single LAD25/CSP25 relationship
E22000308,Oxford,2025-09,129,2025-04-01,2026-03-01,LSOA21 to single LAD25/CSP25 relationship
E22000308,Oxford,2025-10,148,2025-04-01,2026-03-01,LSOA21 to single LAD25/CSP25 relationship
E22000308,Oxford,2025-11,92,2025-04-01,2026-03-01,LSOA21 to single LAD25/CSP25 relationship
E22000308,Oxford,2025-12,104,2025-04-01,2026-03-01,LSOA21 to single LAD25/CSP25 relationship
E22000308,Oxford,2026-01,76,2025-04-01,2026-03-01,LSOA21 to single LAD25/CSP25 relationship
E22000308,Oxford,2026-02,102,2025-04-01,2026-03-01,LSOA21 to single LAD25/CSP25 relationship
E22000308,Oxford,2026-03,140,2025-04-01,2026-03-01,LSOA21 to single LAD25/CSP25 relationship
E22000309,Reading,2025-04,179,2025-04-01,2026-03-01,LSOA21 to single LAD25/CSP25 relationship
E22000309,Reading,2025-05,208,2025-04-01,2026-03-01,LSOA21 to single LAD25/CSP25 relationship
E22000309,Reading,2025-06,201,2025-04-01,2026-03-01,LSOA21 to single LAD25/CSP25 relationship
E22000309,Reading,2025-07,236,2025-04-01,2026-03-01,LSOA21 to single LAD25/CSP25 relationship
E22000309,Reading,2025-08,223,2025-04-01,2026-03-01,LSOA21 to single LAD25/CSP25 relationship
E22000309,Reading,2025-09,126,2025-04-01,2026-03-01,LSOA21 to single LAD25/CSP25 relationship
E22000309,Reading,2025-10,160,2025-04-01,2026-03-01,LSOA21 to single LAD25/CSP25 relationship
E22000309,Reading,2025-11,145,2025-04-01,2026-03-01,LSOA21 to single LAD25/CSP25 relationship
E22000309,Reading,2025-12,113,2025-04-01,2026-03-01,LSOA21 to single LAD25/CSP25 relationship
E22000309,Reading,2026-01,123,2025-04-01,2026-03-01,LSOA21 to single LAD25/CSP25 relationship
E22000309,Reading,2026-02,137,2025-04-01,2026-03-01,LSOA21 to single LAD25/CSP25 relationship
E22000309,Reading,2026-03,156,2025-04-01,2026-03-01,LSOA21 to single LAD25/CSP25 relationship
E22000310,Slough,2025-04,146,2025-04-01,2026-03-01,LSOA21 to single LAD25/CSP25 relationship
E22000310,Slough,2025-05,172,2025-04-01,2026-03-01,LSOA21 to single LAD25/CSP25 relationship
E22000310,Slough,2025-06,134,2025-04-01,2026-03-01,LSOA21 to single LAD25/CSP25 relationship
E22000310,Slough,2025-07,177,2025-04-01,2026-03-01,LSOA21 to single LAD25/CSP25 relationship
E22000310,Slough,2025-08,151,2025-04-01,2026-03-01,LSOA21 to single LAD25/CSP25 relationship
E22000310,Slough,2025-09,126,2025-04-01,2026-03-01,LSOA21 to single LAD25/CSP25 relationship
E22000310,Slough,2025-10,192,2025-04-01,2026-03-01,LSOA21 to single LAD25/CSP25 relationship
E22000310,Slough,2025-11,130,2025-04-01,2026-03-01,LSOA21 to single LAD25/CSP25 relationship
E22000310,Slough,2025-12,90,2025-04-01,2026-03-01,LSOA21 to single LAD25/CSP25 relationship
E22000310,Slough,2026-01,114,2025-04-01,2026-03-01,LSOA21 to single LAD25/CSP25 relationship
E22000310,Slough,2026-02,97,2025-04-01,2026-03-01,LSOA21 to single LAD25/CSP25 relationship
E22000310,Slough,2026-03,125,2025-04-01,2026-03-01,LSOA21 to single LAD25/CSP25 relationship
E22000312,South Oxfordshire,2025-04,73,2025-04-01,2026-03-01,LSOA21 to single LAD25/CSP25 relationship
E22000312,South Oxfordshire,2025-05,74,2025-04-01,2026-03-01,LSOA21 to single LAD25/CSP25 relationship
E22000312,South Oxfordshire,2025-06,107,2025-04-01,2026-03-01,LSOA21 to single LAD25/CSP25 relationship
E22000312,South Oxfordshire,2025-07,93,2025-04-01,2026-03-01,LSOA21 to single LAD25/CSP25 relationship
E22000312,South Oxfordshire,2025-08,76,2025-04-01,2026-03-01,LSOA21 to single LAD25/CSP25 relationship
E22000312,South Oxfordshire,2025-09,55,2025-04-01,2026-03-01,LSOA21 to single LAD25/CSP25 relationship
E22000312,South Oxfordshire,2025-10,47,2025-04-01,2026-03-01,LSOA21 to single LAD25/CSP25 relationship
E22000312,South Oxfordshire,2025-11,57,2025-04-01,2026-03-01,LSOA21 to single LAD25/CSP25 relationship
E22000312,South Oxfordshire,2025-12,50,2025-04-01,2026-03-01,LSOA21 to single LAD25/CSP25 relationship
E22000312,South Oxfordshire,2026-01,50,2025-04-01,2026-03-01,LSOA21 to single LAD25/CSP25 relationship
E22000312,South Oxfordshire,2026-02,50,2025-04-01,2026-03-01,LSOA21 to single LAD25/CSP25 relationship
E22000312,South Oxfordshire,2026-03,69,2025-04-01,2026-03-01,LSOA21 to single LAD25/CSP25 relationship
E22000313,Vale of White Horse,2025-04,90,2025-04-01,2026-03-01,LSOA21 to single LAD25/CSP25 relationship
E22000313,Vale of White Horse,2025-05,120,2025-04-01,2026-03-01,LSOA21 to single LAD25/CSP25 relationship
E22000313,Vale of White Horse,2025-06,114,2025-04-01,2026-03-01,LSOA21 to single LAD25/CSP25 relationship
E22000313,Vale of White Horse,2025-07,127,2025-04-01,2026-03-01,LSOA21 to single LAD25/CSP25 relationship
E22000313,Vale of White Horse,2025-08,103,2025-04-01,2026-03-01,LSOA21 to single LAD25/CSP25 relationship
E22000313,Vale of White Horse,2025-09,101,2025-04-01,2026-03-01,LSOA21 to single LAD25/CSP25 relationship
E22000313,Vale of White Horse,2025-10,88,2025-04-01,2026-03-01,LSOA21 to single LAD25/CSP25 relationship
E22000313,Vale of White Horse,2025-11,67,2025-04-01,2026-03-01,LSOA21 to single LAD25/CSP25 relationship
E22000313,Vale of White Horse,2025-12,59,2025-04-01,2026-03-01,LSOA21 to single LAD25/CSP25 relationship
E22000313,Vale of White Horse,2026-01,53,2025-04-01,2026-03-01,LSOA21 to single LAD25/CSP25 relationship
E22000313,Vale of White Horse,2026-02,56,2025-04-01,2026-03-01,LSOA21 to single LAD25/CSP25 relationship
E22000313,Vale of White Horse,2026-03,80,2025-04-01,2026-03-01,LSOA21 to single LAD25/CSP25 relationship
E22000314,West Berkshire,2025-04,140,2025-04-01,2026-03-01,LSOA21 to single LAD25/CSP25 relationship
E22000314,West Berkshire,2025-05,198,2025-04-01,2026-03-01,LSOA21 to single LAD25/CSP25 relationship
E22000314,West Berkshire,2025-06,148,2025-04-01,2026-03-01,LSOA21 to single LAD25/CSP25 relationship
E22000314,West Berkshire,2025-07,173,2025-04-01,2026-03-01,LSOA21 to single LAD25/CSP25 relationship
E22000314,West Berkshire,2025-08,152,2025-04-01,2026-03-01,LSOA21 to single LAD25/CSP25 relationship
E22000314,West Berkshire,2025-09,134,2025-04-01,2026-03-01,LSOA21 to single LAD25/CSP25 relationship
E22000314,West Berkshire,2025-10,111,2025-04-01,2026-03-01,LSOA21 to single LAD25/CSP25 relationship
E22000314,West Berkshire,2025-11,95,2025-04-01,2026-03-01,LSOA21 to single LAD25/CSP25 relationship
E22000314,West Berkshire,2025-12,93,2025-04-01,2026-03-01,LSOA21 to single LAD25/CSP25 relationship
E22000314,West Berkshire,2026-01,68,2025-04-01,2026-03-01,LSOA21 to single LAD25/CSP25 relationship
E22000314,West Berkshire,2026-02,93,2025-04-01,2026-03-01,LSOA21 to single LAD25/CSP25 relationship
E22000314,West Berkshire,2026-03,118,2025-04-01,2026-03-01,LSOA21 to single LAD25/CSP25 relationship
E22000315,West Oxfordshire,2025-04,54,2025-04-01,2026-03-01,LSOA21 to single LAD25/CSP25 relationship
E22000315,West Oxfordshire,2025-05,67,2025-04-01,2026-03-01,LSOA21 to single LAD25/CSP25 relationship
E22000315,West Oxfordshire,2025-06,75,2025-04-01,2026-03-01,LSOA21 to single LAD25/CSP25 relationship
E22000315,West Oxfordshire,2025-07,89,2025-04-01,2026-03-01,LSOA21 to single LAD25/CSP25 relationship
E22000315,West Oxfordshire,2025-08,77,2025-04-01,2026-03-01,LSOA21 to single LAD25/CSP25 relationship
E22000315,West Oxfordshire,2025-09,51,2025-04-01,2026-03-01,LSOA21 to single LAD25/CSP25 relationship
E22000315,West Oxfordshire,2025-10,59,2025-04-01,2026-03-01,LSOA21 to single LAD25/CSP25 relationship
E22000315,West Oxfordshire,2025-11,51,2025-04-01,2026-03-01,LSOA21 to single LAD25/CSP25 relationship
E22000315,West Oxfordshire,2025-12,53,2025-04-01,2026-03-01,LSOA21 to single LAD25/CSP25 relationship
E22000315,West Oxfordshire,2026-01,54,2025-04-01,2026-03-01,LSOA21 to single LAD25/CSP25 relationship
E22000315,West Oxfordshire,2026-02,40,2025-04-01,2026-03-01,LSOA21 to single LAD25/CSP25 relationship
E22000315,West Oxfordshire,2026-03,57,2025-04-01,2026-03-01,LSOA21 to single LAD25/CSP25 relationship
E22000316,Windsor and Maidenhead,2025-04,98,2025-04-01,2026-03-01,LSOA21 to single LAD25/CSP25 relationship
E22000316,Windsor and Maidenhead,2025-05,96,2025-04-01,2026-03-01,LSOA21 to single LAD25/CSP25 relationship
E22000316,Windsor and Maidenhead,2025-06,126,2025-04-01,2026-03-01,LSOA21 to single LAD25/CSP25 relationship
E22000316,Windsor and Maidenhead,2025-07,119,2025-04-01,2026-03-01,LSOA21 to single LAD25/CSP25 relationship
E22000316,Windsor and Maidenhead,2025-08,122,2025-04-01,2026-03-01,LSOA21 to single LAD25/CSP25 relationship
E22000316,Windsor and Maidenhead,2025-09,92,2025-04-01,2026-03-01,LSOA21 to single LAD25/CSP25 relationship
E22000316,Windsor and Maidenhead,2025-10,106,2025-04-01,2026-03-01,LSOA21 to single LAD25/CSP25 relationship
E22000316,Windsor and Maidenhead,2025-11,79,2025-04-01,2026-03-01,LSOA21 to single LAD25/CSP25 relationship
E22000316,Windsor and Maidenhead,2025-12,59,2025-04-01,2026-03-01,LSOA21 to single LAD25/CSP25 relationship
E22000316,Windsor and Maidenhead,2026-01,69,2025-04-01,2026-03-01,LSOA21 to single LAD25/CSP25 relationship
E22000316,Windsor and Maidenhead,2026-02,85,2025-04-01,2026-03-01,LSOA21 to single LAD25/CSP25 relationship
E22000316,Windsor and Maidenhead,2026-03,101,2025-04-01,2026-03-01,LSOA21 to single LAD25/CSP25 relationship
E22000317,Wokingham,2025-04,103,2025-04-01,2026-03-01,LSOA21 to single LAD25/CSP25 relationship
E22000317,Wokingham,2025-05,98,2025-04-01,2026-03-01,LSOA21 to single LAD25/CSP25 relationship
E22000317,Wokingham,2025-06,111,2025-04-01,2026-03-01,LSOA21 to single LAD25/CSP25 relationship
E22000317,Wokingham,2025-07,150,2025-04-01,2026-03-01,LSOA21 to single LAD25/CSP25 relationship
E22000317,Wokingham,2025-08,111,2025-04-01,2026-03-01,LSOA21 to single LAD25/CSP25 relationship
E22000317,Wokingham,2025-09,82,2025-04-01,2026-03-01,LSOA21 to single LAD25/CSP25 relationship
E22000317,Wokingham,2025-10,105,2025-04-01,2026-03-01,LSOA21 to single LAD25/CSP25 relationship
E22000317,Wokingham,2025-11,60,2025-04-01,2026-03-01,LSOA21 to single LAD25/CSP25 relationship
E22000317,Wokingham,2025-12,37,2025-04-01,2026-03-01,LSOA21 to single LAD25/CSP25 relationship
E22000317,Wokingham,2026-01,55,2025-04-01,2026-03-01,LSOA21 to single LAD25/CSP25 relationship
E22000317,Wokingham,2026-02,68,2025-04-01,2026-03-01,LSOA21 to single LAD25/CSP25 relationship
E22000317,Wokingham,2026-03,89,2025-04-01,2026-03-01,LSOA21 to single LAD25/CSP25 relationship
E22000319,North Warwickshire,2025-04,100,2025-04-01,2026-03-01,LSOA21 to single LAD25/CSP25 relationship
E22000319,North Warwickshire,2025-05,115,2025-04-01,2026-03-01,LSOA21 to single LAD25/CSP25 relationship
E22000319,North Warwickshire,2025-06,125,2025-04-01,2026-03-01,LSOA21 to single LAD25/CSP25 relationship
E22000319,North Warwickshire,2025-07,133,2025-04-01,2026-03-01,LSOA21 to single LAD25/CSP25 relationship
E22000319,North Warwickshire,2025-08,139,2025-04-01,2026-03-01,LSOA21 to single LAD25/CSP25 relationship
E22000319,North Warwickshire,2025-09,77,2025-04-01,2026-03-01,LSOA21 to single LAD25/CSP25 relationship
E22000319,North Warwickshire,2025-10,99,2025-04-01,2026-03-01,LSOA21 to single LAD25/CSP25 relationship
E22000319,North Warwickshire,2025-11,74,2025-04-01,2026-03-01,LSOA21 to single LAD25/CSP25 relationship
E22000319,North Warwickshire,2025-12,73,2025-04-01,2026-03-01,LSOA21 to single LAD25/CSP25 relationship
E22000319,North Warwickshire,2026-01,70,2025-04-01,2026-03-01,LSOA21 to single LAD25/CSP25 relationship
E22000319,North Warwickshire,2026-02,85,2025-04-01,2026-03-01,LSOA21 to single LAD25/CSP25 relationship
E22000319,North Warwickshire,2026-03,115,2025-04-01,2026-03-01,LSOA21 to single LAD25/CSP25 relationship
E22000320,Nuneaton and Bedworth,2025-04,330,2025-04-01,2026-03-01,LSOA21 to single LAD25/CSP25 relationship
E22000320,Nuneaton and Bedworth,2025-05,295,2025-04-01,2026-03-01,LSOA21 to single LAD25/CSP25 relationship
E22000320,Nuneaton and Bedworth,2025-06,317,2025-04-01,2026-03-01,LSOA21 to single LAD25/CSP25 relationship
E22000320,Nuneaton and Bedworth,2025-07,308,2025-04-01,2026-03-01,LSOA21 to single LAD25/CSP25 relationship
E22000320,Nuneaton and Bedworth,2025-08,382,2025-04-01,2026-03-01,LSOA21 to single LAD25/CSP25 relationship
E22000320,Nuneaton and Bedworth,2025-09,331,2025-04-01,2026-03-01,LSOA21 to single LAD25/CSP25 relationship
E22000320,Nuneaton and Bedworth,2025-10,289,2025-04-01,2026-03-01,LSOA21 to single LAD25/CSP25 relationship
E22000320,Nuneaton and Bedworth,2025-11,256,2025-04-01,2026-03-01,LSOA21 to single LAD25/CSP25 relationship
E22000320,Nuneaton and Bedworth,2025-12,219,2025-04-01,2026-03-01,LSOA21 to single LAD25/CSP25 relationship
E22000320,Nuneaton and Bedworth,2026-01,226,2025-04-01,2026-03-01,LSOA21 to single LAD25/CSP25 relationship
E22000320,Nuneaton and Bedworth,2026-02,216,2025-04-01,2026-03-01,LSOA21 to single LAD25/CSP25 relationship
E22000320,Nuneaton and Bedworth,2026-03,255,2025-04-01,2026-03-01,LSOA21 to single LAD25/CSP25 relationship
E22000321,Rugby,2025-04,155,2025-04-01,2026-03-01,LSOA21 to single LAD25/CSP25 relationship
E22000321,Rugby,2025-05,183,2025-04-01,2026-03-01,LSOA21 to single LAD25/CSP25 relationship
E22000321,Rugby,2025-06,220,2025-04-01,2026-03-01,LSOA21 to single LAD25/CSP25 relationship
E22000321,Rugby,2025-07,175,2025-04-01,2026-03-01,LSOA21 to single LAD25/CSP25 relationship
E22000321,Rugby,2025-08,204,2025-04-01,2026-03-01,LSOA21 to single LAD25/CSP25 relationship
E22000321,Rugby,2025-09,154,2025-04-01,2026-03-01,LSOA21 to single LAD25/CSP25 relationship
E22000321,Rugby,2025-10,186,2025-04-01,2026-03-01,LSOA21 to single LAD25/CSP25 relationship
E22000321,Rugby,2025-11,151,2025-04-01,2026-03-01,LSOA21 to single LAD25/CSP25 relationship
E22000321,Rugby,2025-12,97,2025-04-01,2026-03-01,LSOA21 to single LAD25/CSP25 relationship
E22000321,Rugby,2026-01,134,2025-04-01,2026-03-01,LSOA21 to single LAD25/CSP25 relationship
E22000321,Rugby,2026-02,153,2025-04-01,2026-03-01,LSOA21 to single LAD25/CSP25 relationship
E22000321,Rugby,2026-03,197,2025-04-01,2026-03-01,LSOA21 to single LAD25/CSP25 relationship
E22000326,"Herefordshire, County of",2025-04,168,2025-04-01,2026-03-01,LSOA21 to single LAD25/CSP25 relationship
E22000326,"Herefordshire, County of",2025-05,153,2025-04-01,2026-03-01,LSOA21 to single LAD25/CSP25 relationship
E22000326,"Herefordshire, County of",2025-06,193,2025-04-01,2026-03-01,LSOA21 to single LAD25/CSP25 relationship
E22000326,"Herefordshire, County of",2025-07,199,2025-04-01,2026-03-01,LSOA21 to single LAD25/CSP25 relationship
E22000326,"Herefordshire, County of",2025-08,190,2025-04-01,2026-03-01,LSOA21 to single LAD25/CSP25 relationship
E22000326,"Herefordshire, County of",2025-09,141,2025-04-01,2026-03-01,LSOA21 to single LAD25/CSP25 relationship
E22000326,"Herefordshire, County of",2025-10,171,2025-04-01,2026-03-01,LSOA21 to single LAD25/CSP25 relationship
E22000326,"Herefordshire, County of",2025-11,141,2025-04-01,2026-03-01,LSOA21 to single LAD25/CSP25 relationship
E22000326,"Herefordshire, County of",2025-12,130,2025-04-01,2026-03-01,LSOA21 to single LAD25/CSP25 relationship
E22000326,"Herefordshire, County of",2026-01,160,2025-04-01,2026-03-01,LSOA21 to single LAD25/CSP25 relationship
E22000326,"Herefordshire, County of",2026-02,131,2025-04-01,2026-03-01,LSOA21 to single LAD25/CSP25 relationship
E22000326,"Herefordshire, County of",2026-03,164,2025-04-01,2026-03-01,LSOA21 to single LAD25/CSP25 relationship
E22000332,South Worcester,2025-04,378,2025-04-01,2026-03-01,LSOA21 to single LAD25/CSP25 relationship
E22000332,South Worcester,2025-05,398,2025-04-01,2026-03-01,LSOA21 to single LAD25/CSP25 relationship
E22000332,South Worcester,2025-06,387,2025-04-01,2026-03-01,LSOA21 to single LAD25/CSP25 relationship
E22000332,South Worcester,2025-07,453,2025-04-01,2026-03-01,LSOA21 to single LAD25/CSP25 relationship
E22000332,South Worcester,2025-08,420,2025-04-01,2026-03-01,LSOA21 to single LAD25/CSP25 relationship
E22000332,South Worcester,2025-09,370,2025-04-01,2026-03-01,LSOA21 to single LAD25/CSP25 relationship
E22000332,South Worcester,2025-10,349,2025-04-01,2026-03-01,LSOA21 to single LAD25/CSP25 relationship
E22000332,South Worcester,2025-11,313,2025-04-01,2026-03-01,LSOA21 to single LAD25/CSP25 relationship
E22000332,South Worcester,2025-12,341,2025-04-01,2026-03-01,LSOA21 to single LAD25/CSP25 relationship
E22000332,South Worcester,2026-01,260,2025-04-01,2026-03-01,LSOA21 to single LAD25/CSP25 relationship
E22000332,South Worcester,2026-02,296,2025-04-01,2026-03-01,LSOA21 to single LAD25/CSP25 relationship
E22000332,South Worcester,2026-03,410,2025-04-01,2026-03-01,LSOA21 to single LAD25/CSP25 relationship
E22000333,Telford and Wrekin,2025-04,265,2025-04-01,2026-03-01,LSOA21 to single LAD25/CSP25 relationship
E22000333,Telford and Wrekin,2025-05,271,2025-04-01,2026-03-01,LSOA21 to single LAD25/CSP25 relationship
E22000333,Telford and Wrekin,2025-06,310,2025-04-01,2026-03-01,LSOA21 to single LAD25/CSP25 relationship
E22000333,Telford and Wrekin,2025-07,309,2025-04-01,2026-03-01,LSOA21 to single LAD25/CSP25 relationship
E22000333,Telford and Wrekin,2025-08,279,2025-04-01,2026-03-01,LSOA21 to single LAD25/CSP25 relationship
E22000333,Telford and Wrekin,2025-09,250,2025-04-01,2026-03-01,LSOA21 to single LAD25/CSP25 relationship
E22000333,Telford and Wrekin,2025-10,269,2025-04-01,2026-03-01,LSOA21 to single LAD25/CSP25 relationship
E22000333,Telford and Wrekin,2025-11,205,2025-04-01,2026-03-01,LSOA21 to single LAD25/CSP25 relationship
E22000333,Telford and Wrekin,2025-12,212,2025-04-01,2026-03-01,LSOA21 to single LAD25/CSP25 relationship
E22000333,Telford and Wrekin,2026-01,239,2025-04-01,2026-03-01,LSOA21 to single LAD25/CSP25 relationship
E22000333,Telford and Wrekin,2026-02,182,2025-04-01,2026-03-01,LSOA21 to single LAD25/CSP25 relationship
E22000333,Telford and Wrekin,2026-03,211,2025-04-01,2026-03-01,LSOA21 to single LAD25/CSP25 relationship
E22000335,Birmingham,2025-04,1179,2025-04-01,2026-03-01,LSOA21 to single LAD25/CSP25 relationship
E22000335,Birmingham,2025-05,1177,2025-04-01,2026-03-01,LSOA21 to single LAD25/CSP25 relationship
E22000335,Birmingham,2025-06,1171,2025-04-01,2026-03-01,LSOA21 to single LAD25/CSP25 relationship
E22000335,Birmingham,2025-07,959,2025-04-01,2026-03-01,LSOA21 to single LAD25/CSP25 relationship
E22000335,Birmingham,2025-08,953,2025-04-01,2026-03-01,LSOA21 to single LAD25/CSP25 relationship
E22000335,Birmingham,2025-09,635,2025-04-01,2026-03-01,LSOA21 to single LAD25/CSP25 relationship
E22000335,Birmingham,2025-10,607,2025-04-01,2026-03-01,LSOA21 to single LAD25/CSP25 relationship
E22000335,Birmingham,2025-11,460,2025-04-01,2026-03-01,LSOA21 to single LAD25/CSP25 relationship
E22000335,Birmingham,2025-12,366,2025-04-01,2026-03-01,LSOA21 to single LAD25/CSP25 relationship
E22000335,Birmingham,2026-01,316,2025-04-01,2026-03-01,LSOA21 to single LAD25/CSP25 relationship
E22000335,Birmingham,2026-02,298,2025-04-01,2026-03-01,LSOA21 to single LAD25/CSP25 relationship
E22000335,Birmingham,2026-03,407,2025-04-01,2026-03-01,LSOA21 to single LAD25/CSP25 relationship
E22000336,Coventry,2025-04,296,2025-04-01,2026-03-01,LSOA21 to single LAD25/CSP25 relationship
E22000336,Coventry,2025-05,283,2025-04-01,2026-03-01,LSOA21 to single LAD25/CSP25 relationship
E22000336,Coventry,2025-06,365,2025-04-01,2026-03-01,LSOA21 to single LAD25/CSP25 relationship
E22000336,Coventry,2025-07,265,2025-04-01,2026-03-01,LSOA21 to single LAD25/CSP25 relationship
E22000336,Coventry,2025-08,221,2025-04-01,2026-03-01,LSOA21 to single LAD25/CSP25 relationship
E22000336,Coventry,2025-09,162,2025-04-01,2026-03-01,LSOA21 to single LAD25/CSP25 relationship
E22000336,Coventry,2025-10,173,2025-04-01,2026-03-01,LSOA21 to single LAD25/CSP25 relationship
E22000336,Coventry,2025-11,96,2025-04-01,2026-03-01,LSOA21 to single LAD25/CSP25 relationship
E22000336,Coventry,2025-12,70,2025-04-01,2026-03-01,LSOA21 to single LAD25/CSP25 relationship
E22000336,Coventry,2026-01,101,2025-04-01,2026-03-01,LSOA21 to single LAD25/CSP25 relationship
E22000336,Coventry,2026-02,90,2025-04-01,2026-03-01,LSOA21 to single LAD25/CSP25 relationship
E22000336,Coventry,2026-03,121,2025-04-01,2026-03-01,LSOA21 to single LAD25/CSP25 relationship
E22000337,Dudley,2025-04,227,2025-04-01,2026-03-01,LSOA21 to single LAD25/CSP25 relationship
E22000337,Dudley,2025-05,190,2025-04-01,2026-03-01,LSOA21 to single LAD25/CSP25 relationship
E22000337,Dudley,2025-06,228,2025-04-01,2026-03-01,LSOA21 to single LAD25/CSP25 relationship
E22000337,Dudley,2025-07,189,2025-04-01,2026-03-01,LSOA21 to single LAD25/CSP25 relationship
E22000337,Dudley,2025-08,177,2025-04-01,2026-03-01,LSOA21 to single LAD25/CSP25 relationship
E22000337,Dudley,2025-09,111,2025-04-01,2026-03-01,LSOA21 to single LAD25/CSP25 relationship
E22000337,Dudley,2025-10,113,2025-04-01,2026-03-01,LSOA21 to single LAD25/CSP25 relationship
E22000337,Dudley,2025-11,56,2025-04-01,2026-03-01,LSOA21 to single LAD25/CSP25 relationship
E22000337,Dudley,2025-12,47,2025-04-01,2026-03-01,LSOA21 to single LAD25/CSP25 relationship
E22000337,Dudley,2026-01,62,2025-04-01,2026-03-01,LSOA21 to single LAD25/CSP25 relationship
E22000337,Dudley,2026-02,50,2025-04-01,2026-03-01,LSOA21 to single LAD25/CSP25 relationship
E22000337,Dudley,2026-03,63,2025-04-01,2026-03-01,LSOA21 to single LAD25/CSP25 relationship
E22000338,Sandwell,2025-04,242,2025-04-01,2026-03-01,LSOA21 to single LAD25/CSP25 relationship
E22000338,Sandwell,2025-05,291,2025-04-01,2026-03-01,LSOA21 to single LAD25/CSP25 relationship
E22000338,Sandwell,2025-06,297,2025-04-01,2026-03-01,LSOA21 to single LAD25/CSP25 relationship
E22000338,Sandwell,2025-07,174,2025-04-01,2026-03-01,LSOA21 to single LAD25/CSP25 relationship
E22000338,Sandwell,2025-08,210,2025-04-01,2026-03-01,LSOA21 to single LAD25/CSP25 relationship
E22000338,Sandwell,2025-09,134,2025-04-01,2026-03-01,LSOA21 to single LAD25/CSP25 relationship
E22000338,Sandwell,2025-10,166,2025-04-01,2026-03-01,LSOA21 to single LAD25/CSP25 relationship
E22000338,Sandwell,2025-11,102,2025-04-01,2026-03-01,LSOA21 to single LAD25/CSP25 relationship
E22000338,Sandwell,2025-12,85,2025-04-01,2026-03-01,LSOA21 to single LAD25/CSP25 relationship
E22000338,Sandwell,2026-01,81,2025-04-01,2026-03-01,LSOA21 to single LAD25/CSP25 relationship
E22000338,Sandwell,2026-02,58,2025-04-01,2026-03-01,LSOA21 to single LAD25/CSP25 relationship
E22000338,Sandwell,2026-03,85,2025-04-01,2026-03-01,LSOA21 to single LAD25/CSP25 relationship
E22000339,Solihull,2025-04,109,2025-04-01,2026-03-01,LSOA21 to single LAD25/CSP25 relationship
E22000339,Solihull,2025-05,76,2025-04-01,2026-03-01,LSOA21 to single LAD25/CSP25 relationship
E22000339,Solihull,2025-06,97,2025-04-01,2026-03-01,LSOA21 to single LAD25/CSP25 relationship
E22000339,Solihull,2025-07,102,2025-04-01,2026-03-01,LSOA21 to single LAD25/CSP25 relationship
E22000339,Solihull,2025-08,127,2025-04-01,2026-03-01,LSOA21 to single LAD25/CSP25 relationship
E22000339,Solihull,2025-09,57,2025-04-01,2026-03-01,LSOA21 to single LAD25/CSP25 relationship
E22000339,Solihull,2025-10,68,2025-04-01,2026-03-01,LSOA21 to single LAD25/CSP25 relationship
E22000339,Solihull,2025-11,55,2025-04-01,2026-03-01,LSOA21 to single LAD25/CSP25 relationship
E22000339,Solihull,2025-12,40,2025-04-01,2026-03-01,LSOA21 to single LAD25/CSP25 relationship
E22000339,Solihull,2026-01,50,2025-04-01,2026-03-01,LSOA21 to single LAD25/CSP25 relationship
E22000339,Solihull,2026-02,55,2025-04-01,2026-03-01,LSOA21 to single LAD25/CSP25 relationship
E22000339,Solihull,2026-03,71,2025-04-01,2026-03-01,LSOA21 to single LAD25/CSP25 relationship
E22000340,Walsall,2025-04,284,2025-04-01,2026-03-01,LSOA21 to single LAD25/CSP25 relationship
E22000340,Walsall,2025-05,238,2025-04-01,2026-03-01,LSOA21 to single LAD25/CSP25 relationship
E22000340,Walsall,2025-06,232,2025-04-01,2026-03-01,LSOA21 to single LAD25/CSP25 relationship
E22000340,Walsall,2025-07,186,2025-04-01,2026-03-01,LSOA21 to single LAD25/CSP25 relationship
E22000340,Walsall,2025-08,177,2025-04-01,2026-03-01,LSOA21 to single LAD25/CSP25 relationship
E22000340,Walsall,2025-09,130,2025-04-01,2026-03-01,LSOA21 to single LAD25/CSP25 relationship
E22000340,Walsall,2025-10,146,2025-04-01,2026-03-01,LSOA21 to single LAD25/CSP25 relationship
E22000340,Walsall,2025-11,93,2025-04-01,2026-03-01,LSOA21 to single LAD25/CSP25 relationship
E22000340,Walsall,2025-12,50,2025-04-01,2026-03-01,LSOA21 to single LAD25/CSP25 relationship
E22000340,Walsall,2026-01,86,2025-04-01,2026-03-01,LSOA21 to single LAD25/CSP25 relationship
E22000340,Walsall,2026-02,79,2025-04-01,2026-03-01,LSOA21 to single LAD25/CSP25 relationship
E22000340,Walsall,2026-03,101,2025-04-01,2026-03-01,LSOA21 to single LAD25/CSP25 relationship
E22000341,Wolverhampton,2025-04,233,2025-04-01,2026-03-01,LSOA21 to single LAD25/CSP25 relationship
E22000341,Wolverhampton,2025-05,220,2025-04-01,2026-03-01,LSOA21 to single LAD25/CSP25 relationship
E22000341,Wolverhampton,2025-06,228,2025-04-01,2026-03-01,LSOA21 to single LAD25/CSP25 relationship
E22000341,Wolverhampton,2025-07,216,2025-04-01,2026-03-01,LSOA21 to single LAD25/CSP25 relationship
E22000341,Wolverhampton,2025-08,165,2025-04-01,2026-03-01,LSOA21 to single LAD25/CSP25 relationship
E22000341,Wolverhampton,2025-09,110,2025-04-01,2026-03-01,LSOA21 to single LAD25/CSP25 relationship
E22000341,Wolverhampton,2025-10,125,2025-04-01,2026-03-01,LSOA21 to single LAD25/CSP25 relationship
E22000341,Wolverhampton,2025-11,81,2025-04-01,2026-03-01,LSOA21 to single LAD25/CSP25 relationship
E22000341,Wolverhampton,2025-12,63,2025-04-01,2026-03-01,LSOA21 to single LAD25/CSP25 relationship
E22000341,Wolverhampton,2026-01,77,2025-04-01,2026-03-01,LSOA21 to single LAD25/CSP25 relationship
E22000341,Wolverhampton,2026-02,59,2025-04-01,2026-03-01,LSOA21 to single LAD25/CSP25 relationship
E22000341,Wolverhampton,2026-03,72,2025-04-01,2026-03-01,LSOA21 to single LAD25/CSP25 relationship
E22000342,Bradford,2025-04,655,2025-04-01,2026-03-01,LSOA21 to single LAD25/CSP25 relationship
E22000342,Bradford,2025-05,750,2025-04-01,2026-03-01,LSOA21 to single LAD25/CSP25 relationship
E22000342,Bradford,2025-06,680,2025-04-01,2026-03-01,LSOA21 to single LAD25/CSP25 relationship
E22000342,Bradford,2025-07,756,2025-04-01,2026-03-01,LSOA21 to single LAD25/CSP25 relationship
E22000342,Bradford,2025-08,904,2025-04-01,2026-03-01,LSOA21 to single LAD25/CSP25 relationship
E22000342,Bradford,2025-09,594,2025-04-01,2026-03-01,LSOA21 to single LAD25/CSP25 relationship
E22000342,Bradford,2025-10,650,2025-04-01,2026-03-01,LSOA21 to single LAD25/CSP25 relationship
E22000342,Bradford,2025-11,558,2025-04-01,2026-03-01,LSOA21 to single LAD25/CSP25 relationship
E22000342,Bradford,2025-12,346,2025-04-01,2026-03-01,LSOA21 to single LAD25/CSP25 relationship
E22000342,Bradford,2026-01,354,2025-04-01,2026-03-01,LSOA21 to single LAD25/CSP25 relationship
E22000342,Bradford,2026-02,441,2025-04-01,2026-03-01,LSOA21 to single LAD25/CSP25 relationship
E22000342,Bradford,2026-03,457,2025-04-01,2026-03-01,LSOA21 to single LAD25/CSP25 relationship
E22000343,Calderdale,2025-04,276,2025-04-01,2026-03-01,LSOA21 to single LAD25/CSP25 relationship
E22000343,Calderdale,2025-05,323,2025-04-01,2026-03-01,LSOA21 to single LAD25/CSP25 relationship
E22000343,Calderdale,2025-06,277,2025-04-01,2026-03-01,LSOA21 to single LAD25/CSP25 relationship
E22000343,Calderdale,2025-07,272,2025-04-01,2026-03-01,LSOA21 to single LAD25/CSP25 relationship
E22000343,Calderdale,2025-08,324,2025-04-01,2026-03-01,LSOA21 to single LAD25/CSP25 relationship
E22000343,Calderdale,2025-09,241,2025-04-01,2026-03-01,LSOA21 to single LAD25/CSP25 relationship
E22000343,Calderdale,2025-10,257,2025-04-01,2026-03-01,LSOA21 to single LAD25/CSP25 relationship
E22000343,Calderdale,2025-11,194,2025-04-01,2026-03-01,LSOA21 to single LAD25/CSP25 relationship
E22000343,Calderdale,2025-12,162,2025-04-01,2026-03-01,LSOA21 to single LAD25/CSP25 relationship
E22000343,Calderdale,2026-01,182,2025-04-01,2026-03-01,LSOA21 to single LAD25/CSP25 relationship
E22000343,Calderdale,2026-02,189,2025-04-01,2026-03-01,LSOA21 to single LAD25/CSP25 relationship
E22000343,Calderdale,2026-03,226,2025-04-01,2026-03-01,LSOA21 to single LAD25/CSP25 relationship
E22000344,Kirklees,2025-04,422,2025-04-01,2026-03-01,LSOA21 to single LAD25/CSP25 relationship
E22000344,Kirklees,2025-05,443,2025-04-01,2026-03-01,LSOA21 to single LAD25/CSP25 relationship
E22000344,Kirklees,2025-06,380,2025-04-01,2026-03-01,LSOA21 to single LAD25/CSP25 relationship
E22000344,Kirklees,2025-07,376,2025-04-01,2026-03-01,LSOA21 to single LAD25/CSP25 relationship
E22000344,Kirklees,2025-08,431,2025-04-01,2026-03-01,LSOA21 to single LAD25/CSP25 relationship
E22000344,Kirklees,2025-09,326,2025-04-01,2026-03-01,LSOA21 to single LAD25/CSP25 relationship
E22000344,Kirklees,2025-10,417,2025-04-01,2026-03-01,LSOA21 to single LAD25/CSP25 relationship
E22000344,Kirklees,2025-11,316,2025-04-01,2026-03-01,LSOA21 to single LAD25/CSP25 relationship
E22000344,Kirklees,2025-12,224,2025-04-01,2026-03-01,LSOA21 to single LAD25/CSP25 relationship
E22000344,Kirklees,2026-01,270,2025-04-01,2026-03-01,LSOA21 to single LAD25/CSP25 relationship
E22000344,Kirklees,2026-02,279,2025-04-01,2026-03-01,LSOA21 to single LAD25/CSP25 relationship
E22000344,Kirklees,2026-03,392,2025-04-01,2026-03-01,LSOA21 to single LAD25/CSP25 relationship
E22000345,Leeds,2025-04,883,2025-04-01,2026-03-01,LSOA21 to single LAD25/CSP25 relationship
E22000345,Leeds,2025-05,853,2025-04-01,2026-03-01,LSOA21 to single LAD25/CSP25 relationship
E22000345,Leeds,2025-06,942,2025-04-01,2026-03-01,LSOA21 to single LAD25/CSP25 relationship
E22000345,Leeds,2025-07,861,2025-04-01,2026-03-01,LSOA21 to single LAD25/CSP25 relationship
E22000345,Leeds,2025-08,949,2025-04-01,2026-03-01,LSOA21 to single LAD25/CSP25 relationship
E22000345,Leeds,2025-09,766,2025-04-01,2026-03-01,LSOA21 to single LAD25/CSP25 relationship
E22000345,Leeds,2025-10,922,2025-04-01,2026-03-01,LSOA21 to single LAD25/CSP25 relationship
E22000345,Leeds,2025-11,791,2025-04-01,2026-03-01,LSOA21 to single LAD25/CSP25 relationship
E22000345,Leeds,2025-12,548,2025-04-01,2026-03-01,LSOA21 to single LAD25/CSP25 relationship
E22000345,Leeds,2026-01,540,2025-04-01,2026-03-01,LSOA21 to single LAD25/CSP25 relationship
E22000345,Leeds,2026-02,583,2025-04-01,2026-03-01,LSOA21 to single LAD25/CSP25 relationship
E22000345,Leeds,2026-03,803,2025-04-01,2026-03-01,LSOA21 to single LAD25/CSP25 relationship
E22000346,Wakefield,2025-04,434,2025-04-01,2026-03-01,LSOA21 to single LAD25/CSP25 relationship
E22000346,Wakefield,2025-05,464,2025-04-01,2026-03-01,LSOA21 to single LAD25/CSP25 relationship
E22000346,Wakefield,2025-06,462,2025-04-01,2026-03-01,LSOA21 to single LAD25/CSP25 relationship
E22000346,Wakefield,2025-07,482,2025-04-01,2026-03-01,LSOA21 to single LAD25/CSP25 relationship
E22000346,Wakefield,2025-08,465,2025-04-01,2026-03-01,LSOA21 to single LAD25/CSP25 relationship
E22000346,Wakefield,2025-09,387,2025-04-01,2026-03-01,LSOA21 to single LAD25/CSP25 relationship
E22000346,Wakefield,2025-10,394,2025-04-01,2026-03-01,LSOA21 to single LAD25/CSP25 relationship
E22000346,Wakefield,2025-11,259,2025-04-01,2026-03-01,LSOA21 to single LAD25/CSP25 relationship
E22000346,Wakefield,2025-12,229,2025-04-01,2026-03-01,LSOA21 to single LAD25/CSP25 relationship
E22000346,Wakefield,2026-01,262,2025-04-01,2026-03-01,LSOA21 to single LAD25/CSP25 relationship
E22000346,Wakefield,2026-02,300,2025-04-01,2026-03-01,LSOA21 to single LAD25/CSP25 relationship
E22000346,Wakefield,2026-03,418,2025-04-01,2026-03-01,LSOA21 to single LAD25/CSP25 relationship
E22000350,Swindon,2025-04,337,2025-04-01,2026-03-01,LSOA21 to single LAD25/CSP25 relationship
E22000350,Swindon,2025-05,344,2025-04-01,2026-03-01,LSOA21 to single LAD25/CSP25 relationship
E22000350,Swindon,2025-06,347,2025-04-01,2026-03-01,LSOA21 to single LAD25/CSP25 relationship
E22000350,Swindon,2025-07,389,2025-04-01,2026-03-01,LSOA21 to single LAD25/CSP25 relationship
E22000350,Swindon,2025-08,379,2025-04-01,2026-03-01,LSOA21 to single LAD25/CSP25 relationship
E22000350,Swindon,2025-09,341,2025-04-01,2026-03-01,LSOA21 to single LAD25/CSP25 relationship
E22000350,Swindon,2025-10,341,2025-04-01,2026-03-01,LSOA21 to single LAD25/CSP25 relationship
E22000350,Swindon,2025-11,307,2025-04-01,2026-03-01,LSOA21 to single LAD25/CSP25 relationship
E22000350,Swindon,2025-12,284,2025-04-01,2026-03-01,LSOA21 to single LAD25/CSP25 relationship
E22000350,Swindon,2026-01,269,2025-04-01,2026-03-01,LSOA21 to single LAD25/CSP25 relationship
E22000350,Swindon,2026-02,275,2025-04-01,2026-03-01,LSOA21 to single LAD25/CSP25 relationship
E22000350,Swindon,2026-03,323,2025-04-01,2026-03-01,LSOA21 to single LAD25/CSP25 relationship
E22000352,Dartford and Gravesham,2025-04,349,2025-04-01,2026-03-01,LSOA21 to single LAD25/CSP25 relationship
E22000352,Dartford and Gravesham,2025-05,335,2025-04-01,2026-03-01,LSOA21 to single LAD25/CSP25 relationship
E22000352,Dartford and Gravesham,2025-06,376,2025-04-01,2026-03-01,LSOA21 to single LAD25/CSP25 relationship
E22000352,Dartford and Gravesham,2025-07,436,2025-04-01,2026-03-01,LSOA21 to single LAD25/CSP25 relationship
E22000352,Dartford and Gravesham,2025-08,426,2025-04-01,2026-03-01,LSOA21 to single LAD25/CSP25 relationship
E22000352,Dartford and Gravesham,2025-09,373,2025-04-01,2026-03-01,LSOA21 to single LAD25/CSP25 relationship
E22000352,Dartford and Gravesham,2025-10,325,2025-04-01,2026-03-01,LSOA21 to single LAD25/CSP25 relationship
E22000352,Dartford and Gravesham,2025-11,293,2025-04-01,2026-03-01,LSOA21 to single LAD25/CSP25 relationship
E22000352,Dartford and Gravesham,2025-12,312,2025-04-01,2026-03-01,LSOA21 to single LAD25/CSP25 relationship
E22000352,Dartford and Gravesham,2026-01,246,2025-04-01,2026-03-01,LSOA21 to single LAD25/CSP25 relationship
E22000352,Dartford and Gravesham,2026-02,265,2025-04-01,2026-03-01,LSOA21 to single LAD25/CSP25 relationship
E22000352,Dartford and Gravesham,2026-03,335,2025-04-01,2026-03-01,LSOA21 to single LAD25/CSP25 relationship
E22000353,Central Bedfordshire,2025-04,339,2025-04-01,2026-03-01,LSOA21 to single LAD25/CSP25 relationship
E22000353,Central Bedfordshire,2025-05,368,2025-04-01,2026-03-01,LSOA21 to single LAD25/CSP25 relationship
E22000353,Central Bedfordshire,2025-06,390,2025-04-01,2026-03-01,LSOA21 to single LAD25/CSP25 relationship
E22000353,Central Bedfordshire,2025-07,443,2025-04-01,2026-03-01,LSOA21 to single LAD25/CSP25 relationship
E22000353,Central Bedfordshire,2025-08,343,2025-04-01,2026-03-01,LSOA21 to single LAD25/CSP25 relationship
E22000353,Central Bedfordshire,2025-09,287,2025-04-01,2026-03-01,LSOA21 to single LAD25/CSP25 relationship
E22000353,Central Bedfordshire,2025-10,306,2025-04-01,2026-03-01,LSOA21 to single LAD25/CSP25 relationship
E22000353,Central Bedfordshire,2025-11,257,2025-04-01,2026-03-01,LSOA21 to single LAD25/CSP25 relationship
E22000353,Central Bedfordshire,2025-12,236,2025-04-01,2026-03-01,LSOA21 to single LAD25/CSP25 relationship
E22000353,Central Bedfordshire,2026-01,253,2025-04-01,2026-03-01,LSOA21 to single LAD25/CSP25 relationship
E22000353,Central Bedfordshire,2026-02,260,2025-04-01,2026-03-01,LSOA21 to single LAD25/CSP25 relationship
E22000353,Central Bedfordshire,2026-03,282,2025-04-01,2026-03-01,LSOA21 to single LAD25/CSP25 relationship
E22000354,Cheshire East,2025-04,230,2025-04-01,2026-03-01,LSOA21 to single LAD25/CSP25 relationship
E22000354,Cheshire East,2025-05,213,2025-04-01,2026-03-01,LSOA21 to single LAD25/CSP25 relationship
E22000354,Cheshire East,2025-06,249,2025-04-01,2026-03-01,LSOA21 to single LAD25/CSP25 relationship
E22000354,Cheshire East,2025-07,280,2025-04-01,2026-03-01,LSOA21 to single LAD25/CSP25 relationship
E22000354,Cheshire East,2025-08,258,2025-04-01,2026-03-01,LSOA21 to single LAD25/CSP25 relationship
E22000354,Cheshire East,2025-09,168,2025-04-01,2026-03-01,LSOA21 to single LAD25/CSP25 relationship
E22000354,Cheshire East,2025-10,203,2025-04-01,2026-03-01,LSOA21 to single LAD25/CSP25 relationship
E22000354,Cheshire East,2025-11,157,2025-04-01,2026-03-01,LSOA21 to single LAD25/CSP25 relationship
E22000354,Cheshire East,2025-12,115,2025-04-01,2026-03-01,LSOA21 to single LAD25/CSP25 relationship
E22000354,Cheshire East,2026-01,143,2025-04-01,2026-03-01,LSOA21 to single LAD25/CSP25 relationship
E22000354,Cheshire East,2026-02,146,2025-04-01,2026-03-01,LSOA21 to single LAD25/CSP25 relationship
E22000354,Cheshire East,2026-03,194,2025-04-01,2026-03-01,LSOA21 to single LAD25/CSP25 relationship
E22000355,Cheshire West and Chester,2025-04,250,2025-04-01,2026-03-01,LSOA21 to single LAD25/CSP25 relationship
E22000355,Cheshire West and Chester,2025-05,222,2025-04-01,2026-03-01,LSOA21 to single LAD25/CSP25 relationship
E22000355,Cheshire West and Chester,2025-06,206,2025-04-01,2026-03-01,LSOA21 to single LAD25/CSP25 relationship
E22000355,Cheshire West and Chester,2025-07,242,2025-04-01,2026-03-01,LSOA21 to single LAD25/CSP25 relationship
E22000355,Cheshire West and Chester,2025-08,243,2025-04-01,2026-03-01,LSOA21 to single LAD25/CSP25 relationship
E22000355,Cheshire West and Chester,2025-09,216,2025-04-01,2026-03-01,LSOA21 to single LAD25/CSP25 relationship
E22000355,Cheshire West and Chester,2025-10,280,2025-04-01,2026-03-01,LSOA21 to single LAD25/CSP25 relationship
E22000355,Cheshire West and Chester,2025-11,171,2025-04-01,2026-03-01,LSOA21 to single LAD25/CSP25 relationship
E22000355,Cheshire West and Chester,2025-12,121,2025-04-01,2026-03-01,LSOA21 to single LAD25/CSP25 relationship
E22000355,Cheshire West and Chester,2026-01,180,2025-04-01,2026-03-01,LSOA21 to single LAD25/CSP25 relationship
E22000355,Cheshire West and Chester,2026-02,157,2025-04-01,2026-03-01,LSOA21 to single LAD25/CSP25 relationship
E22000355,Cheshire West and Chester,2026-03,229,2025-04-01,2026-03-01,LSOA21 to single LAD25/CSP25 relationship
E22000356,Cornwall,2025-04,654,2025-04-01,2026-03-01,LSOA21 to single LAD25/CSP25 relationship
E22000356,Cornwall,2025-05,837,2025-04-01,2026-03-01,LSOA21 to single LAD25/CSP25 relationship
E22000356,Cornwall,2025-06,716,2025-04-01,2026-03-01,LSOA21 to single LAD25/CSP25 relationship
E22000356,Cornwall,2025-07,804,2025-04-01,2026-03-01,LSOA21 to single LAD25/CSP25 relationship
E22000356,Cornwall,2025-08,722,2025-04-01,2026-03-01,LSOA21 to single LAD25/CSP25 relationship
E22000356,Cornwall,2025-09,572,2025-04-01,2026-03-01,LSOA21 to single LAD25/CSP25 relationship
E22000356,Cornwall,2025-10,541,2025-04-01,2026-03-01,LSOA21 to single LAD25/CSP25 relationship
E22000356,Cornwall,2025-11,499,2025-04-01,2026-03-01,LSOA21 to single LAD25/CSP25 relationship
E22000356,Cornwall,2025-12,286,2025-04-01,2026-03-01,LSOA21 to single LAD25/CSP25 relationship
E22000356,Cornwall,2026-01,288,2025-04-01,2026-03-01,LSOA21 to single LAD25/CSP25 relationship
E22000356,Cornwall,2026-02,284,2025-04-01,2026-03-01,LSOA21 to single LAD25/CSP25 relationship
E22000356,Cornwall,2026-03,365,2025-04-01,2026-03-01,LSOA21 to single LAD25/CSP25 relationship
E22000358,Northumberland,2025-04,449,2025-04-01,2026-03-01,LSOA21 to single LAD25/CSP25 relationship
E22000358,Northumberland,2025-05,496,2025-04-01,2026-03-01,LSOA21 to single LAD25/CSP25 relationship
E22000358,Northumberland,2025-06,468,2025-04-01,2026-03-01,LSOA21 to single LAD25/CSP25 relationship
E22000358,Northumberland,2025-07,600,2025-04-01,2026-03-01,LSOA21 to single LAD25/CSP25 relationship
E22000358,Northumberland,2025-08,550,2025-04-01,2026-03-01,LSOA21 to single LAD25/CSP25 relationship
E22000358,Northumberland,2025-09,535,2025-04-01,2026-03-01,LSOA21 to single LAD25/CSP25 relationship
E22000358,Northumberland,2025-10,567,2025-04-01,2026-03-01,LSOA21 to single LAD25/CSP25 relationship
E22000358,Northumberland,2025-11,407,2025-04-01,2026-03-01,LSOA21 to single LAD25/CSP25 relationship
E22000358,Northumberland,2025-12,355,2025-04-01,2026-03-01,LSOA21 to single LAD25/CSP25 relationship
E22000358,Northumberland,2026-01,346,2025-04-01,2026-03-01,LSOA21 to single LAD25/CSP25 relationship
E22000358,Northumberland,2026-02,397,2025-04-01,2026-03-01,LSOA21 to single LAD25/CSP25 relationship
E22000358,Northumberland,2026-03,528,2025-04-01,2026-03-01,LSOA21 to single LAD25/CSP25 relationship
E22000359,South Warwickshire,2025-04,362,2025-04-01,2026-03-01,LSOA21 to single LAD25/CSP25 relationship
E22000359,South Warwickshire,2025-05,420,2025-04-01,2026-03-01,LSOA21 to single LAD25/CSP25 relationship
E22000359,South Warwickshire,2025-06,453,2025-04-01,2026-03-01,LSOA21 to single LAD25/CSP25 relationship
E22000359,South Warwickshire,2025-07,504,2025-04-01,2026-03-01,LSOA21 to single LAD25/CSP25 relationship
E22000359,South Warwickshire,2025-08,598,2025-04-01,2026-03-01,LSOA21 to single LAD25/CSP25 relationship
E22000359,South Warwickshire,2025-09,411,2025-04-01,2026-03-01,LSOA21 to single LAD25/CSP25 relationship
E22000359,South Warwickshire,2025-10,370,2025-04-01,2026-03-01,LSOA21 to single LAD25/CSP25 relationship
E22000359,South Warwickshire,2025-11,367,2025-04-01,2026-03-01,LSOA21 to single LAD25/CSP25 relationship
E22000359,South Warwickshire,2025-12,257,2025-04-01,2026-03-01,LSOA21 to single LAD25/CSP25 relationship
E22000359,South Warwickshire,2026-01,303,2025-04-01,2026-03-01,LSOA21 to single LAD25/CSP25 relationship
E22000359,South Warwickshire,2026-02,308,2025-04-01,2026-03-01,LSOA21 to single LAD25/CSP25 relationship
E22000359,South Warwickshire,2026-03,377,2025-04-01,2026-03-01,LSOA21 to single LAD25/CSP25 relationship
E22000360,Shropshire,2025-04,324,2025-04-01,2026-03-01,LSOA21 to single LAD25/CSP25 relationship
E22000360,Shropshire,2025-05,341,2025-04-01,2026-03-01,LSOA21 to single LAD25/CSP25 relationship
E22000360,Shropshire,2025-06,315,2025-04-01,2026-03-01,LSOA21 to single LAD25/CSP25 relationship
E22000360,Shropshire,2025-07,333,2025-04-01,2026-03-01,LSOA21 to single LAD25/CSP25 relationship
E22000360,Shropshire,2025-08,313,2025-04-01,2026-03-01,LSOA21 to single LAD25/CSP25 relationship
E22000360,Shropshire,2025-09,276,2025-04-01,2026-03-01,LSOA21 to single LAD25/CSP25 relationship
E22000360,Shropshire,2025-10,296,2025-04-01,2026-03-01,LSOA21 to single LAD25/CSP25 relationship
E22000360,Shropshire,2025-11,253,2025-04-01,2026-03-01,LSOA21 to single LAD25/CSP25 relationship
E22000360,Shropshire,2025-12,183,2025-04-01,2026-03-01,LSOA21 to single LAD25/CSP25 relationship
E22000360,Shropshire,2026-01,176,2025-04-01,2026-03-01,LSOA21 to single LAD25/CSP25 relationship
E22000360,Shropshire,2026-02,232,2025-04-01,2026-03-01,LSOA21 to single LAD25/CSP25 relationship
E22000360,Shropshire,2026-03,215,2025-04-01,2026-03-01,LSOA21 to single LAD25/CSP25 relationship
E22000361,Wiltshire,2025-04,559,2025-04-01,2026-03-01,LSOA21 to single LAD25/CSP25 relationship
E22000361,Wiltshire,2025-05,581,2025-04-01,2026-03-01,LSOA21 to single LAD25/CSP25 relationship
E22000361,Wiltshire,2025-06,556,2025-04-01,2026-03-01,LSOA21 to single LAD25/CSP25 relationship
E22000361,Wiltshire,2025-07,655,2025-04-01,2026-03-01,LSOA21 to single LAD25/CSP25 relationship
E22000361,Wiltshire,2025-08,669,2025-04-01,2026-03-01,LSOA21 to single LAD25/CSP25 relationship
E22000361,Wiltshire,2025-09,525,2025-04-01,2026-03-01,LSOA21 to single LAD25/CSP25 relationship
E22000361,Wiltshire,2025-10,480,2025-04-01,2026-03-01,LSOA21 to single LAD25/CSP25 relationship
E22000361,Wiltshire,2025-11,395,2025-04-01,2026-03-01,LSOA21 to single LAD25/CSP25 relationship
E22000361,Wiltshire,2025-12,429,2025-04-01,2026-03-01,LSOA21 to single LAD25/CSP25 relationship
E22000361,Wiltshire,2026-01,410,2025-04-01,2026-03-01,LSOA21 to single LAD25/CSP25 relationship
E22000361,Wiltshire,2026-02,429,2025-04-01,2026-03-01,LSOA21 to single LAD25/CSP25 relationship
E22000361,Wiltshire,2026-03,514,2025-04-01,2026-03-01,LSOA21 to single LAD25/CSP25 relationship
E22000362,East and Mid Devon,2025-04,184,2025-04-01,2026-03-01,LSOA21 to single LAD25/CSP25 relationship
E22000362,East and Mid Devon,2025-05,195,2025-04-01,2026-03-01,LSOA21 to single LAD25/CSP25 relationship
E22000362,East and Mid Devon,2025-06,190,2025-04-01,2026-03-01,LSOA21 to single LAD25/CSP25 relationship
E22000362,East and Mid Devon,2025-07,255,2025-04-01,2026-03-01,LSOA21 to single LAD25/CSP25 relationship
E22000362,East and Mid Devon,2025-08,182,2025-04-01,2026-03-01,LSOA21 to single LAD25/CSP25 relationship
E22000362,East and Mid Devon,2025-09,136,2025-04-01,2026-03-01,LSOA21 to single LAD25/CSP25 relationship
E22000362,East and Mid Devon,2025-10,114,2025-04-01,2026-03-01,LSOA21 to single LAD25/CSP25 relationship
E22000362,East and Mid Devon,2025-11,124,2025-04-01,2026-03-01,LSOA21 to single LAD25/CSP25 relationship
E22000362,East and Mid Devon,2025-12,74,2025-04-01,2026-03-01,LSOA21 to single LAD25/CSP25 relationship
E22000362,East and Mid Devon,2026-01,64,2025-04-01,2026-03-01,LSOA21 to single LAD25/CSP25 relationship
E22000362,East and Mid Devon,2026-02,89,2025-04-01,2026-03-01,LSOA21 to single LAD25/CSP25 relationship
E22000362,East and Mid Devon,2026-03,98,2025-04-01,2026-03-01,LSOA21 to single LAD25/CSP25 relationship
E22000363,North Devon,2025-04,197,2025-04-01,2026-03-01,LSOA21 to single LAD25/CSP25 relationship
E22000363,North Devon,2025-05,201,2025-04-01,2026-03-01,LSOA21 to single LAD25/CSP25 relationship
E22000363,North Devon,2025-06,192,2025-04-01,2026-03-01,LSOA21 to single LAD25/CSP25 relationship
E22000363,North Devon,2025-07,195,2025-04-01,2026-03-01,LSOA21 to single LAD25/CSP25 relationship
E22000363,North Devon,2025-08,212,2025-04-01,2026-03-01,LSOA21 to single LAD25/CSP25 relationship
E22000363,North Devon,2025-09,151,2025-04-01,2026-03-01,LSOA21 to single LAD25/CSP25 relationship
E22000363,North Devon,2025-10,150,2025-04-01,2026-03-01,LSOA21 to single LAD25/CSP25 relationship
E22000363,North Devon,2025-11,120,2025-04-01,2026-03-01,LSOA21 to single LAD25/CSP25 relationship
E22000363,North Devon,2025-12,65,2025-04-01,2026-03-01,LSOA21 to single LAD25/CSP25 relationship
E22000363,North Devon,2026-01,74,2025-04-01,2026-03-01,LSOA21 to single LAD25/CSP25 relationship
E22000363,North Devon,2026-02,94,2025-04-01,2026-03-01,LSOA21 to single LAD25/CSP25 relationship
E22000363,North Devon,2026-03,92,2025-04-01,2026-03-01,LSOA21 to single LAD25/CSP25 relationship
E22000364,South Devon and Dartmoor,2025-04,208,2025-04-01,2026-03-01,LSOA21 to single LAD25/CSP25 relationship
E22000364,South Devon and Dartmoor,2025-05,264,2025-04-01,2026-03-01,LSOA21 to single LAD25/CSP25 relationship
E22000364,South Devon and Dartmoor,2025-06,218,2025-04-01,2026-03-01,LSOA21 to single LAD25/CSP25 relationship
E22000364,South Devon and Dartmoor,2025-07,270,2025-04-01,2026-03-01,LSOA21 to single LAD25/CSP25 relationship
E22000364,South Devon and Dartmoor,2025-08,252,2025-04-01,2026-03-01,LSOA21 to single LAD25/CSP25 relationship
E22000364,South Devon and Dartmoor,2025-09,205,2025-04-01,2026-03-01,LSOA21 to single LAD25/CSP25 relationship
E22000364,South Devon and Dartmoor,2025-10,198,2025-04-01,2026-03-01,LSOA21 to single LAD25/CSP25 relationship
E22000364,South Devon and Dartmoor,2025-11,164,2025-04-01,2026-03-01,LSOA21 to single LAD25/CSP25 relationship
E22000364,South Devon and Dartmoor,2025-12,125,2025-04-01,2026-03-01,LSOA21 to single LAD25/CSP25 relationship
E22000364,South Devon and Dartmoor,2026-01,71,2025-04-01,2026-03-01,LSOA21 to single LAD25/CSP25 relationship
E22000364,South Devon and Dartmoor,2026-02,82,2025-04-01,2026-03-01,LSOA21 to single LAD25/CSP25 relationship
E22000364,South Devon and Dartmoor,2026-03,111,2025-04-01,2026-03-01,LSOA21 to single LAD25/CSP25 relationship
E22000365,County Durham,2025-04,1088,2025-04-01,2026-03-01,LSOA21 to single LAD25/CSP25 relationship
E22000365,County Durham,2025-05,1122,2025-04-01,2026-03-01,LSOA21 to single LAD25/CSP25 relationship
E22000365,County Durham,2025-06,1029,2025-04-01,2026-03-01,LSOA21 to single LAD25/CSP25 relationship
E22000365,County Durham,2025-07,1200,2025-04-01,2026-03-01,LSOA21 to single LAD25/CSP25 relationship
E22000365,County Durham,2025-08,1213,2025-04-01,2026-03-01,LSOA21 to single LAD25/CSP25 relationship
E22000365,County Durham,2025-09,978,2025-04-01,2026-03-01,LSOA21 to single LAD25/CSP25 relationship
E22000365,County Durham,2025-10,1105,2025-04-01,2026-03-01,LSOA21 to single LAD25/CSP25 relationship
E22000365,County Durham,2025-11,762,2025-04-01,2026-03-01,LSOA21 to single LAD25/CSP25 relationship
E22000365,County Durham,2025-12,737,2025-04-01,2026-03-01,LSOA21 to single LAD25/CSP25 relationship
E22000365,County Durham,2026-01,729,2025-04-01,2026-03-01,LSOA21 to single LAD25/CSP25 relationship
E22000365,County Durham,2026-02,851,2025-04-01,2026-03-01,LSOA21 to single LAD25/CSP25 relationship
E22000365,County Durham,2026-03,1027,2025-04-01,2026-03-01,LSOA21 to single LAD25/CSP25 relationship
E22000366,South Nottinghamshire,2025-04,371,2025-04-01,2026-03-01,LSOA21 to single LAD25/CSP25 relationship
E22000366,South Nottinghamshire,2025-05,354,2025-04-01,2026-03-01,LSOA21 to single LAD25/CSP25 relationship
E22000366,South Nottinghamshire,2025-06,365,2025-04-01,2026-03-01,LSOA21 to single LAD25/CSP25 relationship
E22000366,South Nottinghamshire,2025-07,376,2025-04-01,2026-03-01,LSOA21 to single LAD25/CSP25 relationship
E22000366,South Nottinghamshire,2025-08,371,2025-04-01,2026-03-01,LSOA21 to single LAD25/CSP25 relationship
E22000366,South Nottinghamshire,2025-09,301,2025-04-01,2026-03-01,LSOA21 to single LAD25/CSP25 relationship
E22000366,South Nottinghamshire,2025-10,308,2025-04-01,2026-03-01,LSOA21 to single LAD25/CSP25 relationship
E22000366,South Nottinghamshire,2025-11,250,2025-04-01,2026-03-01,LSOA21 to single LAD25/CSP25 relationship
E22000366,South Nottinghamshire,2025-12,236,2025-04-01,2026-03-01,LSOA21 to single LAD25/CSP25 relationship
E22000366,South Nottinghamshire,2026-01,251,2025-04-01,2026-03-01,LSOA21 to single LAD25/CSP25 relationship
E22000366,South Nottinghamshire,2026-02,264,2025-04-01,2026-03-01,LSOA21 to single LAD25/CSP25 relationship
E22000366,South Nottinghamshire,2026-03,345,2025-04-01,2026-03-01,LSOA21 to single LAD25/CSP25 relationship
E22000367,Dorset,2025-04,420,2025-04-01,2026-03-01,LSOA21 to single LAD25/CSP25 relationship
E22000367,Dorset,2025-05,490,2025-04-01,2026-03-01,LSOA21 to single LAD25/CSP25 relationship
E22000367,Dorset,2025-06,463,2025-04-01,2026-03-01,LSOA21 to single LAD25/CSP25 relationship
E22000367,Dorset,2025-07,700,2025-04-01,2026-03-01,LSOA21 to single LAD25/CSP25 relationship
E22000367,Dorset,2025-08,562,2025-04-01,2026-03-01,LSOA21 to single LAD25/CSP25 relationship
E22000367,Dorset,2025-09,374,2025-04-01,2026-03-01,LSOA21 to single LAD25/CSP25 relationship
E22000367,Dorset,2025-10,443,2025-04-01,2026-03-01,LSOA21 to single LAD25/CSP25 relationship
E22000367,Dorset,2025-11,348,2025-04-01,2026-03-01,LSOA21 to single LAD25/CSP25 relationship
E22000367,Dorset,2025-12,323,2025-04-01,2026-03-01,LSOA21 to single LAD25/CSP25 relationship
E22000367,Dorset,2026-01,325,2025-04-01,2026-03-01,LSOA21 to single LAD25/CSP25 relationship
E22000367,Dorset,2026-02,343,2025-04-01,2026-03-01,LSOA21 to single LAD25/CSP25 relationship
E22000367,Dorset,2026-03,441,2025-04-01,2026-03-01,LSOA21 to single LAD25/CSP25 relationship
E22000368,North Worcestershire,2025-04,383,2025-04-01,2026-03-01,LSOA21 to single LAD25/CSP25 relationship
E22000368,North Worcestershire,2025-05,360,2025-04-01,2026-03-01,LSOA21 to single LAD25/CSP25 relationship
E22000368,North Worcestershire,2025-06,362,2025-04-01,2026-03-01,LSOA21 to single LAD25/CSP25 relationship
E22000368,North Worcestershire,2025-07,416,2025-04-01,2026-03-01,LSOA21 to single LAD25/CSP25 relationship
E22000368,North Worcestershire,2025-08,394,2025-04-01,2026-03-01,LSOA21 to single LAD25/CSP25 relationship
E22000368,North Worcestershire,2025-09,320,2025-04-01,2026-03-01,LSOA21 to single LAD25/CSP25 relationship
E22000368,North Worcestershire,2025-10,341,2025-04-01,2026-03-01,LSOA21 to single LAD25/CSP25 relationship
E22000368,North Worcestershire,2025-11,279,2025-04-01,2026-03-01,LSOA21 to single LAD25/CSP25 relationship
E22000368,North Worcestershire,2025-12,254,2025-04-01,2026-03-01,LSOA21 to single LAD25/CSP25 relationship
E22000368,North Worcestershire,2026-01,252,2025-04-01,2026-03-01,LSOA21 to single LAD25/CSP25 relationship
E22000368,North Worcestershire,2026-02,233,2025-04-01,2026-03-01,LSOA21 to single LAD25/CSP25 relationship
E22000368,North Worcestershire,2026-03,308,2025-04-01,2026-03-01,LSOA21 to single LAD25/CSP25 relationship
E22000371,City of York,2025-04,453,2025-04-01,2026-03-01,LSOA21 to single LAD25/CSP25 relationship
E22000371,City of York,2025-05,424,2025-04-01,2026-03-01,LSOA21 to single LAD25/CSP25 relationship
E22000371,City of York,2025-06,505,2025-04-01,2026-03-01,LSOA21 to single LAD25/CSP25 relationship
E22000371,City of York,2025-07,458,2025-04-01,2026-03-01,LSOA21 to single LAD25/CSP25 relationship
E22000371,City of York,2025-08,490,2025-04-01,2026-03-01,LSOA21 to single LAD25/CSP25 relationship
E22000371,City of York,2025-09,434,2025-04-01,2026-03-01,LSOA21 to single LAD25/CSP25 relationship
E22000371,City of York,2025-10,485,2025-04-01,2026-03-01,LSOA21 to single LAD25/CSP25 relationship
E22000371,City of York,2025-11,435,2025-04-01,2026-03-01,LSOA21 to single LAD25/CSP25 relationship
E22000371,City of York,2025-12,288,2025-04-01,2026-03-01,LSOA21 to single LAD25/CSP25 relationship
E22000371,City of York,2026-01,305,2025-04-01,2026-03-01,LSOA21 to single LAD25/CSP25 relationship
E22000371,City of York,2026-02,351,2025-04-01,2026-03-01,LSOA21 to single LAD25/CSP25 relationship
E22000371,City of York,2026-03,398,2025-04-01,2026-03-01,LSOA21 to single LAD25/CSP25 relationship
E22000373,Western Suffolk,2025-04,148,2025-04-01,2026-03-01,LSOA21 to single LAD25/CSP25 relationship
E22000373,Western Suffolk,2025-05,123,2025-04-01,2026-03-01,LSOA21 to single LAD25/CSP25 relationship
E22000373,Western Suffolk,2025-06,175,2025-04-01,2026-03-01,LSOA21 to single LAD25/CSP25 relationship
E22000373,Western Suffolk,2025-07,177,2025-04-01,2026-03-01,LSOA21 to single LAD25/CSP25 relationship
E22000373,Western Suffolk,2025-08,155,2025-04-01,2026-03-01,LSOA21 to single LAD25/CSP25 relationship
E22000373,Western Suffolk,2025-09,158,2025-04-01,2026-03-01,LSOA21 to single LAD25/CSP25 relationship
E22000373,Western Suffolk,2025-10,132,2025-04-01,2026-03-01,LSOA21 to single LAD25/CSP25 relationship
E22000373,Western Suffolk,2025-11,101,2025-04-01,2026-03-01,LSOA21 to single LAD25/CSP25 relationship
E22000373,Western Suffolk,2025-12,90,2025-04-01,2026-03-01,LSOA21 to single LAD25/CSP25 relationship
E22000373,Western Suffolk,2026-01,101,2025-04-01,2026-03-01,LSOA21 to single LAD25/CSP25 relationship
E22000373,Western Suffolk,2026-02,78,2025-04-01,2026-03-01,LSOA21 to single LAD25/CSP25 relationship
E22000373,Western Suffolk,2026-03,116,2025-04-01,2026-03-01,LSOA21 to single LAD25/CSP25 relationship
E22000374,North Hampshire,2025-04,435,2025-04-01,2026-03-01,LSOA21 to single LAD25/CSP25 relationship
E22000374,North Hampshire,2025-05,359,2025-04-01,2026-03-01,LSOA21 to single LAD25/CSP25 relationship
E22000374,North Hampshire,2025-06,272,2025-04-01,2026-03-01,LSOA21 to single LAD25/CSP25 relationship
E22000374,North Hampshire,2025-07,382,2025-04-01,2026-03-01,LSOA21 to single LAD25/CSP25 relationship
E22000374,North Hampshire,2025-08,1,2025-04-01,2026-03-01,LSOA21 to single LAD25/CSP25 relationship
E22000374,North Hampshire,2025-09,332,2025-04-01,2026-03-01,LSOA21 to single LAD25/CSP25 relationship
E22000374,North Hampshire,2025-10,335,2025-04-01,2026-03-01,LSOA21 to single LAD25/CSP25 relationship
E22000374,North Hampshire,2025-11,248,2025-04-01,2026-03-01,LSOA21 to single LAD25/CSP25 relationship
E22000374,North Hampshire,2025-12,223,2025-04-01,2026-03-01,LSOA21 to single LAD25/CSP25 relationship
E22000374,North Hampshire,2026-01,206,2025-04-01,2026-03-01,LSOA21 to single LAD25/CSP25 relationship
E22000374,North Hampshire,2026-02,273,2025-04-01,2026-03-01,LSOA21 to single LAD25/CSP25 relationship
E22000374,North Hampshire,2026-03,318,2025-04-01,2026-03-01,LSOA21 to single LAD25/CSP25 relationship
W14000001,Isle of Anglesey,2025-04,81,2025-04-01,2026-03-01,LSOA21 to single LAD25/CSP25 relationship
W14000001,Isle of Anglesey,2025-05,85,2025-04-01,2026-03-01,LSOA21 to single LAD25/CSP25 relationship
W14000001,Isle of Anglesey,2025-06,78,2025-04-01,2026-03-01,LSOA21 to single LAD25/CSP25 relationship
W14000001,Isle of Anglesey,2025-07,88,2025-04-01,2026-03-01,LSOA21 to single LAD25/CSP25 relationship
W14000001,Isle of Anglesey,2025-08,90,2025-04-01,2026-03-01,LSOA21 to single LAD25/CSP25 relationship
W14000001,Isle of Anglesey,2025-09,85,2025-04-01,2026-03-01,LSOA21 to single LAD25/CSP25 relationship
W14000001,Isle of Anglesey,2025-10,94,2025-04-01,2026-03-01,LSOA21 to single LAD25/CSP25 relationship
W14000001,Isle of Anglesey,2025-11,74,2025-04-01,2026-03-01,LSOA21 to single LAD25/CSP25 relationship
W14000001,Isle of Anglesey,2025-12,74,2025-04-01,2026-03-01,LSOA21 to single LAD25/CSP25 relationship
W14000001,Isle of Anglesey,2026-01,81,2025-04-01,2026-03-01,LSOA21 to single LAD25/CSP25 relationship
W14000001,Isle of Anglesey,2026-02,91,2025-04-01,2026-03-01,LSOA21 to single LAD25/CSP25 relationship
W14000001,Isle of Anglesey,2026-03,110,2025-04-01,2026-03-01,LSOA21 to single LAD25/CSP25 relationship
W14000002,Gwynedd,2025-04,211,2025-04-01,2026-03-01,LSOA21 to single LAD25/CSP25 relationship
W14000002,Gwynedd,2025-05,217,2025-04-01,2026-03-01,LSOA21 to single LAD25/CSP25 relationship
W14000002,Gwynedd,2025-06,174,2025-04-01,2026-03-01,LSOA21 to single LAD25/CSP25 relationship
W14000002,Gwynedd,2025-07,210,2025-04-01,2026-03-01,LSOA21 to single LAD25/CSP25 relationship
W14000002,Gwynedd,2025-08,233,2025-04-01,2026-03-01,LSOA21 to single LAD25/CSP25 relationship
W14000002,Gwynedd,2025-09,137,2025-04-01,2026-03-01,LSOA21 to single LAD25/CSP25 relationship
W14000002,Gwynedd,2025-10,158,2025-04-01,2026-03-01,LSOA21 to single LAD25/CSP25 relationship
W14000002,Gwynedd,2025-11,158,2025-04-01,2026-03-01,LSOA21 to single LAD25/CSP25 relationship
W14000002,Gwynedd,2025-12,135,2025-04-01,2026-03-01,LSOA21 to single LAD25/CSP25 relationship
W14000002,Gwynedd,2026-01,143,2025-04-01,2026-03-01,LSOA21 to single LAD25/CSP25 relationship
W14000002,Gwynedd,2026-02,159,2025-04-01,2026-03-01,LSOA21 to single LAD25/CSP25 relationship
W14000002,Gwynedd,2026-03,189,2025-04-01,2026-03-01,LSOA21 to single LAD25/CSP25 relationship
W14000003,Conwy,2025-04,204,2025-04-01,2026-03-01,LSOA21 to single LAD25/CSP25 relationship
W14000003,Conwy,2025-05,210,2025-04-01,2026-03-01,LSOA21 to single LAD25/CSP25 relationship
W14000003,Conwy,2025-06,191,2025-04-01,2026-03-01,LSOA21 to single LAD25/CSP25 relationship
W14000003,Conwy,2025-07,260,2025-04-01,2026-03-01,LSOA21 to single LAD25/CSP25 relationship
W14000003,Conwy,2025-08,240,2025-04-01,2026-03-01,LSOA21 to single LAD25/CSP25 relationship
W14000003,Conwy,2025-09,212,2025-04-01,2026-03-01,LSOA21 to single LAD25/CSP25 relationship
W14000003,Conwy,2025-10,226,2025-04-01,2026-03-01,LSOA21 to single LAD25/CSP25 relationship
W14000003,Conwy,2025-11,214,2025-04-01,2026-03-01,LSOA21 to single LAD25/CSP25 relationship
W14000003,Conwy,2025-12,155,2025-04-01,2026-03-01,LSOA21 to single LAD25/CSP25 relationship
W14000003,Conwy,2026-01,215,2025-04-01,2026-03-01,LSOA21 to single LAD25/CSP25 relationship
W14000003,Conwy,2026-02,202,2025-04-01,2026-03-01,LSOA21 to single LAD25/CSP25 relationship
W14000003,Conwy,2026-03,212,2025-04-01,2026-03-01,LSOA21 to single LAD25/CSP25 relationship
W14000004,Denbighshire,2025-04,191,2025-04-01,2026-03-01,LSOA21 to single LAD25/CSP25 relationship
W14000004,Denbighshire,2025-05,210,2025-04-01,2026-03-01,LSOA21 to single LAD25/CSP25 relationship
W14000004,Denbighshire,2025-06,156,2025-04-01,2026-03-01,LSOA21 to single LAD25/CSP25 relationship
W14000004,Denbighshire,2025-07,191,2025-04-01,2026-03-01,LSOA21 to single LAD25/CSP25 relationship
W14000004,Denbighshire,2025-08,206,2025-04-01,2026-03-01,LSOA21 to single LAD25/CSP25 relationship
W14000004,Denbighshire,2025-09,162,2025-04-01,2026-03-01,LSOA21 to single LAD25/CSP25 relationship
W14000004,Denbighshire,2025-10,127,2025-04-01,2026-03-01,LSOA21 to single LAD25/CSP25 relationship
W14000004,Denbighshire,2025-11,152,2025-04-01,2026-03-01,LSOA21 to single LAD25/CSP25 relationship
W14000004,Denbighshire,2025-12,132,2025-04-01,2026-03-01,LSOA21 to single LAD25/CSP25 relationship
W14000004,Denbighshire,2026-01,129,2025-04-01,2026-03-01,LSOA21 to single LAD25/CSP25 relationship
W14000004,Denbighshire,2026-02,154,2025-04-01,2026-03-01,LSOA21 to single LAD25/CSP25 relationship
W14000004,Denbighshire,2026-03,183,2025-04-01,2026-03-01,LSOA21 to single LAD25/CSP25 relationship
W14000005,Flintshire,2025-04,193,2025-04-01,2026-03-01,LSOA21 to single LAD25/CSP25 relationship
W14000005,Flintshire,2025-05,237,2025-04-01,2026-03-01,LSOA21 to single LAD25/CSP25 relationship
W14000005,Flintshire,2025-06,209,2025-04-01,2026-03-01,LSOA21 to single LAD25/CSP25 relationship
W14000005,Flintshire,2025-07,248,2025-04-01,2026-03-01,LSOA21 to single LAD25/CSP25 relationship
W14000005,Flintshire,2025-08,229,2025-04-01,2026-03-01,LSOA21 to single LAD25/CSP25 relationship
W14000005,Flintshire,2025-09,193,2025-04-01,2026-03-01,LSOA21 to single LAD25/CSP25 relationship
W14000005,Flintshire,2025-10,196,2025-04-01,2026-03-01,LSOA21 to single LAD25/CSP25 relationship
W14000005,Flintshire,2025-11,149,2025-04-01,2026-03-01,LSOA21 to single LAD25/CSP25 relationship
W14000005,Flintshire,2025-12,141,2025-04-01,2026-03-01,LSOA21 to single LAD25/CSP25 relationship
W14000005,Flintshire,2026-01,168,2025-04-01,2026-03-01,LSOA21 to single LAD25/CSP25 relationship
W14000005,Flintshire,2026-02,174,2025-04-01,2026-03-01,LSOA21 to single LAD25/CSP25 relationship
W14000005,Flintshire,2026-03,219,2025-04-01,2026-03-01,LSOA21 to single LAD25/CSP25 relationship
W14000006,Wrexham,2025-04,228,2025-04-01,2026-03-01,LSOA21 to single LAD25/CSP25 relationship
W14000006,Wrexham,2025-05,213,2025-04-01,2026-03-01,LSOA21 to single LAD25/CSP25 relationship
W14000006,Wrexham,2025-06,231,2025-04-01,2026-03-01,LSOA21 to single LAD25/CSP25 relationship
W14000006,Wrexham,2025-07,274,2025-04-01,2026-03-01,LSOA21 to single LAD25/CSP25 relationship
W14000006,Wrexham,2025-08,274,2025-04-01,2026-03-01,LSOA21 to single LAD25/CSP25 relationship
W14000006,Wrexham,2025-09,194,2025-04-01,2026-03-01,LSOA21 to single LAD25/CSP25 relationship
W14000006,Wrexham,2025-10,193,2025-04-01,2026-03-01,LSOA21 to single LAD25/CSP25 relationship
W14000006,Wrexham,2025-11,160,2025-04-01,2026-03-01,LSOA21 to single LAD25/CSP25 relationship
W14000006,Wrexham,2025-12,178,2025-04-01,2026-03-01,LSOA21 to single LAD25/CSP25 relationship
W14000006,Wrexham,2026-01,183,2025-04-01,2026-03-01,LSOA21 to single LAD25/CSP25 relationship
W14000006,Wrexham,2026-02,177,2025-04-01,2026-03-01,LSOA21 to single LAD25/CSP25 relationship
W14000006,Wrexham,2026-03,265,2025-04-01,2026-03-01,LSOA21 to single LAD25/CSP25 relationship
W14000007,Powys,2025-04,107,2025-04-01,2026-03-01,LSOA21 to single LAD25/CSP25 relationship
W14000007,Powys,2025-05,92,2025-04-01,2026-03-01,LSOA21 to single LAD25/CSP25 relationship
W14000007,Powys,2025-06,72,2025-04-01,2026-03-01,LSOA21 to single LAD25/CSP25 relationship
W14000007,Powys,2025-07,133,2025-04-01,2026-03-01,LSOA21 to single LAD25/CSP25 relationship
W14000007,Powys,2025-08,82,2025-04-01,2026-03-01,LSOA21 to single LAD25/CSP25 relationship
W14000007,Powys,2025-09,65,2025-04-01,2026-03-01,LSOA21 to single LAD25/CSP25 relationship
W14000007,Powys,2025-10,83,2025-04-01,2026-03-01,LSOA21 to single LAD25/CSP25 relationship
W14000007,Powys,2025-11,72,2025-04-01,2026-03-01,LSOA21 to single LAD25/CSP25 relationship
W14000007,Powys,2025-12,38,2025-04-01,2026-03-01,LSOA21 to single LAD25/CSP25 relationship
W14000007,Powys,2026-01,51,2025-04-01,2026-03-01,LSOA21 to single LAD25/CSP25 relationship
W14000007,Powys,2026-02,36,2025-04-01,2026-03-01,LSOA21 to single LAD25/CSP25 relationship
W14000007,Powys,2026-03,83,2025-04-01,2026-03-01,LSOA21 to single LAD25/CSP25 relationship
W14000008,Ceredigion,2025-04,33,2025-04-01,2026-03-01,LSOA21 to single LAD25/CSP25 relationship
W14000008,Ceredigion,2025-05,65,2025-04-01,2026-03-01,LSOA21 to single LAD25/CSP25 relationship
W14000008,Ceredigion,2025-06,40,2025-04-01,2026-03-01,LSOA21 to single LAD25/CSP25 relationship
W14000008,Ceredigion,2025-07,51,2025-04-01,2026-03-01,LSOA21 to single LAD25/CSP25 relationship
W14000008,Ceredigion,2025-08,43,2025-04-01,2026-03-01,LSOA21 to single LAD25/CSP25 relationship
W14000008,Ceredigion,2025-09,27,2025-04-01,2026-03-01,LSOA21 to single LAD25/CSP25 relationship
W14000008,Ceredigion,2025-10,34,2025-04-01,2026-03-01,LSOA21 to single LAD25/CSP25 relationship
W14000008,Ceredigion,2025-11,31,2025-04-01,2026-03-01,LSOA21 to single LAD25/CSP25 relationship
W14000008,Ceredigion,2025-12,26,2025-04-01,2026-03-01,LSOA21 to single LAD25/CSP25 relationship
W14000008,Ceredigion,2026-01,43,2025-04-01,2026-03-01,LSOA21 to single LAD25/CSP25 relationship
W14000008,Ceredigion,2026-02,25,2025-04-01,2026-03-01,LSOA21 to single LAD25/CSP25 relationship
W14000008,Ceredigion,2026-03,38,2025-04-01,2026-03-01,LSOA21 to single LAD25/CSP25 relationship
W14000009,Pembrokeshire,2025-04,111,2025-04-01,2026-03-01,LSOA21 to single LAD25/CSP25 relationship
W14000009,Pembrokeshire,2025-05,99,2025-04-01,2026-03-01,LSOA21 to single LAD25/CSP25 relationship
W14000009,Pembrokeshire,2025-06,97,2025-04-01,2026-03-01,LSOA21 to single LAD25/CSP25 relationship
W14000009,Pembrokeshire,2025-07,144,2025-04-01,2026-03-01,LSOA21 to single LAD25/CSP25 relationship
W14000009,Pembrokeshire,2025-08,127,2025-04-01,2026-03-01,LSOA21 to single LAD25/CSP25 relationship
W14000009,Pembrokeshire,2025-09,81,2025-04-01,2026-03-01,LSOA21 to single LAD25/CSP25 relationship
W14000009,Pembrokeshire,2025-10,94,2025-04-01,2026-03-01,LSOA21 to single LAD25/CSP25 relationship
W14000009,Pembrokeshire,2025-11,70,2025-04-01,2026-03-01,LSOA21 to single LAD25/CSP25 relationship
W14000009,Pembrokeshire,2025-12,55,2025-04-01,2026-03-01,LSOA21 to single LAD25/CSP25 relationship
W14000009,Pembrokeshire,2026-01,59,2025-04-01,2026-03-01,LSOA21 to single LAD25/CSP25 relationship
W14000009,Pembrokeshire,2026-02,94,2025-04-01,2026-03-01,LSOA21 to single LAD25/CSP25 relationship
W14000009,Pembrokeshire,2026-03,118,2025-04-01,2026-03-01,LSOA21 to single LAD25/CSP25 relationship
W14000010,Carmarthenshire,2025-04,181,2025-04-01,2026-03-01,LSOA21 to single LAD25/CSP25 relationship
W14000010,Carmarthenshire,2025-05,171,2025-04-01,2026-03-01,LSOA21 to single LAD25/CSP25 relationship
W14000010,Carmarthenshire,2025-06,162,2025-04-01,2026-03-01,LSOA21 to single LAD25/CSP25 relationship
W14000010,Carmarthenshire,2025-07,188,2025-04-01,2026-03-01,LSOA21 to single LAD25/CSP25 relationship
W14000010,Carmarthenshire,2025-08,163,2025-04-01,2026-03-01,LSOA21 to single LAD25/CSP25 relationship
W14000010,Carmarthenshire,2025-09,100,2025-04-01,2026-03-01,LSOA21 to single LAD25/CSP25 relationship
W14000010,Carmarthenshire,2025-10,151,2025-04-01,2026-03-01,LSOA21 to single LAD25/CSP25 relationship
W14000010,Carmarthenshire,2025-11,144,2025-04-01,2026-03-01,LSOA21 to single LAD25/CSP25 relationship
W14000010,Carmarthenshire,2025-12,98,2025-04-01,2026-03-01,LSOA21 to single LAD25/CSP25 relationship
W14000010,Carmarthenshire,2026-01,141,2025-04-01,2026-03-01,LSOA21 to single LAD25/CSP25 relationship
W14000010,Carmarthenshire,2026-02,106,2025-04-01,2026-03-01,LSOA21 to single LAD25/CSP25 relationship
W14000010,Carmarthenshire,2026-03,177,2025-04-01,2026-03-01,LSOA21 to single LAD25/CSP25 relationship
W14000011,Swansea,2025-04,309,2025-04-01,2026-03-01,LSOA21 to single LAD25/CSP25 relationship
W14000011,Swansea,2025-05,319,2025-04-01,2026-03-01,LSOA21 to single LAD25/CSP25 relationship
W14000011,Swansea,2025-06,292,2025-04-01,2026-03-01,LSOA21 to single LAD25/CSP25 relationship
W14000011,Swansea,2025-07,293,2025-04-01,2026-03-01,LSOA21 to single LAD25/CSP25 relationship
W14000011,Swansea,2025-08,282,2025-04-01,2026-03-01,LSOA21 to single LAD25/CSP25 relationship
W14000011,Swansea,2025-09,199,2025-04-01,2026-03-01,LSOA21 to single LAD25/CSP25 relationship
W14000011,Swansea,2025-10,205,2025-04-01,2026-03-01,LSOA21 to single LAD25/CSP25 relationship
W14000011,Swansea,2025-11,214,2025-04-01,2026-03-01,LSOA21 to single LAD25/CSP25 relationship
W14000011,Swansea,2025-12,177,2025-04-01,2026-03-01,LSOA21 to single LAD25/CSP25 relationship
W14000011,Swansea,2026-01,148,2025-04-01,2026-03-01,LSOA21 to single LAD25/CSP25 relationship
W14000011,Swansea,2026-02,149,2025-04-01,2026-03-01,LSOA21 to single LAD25/CSP25 relationship
W14000011,Swansea,2026-03,188,2025-04-01,2026-03-01,LSOA21 to single LAD25/CSP25 relationship
W14000012,Neath Port Talbot,2025-04,177,2025-04-01,2026-03-01,LSOA21 to single LAD25/CSP25 relationship
W14000012,Neath Port Talbot,2025-05,184,2025-04-01,2026-03-01,LSOA21 to single LAD25/CSP25 relationship
W14000012,Neath Port Talbot,2025-06,225,2025-04-01,2026-03-01,LSOA21 to single LAD25/CSP25 relationship
W14000012,Neath Port Talbot,2025-07,209,2025-04-01,2026-03-01,LSOA21 to single LAD25/CSP25 relationship
W14000012,Neath Port Talbot,2025-08,194,2025-04-01,2026-03-01,LSOA21 to single LAD25/CSP25 relationship
W14000012,Neath Port Talbot,2025-09,85,2025-04-01,2026-03-01,LSOA21 to single LAD25/CSP25 relationship
W14000012,Neath Port Talbot,2025-10,133,2025-04-01,2026-03-01,LSOA21 to single LAD25/CSP25 relationship
W14000012,Neath Port Talbot,2025-11,98,2025-04-01,2026-03-01,LSOA21 to single LAD25/CSP25 relationship
W14000012,Neath Port Talbot,2025-12,79,2025-04-01,2026-03-01,LSOA21 to single LAD25/CSP25 relationship
W14000012,Neath Port Talbot,2026-01,88,2025-04-01,2026-03-01,LSOA21 to single LAD25/CSP25 relationship
W14000012,Neath Port Talbot,2026-02,87,2025-04-01,2026-03-01,LSOA21 to single LAD25/CSP25 relationship
W14000012,Neath Port Talbot,2026-03,129,2025-04-01,2026-03-01,LSOA21 to single LAD25/CSP25 relationship
W14000013,Bridgend,2025-04,175,2025-04-01,2026-03-01,LSOA21 to single LAD25/CSP25 relationship
W14000013,Bridgend,2025-05,176,2025-04-01,2026-03-01,LSOA21 to single LAD25/CSP25 relationship
W14000013,Bridgend,2025-06,167,2025-04-01,2026-03-01,LSOA21 to single LAD25/CSP25 relationship
W14000013,Bridgend,2025-07,186,2025-04-01,2026-03-01,LSOA21 to single LAD25/CSP25 relationship
W14000013,Bridgend,2025-08,215,2025-04-01,2026-03-01,LSOA21 to single LAD25/CSP25 relationship
W14000013,Bridgend,2025-09,141,2025-04-01,2026-03-01,LSOA21 to single LAD25/CSP25 relationship
W14000013,Bridgend,2025-10,156,2025-04-01,2026-03-01,LSOA21 to single LAD25/CSP25 relationship
W14000013,Bridgend,2025-11,117,2025-04-01,2026-03-01,LSOA21 to single LAD25/CSP25 relationship
W14000013,Bridgend,2025-12,84,2025-04-01,2026-03-01,LSOA21 to single LAD25/CSP25 relationship
W14000013,Bridgend,2026-01,96,2025-04-01,2026-03-01,LSOA21 to single LAD25/CSP25 relationship
W14000013,Bridgend,2026-02,92,2025-04-01,2026-03-01,LSOA21 to single LAD25/CSP25 relationship
W14000013,Bridgend,2026-03,119,2025-04-01,2026-03-01,LSOA21 to single LAD25/CSP25 relationship
W14000014,Vale of Glamorgan,2025-04,108,2025-04-01,2026-03-01,LSOA21 to single LAD25/CSP25 relationship
W14000014,Vale of Glamorgan,2025-05,139,2025-04-01,2026-03-01,LSOA21 to single LAD25/CSP25 relationship
W14000014,Vale of Glamorgan,2025-06,96,2025-04-01,2026-03-01,LSOA21 to single LAD25/CSP25 relationship
W14000014,Vale of Glamorgan,2025-07,144,2025-04-01,2026-03-01,LSOA21 to single LAD25/CSP25 relationship
W14000014,Vale of Glamorgan,2025-08,151,2025-04-01,2026-03-01,LSOA21 to single LAD25/CSP25 relationship
W14000014,Vale of Glamorgan,2025-09,82,2025-04-01,2026-03-01,LSOA21 to single LAD25/CSP25 relationship
W14000014,Vale of Glamorgan,2025-10,95,2025-04-01,2026-03-01,LSOA21 to single LAD25/CSP25 relationship
W14000014,Vale of Glamorgan,2025-11,85,2025-04-01,2026-03-01,LSOA21 to single LAD25/CSP25 relationship
W14000014,Vale of Glamorgan,2025-12,66,2025-04-01,2026-03-01,LSOA21 to single LAD25/CSP25 relationship
W14000014,Vale of Glamorgan,2026-01,61,2025-04-01,2026-03-01,LSOA21 to single LAD25/CSP25 relationship
W14000014,Vale of Glamorgan,2026-02,59,2025-04-01,2026-03-01,LSOA21 to single LAD25/CSP25 relationship
W14000014,Vale of Glamorgan,2026-03,76,2025-04-01,2026-03-01,LSOA21 to single LAD25/CSP25 relationship
W14000015,Cardiff,2025-04,503,2025-04-01,2026-03-01,LSOA21 to single LAD25/CSP25 relationship
W14000015,Cardiff,2025-05,555,2025-04-01,2026-03-01,LSOA21 to single LAD25/CSP25 relationship
W14000015,Cardiff,2025-06,522,2025-04-01,2026-03-01,LSOA21 to single LAD25/CSP25 relationship
W14000015,Cardiff,2025-07,560,2025-04-01,2026-03-01,LSOA21 to single LAD25/CSP25 relationship
W14000015,Cardiff,2025-08,515,2025-04-01,2026-03-01,LSOA21 to single LAD25/CSP25 relationship
W14000015,Cardiff,2025-09,397,2025-04-01,2026-03-01,LSOA21 to single LAD25/CSP25 relationship
W14000015,Cardiff,2025-10,474,2025-04-01,2026-03-01,LSOA21 to single LAD25/CSP25 relationship
W14000015,Cardiff,2025-11,386,2025-04-01,2026-03-01,LSOA21 to single LAD25/CSP25 relationship
W14000015,Cardiff,2025-12,256,2025-04-01,2026-03-01,LSOA21 to single LAD25/CSP25 relationship
W14000015,Cardiff,2026-01,286,2025-04-01,2026-03-01,LSOA21 to single LAD25/CSP25 relationship
W14000015,Cardiff,2026-02,294,2025-04-01,2026-03-01,LSOA21 to single LAD25/CSP25 relationship
W14000015,Cardiff,2026-03,369,2025-04-01,2026-03-01,LSOA21 to single LAD25/CSP25 relationship
W14000018,Caerphilly,2025-04,360,2025-04-01,2026-03-01,LSOA21 to single LAD25/CSP25 relationship
W14000018,Caerphilly,2025-05,306,2025-04-01,2026-03-01,LSOA21 to single LAD25/CSP25 relationship
W14000018,Caerphilly,2025-06,296,2025-04-01,2026-03-01,LSOA21 to single LAD25/CSP25 relationship
W14000018,Caerphilly,2025-07,321,2025-04-01,2026-03-01,LSOA21 to single LAD25/CSP25 relationship
W14000018,Caerphilly,2025-08,341,2025-04-01,2026-03-01,LSOA21 to single LAD25/CSP25 relationship
W14000018,Caerphilly,2025-09,,2025-04-01,2026-03-01,LSOA21 to single LAD25/CSP25 relationship
W14000018,Caerphilly,2025-10,,2025-04-01,2026-03-01,LSOA21 to single LAD25/CSP25 relationship
W14000018,Caerphilly,2025-11,1,2025-04-01,2026-03-01,LSOA21 to single LAD25/CSP25 relationship
W14000018,Caerphilly,2025-12,,2025-04-01,2026-03-01,LSOA21 to single LAD25/CSP25 relationship
W14000018,Caerphilly,2026-01,,2025-04-01,2026-03-01,LSOA21 to single LAD25/CSP25 relationship
W14000018,Caerphilly,2026-02,,2025-04-01,2026-03-01,LSOA21 to single LAD25/CSP25 relationship
W14000018,Caerphilly,2026-03,,2025-04-01,2026-03-01,LSOA21 to single LAD25/CSP25 relationship
W14000019,Blaenau Gwent,2025-04,207,2025-04-01,2026-03-01,LSOA21 to single LAD25/CSP25 relationship
W14000019,Blaenau Gwent,2025-05,189,2025-04-01,2026-03-01,LSOA21 to single LAD25/CSP25 relationship
W14000019,Blaenau Gwent,2025-06,160,2025-04-01,2026-03-01,LSOA21 to single LAD25/CSP25 relationship
W14000019,Blaenau Gwent,2025-07,166,2025-04-01,2026-03-01,LSOA21 to single LAD25/CSP25 relationship
W14000019,Blaenau Gwent,2025-08,172,2025-04-01,2026-03-01,LSOA21 to single LAD25/CSP25 relationship
W14000019,Blaenau Gwent,2025-09,,2025-04-01,2026-03-01,LSOA21 to single LAD25/CSP25 relationship
W14000019,Blaenau Gwent,2025-10,,2025-04-01,2026-03-01,LSOA21 to single LAD25/CSP25 relationship
W14000019,Blaenau Gwent,2025-11,,2025-04-01,2026-03-01,LSOA21 to single LAD25/CSP25 relationship
W14000019,Blaenau Gwent,2025-12,,2025-04-01,2026-03-01,LSOA21 to single LAD25/CSP25 relationship
W14000019,Blaenau Gwent,2026-01,,2025-04-01,2026-03-01,LSOA21 to single LAD25/CSP25 relationship
W14000019,Blaenau Gwent,2026-02,,2025-04-01,2026-03-01,LSOA21 to single LAD25/CSP25 relationship
W14000019,Blaenau Gwent,2026-03,1,2025-04-01,2026-03-01,LSOA21 to single LAD25/CSP25 relationship
W14000020,Torfaen,2025-04,197,2025-04-01,2026-03-01,LSOA21 to single LAD25/CSP25 relationship
W14000020,Torfaen,2025-05,187,2025-04-01,2026-03-01,LSOA21 to single LAD25/CSP25 relationship
W14000020,Torfaen,2025-06,194,2025-04-01,2026-03-01,LSOA21 to single LAD25/CSP25 relationship
W14000020,Torfaen,2025-07,232,2025-04-01,2026-03-01,LSOA21 to single LAD25/CSP25 relationship
W14000020,Torfaen,2025-08,250,2025-04-01,2026-03-01,LSOA21 to single LAD25/CSP25 relationship
W14000020,Torfaen,2025-09,1,2025-04-01,2026-03-01,LSOA21 to single LAD25/CSP25 relationship
W14000020,Torfaen,2025-10,1,2025-04-01,2026-03-01,LSOA21 to single LAD25/CSP25 relationship
W14000020,Torfaen,2025-11,1,2025-04-01,2026-03-01,LSOA21 to single LAD25/CSP25 relationship
W14000020,Torfaen,2025-12,1,2025-04-01,2026-03-01,LSOA21 to single LAD25/CSP25 relationship
W14000020,Torfaen,2026-01,1,2025-04-01,2026-03-01,LSOA21 to single LAD25/CSP25 relationship
W14000020,Torfaen,2026-02,,2025-04-01,2026-03-01,LSOA21 to single LAD25/CSP25 relationship
W14000020,Torfaen,2026-03,,2025-04-01,2026-03-01,LSOA21 to single LAD25/CSP25 relationship
W14000021,Monmouthshire,2025-04,104,2025-04-01,2026-03-01,LSOA21 to single LAD25/CSP25 relationship
W14000021,Monmouthshire,2025-05,116,2025-04-01,2026-03-01,LSOA21 to single LAD25/CSP25 relationship
W14000021,Monmouthshire,2025-06,101,2025-04-01,2026-03-01,LSOA21 to single LAD25/CSP25 relationship
W14000021,Monmouthshire,2025-07,131,2025-04-01,2026-03-01,LSOA21 to single LAD25/CSP25 relationship
W14000021,Monmouthshire,2025-08,138,2025-04-01,2026-03-01,LSOA21 to single LAD25/CSP25 relationship
W14000021,Monmouthshire,2025-09,,2025-04-01,2026-03-01,LSOA21 to single LAD25/CSP25 relationship
W14000021,Monmouthshire,2025-10,3,2025-04-01,2026-03-01,LSOA21 to single LAD25/CSP25 relationship
W14000021,Monmouthshire,2025-11,2,2025-04-01,2026-03-01,LSOA21 to single LAD25/CSP25 relationship
W14000021,Monmouthshire,2025-12,,2025-04-01,2026-03-01,LSOA21 to single LAD25/CSP25 relationship
W14000021,Monmouthshire,2026-01,2,2025-04-01,2026-03-01,LSOA21 to single LAD25/CSP25 relationship
W14000021,Monmouthshire,2026-02,,2025-04-01,2026-03-01,LSOA21 to single LAD25/CSP25 relationship
W14000021,Monmouthshire,2026-03,,2025-04-01,2026-03-01,LSOA21 to single LAD25/CSP25 relationship
W14000022,Newport,2025-04,364,2025-04-01,2026-03-01,LSOA21 to single LAD25/CSP25 relationship
W14000022,Newport,2025-05,327,2025-04-01,2026-03-01,LSOA21 to single LAD25/CSP25 relationship
W14000022,Newport,2025-06,372,2025-04-01,2026-03-01,LSOA21 to single LAD25/CSP25 relationship
W14000022,Newport,2025-07,369,2025-04-01,2026-03-01,LSOA21 to single LAD25/CSP25 relationship
W14000022,Newport,2025-08,375,2025-04-01,2026-03-01,LSOA21 to single LAD25/CSP25 relationship
W14000022,Newport,2025-09,1,2025-04-01,2026-03-01,LSOA21 to single LAD25/CSP25 relationship
W14000022,Newport,2025-10,,2025-04-01,2026-03-01,LSOA21 to single LAD25/CSP25 relationship
W14000022,Newport,2025-11,,2025-04-01,2026-03-01,LSOA21 to single LAD25/CSP25 relationship
W14000022,Newport,2025-12,,2025-04-01,2026-03-01,LSOA21 to single LAD25/CSP25 relationship
W14000022,Newport,2026-01,,2025-04-01,2026-03-01,LSOA21 to single LAD25/CSP25 relationship
W14000022,Newport,2026-02,,2025-04-01,2026-03-01,LSOA21 to single LAD25/CSP25 relationship
W14000022,Newport,2026-03,,2025-04-01,2026-03-01,LSOA21 to single LAD25/CSP25 relationship
W14000023,Cwm Taf,2025-04,378,2025-04-01,2026-03-01,LSOA21 to single LAD25/CSP25 relationship
W14000023,Cwm Taf,2025-05,362,2025-04-01,2026-03-01,LSOA21 to single LAD25/CSP25 relationship
W14000023,Cwm Taf,2025-06,340,2025-04-01,2026-03-01,LSOA21 to single LAD25/CSP25 relationship
W14000023,Cwm Taf,2025-07,427,2025-04-01,2026-03-01,LSOA21 to single LAD25/CSP25 relationship
W14000023,Cwm Taf,2025-08,373,2025-04-01,2026-03-01,LSOA21 to single LAD25/CSP25 relationship
W14000023,Cwm Taf,2025-09,247,2025-04-01,2026-03-01,LSOA21 to single LAD25/CSP25 relationship
W14000023,Cwm Taf,2025-10,279,2025-04-01,2026-03-01,LSOA21 to single LAD25/CSP25 relationship
W14000023,Cwm Taf,2025-11,239,2025-04-01,2026-03-01,LSOA21 to single LAD25/CSP25 relationship
W14000023,Cwm Taf,2025-12,201,2025-04-01,2026-03-01,LSOA21 to single LAD25/CSP25 relationship
W14000023,Cwm Taf,2026-01,232,2025-04-01,2026-03-01,LSOA21 to single LAD25/CSP25 relationship
W14000023,Cwm Taf,2026-02,232,2025-04-01,2026-03-01,LSOA21 to single LAD25/CSP25 relationship
W14000023,Cwm Taf,2026-03,240,2025-04-01,2026-03-01,LSOA21 to single LAD25/CSP25 relationship
