id,name,country,localAuthority,lat,lon,buy.proxyMedian,buy.transactions,buy.housingCostConfidence,buy.oneBedCount,buy.housingCostReason,rent.proxyMonthly,rent.housingCostConfidence,rent.oneBedCount,rent.housingCostReason,market.reason,localTransport.pt_connectivity_0_100,localTransport.national_percentile,localTransport.score,localTransport.source_period,localTransport.retrieval_date,localTransport.evidence_id,localTransport.geography_code,localTransport.geography_vintage,localTransport.population_covered,localTransport.population_expected,localTransport.method_version,localTransport.confidence,localTransport.reason,nationalTransport.londonMinutes,nationalTransport.londonChanges,nationalTransport.birminghamMinutes,nationalTransport.birminghamChanges,nationalTransport.confidence,nationalTransport.reason,quiet.assessment,quiet.confidence,quiet.evidence_ids,quiet.method_version,quiet.reason,condition.assessment,condition.confidence,condition.evidence_ids,condition.method_version,condition.reason,composite.safety,composite.buy.score,composite.buy.band,composite.buy.safety,composite.buy.local_transport,composite.buy.condition,composite.buy.quiet,composite.buy.national_transport,composite.buy.housing_cost,composite.buy.stock,composite.rent.score,composite.rent.band,composite.rent.safety,composite.rent.local_transport,composite.rent.condition,composite.rent.quiet,composite.rent.national_transport,composite.rent.housing_cost,composite.rent.stock
barnsley,Barnsley,England,Barnsley,53.553523,-1.482593,100000,214,High,25,"Median of 214 achieved standard flat/maisonette sales; this is an all-size flat proxy, not a one-bedroom estimate.",505,Medium,21,Official one-bedroom modelled average for Barnsley LA; underlying observation count is not published in the table.,"Rightmove's filtered snapshot returned 25 sale and 21 rental results; these are Rightmove headline counts, not deduplicated properties, and the query does not verify tower stock.",70.1967,56.3,3,Q4 2024 transport and destination data; 2023 provisional BRES employment data,2026-09-09,TR-LOCAL-DFT-2025,E63008268,April 2024,71394,71394,dft-connectivity-bua24-v1,High,Population-weighted mean across Barnsley; Reviewed official BUA name corresponds directly to the broad screen location.,155,2,104,1,Medium,"Reviewed National Rail Journey Planner station-to-station observation for 2026-09-11. Shortest returned public-transport itinerary departing 10:00–14:00; not a guaranteed, door-to-door, fare or accessibility measure.",mixed_exposure,Medium,ENV001;ENV003;ENV005,broad-assessment-v1,"Major radial roads, rail and nearby M1 create exposed corridors, but this is a mixed town-wide noise screen.",mixed,Low,ENV001;ENV003;ENV005,broad-assessment-v1,Industrial legacy and uneven renewal make the overall fabric less consistently cared-for; this is a coarse judgement.,3.5,64.5,high,3.5,3,2,3,3.0,5,3,61.5,mid,3.5,3,2,3,3.0,5,2
birmingham,Birmingham,England,Birmingham,52.479284,-1.902941,150000,3183,High,854,"Median of 3183 achieved standard flat/maisonette sales; this is an all-size flat proxy, not a one-bedroom estimate.",825,Medium,1257,Official one-bedroom modelled average for Birmingham LA; underlying observation count is not published in the table.,"Rightmove's filtered snapshot returned 854 sale and 1257 rental results; these are Rightmove headline counts, not deduplicated properties, and the query does not verify tower stock.",78.2825,77.5,4,Q4 2024 transport and destination data; 2023 provisional BRES employment data,2026-09-09,TR-LOCAL-DFT-2025,E63010038,April 2024,1119786,1119786,dft-connectivity-bua24-v1,High,Population-weighted mean across Birmingham; Reviewed official BUA name corresponds directly to the broad screen location.,79,0,0,0,Medium,"Reviewed National Rail Journey Planner station-to-station observation for 2026-09-11. Shortest returned public-transport itinerary departing 10:00–14:00; not a guaranteed, door-to-door, fare or accessibility measure.",persistent_noise,Medium,ENV001;ENV003;ENV005,broad-assessment-v1,"Dense road and rail corridors, airport influence and a large nightlife core make persistent noise exposure comparatively likely.",mixed,Low,ENV001;ENV003;ENV005,broad-assessment-v1,"Major renewed central districts coexist with extensive uneven and deprived urban fabric, producing a mixed city-wide judgement.",1.0,57.0,low,1.0,4,2,2,4.5,2,5,57.0,low,1.0,4,2,2,4.5,2,5
blackburn,Blackburn,England,Blackburn with Darwen,53.750073,-2.481528,110000,141,High,8,"Median of 141 achieved standard flat/maisonette sales; this is an all-size flat proxy, not a one-bedroom estimate.",534,Medium,2,Official one-bedroom modelled average for Blackburn with Darwen LA; underlying observation count is not published in the table and the LA is broader than the named town.,"Rightmove's filtered snapshot returned 8 sale and 2 rental results; these are Rightmove headline counts, not deduplicated properties, and the query does not verify tower stock.",70.4066,56.9,3,Q4 2024 transport and destination data; 2023 provisional BRES employment data,2026-09-09,TR-LOCAL-DFT-2025,E63007969,April 2024,124958,124958,dft-connectivity-bua24-v1,High,Population-weighted mean across Blackburn (Blackburn with Darwen); Reviewed official BUA name corresponds to the screen location Blackburn.,170,1,149,1,Medium,"Reviewed National Rail Journey Planner station-to-station observation for 2026-09-11. Shortest returned public-transport itinerary departing 10:00–14:00; not a guaranteed, door-to-door, fare or accessibility measure.",mixed_exposure,Medium,ENV001;ENV003;ENV005,broad-assessment-v1,"The M65, arterial roads and rail create noisy corridors, while much of the wider urban area is less intensively active.",mixed,Low,ENV001;ENV003;ENV005,broad-assessment-v1,Strong heritage assets are offset by visibly uneven town-centre and industrial-era fabric in this broad proxy assessment.,4.0,56.0,low,4.0,3,2,3,2.5,4,1,59.0,low,4.0,3,2,3,2.5,5,1
blackpool,Blackpool,England,Blackpool,53.82086,-3.051542,80000,297,High,77,"Median of 297 achieved standard flat/maisonette sales; this is an all-size flat proxy, not a one-bedroom estimate.",498,Medium,75,Official one-bedroom modelled average for Blackpool LA; underlying observation count is not published in the table.,"Rightmove's filtered snapshot returned 77 sale and 75 rental results; these are Rightmove headline counts, not deduplicated properties, and the query does not verify tower stock.",71.0089,58.6,3,Q4 2024 transport and destination data; 2023 provisional BRES employment data,2026-09-09,TR-LOCAL-DFT-2025,E63007890,April 2024,149087,149087,dft-connectivity-bua24-v1,High,Population-weighted mean across Blackpool; Reviewed official BUA name corresponds directly to the broad screen location.,167,1,161,1,Medium,"Reviewed National Rail Journey Planner station-to-station observation for 2026-09-11. Shortest returned public-transport itinerary departing 10:00–14:00; not a guaranteed, door-to-door, fare or accessibility measure.",mixed_exposure,Medium,ENV001;ENV003;ENV005,broad-assessment-v1,"Visitor traffic, entertainment/nightlife and the promenade corridor raise evening and seasonal noise risk.",mixed,Low,ENV001;ENV003;ENV005,broad-assessment-v1,"Distinctive resort heritage is offset by concentrated deprivation and uneven upkeep, so pleasantness is not consistent town-wide.",1.0,58.0,low,1.0,3,2,3,2.0,5,4,58.0,low,1.0,3,2,3,2.0,5,4
bolton,Bolton,England,Bolton,53.577709,-2.431041,114000,493,High,64,"Median of 493 achieved standard flat/maisonette sales; this is an all-size flat proxy, not a one-bedroom estimate.",647,Medium,78,Official one-bedroom modelled average for Bolton LA; underlying observation count is not published in the table.,"Rightmove's filtered snapshot returned 64 sale and 78 rental results; these are Rightmove headline counts, not deduplicated properties, and the query does not verify tower stock.",73.7334,66.3,4,Q4 2024 transport and destination data; 2023 provisional BRES employment data,2026-09-09,TR-LOCAL-DFT-2025,E63008201,April 2024,184618,184618,dft-connectivity-bua24-v1,High,Population-weighted mean across Bolton (Bolton); Reviewed official BUA name corresponds to the screen location Bolton.,160,2,123,1,Medium,"Reviewed National Rail Journey Planner station-to-station observation for 2026-09-11. Shortest returned public-transport itinerary departing 10:00–14:00; not a guaranteed, door-to-door, fare or accessibility measure.",mixed_exposure,Medium,ENV001;ENV003;ENV005,broad-assessment-v1,"M61 access, busy radial roads and rail create local noise pressure, with quieter residential parts away from them.",mixed,Low,ENV001;ENV003;ENV005,broad-assessment-v1,Civic and heritage pockets coexist with substantial deprived and uneven post-industrial fabric.,2.5,60.5,mid,2.5,4,2,3,2.5,4,3,60.5,mid,2.5,4,2,3,2.5,3,4
bradford,Bradford,England,Bradford,53.790778,-1.754561,99000,453,High,76,"Median of 453 achieved standard flat/maisonette sales; this is an all-size flat proxy, not a one-bedroom estimate.",553,Medium,91,Official one-bedroom modelled average for Bradford LA; underlying observation count is not published in the table.,"Rightmove's filtered snapshot returned 76 sale and 91 rental results; these are Rightmove headline counts, not deduplicated properties, and the query does not verify tower stock.",74.4904,68.3,4,Q4 2024 transport and destination data; 2023 provisional BRES employment data,2026-09-09,TR-LOCAL-DFT-2025,E63007920,April 2024,333968,333968,dft-connectivity-bua24-v1,High,Population-weighted mean across Bradford; Reviewed official BUA name corresponds directly to the broad screen location.,165,1,153,1,Medium,"Reviewed National Rail Journey Planner station-to-station observation for 2026-09-11. Shortest returned public-transport itinerary departing 10:00–14:00; not a guaranteed, door-to-door, fare or accessibility measure.",mixed_exposure,Medium,ENV001;ENV003;ENV005,broad-assessment-v1,"Dense radial traffic, rail corridors, industry and a sizeable nightlife centre make quietness inconsistent.",mixed,Low,ENV001;ENV003;ENV005,broad-assessment-v1,"High-quality historic architecture is offset by vacancy, deprivation and uneven upkeep across the built-up area.",1.5,62.5,mid,1.5,4,2,3,2.0,5,4,59.5,mid,1.5,4,2,3,2.0,4,4
burnley,Burnley,England,Burnley,53.787517,-2.24439,88625,98,Medium,5,"Median of 98 achieved standard flat/maisonette sales; this is an all-size flat proxy, not a one-bedroom estimate.",463,Medium,22,Official one-bedroom modelled average for Burnley LA; underlying observation count is not published in the table.,"Rightmove's filtered snapshot returned 5 sale and 22 rental results; these are Rightmove headline counts, not deduplicated properties, and the query does not verify tower stock.",67.933,49.7,3,Q4 2024 transport and destination data; 2023 provisional BRES employment data,2026-09-09,TR-LOCAL-DFT-2025,E63007907,April 2024,78266,78266,dft-connectivity-bua24-v1,High,Population-weighted mean across Burnley; Reviewed official BUA name corresponds directly to the broad screen location.,189,1,174,2,Medium,"Reviewed National Rail Journey Planner station-to-station observation for 2026-09-11. Shortest returned public-transport itinerary departing 10:00–14:00; not a guaranteed, door-to-door, fare or accessibility measure.",mixed_exposure,Medium,ENV001;ENV003;ENV005,broad-assessment-v1,"M65, rail and industrial corridors are conspicuous, but the town is less continuously busy than a major city.",mixed,Low,ENV001;ENV003;ENV005,broad-assessment-v1,"Industrial heritage and nearby landscape are positives, but deprivation and uneven town-centre fabric weaken the broad condition score.",2.0,52.0,low,2.0,3,2,3,2.0,5,1,55.0,low,2.0,3,2,3,2.0,5,2
burton-on-trent,Burton-on-Trent,England,East Staffordshire,52.807376,-1.644791,104000,147,High,26,"Median of 147 achieved standard flat/maisonette sales; this is an all-size flat proxy, not a one-bedroom estimate.",610,Medium,34,Official one-bedroom modelled average for East Staffordshire LA; underlying observation count is not published in the table and the LA is broader than the named town.,"Rightmove's filtered snapshot returned 26 sale and 34 rental results; these are Rightmove headline counts, not deduplicated properties, and the query does not verify tower stock.",65.8031,43.7,3,Q4 2024 transport and destination data; 2023 provisional BRES employment data,2026-09-09,TR-LOCAL-DFT-2025,E63009360,April 2024,76031,76031,dft-connectivity-bua24-v1,High,Population-weighted mean across Burton upon Trent; Reviewed official BUA name corresponds to the screen location Burton-on-Trent.,98,1,24,0,Medium,"Reviewed National Rail Journey Planner station-to-station observation for 2026-09-11. Shortest returned public-transport itinerary departing 10:00–14:00; not a guaranteed, door-to-door, fare or accessibility measure.",mixed_exposure,Medium,ENV001;ENV003;ENV005,broad-assessment-v1,"The A38, railways and major brewing/industrial activity create conspicuous transport and industrial noise corridors.",mixed,Low,ENV001;ENV003;ENV005,broad-assessment-v1,A serviceable centre and riverside assets are balanced by traffic-dominated and industrial urban fabric.,5.0,69.0,high,5.0,3,2,3,4.5,4,3,66.0,high,5.0,3,2,3,4.5,3,3
cardiff,Cardiff,Wales,Cardiff,51.480005,-3.176855,165000,1883,High,259,"Median of 1883 achieved standard flat/maisonette sales; this is an all-size flat proxy, not a one-bedroom estimate.",902,Medium,468,Official one-bedroom modelled average for Cardiff LA; underlying observation count is not published in the table.,"Rightmove's filtered snapshot returned 259 sale and 468 rental results; these are Rightmove headline counts, not deduplicated properties, and the query does not verify tower stock.",72.6614,63.3,4,Q4 2024 transport and destination data; 2023 provisional BRES employment data,2026-09-09,TR-LOCAL-DFT-2025,W45001208,April 2024,347880,347880,dft-connectivity-bua24-v1,High,Population-weighted mean across Cardiff; Reviewed official BUA name corresponds directly to the broad screen location.,112,0,120,0,Medium,"Reviewed National Rail Journey Planner station-to-station observation for 2026-09-11. Shortest returned public-transport itinerary departing 10:00–14:00; not a guaranteed, door-to-door, fare or accessibility measure.",mixed_exposure,Medium,ENV002;ENV004;ENV005,broad-assessment-v1,"Capital-city traffic, dense rail approaches, major events and nightlife make central noise exposure comparatively likely.",favourable,Medium,ENV002;ENV004;ENV005,broad-assessment-v1,"Substantial civic, park and renewed waterfront assets make the city broadly pleasant despite uneven inner corridors.",4.5,75.5,high,4.5,4,4,3,4.0,2,5,72.5,high,4.5,4,4,3,4.0,1,5
chester,Chester,England,Cheshire West and Chester,53.190204,-2.891644,165000,570,High,43,"Median of 570 achieved standard flat/maisonette sales; this is an all-size flat proxy, not a one-bedroom estimate.",721,Medium,54,Official one-bedroom modelled average for Cheshire West and Chester LA; underlying observation count is not published in the table and the LA is broader than the named town.,"Rightmove's filtered snapshot returned 43 sale and 54 rental results; these are Rightmove headline counts, not deduplicated properties, and the query does not verify tower stock.",69.1913,53.3,3,Q4 2024 transport and destination data; 2023 provisional BRES employment data,2026-09-09,TR-LOCAL-DFT-2025,K08000011,April 2024,92756,92756,dft-connectivity-bua24-v1,High,Population-weighted mean across Chester; Reviewed official BUA name corresponds directly to the broad screen location.,123,0,85,1,Medium,"Reviewed National Rail Journey Planner station-to-station observation for 2026-09-11. Shortest returned public-transport itinerary departing 10:00–14:00; not a guaranteed, door-to-door, fare or accessibility measure.",mixed_exposure,Medium,ENV001;ENV003;ENV005,broad-assessment-v1,"The A55 and railways are clear noise sources, but the compact city has many areas away from intensive urban activity.",favourable,Medium,ENV001;ENV003;ENV005,broad-assessment-v1,"Exceptional historic fabric, river setting and generally strong public realm support a strongly favourable broad judgement.",4.5,65.5,high,4.5,3,4,3,3.5,2,3,65.5,high,4.5,3,4,3,3.5,2,3
chesterfield,Chesterfield,England,Chesterfield,53.23633,-1.429206,115500,204,High,14,"Median of 204 achieved standard flat/maisonette sales; this is an all-size flat proxy, not a one-bedroom estimate.",538,Medium,31,Official one-bedroom modelled average for Chesterfield LA; underlying observation count is not published in the table.,"Rightmove's filtered snapshot returned 14 sale and 31 rental results; these are Rightmove headline counts, not deduplicated properties, and the query does not verify tower stock.",67.8619,49.5,3,Q4 2024 transport and destination data; 2023 provisional BRES employment data,2026-09-09,TR-LOCAL-DFT-2025,E63008717,April 2024,76394,76394,dft-connectivity-bua24-v1,High,Population-weighted mean across Chesterfield; Reviewed official BUA name corresponds directly to the broad screen location.,112,0,56,0,Medium,"Reviewed National Rail Journey Planner station-to-station observation for 2026-09-11. Shortest returned public-transport itinerary departing 10:00–14:00; not a guaranteed, door-to-door, fare or accessibility measure.",lower_intensity,Medium,ENV001;ENV003;ENV005,broad-assessment-v1,"The A61, rail and industrial corridors bring noise, while the town's scale leaves plausible calmer areas.",favourable,Medium,ENV001;ENV003;ENV005,broad-assessment-v1,A coherent historic centre and nearby landscape support a favourable judgement despite some post-industrial and arterial-road fabric.,2.0,66.0,high,2.0,3,4,4,4.5,4,2,72.0,high,2.0,3,4,4,4.5,5,3
coventry,Coventry,England,Coventry,52.407707,-1.506857,135000,830,High,88,"Median of 830 achieved standard flat/maisonette sales; this is an all-size flat proxy, not a one-bedroom estimate.",759,Medium,184,Official one-bedroom modelled average for Coventry LA; underlying observation count is not published in the table.,"Rightmove's filtered snapshot returned 88 sale and 184 rental results; these are Rightmove headline counts, not deduplicated properties, and the query does not verify tower stock.",72.8496,63.8,4,Q4 2024 transport and destination data; 2023 provisional BRES employment data,2026-09-09,TR-LOCAL-DFT-2025,E63010120,April 2024,343623,343623,dft-connectivity-bua24-v1,High,Population-weighted mean across Coventry; Reviewed official BUA name corresponds directly to the broad screen location.,56,0,20,0,Medium,"Reviewed National Rail Journey Planner station-to-station observation for 2026-09-11. Shortest returned public-transport itinerary departing 10:00–14:00; not a guaranteed, door-to-door, fare or accessibility measure.",persistent_noise,Medium,ENV001;ENV003;ENV005,broad-assessment-v1,"The inner ring road, motorway approaches, rail and a substantial night-time economy create widespread noise pressure.",mixed,Low,ENV001;ENV003;ENV005,broad-assessment-v1,Major public-realm renewal and heritage pockets coexist with traffic-heavy and uneven reconstructed urban fabric.,3.5,65.5,high,3.5,4,2,2,5.0,3,4,62.5,mid,3.5,4,2,2,5.0,2,4
darlington,Darlington,England,Darlington,54.523274,-1.553611,95000,220,High,23,"Median of 220 achieved standard flat/maisonette sales; this is an all-size flat proxy, not a one-bedroom estimate.",494,Medium,24,Official one-bedroom modelled average for Darlington LA; underlying observation count is not published in the table.,"Rightmove's filtered snapshot returned 23 sale and 24 rental results; these are Rightmove headline counts, not deduplicated properties, and the query does not verify tower stock.",68.5549,51.5,3,Q4 2024 transport and destination data; 2023 provisional BRES employment data,2026-09-09,TR-LOCAL-DFT-2025,E63007428,April 2024,93058,93058,dft-connectivity-bua24-v1,High,Population-weighted mean across Darlington; Reviewed official BUA name corresponds directly to the broad screen location.,152,1,143,0,Medium,"Reviewed National Rail Journey Planner station-to-station observation for 2026-09-11. Shortest returned public-transport itinerary departing 10:00–14:00; not a guaranteed, door-to-door, fare or accessibility measure.",mixed_exposure,Medium,ENV001;ENV003;ENV005,broad-assessment-v1,"A1(M)/A66 approaches and a major rail corridor are conspicuous, but the town is not continuously high-intensity.",mixed,Low,ENV001;ENV003;ENV005,broad-assessment-v1,Victorian and civic assets are balanced by ordinary and sometimes uneven edge and centre fabric.,3.0,59.0,mid,3.0,3,2,3,2.5,5,2,59.0,low,3.0,3,2,3,2.5,5,2
derby,Derby,England,Derby,52.924693,-1.478054,125000,532,High,73,"Median of 532 achieved standard flat/maisonette sales; this is an all-size flat proxy, not a one-bedroom estimate.",606,Medium,214,Official one-bedroom modelled average for Derby LA; underlying observation count is not published in the table.,"Rightmove's filtered snapshot returned 73 sale and 214 rental results; these are Rightmove headline counts, not deduplicated properties, and the query does not verify tower stock.",71.1,58.9,3,Q4 2024 transport and destination data; 2023 provisional BRES employment data,2026-09-09,TR-LOCAL-DFT-2025,E63009183,April 2024,275561,275561,dft-connectivity-bua24-v1,High,Population-weighted mean across Derby; Reviewed official BUA name corresponds directly to the broad screen location.,88,0,32,0,Medium,"Reviewed National Rail Journey Planner station-to-station observation for 2026-09-11. Shortest returned public-transport itinerary departing 10:00–14:00; not a guaranteed, door-to-door, fare or accessibility measure.",mixed_exposure,Medium,ENV001;ENV003;ENV005,broad-assessment-v1,"Ring roads, a major rail corridor, industry and proximity to East Midlands Airport increase transport-noise exposure.",mixed,Low,ENV001;ENV003;ENV005,broad-assessment-v1,Renewal and historic pockets coexist with traffic-dominated approaches and extensive industrial urban form.,1.0,54.0,low,1.0,3,2,3,4.5,3,3,60.0,mid,1.0,3,2,3,4.5,4,4
doncaster,Doncaster,England,Doncaster,53.522723,-1.132352,108000,281,High,25,"Median of 281 achieved standard flat/maisonette sales; this is an all-size flat proxy, not a one-bedroom estimate.",491,Medium,27,Official one-bedroom modelled average for Doncaster LA; underlying observation count is not published in the table.,"Rightmove's filtered snapshot returned 25 sale and 27 rental results; these are Rightmove headline counts, not deduplicated properties, and the query does not verify tower stock.",69.2187,53.4,3,Q4 2024 transport and destination data; 2023 provisional BRES employment data,2026-09-09,TR-LOCAL-DFT-2025,E63008314,April 2024,87094,87094,dft-connectivity-bua24-v1,High,Population-weighted mean across Doncaster; Reviewed official BUA name corresponds directly to the broad screen location.,92,0,88,0,Medium,"Reviewed National Rail Journey Planner station-to-station observation for 2026-09-11. Shortest returned public-transport itinerary departing 10:00–14:00; not a guaranteed, door-to-door, fare or accessibility measure.",persistent_noise,Medium,ENV001;ENV003;ENV005,broad-assessment-v1,"Motorways, a nationally important railway and extensive logistics/industrial land create multiple persistent noise corridors.",mixed,Low,ENV001;ENV003;ENV005,broad-assessment-v1,"Civic assets and renewal are offset by extensive post-industrial, logistics and deprived urban fabric.",2.5,57.5,low,2.5,3,2,2,4.0,4,3,60.5,mid,2.5,3,2,2,4.0,5,3
gateshead,Gateshead,England,Gateshead,54.959914,-1.604945,101000,597,High,32,"Median of 597 achieved standard flat/maisonette sales; this is an all-size flat proxy, not a one-bedroom estimate.",587,Medium,27,Official one-bedroom modelled average for Gateshead LA; underlying observation count is not published in the table.,"Rightmove's filtered snapshot returned 32 sale and 27 rental results; these are Rightmove headline counts, not deduplicated properties, and the query does not verify tower stock.",77.1068,74.8,4,Q4 2024 transport and destination data; 2023 provisional BRES employment data,2026-09-09,TR-LOCAL-DFT-2025,E63007200,April 2024,114825,114825,dft-connectivity-bua24-v1,High,Population-weighted mean across Gateshead; Reviewed official BUA name corresponds directly to the broad screen location.,192,2,198,1,Medium,"Reviewed National Rail Journey Planner station-to-station observation for 2026-09-11. Shortest returned public-transport itinerary departing 10:00–14:00; not a guaranteed, door-to-door, fare or accessibility measure.",mixed_exposure,Medium,ENV001;ENV003;ENV005,broad-assessment-v1,"The A1/A184, rail, river crossings and adjacency to Newcastle's urban core make noise exposure likely.",mixed,Low,ENV001;ENV003;ENV005,broad-assessment-v1,Strong riverside cultural assets and regeneration coexist with large traffic corridors and uneven post-industrial fabric.,4.5,66.5,high,4.5,4,2,3,1.0,5,3,63.5,high,4.5,4,2,3,1.0,4,3
gloucester,Gloucester,England,Gloucester,51.86455,-2.246934,145000,681,High,74,"Median of 681 achieved standard flat/maisonette sales; this is an all-size flat proxy, not a one-bedroom estimate.",743,Medium,65,Official one-bedroom modelled average for Gloucester LA; underlying observation count is not published in the table.,"Rightmove's filtered snapshot returned 74 sale and 65 rental results; these are Rightmove headline counts, not deduplicated properties, and the query does not verify tower stock.",69.5581,54.4,3,Q4 2024 transport and destination data; 2023 provisional BRES employment data,2026-09-09,TR-LOCAL-DFT-2025,E63011389,April 2024,118562,118562,dft-connectivity-bua24-v1,High,Population-weighted mean across Gloucester; Reviewed official BUA name corresponds directly to the broad screen location.,100,0,56,0,Medium,"Reviewed National Rail Journey Planner station-to-station observation for 2026-09-11. Shortest returned public-transport itinerary departing 10:00–14:00; not a guaranteed, door-to-door, fare or accessibility measure.",mixed_exposure,Medium,ENV001;ENV003;ENV005,broad-assessment-v1,"M5 access, rail and industrial/port approaches create noise corridors, with calmer fabric beyond them.",favourable,Medium,ENV001;ENV003;ENV005,broad-assessment-v1,"Historic core and renewed docks support a favourable broad judgement, although arterial and edge areas are mixed.",2.5,61.5,mid,2.5,3,4,3,4.5,2,3,61.5,mid,2.5,3,4,3,4.5,2,3
halifax,Halifax,England,Calderdale,53.722827,-1.860176,127500,216,High,34,"Median of 216 achieved standard flat/maisonette sales; this is an all-size flat proxy, not a one-bedroom estimate.",546,Medium,49,Official one-bedroom modelled average for Calderdale LA; underlying observation count is not published in the table and the LA is broader than the named town.,"Rightmove's filtered snapshot returned 34 sale and 49 rental results; these are Rightmove headline counts, not deduplicated properties, and the query does not verify tower stock.",68.8676,52.4,3,Q4 2024 transport and destination data; 2023 provisional BRES employment data,2026-09-09,TR-LOCAL-DFT-2025,E63007966,April 2024,89394,89394,dft-connectivity-bua24-v1,High,Population-weighted mean across Halifax; Reviewed official BUA name corresponds directly to the broad screen location.,172,0,156,2,Medium,"Reviewed National Rail Journey Planner station-to-station observation for 2026-09-11. Shortest returned public-transport itinerary departing 10:00–14:00; not a guaranteed, door-to-door, fare or accessibility measure.",mixed_exposure,Medium,ENV001;ENV003;ENV005,broad-assessment-v1,"Valley roads, rail and town-centre activity create concentrated noise, while the wider hilly urban area is mixed.",mixed,Low,ENV001;ENV003;ENV005,broad-assessment-v1,Outstanding civic and industrial architecture is tempered by deprivation and uneven upkeep in parts of the town.,1.5,50.5,low,1.5,3,2,3,2.0,3,3,53.5,low,1.5,3,2,3,2.0,4,3
hartlepool,Hartlepool,England,Hartlepool,54.685388,-1.212911,83014,106,High,16,"Median of 106 achieved standard flat/maisonette sales; this is an all-size flat proxy, not a one-bedroom estimate.",400,Medium,9,Official one-bedroom modelled average for Hartlepool LA; underlying observation count is not published in the table.,"Rightmove's filtered snapshot returned 16 sale and 9 rental results; these are Rightmove headline counts, not deduplicated properties, and the query does not verify tower stock.",64.6455,40.6,3,Q4 2024 transport and destination data; 2023 provisional BRES employment data,2026-09-09,TR-LOCAL-DFT-2025,E63007337,April 2024,88001,88001,dft-connectivity-bua24-v1,High,Population-weighted mean across Hartlepool; Reviewed official BUA name corresponds directly to the broad screen location.,188,0,209,1,Medium,"Reviewed National Rail Journey Planner station-to-station observation for 2026-09-11. Shortest returned public-transport itinerary departing 10:00–14:00; not a guaranteed, door-to-door, fare or accessibility measure.",mixed_exposure,Medium,ENV001;ENV003;ENV005,broad-assessment-v1,"Port industry, rail and arterial traffic are conspicuous, but overall urban intensity is moderate.",mixed,Low,ENV001;ENV003;ENV005,broad-assessment-v1,"The marina and heritage areas are positives, while deprivation and extensive industrial/post-industrial fabric reduce consistency.",1.0,51.0,low,1.0,3,2,3,1.5,5,2,48.0,low,1.0,3,2,3,1.5,5,1
huddersfield,Huddersfield,England,Kirklees,53.644281,-1.782201,110000,288,High,33,"Median of 288 achieved standard flat/maisonette sales; this is an all-size flat proxy, not a one-bedroom estimate.",582,Medium,91,Official one-bedroom modelled average for Kirklees LA; underlying observation count is not published in the table and the LA is broader than the named town.,"Rightmove's filtered snapshot returned 33 sale and 91 rental results; these are Rightmove headline counts, not deduplicated properties, and the query does not verify tower stock.",70.2064,56.3,3,Q4 2024 transport and destination data; 2023 provisional BRES employment data,2026-09-09,TR-LOCAL-DFT-2025,E63008114,April 2024,140930,140930,dft-connectivity-bua24-v1,High,Population-weighted mean across Huddersfield; Reviewed official BUA name corresponds directly to the broad screen location.,160,2,142,2,Medium,"Reviewed National Rail Journey Planner station-to-station observation for 2026-09-11. Shortest returned public-transport itinerary departing 10:00–14:00; not a guaranteed, door-to-door, fare or accessibility measure.",lower_intensity,Medium,ENV001;ENV003;ENV005,broad-assessment-v1,"Ring-road traffic, rail and town-centre nightlife are evident, with lower-intensity residential areas beyond.",mixed,Low,ENV001;ENV003;ENV005,broad-assessment-v1,Strong stone architecture and landscape setting are balanced by traffic-heavy approaches and uneven central upkeep.,3.0,61.0,mid,3.0,3,2,4,2.0,4,3,64.0,high,3.0,3,2,4,2.0,4,4
hull-kingston-upon-hull,Hull (Kingston upon Hull),England,"Kingston upon Hull, City of",53.744587,-0.332576,95000,406,High,92,"Median of 406 achieved standard flat/maisonette sales; this is an all-size flat proxy, not a one-bedroom estimate.",498,Medium,128,"Official one-bedroom modelled average for Kingston upon Hull, City of LA; underlying observation count is not published in the table.","Rightmove's filtered snapshot returned 92 sale and 128 rental results; these are Rightmove headline counts, not deduplicated properties, and the query does not verify tower stock.",70.925,58.4,3,Q4 2024 transport and destination data; 2023 provisional BRES employment data,2026-09-09,TR-LOCAL-DFT-2025,E63007930,April 2024,270816,270816,dft-connectivity-bua24-v1,High,Population-weighted mean across Kingston upon Hull; Reviewed official BUA name corresponds to the screen location Hull (Kingston upon Hull).,164,0,159,1,Medium,"Reviewed National Rail Journey Planner station-to-station observation for 2026-09-11. Shortest returned public-transport itinerary departing 10:00–14:00; not a guaranteed, door-to-door, fare or accessibility measure.",persistent_noise,Medium,ENV001;ENV003;ENV005,broad-assessment-v1,"Port, industry, freight traffic and broad arterial roads create substantial persistent-noise exposure.",mixed,Low,ENV001;ENV003;ENV005,broad-assessment-v1,Renewed old town and waterfront areas coexist with extensive deprived and industrial urban fabric.,1.5,57.5,low,1.5,3,2,2,2.5,5,4,57.5,low,1.5,3,2,2,2.5,5,4
ipswich,Ipswich,England,Ipswich,52.057066,1.152832,137000,545,High,117,"Median of 545 achieved standard flat/maisonette sales; this is an all-size flat proxy, not a one-bedroom estimate.",743,Medium,80,Official one-bedroom modelled average for Ipswich LA; underlying observation count is not published in the table.,"Rightmove's filtered snapshot returned 117 sale and 80 rental results; these are Rightmove headline counts, not deduplicated properties, and the query does not verify tower stock.",68.9624,52.7,3,Q4 2024 transport and destination data; 2023 provisional BRES employment data,2026-09-09,TR-LOCAL-DFT-2025,E63010852,April 2024,151566,151566,dft-connectivity-bua24-v1,High,Population-weighted mean across Ipswich; Reviewed official BUA name corresponds directly to the broad screen location.,66,0,195,2,Medium,"Reviewed National Rail Journey Planner station-to-station observation for 2026-09-11. Shortest returned public-transport itinerary departing 10:00–14:00; not a guaranteed, door-to-door, fare or accessibility measure.",mixed_exposure,Medium,ENV001;ENV003;ENV005,broad-assessment-v1,"A14 approaches, rail and port activity create noise corridors, but the town's overall intensity is moderate.",mixed,Low,ENV001;ENV003;ENV005,broad-assessment-v1,"Waterfront renewal and historic fabric are balanced by uneven centre, arterial and industrial areas.",3.0,60.0,mid,3.0,3,2,3,3.0,3,4,57.0,low,3.0,3,2,3,3.0,2,4
kettering,Kettering,England,North Northamptonshire,52.399947,-0.728307,129475,210,High,15,"Median of 210 achieved standard flat/maisonette sales; this is an all-size flat proxy, not a one-bedroom estimate.",681,Medium,30,Official one-bedroom modelled average for North Northamptonshire LA; underlying observation count is not published in the table and the LA is broader than the named town.,"Rightmove's filtered snapshot returned 15 sale and 30 rental results; these are Rightmove headline counts, not deduplicated properties, and the query does not verify tower stock.",66.2086,44.8,3,Q4 2024 transport and destination data; 2023 provisional BRES employment data,2026-09-09,TR-LOCAL-DFT-2025,E63010129,April 2024,63149,63149,dft-connectivity-bua24-v1,High,Population-weighted mean across Kettering; Reviewed official BUA name corresponds directly to the broad screen location.,47,0,76,1,Medium,"Reviewed National Rail Journey Planner station-to-station observation for 2026-09-11. Shortest returned public-transport itinerary departing 10:00–14:00; not a guaranteed, door-to-door, fare or accessibility measure.",lower_intensity,Medium,ENV001;ENV003;ENV005,broad-assessment-v1,"A14 traffic and the Midland Main Line are conspicuous, while the smaller town scale allows calmer areas.",mixed,Low,ENV001;ENV003;ENV005,broad-assessment-v1,Historic pockets and ordinary maintained suburbs are balanced by traffic and commercial-edge fabric.,4.0,63.0,mid,4.0,3,2,4,4.5,3,2,66.0,high,4.0,3,2,4,4.5,3,3
lancaster,Lancaster,England,Lancaster,54.050069,-2.803161,130000,231,High,26,"Median of 231 achieved standard flat/maisonette sales; this is an all-size flat proxy, not a one-bedroom estimate.",596,Medium,9,Official one-bedroom modelled average for Lancaster LA; underlying observation count is not published in the table.,"Rightmove's filtered snapshot returned 26 sale and 9 rental results; these are Rightmove headline counts, not deduplicated properties, and the query does not verify tower stock.",71.2566,59.3,3,Q4 2024 transport and destination data; 2023 provisional BRES employment data,2026-09-09,TR-LOCAL-DFT-2025,E63007656,April 2024,52646,52646,dft-connectivity-bua24-v1,High,Population-weighted mean across Lancaster; Reviewed official BUA name corresponds directly to the broad screen location.,151,0,126,0,Medium,"Reviewed National Rail Journey Planner station-to-station observation for 2026-09-11. Shortest returned public-transport itinerary departing 10:00–14:00; not a guaranteed, door-to-door, fare or accessibility measure.",lower_intensity,Medium,ENV001;ENV003;ENV005,broad-assessment-v1,"M6 and West Coast Main Line corridors are clear sources, but the compact historic city has substantial lower-intensity fabric.",favourable,Medium,ENV001;ENV003;ENV005,broad-assessment-v1,"Coherent historic architecture, river and nearby landscape support a favourable broad condition judgement.",5.0,72.0,high,5.0,3,4,4,3.0,3,3,69.0,high,5.0,3,4,4,3.0,4,1
leeds,Leeds,England,Leeds,53.800703,-1.550264,155000,2152,High,453,"Median of 2152 achieved standard flat/maisonette sales; this is an all-size flat proxy, not a one-bedroom estimate.",779,Medium,627,Official one-bedroom modelled average for Leeds LA; underlying observation count is not published in the table.,"Rightmove's filtered snapshot returned 453 sale and 627 rental results; these are Rightmove headline counts, not deduplicated properties, and the query does not verify tower stock.",76.3068,72.9,4,Q4 2024 transport and destination data; 2023 provisional BRES employment data,2026-09-09,TR-LOCAL-DFT-2025,E63007883,April 2024,536262,536262,dft-connectivity-bua24-v1,High,Population-weighted mean across Leeds (Leeds); Reviewed official BUA name corresponds to the screen location Leeds.,132,0,109,0,Medium,"Reviewed National Rail Journey Planner station-to-station observation for 2026-09-11. Shortest returned public-transport itinerary departing 10:00–14:00; not a guaranteed, door-to-door, fare or accessibility measure.",mixed_exposure,Medium,ENV001;ENV003;ENV005,broad-assessment-v1,"Motorways, dense rail, arterial traffic, nightlife and airport influence make quietness inconsistent across the large city.",mixed,Medium,ENV001;ENV003;ENV005,broad-assessment-v1,"A strong renewed centre, civic fabric and parks support pleasantness, though conditions vary considerably.",1.5,59.5,mid,1.5,4,2,3,3.5,2,5,59.5,mid,1.5,4,2,3,3.5,2,5
leicester,Leicester,England,Leicester,52.633614,-1.133462,130000,803,High,190,"Median of 803 achieved standard flat/maisonette sales; this is an all-size flat proxy, not a one-bedroom estimate.",717,Medium,386,Official one-bedroom modelled average for Leicester LA; underlying observation count is not published in the table.,"Rightmove's filtered snapshot returned 190 sale and 386 rental results; these are Rightmove headline counts, not deduplicated properties, and the query does not verify tower stock.",74.3817,68.0,4,Q4 2024 transport and destination data; 2023 provisional BRES employment data,2026-09-09,TR-LOCAL-DFT-2025,E63009743,April 2024,406331,406331,dft-connectivity-bua24-v1,High,Population-weighted mean across Leicester; Reviewed official BUA name corresponds directly to the broad screen location.,63,0,48,0,Medium,"Reviewed National Rail Journey Planner station-to-station observation for 2026-09-11. Shortest returned public-transport itinerary departing 10:00–14:00; not a guaranteed, door-to-door, fare or accessibility measure.",mixed_exposure,Medium,ENV001;ENV003;ENV005,broad-assessment-v1,"Dense radial traffic, ring roads, rail and a large night-time economy create widespread urban noise pressure.",mixed,Low,ENV001;ENV003;ENV005,broad-assessment-v1,"Historic and renewed central pockets coexist with traffic-heavy and uneven fabric, yielding a mixed judgement.",2.0,64.0,high,2.0,4,2,3,5.0,3,4,64.0,high,2.0,4,2,3,5.0,2,5
lincoln,Lincoln,England,Lincoln,53.234841,-0.53844,118000,285,High,47,"Median of 285 achieved standard flat/maisonette sales; this is an all-size flat proxy, not a one-bedroom estimate.",661,Medium,68,Official one-bedroom modelled average for Lincoln LA; underlying observation count is not published in the table.,"Rightmove's filtered snapshot returned 47 sale and 68 rental results; these are Rightmove headline counts, not deduplicated properties, and the query does not verify tower stock.",66.3068,45.1,3,Q4 2024 transport and destination data; 2023 provisional BRES employment data,2026-09-09,TR-LOCAL-DFT-2025,E63008729,April 2024,104553,104553,dft-connectivity-bua24-v1,High,Population-weighted mean across Lincoln; Reviewed official BUA name corresponds directly to the broad screen location.,116,0,138,1,Medium,"Reviewed National Rail Journey Planner station-to-station observation for 2026-09-11. Shortest returned public-transport itinerary departing 10:00–14:00; not a guaranteed, door-to-door, fare or accessibility measure.",lower_intensity,Medium,ENV001;ENV003;ENV005,broad-assessment-v1,"The A46, rail, tourism and student/nightlife activity create concentrated noise, with calmer areas elsewhere.",favourable,Medium,ENV001;ENV003;ENV005,broad-assessment-v1,Cathedral-quarter heritage and a distinctive setting support a favourable judgement despite mixed lower-city approaches.,1.5,65.5,high,1.5,3,4,4,3.5,4,3,62.5,mid,1.5,3,4,4,3.5,3,3
liverpool,Liverpool,England,Liverpool,53.40935,-2.978495,145000,2356,High,965,"Median of 2356 achieved standard flat/maisonette sales; this is an all-size flat proxy, not a one-bedroom estimate.",683,Medium,347,Official one-bedroom modelled average for Liverpool LA; underlying observation count is not published in the table.,"Rightmove's filtered snapshot returned 965 sale and 347 rental results; these are Rightmove headline counts, not deduplicated properties, and the query does not verify tower stock.",78.6161,78.2,4,Q4 2024 transport and destination data; 2023 provisional BRES employment data,2026-09-09,TR-LOCAL-DFT-2025,E63008477,April 2024,506768,506768,dft-connectivity-bua24-v1,High,Population-weighted mean across Liverpool; Reviewed official BUA name corresponds directly to the broad screen location.,140,0,96,0,Medium,"Reviewed National Rail Journey Planner station-to-station observation for 2026-09-11. Shortest returned public-transport itinerary departing 10:00–14:00; not a guaranteed, door-to-door, fare or accessibility measure.",mixed_exposure,Medium,ENV001;ENV003;ENV005,broad-assessment-v1,"Port activity, dense road and rail infrastructure and a major nightlife economy create substantial noise pressure.",mixed,Medium,ENV001;ENV003;ENV005,broad-assessment-v1,"Exceptional civic and waterfront fabric plus renewal outweigh, but do not remove, marked variation and deprived areas.",2.0,61.0,mid,2.0,4,2,3,3.5,2,5,64.0,high,2.0,4,2,3,3.5,3,5
loughborough,Loughborough,England,Charnwood,52.7721,-1.206164,132000,206,High,17,"Median of 206 achieved standard flat/maisonette sales; this is an all-size flat proxy, not a one-bedroom estimate.",677,Medium,20,Official one-bedroom modelled average for Charnwood LA; underlying observation count is not published in the table and the LA is broader than the named town.,"Rightmove's filtered snapshot returned 17 sale and 20 rental results; these are Rightmove headline counts, not deduplicated properties, and the query does not verify tower stock.",70.3555,56.7,3,Q4 2024 transport and destination data; 2023 provisional BRES employment data,2026-09-09,TR-LOCAL-DFT-2025,E63009412,April 2024,64299,64299,dft-connectivity-bua24-v1,High,Population-weighted mean across Loughborough; Reviewed official BUA name corresponds directly to the broad screen location.,74,0,66,1,Medium,"Reviewed National Rail Journey Planner station-to-station observation for 2026-09-11. Shortest returned public-transport itinerary departing 10:00–14:00; not a guaranteed, door-to-door, fare or accessibility measure.",mixed_exposure,Medium,ENV001;ENV003;ENV005,broad-assessment-v1,"M1 proximity, rail and university/nightlife activity create noise corridors but not continuous big-city intensity.",mixed,Low,ENV001;ENV003;ENV005,broad-assessment-v1,A functional centre and greener university/residential fabric are balanced by ordinary industrial and arterial areas.,5.0,63.0,mid,5.0,3,2,3,4.5,3,2,63.0,mid,5.0,3,2,3,4.5,3,2
manchester,Manchester,England,Manchester,53.47894,-2.245278,192500,4478,High,1372,"Median of 4478 achieved standard flat/maisonette sales; this is an all-size flat proxy, not a one-bedroom estimate.",998,Medium,1456,Official one-bedroom modelled average for Manchester LA; underlying observation count is not published in the table.,"Rightmove's filtered snapshot returned 1372 sale and 1456 rental results; these are Rightmove headline counts, not deduplicated properties, and the query does not verify tower stock.",81.9155,84.7,5,Q4 2024 transport and destination data; 2023 provisional BRES employment data,2026-09-09,TR-LOCAL-DFT-2025,E63008401,April 2024,470736,470736,dft-connectivity-bua24-v1,High,Population-weighted mean across Manchester; Reviewed official BUA name corresponds directly to the broad screen location.,127,0,90,0,Medium,"Reviewed National Rail Journey Planner station-to-station observation for 2026-09-11. Shortest returned public-transport itinerary departing 10:00–14:00; not a guaranteed, door-to-door, fare or accessibility measure.",persistent_noise,Medium,ENV001;ENV003;ENV005,broad-assessment-v1,"Dense road, tram and rail networks, major nightlife and airport-related activity make persistent quiet comparatively scarce.",favourable,Medium,ENV001;ENV003;ENV005,broad-assessment-v1,"Extensive renewal, civic architecture and active public realm support a favourable score despite pronounced spatial inequality.",1.0,61.0,mid,1.0,5,4,2,3.5,1,5,61.0,mid,1.0,5,4,2,3.5,1,5
merthyr-tydfil,Merthyr Tydfil,Wales,Merthyr Tydfil,51.745911,-3.378347,66248,22,Low,3,"Median of 22 achieved standard flat/maisonette sales; this is an all-size flat proxy, not a one-bedroom estimate.",552,Medium,3,Official one-bedroom modelled average for Merthyr Tydfil LA; underlying observation count is not published in the table.,"Rightmove's filtered snapshot returned 3 sale and 3 rental results; these are Rightmove headline counts, not deduplicated properties, and the query does not verify tower stock.",58.3259,27.0,2,Q4 2024 transport and destination data; 2023 provisional BRES employment data,2026-09-09,TR-LOCAL-DFT-2025,W45001012,April 2024,40817,40817,dft-connectivity-bua24-v1,High,Population-weighted mean across Merthyr Tydfil; Reviewed official BUA name corresponds directly to the broad screen location.,182,1,196,2,Medium,"Reviewed National Rail Journey Planner station-to-station observation for 2026-09-11. Shortest returned public-transport itinerary departing 10:00–14:00; not a guaranteed, door-to-door, fare or accessibility measure.",mixed_exposure,Medium,ENV002;ENV004;ENV005,broad-assessment-v1,"The A470, valley rail and industrial legacy create linear noise corridors, while surrounding low-density landscape moderates the town-wide picture.",mixed,Low,ENV002;ENV004;ENV005,broad-assessment-v1,Dramatic landscape and heritage are offset by concentrated deprivation and uneven post-industrial town fabric.,4.0,54.0,low,4.0,2,2,3,1.5,5,1,51.0,low,4.0,2,2,3,1.5,4,1
middlesbrough,Middlesbrough,England,Middlesbrough,54.576431,-1.236825,85000,183,High,14,"Median of 183 achieved standard flat/maisonette sales; this is an all-size flat proxy, not a one-bedroom estimate.",499,Medium,50,Official one-bedroom modelled average for Middlesbrough LA; underlying observation count is not published in the table.,"Rightmove's filtered snapshot returned 14 sale and 50 rental results; these are Rightmove headline counts, not deduplicated properties, and the query does not verify tower stock.",68.4636,51.2,3,Q4 2024 transport and destination data; 2023 provisional BRES employment data,2026-09-09,TR-LOCAL-DFT-2025,E63007408,April 2024,147862,147862,dft-connectivity-bua24-v1,High,Population-weighted mean across Middlesbrough; Reviewed official BUA name corresponds directly to the broad screen location.,195,1,182,1,Medium,"Reviewed National Rail Journey Planner station-to-station observation for 2026-09-11. Shortest returned public-transport itinerary departing 10:00–14:00; not a guaranteed, door-to-door, fare or accessibility measure.",persistent_noise,Medium,ENV001;ENV003;ENV005,broad-assessment-v1,"A66 traffic, rail, port and heavy Teesside industry create conspicuous and persistent noise sources.",mixed,Low,ENV001;ENV003;ENV005,broad-assessment-v1,"Regeneration and civic assets are outweighed in the broad screen by deprived, industrial and traffic-dominated fabric.",1.0,49.0,low,1.0,3,2,2,2.0,5,2,52.0,low,1.0,3,2,2,2.0,5,3
neath,Neath,Wales,Neath Port Talbot,51.664226,-3.803389,91250,42,Medium,3,"Median of 42 achieved standard flat/maisonette sales; this is an all-size flat proxy, not a one-bedroom estimate.",498,Medium,3,Official one-bedroom modelled average for Neath Port Talbot LA; underlying observation count is not published in the table and the LA is broader than the named town.,"Rightmove's filtered snapshot returned 3 sale and 3 rental results; these are Rightmove headline counts, not deduplicated properties, and the query does not verify tower stock.",58.4644,27.3,2,Q4 2024 transport and destination data; 2023 provisional BRES employment data,2026-09-09,TR-LOCAL-DFT-2025,W45001091,April 2024,40738,40738,dft-connectivity-bua24-v1,High,Population-weighted mean across Neath; Reviewed official BUA name corresponds directly to the broad screen location.,155,0,164,1,Medium,"Reviewed National Rail Journey Planner station-to-station observation for 2026-09-11. Shortest returned public-transport itinerary departing 10:00–14:00; not a guaranteed, door-to-door, fare or accessibility measure.",mixed_exposure,Medium,ENV002;ENV004;ENV005,broad-assessment-v1,"M4, rail and nearby industry create strong linear noise sources, but the smaller centre and valley setting moderate intensity.",mixed,Low,ENV002;ENV004;ENV005,broad-assessment-v1,"Historic and landscape assets are balanced by traffic, industry and uneven post-industrial fabric.",4.0,56.0,low,4.0,2,2,3,2.5,5,1,56.0,low,4.0,2,2,3,2.5,5,1
newcastle-upon-tyne,Newcastle upon Tyne,England,Newcastle upon Tyne,54.978011,-1.610189,139950,1733,High,119,"Median of 1733 achieved standard flat/maisonette sales; this is an all-size flat proxy, not a one-bedroom estimate.",810,Medium,124,Official one-bedroom modelled average for Newcastle upon Tyne LA; underlying observation count is not published in the table.,"Rightmove's filtered snapshot returned 119 sale and 124 rental results; these are Rightmove headline counts, not deduplicated properties, and the query does not verify tower stock.",77.9395,76.7,4,Q4 2024 transport and destination data; 2023 provisional BRES employment data,2026-09-09,TR-LOCAL-DFT-2025,E63007169,April 2024,285852,285852,dft-connectivity-bua24-v1,High,Population-weighted mean across Newcastle upon Tyne; Reviewed official BUA name corresponds directly to the broad screen location.,166,0,174,0,Medium,"Reviewed National Rail Journey Planner station-to-station observation for 2026-09-11. Shortest returned public-transport itinerary departing 10:00–14:00; not a guaranteed, door-to-door, fare or accessibility measure.",mixed_exposure,Medium,ENV001;ENV003;ENV005,broad-assessment-v1,"A1/A167 traffic, rail, metro and a major nightlife core make central quietness comparatively weak.",favourable,Medium,ENV001;ENV003;ENV005,broad-assessment-v1,"Strong historic streets, river setting and public realm support a favourable condition score despite uneven outer fabric.",2.5,65.5,high,2.5,4,4,3,2.0,3,4,62.5,mid,2.5,4,4,3,2.0,2,4
newport,Newport,Wales,Newport,51.587902,-2.996742,128000,541,High,31,"Median of 541 achieved standard flat/maisonette sales; this is an all-size flat proxy, not a one-bedroom estimate.",696,Medium,43,Official one-bedroom modelled average for Newport LA; underlying observation count is not published in the table.,"Rightmove's filtered snapshot returned 31 sale and 43 rental results; these are Rightmove headline counts, not deduplicated properties, and the query does not verify tower stock.",67.8247,49.4,3,Q4 2024 transport and destination data; 2023 provisional BRES employment data,2026-09-09,TR-LOCAL-DFT-2025,W45001174,April 2024,130882,130882,dft-connectivity-bua24-v1,High,Population-weighted mean across Newport (Newport); Reviewed official BUA name corresponds to the screen location Newport.,97,0,104,1,Medium,"Reviewed National Rail Journey Planner station-to-station observation for 2026-09-11. Shortest returned public-transport itinerary departing 10:00–14:00; not a guaranteed, door-to-door, fare or accessibility measure.",persistent_noise,Medium,ENV002;ENV004;ENV005,broad-assessment-v1,"M4, dense rail approaches, port industry and arterial traffic create multiple persistent noise corridors.",mixed,Low,ENV002;ENV004;ENV005,broad-assessment-v1,"Riverfront renewal and heritage pockets are offset by substantial deprived, traffic-heavy and post-industrial fabric.",2.5,54.5,low,2.5,3,2,2,4.0,3,3,54.5,low,2.5,3,2,2,4.0,3,3
northampton,Northampton,England,West Northamptonshire,52.237858,-0.895046,150000,717,High,104,"Median of 717 achieved standard flat/maisonette sales; this is an all-size flat proxy, not a one-bedroom estimate.",748,Medium,137,Official one-bedroom modelled average for West Northamptonshire LA; underlying observation count is not published in the table and the LA is broader than the named town.,"Rightmove's filtered snapshot returned 104 sale and 137 rental results; these are Rightmove headline counts, not deduplicated properties, and the query does not verify tower stock.",67.4371,48.2,3,Q4 2024 transport and destination data; 2023 provisional BRES employment data,2026-09-09,TR-LOCAL-DFT-2025,E63010463,April 2024,243883,243883,dft-connectivity-bua24-v1,High,Population-weighted mean across Northampton; Reviewed official BUA name corresponds directly to the broad screen location.,59,0,64,0,Medium,"Reviewed National Rail Journey Planner station-to-station observation for 2026-09-11. Shortest returned public-transport itinerary departing 10:00–14:00; not a guaranteed, door-to-door, fare or accessibility measure.",mixed_exposure,Medium,ENV001;ENV003;ENV005,broad-assessment-v1,"M1/A45 traffic, a major rail corridor and extensive logistics activity create notable noise exposure.",mixed,Low,ENV001;ENV003;ENV005,broad-assessment-v1,Historic and maintained residential pockets are balanced by road-dominated growth and uneven central fabric.,2.5,59.5,mid,2.5,3,2,3,5.0,2,4,59.5,mid,2.5,3,2,3,5.0,2,4
norwich,Norwich,England,Norwich,52.628869,1.293307,155000,1272,High,144,"Median of 1272 achieved standard flat/maisonette sales; this is an all-size flat proxy, not a one-bedroom estimate.",781,Medium,112,Official one-bedroom modelled average for Norwich LA; underlying observation count is not published in the table.,"Rightmove's filtered snapshot returned 144 sale and 112 rental results; these are Rightmove headline counts, not deduplicated properties, and the query does not verify tower stock.",70.9579,58.5,3,Q4 2024 transport and destination data; 2023 provisional BRES employment data,2026-09-09,TR-LOCAL-DFT-2025,E63009624,April 2024,200492,200492,dft-connectivity-bua24-v1,High,Population-weighted mean across Norwich; Reviewed official BUA name corresponds directly to the broad screen location.,107,0,226,1,Medium,"Reviewed National Rail Journey Planner station-to-station observation for 2026-09-11. Shortest returned public-transport itinerary departing 10:00–14:00; not a guaranteed, door-to-door, fare or accessibility measure.",lower_intensity,Medium,ENV001;ENV003;ENV005,broad-assessment-v1,"With no urban motorway, noise is concentrated on ring roads, rail and the nightlife core rather than dominating city-wide.",highest,Medium,ENV001;ENV003;ENV005,broad-assessment-v1,"Exceptionally coherent historic fabric, waterways, parks and a generally attractive centre support the highest condition score.",1.5,63.5,mid,1.5,3,5,4,2.5,2,4,63.5,high,1.5,3,5,4,2.5,2,4
nottingham,Nottingham,England,Nottingham,52.956196,-1.151204,140000,1524,High,225,"Median of 1524 achieved standard flat/maisonette sales; this is an all-size flat proxy, not a one-bedroom estimate.",734,Medium,509,Official one-bedroom modelled average for Nottingham LA; underlying observation count is not published in the table.,"Rightmove's filtered snapshot returned 225 sale and 509 rental results; these are Rightmove headline counts, not deduplicated properties, and the query does not verify tower stock.",78.6258,78.2,4,Q4 2024 transport and destination data; 2023 provisional BRES employment data,2026-09-09,TR-LOCAL-DFT-2025,E63009088,April 2024,299786,299786,dft-connectivity-bua24-v1,High,Population-weighted mean across Nottingham; Reviewed official BUA name corresponds directly to the broad screen location.,97,0,70,1,Medium,"Reviewed National Rail Journey Planner station-to-station observation for 2026-09-11. Shortest returned public-transport itinerary departing 10:00–14:00; not a guaranteed, door-to-door, fare or accessibility measure.",mixed_exposure,Medium,ENV001;ENV003;ENV005,broad-assessment-v1,"Ring roads, rail, tram corridors and a major nightlife economy create substantial urban noise pressure.",favourable,Medium,ENV001;ENV003;ENV005,broad-assessment-v1,"Historic, civic and renewed central districts plus strong parks support a favourable score despite spatial variation.",1.5,63.5,mid,1.5,4,4,3,4.0,2,4,66.5,high,1.5,4,4,3,4.0,2,5
peterborough,Peterborough,England,Peterborough,52.572509,-0.242498,129000,420,High,91,"Median of 420 achieved standard flat/maisonette sales; this is an all-size flat proxy, not a one-bedroom estimate.",703,Medium,134,Official one-bedroom modelled average for Peterborough LA; underlying observation count is not published in the table.,"Rightmove's filtered snapshot returned 91 sale and 134 rental results; these are Rightmove headline counts, not deduplicated properties, and the query does not verify tower stock.",66.709,46.2,3,Q4 2024 transport and destination data; 2023 provisional BRES employment data,2026-09-09,TR-LOCAL-DFT-2025,E63009810,April 2024,190592,190592,dft-connectivity-bua24-v1,High,Population-weighted mean across Peterborough; Reviewed official BUA name corresponds directly to the broad screen location.,48,0,104,0,Medium,"Reviewed National Rail Journey Planner station-to-station observation for 2026-09-11. Shortest returned public-transport itinerary departing 10:00–14:00; not a guaranteed, door-to-door, fare or accessibility measure.",persistent_noise,Medium,ENV001;ENV003;ENV005,broad-assessment-v1,"A1/A47 traffic, a very busy rail corridor and logistics/industrial land create multiple persistent noise sources.",mixed,Low,ENV001;ENV003;ENV005,broad-assessment-v1,Cathedral and riverside assets are balanced by traffic-dominated modern growth and uneven central/edge fabric.,2.0,57.0,low,2.0,3,2,2,4.5,3,4,57.0,low,2.0,3,2,2,4.5,3,4
plymouth,Plymouth,England,Plymouth,50.370015,-4.142068,138500,1343,High,147,"Median of 1343 achieved standard flat/maisonette sales; this is an all-size flat proxy, not a one-bedroom estimate.",703,Medium,124,Official one-bedroom modelled average for Plymouth LA; underlying observation count is not published in the table.,"Rightmove's filtered snapshot returned 147 sale and 124 rental results; these are Rightmove headline counts, not deduplicated properties, and the query does not verify tower stock.",68.1707,50.4,3,Q4 2024 transport and destination data; 2023 provisional BRES employment data,2026-09-09,TR-LOCAL-DFT-2025,E63014082,April 2024,266970,266970,dft-connectivity-bua24-v1,High,Population-weighted mean across Plymouth; Reviewed official BUA name corresponds directly to the broad screen location.,194,0,208,0,Medium,"Reviewed National Rail Journey Planner station-to-station observation for 2026-09-11. Shortest returned public-transport itinerary departing 10:00–14:00; not a guaranteed, door-to-door, fare or accessibility measure.",lower_intensity,Medium,ENV001;ENV003;ENV005,broad-assessment-v1,"A38, rail, naval/port activity and nightlife create noise corridors, while coastal topography provides lower-intensity areas.",favourable,Medium,ENV001;ENV003;ENV005,broad-assessment-v1,"Waterfront, parks and historic assets support a favourable judgement despite reconstructed and uneven inner fabric.",1.5,62.5,mid,1.5,3,4,4,2.0,3,4,62.5,mid,1.5,3,4,4,2.0,3,4
portsmouth,Portsmouth,England,Portsmouth,50.79685,-1.09117,165000,541,High,177,"Median of 541 achieved standard flat/maisonette sales; this is an all-size flat proxy, not a one-bedroom estimate.",900,Medium,176,Official one-bedroom modelled average for Portsmouth LA; underlying observation count is not published in the table.,"Rightmove's filtered snapshot returned 177 sale and 176 rental results; these are Rightmove headline counts, not deduplicated properties, and the query does not verify tower stock.",76.3099,72.9,4,Q4 2024 transport and destination data; 2023 provisional BRES employment data,2026-09-09,TR-LOCAL-DFT-2025,E63013748,April 2024,223324,223324,dft-connectivity-bua24-v1,High,Population-weighted mean across Portsmouth; Reviewed official BUA name corresponds directly to the broad screen location.,92,0,204,1,Medium,"Reviewed National Rail Journey Planner station-to-station observation for 2026-09-11. Shortest returned public-transport itinerary departing 10:00–14:00; not a guaranteed, door-to-door, fare or accessibility measure.",persistent_noise,Medium,ENV001;ENV003;ENV005,broad-assessment-v1,"Dense island roads, rail, ferry/naval port activity and nightlife make quietness relatively difficult at city scale.",mixed,Medium,ENV001;ENV003;ENV005,broad-assessment-v1,"Historic waterfront, seafront and coherent terraces support pleasantness, despite density and traffic pressure.",1.5,51.5,low,1.5,4,2,2,2.5,2,4,48.5,low,1.5,4,2,2,2.5,1,4
preston,Preston,England,Preston,53.760554,-2.698528,104625,470,High,72,"Median of 470 achieved standard flat/maisonette sales; this is an all-size flat proxy, not a one-bedroom estimate.",578,Medium,136,Official one-bedroom modelled average for Preston LA; underlying observation count is not published in the table.,"Rightmove's filtered snapshot returned 72 sale and 136 rental results; these are Rightmove headline counts, not deduplicated properties, and the query does not verify tower stock.",75.0823,69.8,4,Q4 2024 transport and destination data; 2023 provisional BRES employment data,2026-09-09,TR-LOCAL-DFT-2025,E63007926,April 2024,94502,94502,dft-connectivity-bua24-v1,High,Population-weighted mean across Preston (Preston); Reviewed official BUA name corresponds to the screen location Preston.,132,0,108,0,Medium,"Reviewed National Rail Journey Planner station-to-station observation for 2026-09-11. Shortest returned public-transport itinerary departing 10:00–14:00; not a guaranteed, door-to-door, fare or accessibility measure.",mixed_exposure,Medium,ENV001;ENV003;ENV005,broad-assessment-v1,"M6/M55 approaches, major rail, ring-road traffic and nightlife create substantial transport-noise exposure.",mixed,Low,ENV001;ENV003;ENV005,broad-assessment-v1,Civic and park assets are balanced by traffic-heavy approaches and uneven centre/industrial fabric.,2.5,62.5,mid,2.5,4,2,3,3.5,4,3,65.5,high,2.5,4,2,3,3.5,4,4
rotherham,Rotherham,England,Rotherham,53.43072,-1.354738,111625,260,High,19,"Median of 260 achieved standard flat/maisonette sales; this is an all-size flat proxy, not a one-bedroom estimate.",486,Medium,25,Official one-bedroom modelled average for Rotherham LA; underlying observation count is not published in the table.,"Rightmove's filtered snapshot returned 19 sale and 25 rental results; these are Rightmove headline counts, not deduplicated properties, and the query does not verify tower stock.",69.0834,53.0,3,Q4 2024 transport and destination data; 2023 provisional BRES employment data,2026-09-09,TR-LOCAL-DFT-2025,E63008458,April 2024,70761,70761,dft-connectivity-bua24-v1,High,Population-weighted mean across Rotherham; Reviewed official BUA name corresponds directly to the broad screen location.,144,1,90,1,Medium,"Reviewed National Rail Journey Planner station-to-station observation for 2026-09-11. Shortest returned public-transport itinerary departing 10:00–14:00; not a guaranteed, door-to-door, fare or accessibility measure.",persistent_noise,Medium,ENV001;ENV003;ENV005,broad-assessment-v1,"M1/M18 approaches, rail, steel industry and freight corridors create conspicuous persistent noise sources.",mixed,Low,ENV001;ENV003;ENV005,broad-assessment-v1,"Renewal and heritage pockets are outweighed by extensive industrial, arterial and deprived urban fabric.",3.5,56.5,low,3.5,3,2,2,3.5,4,2,62.5,mid,3.5,3,2,2,3.5,5,3
salford,Salford,England,Salford,53.480643,-2.294998,190000,1850,High,513,"Median of 1850 achieved standard flat/maisonette sales; this is an all-size flat proxy, not a one-bedroom estimate.",886,Medium,531,Official one-bedroom modelled average for Salford LA; underlying observation count is not published in the table.,"Rightmove's filtered snapshot returned 513 sale and 531 rental results; these are Rightmove headline counts, not deduplicated properties, and the query does not verify tower stock.",81.0639,83.1,5,Q4 2024 transport and destination data; 2023 provisional BRES employment data,2026-09-09,TR-LOCAL-DFT-2025,E63008377,April 2024,108431,108431,dft-connectivity-bua24-v1,High,Population-weighted mean across Salford; Reviewed official BUA name corresponds directly to the broad screen location.,174,3,123,2,Medium,"Reviewed National Rail Journey Planner station-to-station observation for 2026-09-11. Shortest returned public-transport itinerary departing 10:00–14:00; not a guaranteed, door-to-door, fare or accessibility measure.",persistent_noise,Medium,ENV001;ENV003;ENV005,broad-assessment-v1,"Motorways, rail, dense Manchester urban activity and nightlife/venue areas create widespread noise pressure.",mixed,Low,ENV001;ENV003;ENV005,broad-assessment-v1,"Major waterfront regeneration coexists with traffic infrastructure, deprivation and highly uneven urban fabric.",2.0,55.0,low,2.0,5,2,2,2.0,1,5,55.0,low,2.0,5,2,2,2.0,1,5
sheffield,Sheffield,England,Sheffield,53.382508,-1.468536,140000,1707,High,257,"Median of 1707 achieved standard flat/maisonette sales; this is an all-size flat proxy, not a one-bedroom estimate.",689,Medium,401,Official one-bedroom modelled average for Sheffield LA; underlying observation count is not published in the table.,"Rightmove's filtered snapshot returned 257 sale and 401 rental results; these are Rightmove headline counts, not deduplicated properties, and the query does not verify tower stock.",73.8759,66.6,4,Q4 2024 transport and destination data; 2023 provisional BRES employment data,2026-09-09,TR-LOCAL-DFT-2025,E63008489,April 2024,500587,500587,dft-connectivity-bua24-v1,High,Population-weighted mean across Sheffield; Reviewed official BUA name corresponds directly to the broad screen location.,124,0,61,0,Medium,"Reviewed National Rail Journey Planner station-to-station observation for 2026-09-11. Shortest returned public-transport itinerary departing 10:00–14:00; not a guaranteed, door-to-door, fare or accessibility measure.",mixed_exposure,Medium,ENV001;ENV003;ENV005,broad-assessment-v1,"Arterial roads, rail, tram, industry and nightlife create busy corridors, but hills and extensive green space moderate the city-wide score.",favourable,Medium,ENV001;ENV003;ENV005,broad-assessment-v1,"Strong parks, stone neighbourhood fabric and renewed centre support a favourable judgement despite marked variation.",4.0,74.0,high,4.0,4,4,3,4.0,2,5,77.0,high,4.0,4,4,3,4.0,3,5
shrewsbury,Shrewsbury,England,Shropshire,52.708167,-2.754329,157500,309,High,33,"Median of 309 achieved standard flat/maisonette sales; this is an all-size flat proxy, not a one-bedroom estimate.",605,Medium,33,Official one-bedroom modelled average for Shropshire LA; underlying observation count is not published in the table and the LA is broader than the named town.,"Rightmove's filtered snapshot returned 33 sale and 33 rental results; these are Rightmove headline counts, not deduplicated properties, and the query does not verify tower stock.",63.4668,37.8,2,Q4 2024 transport and destination data; 2023 provisional BRES employment data,2026-09-09,TR-LOCAL-DFT-2025,E63009578,April 2024,75784,75784,dft-connectivity-bua24-v1,High,Population-weighted mean across Shrewsbury; Reviewed official BUA name corresponds directly to the broad screen location.,156,1,61,0,Medium,"Reviewed National Rail Journey Planner station-to-station observation for 2026-09-11. Shortest returned public-transport itinerary departing 10:00–14:00; not a guaranteed, door-to-door, fare or accessibility measure.",lower_intensity,Medium,ENV001;ENV003;ENV005,broad-assessment-v1,"Bypass roads and rail are clear sources, but the compact town and rural edge offer broadly lower urban intensity.",highest,Medium,ENV001;ENV003;ENV005,broad-assessment-v1,"Exceptional historic fabric, river setting and coherent public realm support the highest broad condition score.",5.0,70.0,high,5.0,2,5,4,3.5,2,3,76.0,high,5.0,2,5,4,3.5,4,3
st-helens,St Helens,England,St. Helens,53.455338,-2.738189,94000,146,High,9,"Median of 146 achieved standard flat/maisonette sales; this is an all-size flat proxy, not a one-bedroom estimate.",590,Medium,24,Official one-bedroom modelled average for St. Helens LA; underlying observation count is not published in the table.,"Rightmove's filtered snapshot returned 9 sale and 24 rental results; these are Rightmove headline counts, not deduplicated properties, and the query does not verify tower stock.",69.5228,54.3,3,Q4 2024 transport and destination data; 2023 provisional BRES employment data,2026-09-09,TR-LOCAL-DFT-2025,E63008434,April 2024,107409,107409,dft-connectivity-bua24-v1,High,Population-weighted mean across St Helens (St. Helens); Reviewed official BUA name corresponds to the screen location St Helens.,136,1,129,1,Medium,"Reviewed National Rail Journey Planner station-to-station observation for 2026-09-11. Shortest returned public-transport itinerary departing 10:00–14:00; not a guaranteed, door-to-door, fare or accessibility measure.",mixed_exposure,Medium,ENV001;ENV003;ENV005,broad-assessment-v1,"M62 access, arterial roads, rail and industrial/logistics land create multiple noise corridors.",mixed,Low,ENV001;ENV003;ENV005,broad-assessment-v1,"Regeneration efforts are offset by extensive post-industrial, deprived and traffic-dominated fabric.",4.0,60.0,mid,4.0,3,2,3,3.0,5,1,60.0,mid,4.0,3,2,3,3.0,4,2
stafford,Stafford,England,Stafford,52.8058,-2.116656,125000,203,High,20,"Median of 203 achieved standard flat/maisonette sales; this is an all-size flat proxy, not a one-bedroom estimate.",629,Medium,20,Official one-bedroom modelled average for Stafford LA; underlying observation count is not published in the table.,"Rightmove's filtered snapshot returned 20 sale and 20 rental results; these are Rightmove headline counts, not deduplicated properties, and the query does not verify tower stock.",62.4919,35.5,2,Q4 2024 transport and destination data; 2023 provisional BRES employment data,2026-09-09,TR-LOCAL-DFT-2025,E63009353,April 2024,71695,71695,dft-connectivity-bua24-v1,High,Population-weighted mean across Stafford; Reviewed official BUA name corresponds directly to the broad screen location.,76,0,32,0,Medium,"Reviewed National Rail Journey Planner station-to-station observation for 2026-09-11. Shortest returned public-transport itinerary departing 10:00–14:00; not a guaranteed, door-to-door, fare or accessibility measure.",lower_intensity,Medium,ENV001;ENV003;ENV005,broad-assessment-v1,"M6 and West Coast Main Line corridors are conspicuous, but the smaller town has substantial quieter fabric away from them.",favourable,Medium,ENV001;ENV003;ENV005,broad-assessment-v1,"Historic centre, waterways and generally maintained residential fabric support a favourable broad judgement.",4.5,67.5,high,4.5,2,4,4,4.5,3,2,67.5,high,4.5,2,4,4,4.5,3,2
stockport,Stockport,England,Stockport,53.408023,-2.158961,165000,830,High,41,"Median of 830 achieved standard flat/maisonette sales; this is an all-size flat proxy, not a one-bedroom estimate.",807,Medium,89,Official one-bedroom modelled average for Stockport LA; underlying observation count is not published in the table.,"Rightmove's filtered snapshot returned 41 sale and 89 rental results; these are Rightmove headline counts, not deduplicated properties, and the query does not verify tower stock.",77.6183,76.0,4,Q4 2024 transport and destination data; 2023 provisional BRES employment data,2026-09-09,TR-LOCAL-DFT-2025,E63008478,April 2024,118146,118146,dft-connectivity-bua24-v1,High,Population-weighted mean across Stockport; Reviewed official BUA name corresponds directly to the broad screen location.,117,0,80,0,Medium,"Reviewed National Rail Journey Planner station-to-station observation for 2026-09-11. Shortest returned public-transport itinerary departing 10:00–14:00; not a guaranteed, door-to-door, fare or accessibility measure.",mixed_exposure,Medium,ENV001;ENV003;ENV005,broad-assessment-v1,"M60, A6, dense rail and Manchester Airport flight paths create significant transport-noise exposure.",favourable,Medium,ENV001;ENV003;ENV005,broad-assessment-v1,"A strong historic market core, viaduct and generally attractive residential fabric support a favourable score despite traffic corridors.",5.0,71.0,high,5.0,4,4,3,4.0,2,3,74.0,high,5.0,4,4,3,4.0,2,4
stockton-on-tees,Stockton-on-Tees,England,Stockton-on-Tees,54.563971,-1.312668,78000,188,High,14,"Median of 188 achieved standard flat/maisonette sales; this is an all-size flat proxy, not a one-bedroom estimate.",537,Medium,36,Official one-bedroom modelled average for Stockton-on-Tees LA; underlying observation count is not published in the table.,"Rightmove's filtered snapshot returned 14 sale and 36 rental results; these are Rightmove headline counts, not deduplicated properties, and the query does not verify tower stock.",68.6496,51.7,3,Q4 2024 transport and destination data; 2023 provisional BRES employment data,2026-09-09,TR-LOCAL-DFT-2025,E63007405,April 2024,84824,84824,dft-connectivity-bua24-v1,High,Population-weighted mean across Stockton-on-Tees; Reviewed official BUA name corresponds directly to the broad screen location.,202,2,207,2,Medium,"Reviewed National Rail Journey Planner station-to-station observation for 2026-09-11. Shortest returned public-transport itinerary departing 10:00–14:00; not a guaranteed, door-to-door, fare or accessibility measure.",persistent_noise,Medium,ENV001;ENV003;ENV005,broad-assessment-v1,"A19/A66, rail and nearby Teesside industry create prominent and persistent noise sources.",mixed,Low,ENV001;ENV003;ENV005,broad-assessment-v1,"High-street and riverside renewal is balanced by industrial, deprived and uneven surrounding fabric.",1.5,48.5,low,1.5,3,2,2,1.0,5,2,51.5,low,1.5,3,2,2,1.0,5,3
stoke-on-trent,Stoke-on-Trent,England,Stoke-on-Trent,53.022184,-2.173369,85000,346,High,26,"Median of 346 achieved standard flat/maisonette sales; this is an all-size flat proxy, not a one-bedroom estimate.",515,Medium,53,Official one-bedroom modelled average for Stoke-on-Trent LA; underlying observation count is not published in the table.,"Rightmove's filtered snapshot returned 26 sale and 53 rental results; these are Rightmove headline counts, not deduplicated properties, and the query does not verify tower stock.",67.3636,48.0,3,Q4 2024 transport and destination data; 2023 provisional BRES employment data,2026-09-09,TR-LOCAL-DFT-2025,E63009014,April 2024,260001,260001,dft-connectivity-bua24-v1,High,Population-weighted mean across Stoke-on-Trent; Reviewed official BUA name corresponds directly to the broad screen location.,91,0,49,0,Medium,"Reviewed National Rail Journey Planner station-to-station observation for 2026-09-11. Shortest returned public-transport itinerary departing 10:00–14:00; not a guaranteed, door-to-door, fare or accessibility measure.",mixed_exposure,Medium,ENV001;ENV003;ENV005,broad-assessment-v1,"A500/M6 access, rail and dispersed industrial land create widespread road and industrial noise corridors.",mixed,Low,ENV001;ENV003;ENV005,broad-assessment-v1,"Ceramic heritage and renewal pockets are offset by vacancy, deprivation and fragmented post-industrial urban fabric.",1.0,60.0,mid,1.0,3,2,3,4.5,5,3,60.0,mid,1.0,3,2,3,4.5,5,3
sunderland,Sunderland,England,Sunderland,54.902165,-1.383803,79000,363,High,49,"Median of 363 achieved standard flat/maisonette sales; this is an all-size flat proxy, not a one-bedroom estimate.",521,Medium,56,Official one-bedroom modelled average for Sunderland LA; underlying observation count is not published in the table.,"Rightmove's filtered snapshot returned 49 sale and 56 rental results; these are Rightmove headline counts, not deduplicated properties, and the query does not verify tower stock.",74.0756,67.2,4,Q4 2024 transport and destination data; 2023 provisional BRES employment data,2026-09-09,TR-LOCAL-DFT-2025,E63007220,April 2024,167989,167989,dft-connectivity-bua24-v1,High,Population-weighted mean across Sunderland; Reviewed official BUA name corresponds directly to the broad screen location.,210,1,211,1,Medium,"Reviewed National Rail Journey Planner station-to-station observation for 2026-09-11. Shortest returned public-transport itinerary departing 10:00–14:00; not a guaranteed, door-to-door, fare or accessibility measure.",mixed_exposure,Medium,ENV001;ENV003;ENV005,broad-assessment-v1,"A19 approaches, Metro/rail, port industry and nightlife create multiple urban noise sources.",mixed,Low,ENV001;ENV003;ENV005,broad-assessment-v1,"Seafront and renewed riverside/civic areas are positives, while deprived and post-industrial fabric remains extensive.",3.5,63.5,mid,3.5,4,2,3,1.0,5,3,63.5,high,3.5,4,2,3,1.0,5,3
swansea,Swansea,Wales,Swansea,51.62011,-3.941418,130000,455,High,25,"Median of 455 achieved standard flat/maisonette sales; this is an all-size flat proxy, not a one-bedroom estimate.",684,Medium,16,Official one-bedroom modelled average for Swansea LA; underlying observation count is not published in the table.,"Rightmove's filtered snapshot returned 25 sale and 16 rental results; these are Rightmove headline counts, not deduplicated properties, and the query does not verify tower stock.",63.8535,38.7,2,Q4 2024 transport and destination data; 2023 provisional BRES employment data,2026-09-09,TR-LOCAL-DFT-2025,W45001113,April 2024,169795,169795,dft-connectivity-bua24-v1,High,Population-weighted mean across Swansea; Reviewed official BUA name corresponds directly to the broad screen location.,167,0,177,1,Medium,"Reviewed National Rail Journey Planner station-to-station observation for 2026-09-11. Shortest returned public-transport itinerary departing 10:00–14:00; not a guaranteed, door-to-door, fare or accessibility measure.",lower_intensity,Medium,ENV002;ENV004;ENV005,broad-assessment-v1,"M4/A483 approaches, rail, port and nightlife create corridors of noise, moderated by the coastal setting and lower-intensity areas.",favourable,Medium,ENV002;ENV004;ENV005,broad-assessment-v1,"Bay, parks and waterfront renewal support a favourable judgement despite uneven centre and post-industrial corridors.",4.5,65.5,high,4.5,2,4,4,2.0,3,3,62.5,mid,4.5,2,4,4,2.0,3,2
swindon,Swindon,England,Swindon,51.561532,-1.785458,148500,906,High,87,"Median of 906 achieved standard flat/maisonette sales; this is an all-size flat proxy, not a one-bedroom estimate.",816,Medium,121,Official one-bedroom modelled average for Swindon LA; underlying observation count is not published in the table.,"Rightmove's filtered snapshot returned 87 sale and 121 rental results; these are Rightmove headline counts, not deduplicated properties, and the query does not verify tower stock.",69.369,53.8,3,Q4 2024 transport and destination data; 2023 provisional BRES employment data,2026-09-09,TR-LOCAL-DFT-2025,E63011979,April 2024,183687,183687,dft-connectivity-bua24-v1,High,Population-weighted mean across Swindon (Swindon); Reviewed official BUA name corresponds to the screen location Swindon.,50,0,109,1,Medium,"Reviewed National Rail Journey Planner station-to-station observation for 2026-09-11. Shortest returned public-transport itinerary departing 10:00–14:00; not a guaranteed, door-to-door, fare or accessibility measure.",mixed_exposure,Medium,ENV001;ENV003;ENV005,broad-assessment-v1,"M4 access, a busy rail corridor and broad arterial roads create substantial transport-noise exposure.",mixed,Low,ENV001;ENV003;ENV005,broad-assessment-v1,Maintained residential and park areas are balanced by road-dominated modern form and uneven central fabric.,4.5,63.5,mid,4.5,3,2,3,4.0,2,4,63.5,high,4.5,3,2,3,4.0,2,4
telford,Telford,England,Telford and Wrekin,52.675404,-2.448752,113500,180,High,31,"Median of 180 achieved standard flat/maisonette sales; this is an all-size flat proxy, not a one-bedroom estimate.",600,Medium,22,Official one-bedroom modelled average for Telford and Wrekin LA; underlying observation count is not published in the table and the LA is broader than the named town.,"Rightmove's filtered snapshot returned 31 sale and 22 rental results; these are Rightmove headline counts, not deduplicated properties, and the query does not verify tower stock.",62.265,35.0,2,Q4 2024 transport and destination data; 2023 provisional BRES employment data,2026-09-09,TR-LOCAL-DFT-2025,E63009565,April 2024,156326,156326,dft-connectivity-bua24-v1,High,Population-weighted mean across Telford; Reviewed official BUA name corresponds directly to the broad screen location.,133,1,38,0,Medium,"Reviewed National Rail Journey Planner station-to-station observation for 2026-09-11. Shortest returned public-transport itinerary departing 10:00–14:00; not a guaranteed, door-to-door, fare or accessibility measure.",mixed_exposure,Medium,ENV001;ENV003;ENV005,broad-assessment-v1,"M54/A442 traffic and dispersed industrial estates create local noise, but low-density form reduces continuous urban intensity.",mixed,Low,ENV001;ENV003;ENV005,broad-assessment-v1,"Green space and maintained newer districts are balanced by fragmented, car-oriented townscape and industrial edges.",3.5,60.5,mid,3.5,2,2,3,4.0,4,3,57.5,low,3.5,2,2,3,4.0,4,2
torbay,Torbay,England,Torbay,50.468826,-3.531407,148000,936,High,165,"Median of 936 achieved standard flat/maisonette sales; this is an all-size flat proxy, not a one-bedroom estimate.",617,Medium,51,Official one-bedroom modelled average for Torbay LA; underlying observation count is not published in the table.,"Rightmove's filtered snapshot returned 165 sale and 51 rental results; these are Rightmove headline counts, not deduplicated properties, and the query does not verify tower stock.",58.9523,28.2,2,Q4 2024 transport and destination data; 2023 provisional BRES employment data,2026-09-09,TR-LOCAL-DFT-2025,E63014039;E63014055;E63014084,April 2024,137645,137645,dft-connectivity-bua24-v1,High,"Population-weighted mean across Torquay, Paignton, Brixham; Reviewed composite represents Torbay using the Torquay, Paignton and Brixham BUAs.",180,1,179,0,Medium,"Reviewed National Rail Journey Planner station-to-station observation for 2026-09-11. Shortest returned public-transport itinerary departing 10:00–14:00; not a guaranteed, door-to-door, fare or accessibility measure.",lower_intensity,Medium,ENV001;ENV003;ENV005,broad-assessment-v1,"Seasonal visitor traffic, rail and resort nightlife create hotspots, but much of the coastal conurbation is lower-intensity.",favourable,Medium,ENV001;ENV003;ENV005,broad-assessment-v1,"Coastal scenery, parks and resort heritage support a favourable score despite pockets of deprivation and uneven upkeep.",2.0,58.0,low,2.0,2,4,4,2.0,2,4,58.0,low,2.0,2,4,4,2.0,3,3
wakefield,Wakefield,England,Wakefield,53.683704,-1.498169,116000,273,High,46,"Median of 273 achieved standard flat/maisonette sales; this is an all-size flat proxy, not a one-bedroom estimate.",572,Medium,46,Official one-bedroom modelled average for Wakefield LA; underlying observation count is not published in the table.,"Rightmove's filtered snapshot returned 46 sale and 46 rental results; these are Rightmove headline counts, not deduplicated properties, and the query does not verify tower stock.",70.1025,56.0,3,Q4 2024 transport and destination data; 2023 provisional BRES employment data,2026-09-09,TR-LOCAL-DFT-2025,E63008062,April 2024,97656,97656,dft-connectivity-bua24-v1,High,Population-weighted mean across Wakefield; Reviewed official BUA name corresponds directly to the broad screen location.,120,0,97,0,Medium,"Reviewed National Rail Journey Planner station-to-station observation for 2026-09-11. Shortest returned public-transport itinerary departing 10:00–14:00; not a guaranteed, door-to-door, fare or accessibility measure.",persistent_noise,Medium,ENV001;ENV003;ENV005,broad-assessment-v1,"M1/M62 approaches, major rail and arterial traffic create multiple persistent noise corridors.",mixed,Low,ENV001;ENV003;ENV005,broad-assessment-v1,Historic and cultural assets are balanced by traffic infrastructure and uneven post-industrial urban fabric.,1.5,54.5,low,1.5,3,2,2,4.0,4,3,54.5,low,1.5,3,2,2,4.0,4,3
walsall,Walsall,England,Walsall,52.586221,-1.980341,119975,404,High,36,"Median of 404 achieved standard flat/maisonette sales; this is an all-size flat proxy, not a one-bedroom estimate.",648,Medium,44,Official one-bedroom modelled average for Walsall LA; underlying observation count is not published in the table.,"Rightmove's filtered snapshot returned 36 sale and 44 rental results; these are Rightmove headline counts, not deduplicated properties, and the query does not verify tower stock.",78.1281,77.1,4,Q4 2024 transport and destination data; 2023 provisional BRES employment data,2026-09-09,TR-LOCAL-DFT-2025,E63009845,April 2024,70777,70777,dft-connectivity-bua24-v1,High,Population-weighted mean across Walsall; Reviewed official BUA name corresponds directly to the broad screen location.,119,1,22,0,Medium,"Reviewed National Rail Journey Planner station-to-station observation for 2026-09-11. Shortest returned public-transport itinerary departing 10:00–14:00; not a guaranteed, door-to-door, fare or accessibility measure.",mixed_exposure,Medium,ENV001;ENV003;ENV005,broad-assessment-v1,"M6, dense arterial roads, rail and industrial land create widespread transport and industrial noise pressure.",mixed,Low,ENV001;ENV003;ENV005,broad-assessment-v1,"Civic and park pockets are outweighed by traffic-dominated, industrial and deprived urban fabric in the broad screen.",4.0,68.0,high,4.0,4,2,3,4.0,4,3,65.0,high,4.0,4,2,3,4.0,3,3
warrington,Warrington,England,Warrington,53.38957,-2.590897,123250,498,High,56,"Median of 498 achieved standard flat/maisonette sales; this is an all-size flat proxy, not a one-bedroom estimate.",670,Medium,40,Official one-bedroom modelled average for Warrington LA; underlying observation count is not published in the table.,"Rightmove's filtered snapshot returned 56 sale and 40 rental results; these are Rightmove headline counts, not deduplicated properties, and the query does not verify tower stock.",68.5138,51.4,3,Q4 2024 transport and destination data; 2023 provisional BRES employment data,2026-09-09,TR-LOCAL-DFT-2025,E63008488,April 2024,174064,174064,dft-connectivity-bua24-v1,High,Population-weighted mean across Warrington; Reviewed official BUA name corresponds directly to the broad screen location.,108,0,84,0,Medium,"Reviewed National Rail Journey Planner station-to-station observation for 2026-09-11. Shortest returned public-transport itinerary departing 10:00–14:00; not a guaranteed, door-to-door, fare or accessibility measure.",persistent_noise,Medium,ENV001;ENV003;ENV005,broad-assessment-v1,"M6/M62/M56, busy railways and extensive logistics/industry create unusually dense transport-noise corridors.",mixed,Low,ENV001;ENV003;ENV005,broad-assessment-v1,"Waterways and maintained districts are balanced by logistics, road infrastructure and a mixed town centre.",4.0,59.0,mid,4.0,3,2,2,4.0,3,3,59.0,low,4.0,3,2,2,4.0,3,3
wigan,Wigan,England,Wigan,53.545539,-2.629695,103750,200,High,15,"Median of 200 achieved standard flat/maisonette sales; this is an all-size flat proxy, not a one-bedroom estimate.",541,Medium,23,Official one-bedroom modelled average for Wigan LA; underlying observation count is not published in the table.,"Rightmove's filtered snapshot returned 15 sale and 23 rental results; these are Rightmove headline counts, not deduplicated properties, and the query does not verify tower stock.",71.4811,60.0,4,Q4 2024 transport and destination data; 2023 provisional BRES employment data,2026-09-09,TR-LOCAL-DFT-2025,E63008282,April 2024,81514,81514,dft-connectivity-bua24-v1,High,Population-weighted mean across Wigan; Reviewed official BUA name corresponds directly to the broad screen location.,119,0,95,0,Medium,"Reviewed National Rail Journey Planner station-to-station observation for 2026-09-11. Shortest returned public-transport itinerary departing 10:00–14:00; not a guaranteed, door-to-door, fare or accessibility measure.",mixed_exposure,Medium,ENV001;ENV003;ENV005,broad-assessment-v1,"M6/M61 access, rail and arterial roads create clear corridors, but overall activity is below major-city intensity.",mixed,Low,ENV001;ENV003;ENV005,broad-assessment-v1,"Renewal and historic pockets are balanced by post-industrial, traffic-heavy and uneven centre fabric.",3.5,63.5,mid,3.5,4,2,3,4.0,4,2,63.5,high,3.5,4,2,3,4.0,4,2
wolverhampton,Wolverhampton,England,Wolverhampton,52.586205,-2.129916,117500,462,High,51,"Median of 462 achieved standard flat/maisonette sales; this is an all-size flat proxy, not a one-bedroom estimate.",671,Medium,94,Official one-bedroom modelled average for Wolverhampton LA; underlying observation count is not published in the table.,"Rightmove's filtered snapshot returned 51 sale and 94 rental results; these are Rightmove headline counts, not deduplicated properties, and the query does not verify tower stock.",72.4274,62.7,4,Q4 2024 transport and destination data; 2023 provisional BRES employment data,2026-09-09,TR-LOCAL-DFT-2025,E63009805,April 2024,233643,233643,dft-connectivity-bua24-v1,High,Population-weighted mean across Wolverhampton; Reviewed official BUA name corresponds directly to the broad screen location.,97,1,18,0,Medium,"Reviewed National Rail Journey Planner station-to-station observation for 2026-09-11. Shortest returned public-transport itinerary departing 10:00–14:00; not a guaranteed, door-to-door, fare or accessibility measure.",persistent_noise,Medium,ENV001;ENV003;ENV005,broad-assessment-v1,"Ring roads, rail/Metro, industry and nearby motorway corridors create substantial persistent noise pressure.",mixed,Low,ENV001;ENV003;ENV005,broad-assessment-v1,"Civic assets and renewal are offset by extensive deprived, traffic-dominated and post-industrial fabric.",3.5,64.5,high,3.5,4,2,2,4.5,4,3,64.5,high,3.5,4,2,2,4.5,3,4
worcester,Worcester,England,Worcester,52.192932,-2.221088,145500,466,High,52,"Median of 466 achieved standard flat/maisonette sales; this is an all-size flat proxy, not a one-bedroom estimate.",709,Medium,52,Official one-bedroom modelled average for Worcester LA; underlying observation count is not published in the table.,"Rightmove's filtered snapshot returned 52 sale and 52 rental results; these are Rightmove headline counts, not deduplicated properties, and the query does not verify tower stock.",66.2123,44.8,3,Q4 2024 transport and destination data; 2023 provisional BRES employment data,2026-09-09,TR-LOCAL-DFT-2025,E63010595,April 2024,105439,105439,dft-connectivity-bua24-v1,High,Population-weighted mean across Worcester; Reviewed official BUA name corresponds directly to the broad screen location.,131,0,45,1,Medium,"Reviewed National Rail Journey Planner station-to-station observation for 2026-09-11. Shortest returned public-transport itinerary departing 10:00–14:00; not a guaranteed, door-to-door, fare or accessibility measure.",lower_intensity,Medium,ENV001;ENV003;ENV005,broad-assessment-v1,"M5 and railways create defined corridors, but the small historic city has much lower-intensity fabric away from them.",highest,Medium,ENV001;ENV003;ENV005,broad-assessment-v1,"Coherent historic centre, river setting and generally attractive urban fabric support the highest condition score.",5.0,74.0,high,5.0,3,5,4,4.0,2,3,74.0,high,5.0,3,5,4,4.0,2,3
wrexham,Wrexham,Wales,Wrexham,53.047921,-2.994781,112500,186,High,3,"Median of 186 achieved standard flat/maisonette sales; this is an all-size flat proxy, not a one-bedroom estimate.",594,Medium,11,Official one-bedroom modelled average for Wrexham LA; underlying observation count is not published in the table.,"Rightmove's filtered snapshot returned 3 sale and 11 rental results; these are Rightmove headline counts, not deduplicated properties, and the query does not verify tower stock.",67.3825,48.1,3,Q4 2024 transport and destination data; 2023 provisional BRES employment data,2026-09-09,TR-LOCAL-DFT-2025,W45000777,April 2024,44277,44277,dft-connectivity-bua24-v1,High,Population-weighted mean across Wrexham; Reviewed official BUA name corresponds directly to the broad screen location.,149,1,111,0,Medium,"Reviewed National Rail Journey Planner station-to-station observation for 2026-09-11. Shortest returned public-transport itinerary departing 10:00–14:00; not a guaranteed, door-to-door, fare or accessibility measure.",mixed_exposure,Medium,ENV002;ENV004;ENV005,broad-assessment-v1,"A483, rail and large industrial estates create noticeable corridors, while the town's scale limits continuous intensity.",mixed,Low,ENV002;ENV004;ENV005,broad-assessment-v1,"Historic and maintained pockets are balanced by industrial edges and a mixed, sometimes uneven centre.",3.5,56.5,low,3.5,3,2,3,3.5,4,1,59.5,mid,3.5,3,2,3,3.5,4,2
bristol,Bristol,England,"Bristol, City of",51.454513,-2.58791,242500,5367,High,483,"Median of 5367 achieved standard flat/maisonette sales; this is an all-size flat proxy, not a one-bedroom estimate.",1223,High,442,Official July 2026 one-bedroom modelled average for Bristol City LA; underlying observation count is not published in the table.,"Rightmove's controlled 7 September 2026 filtered capture returned 483 sale and 442 rental results; these are headline counts, not deduplicated properties, and the query does not verify tower stock.",76.3839,73.1,4,Q4 2024 transport and destination data; 2023 provisional BRES employment data,2026-09-09,TR-LOCAL-DFT-2025,E63012168,April 2024,425196,425196,dft-connectivity-bua24-v1,High,Population-weighted mean across Bristol; Reviewed official BUA name corresponds directly to the broad screen location.,94,0,79,0,Medium,"Reviewed National Rail Journey Planner station-to-station observation for 2026-09-11. Shortest returned public-transport itinerary departing 10:00–14:00; not a guaranteed, door-to-door, fare or accessibility measure.",,,,,,,,,,,1.0,,unknown,1.0,4,,,4.0,1,5,,unknown,1.0,4,,,4.0,1,5
southampton,Southampton,England,Southampton,50.9097,-1.404351,172000,2356,High,339,"Median of 2356 achieved standard flat/maisonette sales; this is an all-size flat proxy, not a one-bedroom estimate.",879,High,343,Official July 2026 one-bedroom modelled average for Southampton LA; underlying observation count is not published in the table.,"Rightmove's controlled 7 September 2026 filtered capture returned 339 sale and 343 rental results; these are headline counts, not deduplicated properties, and the query does not verify tower stock.",73.8252,66.5,4,Q4 2024 transport and destination data; 2023 provisional BRES employment data,2026-09-09,TR-LOCAL-DFT-2025,E63013524,April 2024,249633,249633,dft-connectivity-bua24-v1,High,Population-weighted mean across Southampton; Reviewed official BUA name corresponds directly to the broad screen location.,77,0,156,0,Medium,"Reviewed National Rail Journey Planner station-to-station observation for 2026-09-11. Shortest returned public-transport itinerary departing 10:00–14:00; not a guaranteed, door-to-door, fare or accessibility measure.",,,,,,,,,,,1.0,,unknown,1.0,4,,,3.5,1,5,,unknown,1.0,4,,,3.5,1,5
bournemouth-poole,Bournemouth–Poole,England,"Bournemouth, Christchurch and Poole",50.758,-1.879,218000,3735,High,454,"Median of 3735 achieved standard flat/maisonette sales in the Bournemouth, Christchurch and Poole district; this is an all-size flat proxy, not a one-bedroom estimate.",919,High,357,Official July 2026 one-bedroom modelled average for Bournemouth Christchurch and Poole LA; underlying observation count is not published in the table.,"Rightmove's controlled 7 September 2026 filtered capture returned 454 sale and 357 rental results; these are headline counts, not deduplicated properties, and the query does not verify tower stock. Bournemouth–Poole sums separate Bournemouth and Poole portal regions; their proprietary boundaries may overlap or omit parts of the broad comparison geography.",71.7193,60.7,4,Q4 2024 transport and destination data; 2023 provisional BRES employment data,2026-09-09,TR-LOCAL-DFT-2025,E63013847;E63013860,April 2024,337141,337141,dft-connectivity-bua24-v1,High,"Population-weighted mean across Bournemouth, Poole; Reviewed composite represents the named two-settlement location using the Bournemouth and Poole BUAs.",111,1,186,0,Medium,"Reviewed National Rail Journey Planner station-to-station observation for 2026-09-11. Shortest returned public-transport itinerary departing 10:00–14:00; not a guaranteed, door-to-door, fare or accessibility measure.",,,,,,,,,,,5.0,,unknown,5.0,4,,,2.5,1,5,,unknown,5.0,4,,,2.5,1,5
brighton-hove,Brighton & Hove,England,Brighton and Hove,50.82253,-0.137163,285000,1766,High,553,"Median of 1766 achieved standard flat/maisonette sales; this is an all-size flat proxy, not a one-bedroom estimate.",1190,High,436,Official July 2026 one-bedroom modelled average for Brighton and Hove LA; underlying observation count is not published in the table.,"Rightmove's controlled 7 September 2026 filtered capture returned 553 sale and 436 rental results; these are headline counts, not deduplicated properties, and the query does not verify tower stock.",75.6185,71.2,4,Q4 2024 transport and destination data; 2023 provisional BRES employment data,2026-09-09,TR-LOCAL-DFT-2025,E63013666,April 2024,277096,277096,dft-connectivity-bua24-v1,High,Population-weighted mean across Brighton and Hove; Reviewed official BUA name corresponds to the screen location Brighton & Hove.,61,0,192,2,Medium,"Reviewed National Rail Journey Planner station-to-station observation for 2026-09-11. Shortest returned public-transport itinerary departing 10:00–14:00; not a guaranteed, door-to-door, fare or accessibility measure.",,,,,,,,,,,3.0,,unknown,3.0,4,,,3.0,1,5,,unknown,3.0,4,,,3.0,1,5
exeter,Exeter,England,Exeter,50.718412,-3.533899,185000,664,High,84,"Median of 664 achieved standard flat/maisonette sales; this is an all-size flat proxy, not a one-bedroom estimate.",917,High,57,Official July 2026 one-bedroom modelled average for Exeter LA; underlying observation count is not published in the table.,"Rightmove's controlled 7 September 2026 filtered capture returned 84 sale and 57 rental results; these are headline counts, not deduplicated properties, and the query does not verify tower stock.",66.1021,44.5,3,Q4 2024 transport and destination data; 2023 provisional BRES employment data,2026-09-09,TR-LOCAL-DFT-2025,E63013856,April 2024,126522,126522,dft-connectivity-bua24-v1,High,Population-weighted mean across Exeter; Reviewed official BUA name corresponds directly to the broad screen location.,134,0,143,0,Medium,"Reviewed National Rail Journey Planner station-to-station observation for 2026-09-11. Shortest returned public-transport itinerary departing 10:00–14:00; not a guaranteed, door-to-door, fare or accessibility measure.",,,,,,,,,,,2.0,,unknown,2.0,3,,,3.0,1,4,,unknown,2.0,3,,,3.0,1,3
reading,Reading,England,Reading,51.454264,-0.97813,238000,1755,High,207,"Median of 1755 achieved standard flat/maisonette sales; this is an all-size flat proxy, not a one-bedroom estimate.",1115,High,332,Official July 2026 one-bedroom modelled average for Reading LA; underlying observation count is not published in the table.,"Rightmove's controlled 7 September 2026 filtered capture returned 207 sale and 332 rental results; these are headline counts, not deduplicated properties, and the query does not verify tower stock.",74.0456,67.1,4,Q4 2024 transport and destination data; 2023 provisional BRES employment data,2026-09-09,TR-LOCAL-DFT-2025,E63012182,April 2024,203097,203097,dft-connectivity-bua24-v1,High,Population-weighted mean across Reading; Reviewed official BUA name corresponds directly to the broad screen location.,23,0,90,0,Medium,"Reviewed National Rail Journey Planner station-to-station observation for 2026-09-11. Shortest returned public-transport itinerary departing 10:00–14:00; not a guaranteed, door-to-door, fare or accessibility measure.",,,,,,,,,,,3.5,,unknown,3.5,4,,,4.5,1,4,,unknown,3.5,4,,,4.5,1,5
milton-keynes,Milton Keynes,England,Milton Keynes,52.040623,-0.759417,185000,1000,High,161,"Median of 1000 achieved standard flat/maisonette sales; this is an all-size flat proxy, not a one-bedroom estimate.",977,High,240,Official July 2026 one-bedroom modelled average for Milton Keynes LA; underlying observation count is not published in the table.,"Rightmove's controlled 7 September 2026 filtered capture returned 161 sale and 240 rental results; these are headline counts, not deduplicated properties, and the query does not verify tower stock.",64.8534,41.2,3,Q4 2024 transport and destination data; 2023 provisional BRES employment data,2026-09-09,TR-LOCAL-DFT-2025,E63010901,April 2024,194584,194584,dft-connectivity-bua24-v1,High,Population-weighted mean across Milton Keynes; Reviewed official BUA name corresponds directly to the broad screen location.,32,0,56,0,Medium,"Reviewed National Rail Journey Planner station-to-station observation for 2026-09-11. Shortest returned public-transport itinerary departing 10:00–14:00; not a guaranteed, door-to-door, fare or accessibility measure.",,,,,,,,,,,3.5,,unknown,3.5,3,,,5.0,1,4,,unknown,3.5,3,,,5.0,1,4
luton,Luton,England,Luton,51.87867,-0.420025,164500,431,High,179,"Median of 431 achieved standard flat/maisonette sales; this is an all-size flat proxy, not a one-bedroom estimate.",907,High,222,Official July 2026 one-bedroom modelled average for Luton LA; underlying observation count is not published in the table.,"Rightmove's controlled 7 September 2026 filtered capture returned 179 sale and 222 rental results; these are headline counts, not deduplicated properties, and the query does not verify tower stock.",72.8138,63.7,4,Q4 2024 transport and destination data; 2023 provisional BRES employment data,2026-09-09,TR-LOCAL-DFT-2025,E63011256,April 2024,233524,233524,dft-connectivity-bua24-v1,High,Population-weighted mean across Luton; Reviewed official BUA name corresponds directly to the broad screen location.,26,0,118,2,Medium,"Reviewed National Rail Journey Planner station-to-station observation for 2026-09-11. Shortest returned public-transport itinerary departing 10:00–14:00; not a guaranteed, door-to-door, fare or accessibility measure.",,,,,,,,,,,4.5,,unknown,4.5,4,,,4.0,2,4,,unknown,4.5,4,,,4.0,1,4
southend-on-sea,Southend-on-Sea,England,Southend-on-Sea,51.545926,0.707713,200000,619,High,147,"Median of 619 achieved standard flat/maisonette sales; this is an all-size flat proxy, not a one-bedroom estimate.",872,High,73,Official July 2026 one-bedroom modelled average for Southend-on-Sea LA; underlying observation count is not published in the table.,"Rightmove's controlled 7 September 2026 filtered capture returned 147 sale and 73 rental results; these are headline counts, not deduplicated properties, and the query does not verify tower stock.",73.6249,66.0,4,Q4 2024 transport and destination data; 2023 provisional BRES employment data,2026-09-09,TR-LOCAL-DFT-2025,E63011939,April 2024,182295,182295,dft-connectivity-bua24-v1,High,Population-weighted mean across Southend-on-Sea; Reviewed official BUA name corresponds directly to the broad screen location.,57,0,191,2,Medium,"Reviewed National Rail Journey Planner station-to-station observation for 2026-09-11. Shortest returned public-transport itinerary departing 10:00–14:00; not a guaranteed, door-to-door, fare or accessibility measure.",,,,,,,,,,,2.0,,unknown,2.0,4,,,3.0,1,4,,unknown,2.0,4,,,3.0,1,3
cambridge,Cambridge,England,Cambridge,52.205337,0.121817,299000,1017,High,126,"Median of 1017 achieved standard flat/maisonette sales; this is an all-size flat proxy, not a one-bedroom estimate.",1257,High,212,Official July 2026 one-bedroom modelled average for Cambridge LA; underlying observation count is not published in the table.,"Rightmove's controlled 7 September 2026 filtered capture returned 126 sale and 212 rental results; these are headline counts, not deduplicated properties, and the query does not verify tower stock.",71.9657,61.4,4,Q4 2024 transport and destination data; 2023 provisional BRES employment data,2026-09-09,TR-LOCAL-DFT-2025,E63010556,April 2024,152742,152742,dft-connectivity-bua24-v1,High,Population-weighted mean across Cambridge (Cambridge); Reviewed official BUA name corresponds to the screen location Cambridge.,50,0,158,0,Medium,"Reviewed National Rail Journey Planner station-to-station observation for 2026-09-11. Shortest returned public-transport itinerary departing 10:00–14:00; not a guaranteed, door-to-door, fare or accessibility measure.",,,,,,,,,,,5.0,,unknown,5.0,4,,,4.0,1,4,,unknown,5.0,4,,,4.0,1,4
colchester,Colchester,England,Colchester,51.88921,0.90421,175000,905,High,118,"Median of 905 achieved standard flat/maisonette sales; this is an all-size flat proxy, not a one-bedroom estimate.",819,High,114,Official July 2026 one-bedroom modelled average for Colchester LA; underlying observation count is not published in the table.,"Rightmove's controlled 7 September 2026 filtered capture returned 118 sale and 114 rental results; these are headline counts, not deduplicated properties, and the query does not verify tower stock.",69.0307,52.9,3,Q4 2024 transport and destination data; 2023 provisional BRES employment data,2026-09-09,TR-LOCAL-DFT-2025,E63011220,April 2024,130396,130396,dft-connectivity-bua24-v1,High,Population-weighted mean across Colchester; Reviewed official BUA name corresponds directly to the broad screen location.,47,0,176,2,Medium,"Reviewed National Rail Journey Planner station-to-station observation for 2026-09-11. Shortest returned public-transport itinerary departing 10:00–14:00; not a guaranteed, door-to-door, fare or accessibility measure.",,,,,,,,,,,3.0,,unknown,3.0,3,,,3.5,1,4,,unknown,3.0,3,,,3.5,2,4
oxford,Oxford,England,Oxford,51.752021,-1.257726,315000,710,High,88,"Median of 710 achieved standard flat/maisonette sales; this is an all-size flat proxy, not a one-bedroom estimate.",1353,High,185,Official July 2026 one-bedroom modelled average for Oxford LA; underlying observation count is not published in the table.,"Rightmove's controlled 7 September 2026 filtered capture returned 88 sale and 185 rental results; these are headline counts, not deduplicated properties, and the query does not verify tower stock.",72.6962,63.4,4,Q4 2024 transport and destination data; 2023 provisional BRES employment data,2026-09-09,TR-LOCAL-DFT-2025,E63011595,April 2024,169612,169612,dft-connectivity-bua24-v1,High,Population-weighted mean across Oxford; Reviewed official BUA name corresponds directly to the broad screen location.,51,0,64,0,Medium,"Reviewed National Rail Journey Planner station-to-station observation for 2026-09-11. Shortest returned public-transport itinerary departing 10:00–14:00; not a guaranteed, door-to-door, fare or accessibility measure.",,,,,,,,,,,3.5,,unknown,3.5,4,,,5.0,1,4,,unknown,3.5,4,,,5.0,1,4
bath,Bath,England,Bath and North East Somerset,51.381064,-2.359016,315000,809,High,104,"Median of 809 achieved standard flat/maisonette sales; this is an all-size flat proxy, not a one-bedroom estimate.",1205,High,90,Official July 2026 one-bedroom modelled average for Bath and North East Somerset LA; underlying observation count is not published in the table.,"Rightmove's controlled 7 September 2026 filtered capture returned 104 sale and 90 rental results; these are headline counts, not deduplicated properties, and the query does not verify tower stock.",73.2114,64.9,4,Q4 2024 transport and destination data; 2023 provisional BRES employment data,2026-09-09,TR-LOCAL-DFT-2025,E63012364,April 2024,94080,94080,dft-connectivity-bua24-v1,High,Population-weighted mean across Bath; Reviewed official BUA name corresponds directly to the broad screen location.,81,0,108,1,Medium,"Reviewed National Rail Journey Planner station-to-station observation for 2026-09-11. Shortest returned public-transport itinerary departing 10:00–14:00; not a guaranteed, door-to-door, fare or accessibility measure.",,,,,,,,,,,4.5,,unknown,4.5,4,,,3.5,1,4,,unknown,4.5,4,,,3.5,1,4
bridgend,Bridgend,Wales,Bridgend,51.505829,-3.576945,122250,86,High,2,"Median of 86 achieved standard flat/maisonette sales; this is an all-size flat proxy, not a one-bedroom estimate.",559,High,0,Official July 2026 one-bedroom modelled average for Bridgend LA; underlying observation count is not published in the table.,"Rightmove's controlled 7 September 2026 filtered capture returned 2 sale and 0 rental results; these are headline counts, not deduplicated properties, and the query does not verify tower stock.",60.5039,31.2,2,Q4 2024 transport and destination data; 2023 provisional BRES employment data,2026-09-09,TR-LOCAL-DFT-2025,W45001212,April 2024,51751,51751,dft-connectivity-bua24-v1,High,Population-weighted mean across Bridgend; Reviewed official BUA name corresponds directly to the broad screen location.,135,0,143,1,Medium,"Reviewed National Rail Journey Planner station-to-station observation for 2026-09-11. Shortest returned public-transport itinerary departing 10:00–14:00; not a guaranteed, door-to-door, fare or accessibility measure.",,,,,,,,,,,4.5,,unknown,4.5,2,,,3.0,3,1,,unknown,4.5,2,,,3.0,4,1
llanelli,Llanelli,Wales,Carmarthenshire,51.681,-4.161,112500,25,High,0,"Median of 25 achieved standard flat/maisonette sales; this is an all-size flat proxy, not a one-bedroom estimate.",499,High,0,Official July 2026 one-bedroom modelled average for Carmarthenshire LA; underlying observation count is not published in the table.,"Rightmove's controlled 7 September 2026 filtered capture returned 0 sale and 0 rental results; these are headline counts, not deduplicated properties, and the query does not verify tower stock.",62.3205,35.1,2,Q4 2024 transport and destination data; 2023 provisional BRES employment data,2026-09-09,TR-LOCAL-DFT-2025,W45001070,April 2024,42143,42143,dft-connectivity-bua24-v1,High,Population-weighted mean across Llanelli; Reviewed official BUA name corresponds directly to the broad screen location.,195,1,210,2,Medium,"Reviewed National Rail Journey Planner station-to-station observation for 2026-09-11. Shortest returned public-transport itinerary departing 10:00–14:00; not a guaranteed, door-to-door, fare or accessibility measure.",,,,,,,,,,,4.5,,unknown,4.5,2,,,1.5,4,1,,unknown,4.5,2,,,1.5,5,1
bangor,Bangor,Wales,Gwynedd,53.227409,-4.129263,90000,29,High,8,"Median of 29 achieved standard flat/maisonette sales; this is an all-size flat proxy, not a one-bedroom estimate.",558,High,1,Official July 2026 one-bedroom modelled average for Gwynedd LA; underlying observation count is not published in the table.,"Rightmove's controlled 7 September 2026 filtered capture returned 8 sale and 1 rental results; these are headline counts, not deduplicated properties, and the query does not verify tower stock.",63.8825,38.8,2,Q4 2024 transport and destination data; 2023 provisional BRES employment data,2026-09-09,TR-LOCAL-DFT-2025,W45000697,April 2024,16994,16994,dft-connectivity-bua24-v1,High,Population-weighted mean across Bangor; Reviewed official BUA name corresponds directly to the broad screen location.,201,0,161,1,Medium,"Reviewed National Rail Journey Planner station-to-station observation for 2026-09-11. Shortest returned public-transport itinerary departing 10:00–14:00; not a guaranteed, door-to-door, fare or accessibility measure.",,,,,,,,,,,4.0,,unknown,4.0,2,,,2.0,5,1,,unknown,4.0,2,,,2.0,4,1
rhyl,Rhyl,Wales,Denbighshire,53.319141,-3.491635,94000,43,High,1,"Median of 43 achieved standard flat/maisonette sales; this is an all-size flat proxy, not a one-bedroom estimate.",545,High,5,Official July 2026 one-bedroom modelled average for Denbighshire LA; underlying observation count is not published in the table.,"Rightmove's controlled 7 September 2026 filtered capture returned 1 sale and 5 rental results; these are headline counts, not deduplicated properties, and the query does not verify tower stock.",65.9483,44.1,3,Q4 2024 transport and destination data; 2023 provisional BRES employment data,2026-09-09,TR-LOCAL-DFT-2025,W45000645,April 2024,26982,26982,dft-connectivity-bua24-v1,High,Population-weighted mean across Rhyl; Reviewed official BUA name corresponds directly to the broad screen location.,165,0,125,1,Medium,"Reviewed National Rail Journey Planner station-to-station observation for 2026-09-11. Shortest returned public-transport itinerary departing 10:00–14:00; not a guaranteed, door-to-door, fare or accessibility measure.",,,,,,,,,,,2.0,,unknown,2.0,3,,,3.0,5,1,,unknown,2.0,3,,,3.0,4,1
york,York,England,York,53.959055,-1.081536,187000,955,High,115,"Median of 955 achieved standard flat/maisonette sales; this is an all-size flat proxy, not a one-bedroom estimate.",871,High,75,Official July 2026 one-bedroom modelled average for York LA; underlying observation count is not published in the table.,"Rightmove's controlled 7 September 2026 filtered capture returned 115 sale and 75 rental results; these are headline counts, not deduplicated properties, and the query does not verify tower stock.",71.2964,59.4,3,Q4 2024 transport and destination data; 2023 provisional BRES employment data,2026-09-09,TR-LOCAL-DFT-2025,E63007706,April 2024,141286,141286,dft-connectivity-bua24-v1,High,Population-weighted mean across York; Reviewed official BUA name corresponds directly to the broad screen location.,113,0,112,0,Medium,"Reviewed National Rail Journey Planner station-to-station observation for 2026-09-11. Shortest returned public-transport itinerary departing 10:00–14:00; not a guaranteed, door-to-door, fare or accessibility measure.",,,,,,,,,,,5.0,,unknown,5.0,3,,,4.0,1,4,,unknown,5.0,3,,,4.0,2,4
durham,Durham,England,County Durham,54.77525,-1.584852,112500,151,High,9,"Median of 151 achieved standard flat/maisonette sales; this is an all-size flat proxy, not a one-bedroom estimate.",453,High,8,Official July 2026 one-bedroom modelled average for County Durham LA; underlying observation count is not published in the table.,"Rightmove's controlled 7 September 2026 filtered capture returned 9 sale and 8 rental results; these are headline counts, not deduplicated properties, and the query does not verify tower stock.",71.2358,59.3,3,Q4 2024 transport and destination data; 2023 provisional BRES employment data,2026-09-09,TR-LOCAL-DFT-2025,E63007282,April 2024,50502,50502,dft-connectivity-bua24-v1,High,Population-weighted mean across Durham; Reviewed official BUA name corresponds directly to the broad screen location.,169,1,161,0,Medium,"Reviewed National Rail Journey Planner station-to-station observation for 2026-09-11. Shortest returned public-transport itinerary departing 10:00–14:00; not a guaranteed, door-to-door, fare or accessibility measure.",,,,,,,,,,,3.5,,unknown,3.5,3,,,2.5,4,1,,unknown,3.5,3,,,2.5,5,1
cheltenham,Cheltenham,England,Cheltenham,51.90073045590095,-2.076692699758725,200000,1067,High,107,"Median of 1067 achieved standard flat/maisonette sales; this is an all-size flat proxy, not a one-bedroom estimate.",869,High,113,Official July 2026 one-bedroom modelled average for Cheltenham LA; underlying observation count is not published in the table.,"Rightmove's controlled 7 September 2026 filtered capture returned 107 sale and 113 rental results; these are headline counts, not deduplicated properties, and the query does not verify tower stock.",70.0778,55.9,3,Q4 2024 transport and destination data; 2023 provisional BRES employment data,2026-09-09,TR-LOCAL-DFT-2025,E63011286,April 2024,115941,115941,dft-connectivity-bua24-v1,High,Population-weighted mean across Cheltenham; Reviewed official BUA name corresponds directly to the broad screen location.,112,1,39,0,Medium,"Reviewed National Rail Journey Planner station-to-station observation for 2026-09-11. Shortest returned public-transport itinerary departing 10:00–14:00; not a guaranteed, door-to-door, fare or accessibility measure.",,,,,,,,,,,5.0,,unknown,5.0,3,,,4.0,1,4,,unknown,5.0,3,,,4.0,2,4
