force_code,force_name,month,dataset_month_listed,coverage_status,month_notices,known_issues,later_notices_for_review,asb_completeness,source_url,retrieved_at,source_sha256,availability_source_url,availability_retrieved_at,availability_sha256
BTP,British Transport Police,2025-04,yes,Review required,British Transport Police: Crime data not provided for April 2025. The force will provide a data refresh as soon as possible.,British Transport Police: ASB data has not been provided for period April 2016 onwards. The force will rectify this issue and provide the missing data over the coming months.,2026-07: British Transport Police: Crime data not provided for July 2026. The force will provide a data refresh as soon as possible. | 2026-06: British Transport Police: Crime data not provided for June 2026. The force will provide a data refresh as soon as possible. | 2026-05: British Transport Police: Crime data not provided for May 2026. The force will provide a data refresh as soon as possible. | 2026-04: British Transport Police: Crime data not provided for April 2026. The force will provide a data refresh as soon as possible. | 2026-03: British Transport Police: Crime data not provided for March 2026. The force will provide a data refresh as soon as possible. | 2026-02: British Transport Police: Crime data not provided for February 2026. The force will provide a data refresh as soon as possible. | 2026-01: British Transport Police: Crime data not provided for January 2026. The force will provide a data refresh as soon as possible. | 2025-12: British Transport Police: Crime data not provided for December 2025. The force will provide a data refresh as soon as possible. | 2025-11: British Transport Police: Crime data not provided for November 2025. The force will provide a data refresh as soon as possible. | 2025-10: British Transport Police: Crime data not provided for October 2025. The force will provide a data refresh as soon as possible. | 2025-09: British Transport Police: Crime data not provided for September 2025. The force will provide a data refresh as soon as possible. | 2025-08: British Transport Police: Crime data not provided for August 2025. The force will provide a data refresh as soon as possible. | 2025-07: British Transport Police: Crime data not provided for July 2025. The force will provide a data refresh as soon as possible. | 2025-06: British Transport Police: Crime data not provided for June 2025. The force will provide a data refresh as soon as possible. | 2025-05: British Transport Police: Crime data not provided for May 2025. The force will provide a data refresh as soon as possible.,Unknown,https://data.police.uk/changelog/,2026-09-05T16:05:12.081357+00:00,f7c66fab36b0fee02000690c60519b77463003d57bb5903cbcd750af28a8357d,https://data.police.uk/api/crimes-street-dates,2026-09-05T16:04:46.173100+00:00,0a17d60fd68ee9bd19055de13c27028c5f1fe8a3e370fde21d32d7d5704da298
BTP,British Transport Police,2025-05,yes,Review required,British Transport Police: Crime data not provided for May 2025. The force will provide a data refresh as soon as possible.,British Transport Police: ASB data has not been provided for period April 2016 onwards. The force will rectify this issue and provide the missing data over the coming months.,2026-07: British Transport Police: Crime data not provided for July 2026. The force will provide a data refresh as soon as possible. | 2026-06: British Transport Police: Crime data not provided for June 2026. The force will provide a data refresh as soon as possible. | 2026-05: British Transport Police: Crime data not provided for May 2026. The force will provide a data refresh as soon as possible. | 2026-04: British Transport Police: Crime data not provided for April 2026. The force will provide a data refresh as soon as possible. | 2026-03: British Transport Police: Crime data not provided for March 2026. The force will provide a data refresh as soon as possible. | 2026-02: British Transport Police: Crime data not provided for February 2026. The force will provide a data refresh as soon as possible. | 2026-01: British Transport Police: Crime data not provided for January 2026. The force will provide a data refresh as soon as possible. | 2025-12: British Transport Police: Crime data not provided for December 2025. The force will provide a data refresh as soon as possible. | 2025-11: British Transport Police: Crime data not provided for November 2025. The force will provide a data refresh as soon as possible. | 2025-10: British Transport Police: Crime data not provided for October 2025. The force will provide a data refresh as soon as possible. | 2025-09: British Transport Police: Crime data not provided for September 2025. The force will provide a data refresh as soon as possible. | 2025-08: British Transport Police: Crime data not provided for August 2025. The force will provide a data refresh as soon as possible. | 2025-07: British Transport Police: Crime data not provided for July 2025. The force will provide a data refresh as soon as possible. | 2025-06: British Transport Police: Crime data not provided for June 2025. The force will provide a data refresh as soon as possible.,Unknown,https://data.police.uk/changelog/,2026-09-05T16:05:12.081357+00:00,f7c66fab36b0fee02000690c60519b77463003d57bb5903cbcd750af28a8357d,https://data.police.uk/api/crimes-street-dates,2026-09-05T16:04:46.173100+00:00,0a17d60fd68ee9bd19055de13c27028c5f1fe8a3e370fde21d32d7d5704da298
BTP,British Transport Police,2025-06,yes,Review required,British Transport Police: Crime data not provided for June 2025. The force will provide a data refresh as soon as possible.,British Transport Police: ASB data has not been provided for period April 2016 onwards. The force will rectify this issue and provide the missing data over the coming months.,2026-07: British Transport Police: Crime data not provided for July 2026. The force will provide a data refresh as soon as possible. | 2026-06: British Transport Police: Crime data not provided for June 2026. The force will provide a data refresh as soon as possible. | 2026-05: British Transport Police: Crime data not provided for May 2026. The force will provide a data refresh as soon as possible. | 2026-04: British Transport Police: Crime data not provided for April 2026. The force will provide a data refresh as soon as possible. | 2026-03: British Transport Police: Crime data not provided for March 2026. The force will provide a data refresh as soon as possible. | 2026-02: British Transport Police: Crime data not provided for February 2026. The force will provide a data refresh as soon as possible. | 2026-01: British Transport Police: Crime data not provided for January 2026. The force will provide a data refresh as soon as possible. | 2025-12: British Transport Police: Crime data not provided for December 2025. The force will provide a data refresh as soon as possible. | 2025-11: British Transport Police: Crime data not provided for November 2025. The force will provide a data refresh as soon as possible. | 2025-10: British Transport Police: Crime data not provided for October 2025. The force will provide a data refresh as soon as possible. | 2025-09: British Transport Police: Crime data not provided for September 2025. The force will provide a data refresh as soon as possible. | 2025-08: British Transport Police: Crime data not provided for August 2025. The force will provide a data refresh as soon as possible. | 2025-07: British Transport Police: Crime data not provided for July 2025. The force will provide a data refresh as soon as possible.,Unknown,https://data.police.uk/changelog/,2026-09-05T16:05:12.081357+00:00,f7c66fab36b0fee02000690c60519b77463003d57bb5903cbcd750af28a8357d,https://data.police.uk/api/crimes-street-dates,2026-09-05T16:04:46.173100+00:00,0a17d60fd68ee9bd19055de13c27028c5f1fe8a3e370fde21d32d7d5704da298
BTP,British Transport Police,2025-07,yes,Review required,British Transport Police: Crime data not provided for July 2025. The force will provide a data refresh as soon as possible.,British Transport Police: ASB data has not been provided for period April 2016 onwards. The force will rectify this issue and provide the missing data over the coming months.,2026-07: British Transport Police: Crime data not provided for July 2026. The force will provide a data refresh as soon as possible. | 2026-06: British Transport Police: Crime data not provided for June 2026. The force will provide a data refresh as soon as possible. | 2026-05: British Transport Police: Crime data not provided for May 2026. The force will provide a data refresh as soon as possible. | 2026-04: British Transport Police: Crime data not provided for April 2026. The force will provide a data refresh as soon as possible. | 2026-03: British Transport Police: Crime data not provided for March 2026. The force will provide a data refresh as soon as possible. | 2026-02: British Transport Police: Crime data not provided for February 2026. The force will provide a data refresh as soon as possible. | 2026-01: British Transport Police: Crime data not provided for January 2026. The force will provide a data refresh as soon as possible. | 2025-12: British Transport Police: Crime data not provided for December 2025. The force will provide a data refresh as soon as possible. | 2025-11: British Transport Police: Crime data not provided for November 2025. The force will provide a data refresh as soon as possible. | 2025-10: British Transport Police: Crime data not provided for October 2025. The force will provide a data refresh as soon as possible. | 2025-09: British Transport Police: Crime data not provided for September 2025. The force will provide a data refresh as soon as possible. | 2025-08: British Transport Police: Crime data not provided for August 2025. The force will provide a data refresh as soon as possible.,Unknown,https://data.police.uk/changelog/,2026-09-05T16:05:12.081357+00:00,f7c66fab36b0fee02000690c60519b77463003d57bb5903cbcd750af28a8357d,https://data.police.uk/api/crimes-street-dates,2026-09-05T16:04:46.173100+00:00,0a17d60fd68ee9bd19055de13c27028c5f1fe8a3e370fde21d32d7d5704da298
BTP,British Transport Police,2025-08,yes,Review required,British Transport Police: Crime data not provided for August 2025. The force will provide a data refresh as soon as possible.,British Transport Police: ASB data has not been provided for period April 2016 onwards. The force will rectify this issue and provide the missing data over the coming months.,2026-07: British Transport Police: Crime data not provided for July 2026. The force will provide a data refresh as soon as possible. | 2026-06: British Transport Police: Crime data not provided for June 2026. The force will provide a data refresh as soon as possible. | 2026-05: British Transport Police: Crime data not provided for May 2026. The force will provide a data refresh as soon as possible. | 2026-04: British Transport Police: Crime data not provided for April 2026. The force will provide a data refresh as soon as possible. | 2026-03: British Transport Police: Crime data not provided for March 2026. The force will provide a data refresh as soon as possible. | 2026-02: British Transport Police: Crime data not provided for February 2026. The force will provide a data refresh as soon as possible. | 2026-01: British Transport Police: Crime data not provided for January 2026. The force will provide a data refresh as soon as possible. | 2025-12: British Transport Police: Crime data not provided for December 2025. The force will provide a data refresh as soon as possible. | 2025-11: British Transport Police: Crime data not provided for November 2025. The force will provide a data refresh as soon as possible. | 2025-10: British Transport Police: Crime data not provided for October 2025. The force will provide a data refresh as soon as possible. | 2025-09: British Transport Police: Crime data not provided for September 2025. The force will provide a data refresh as soon as possible.,Unknown,https://data.police.uk/changelog/,2026-09-05T16:05:12.081357+00:00,f7c66fab36b0fee02000690c60519b77463003d57bb5903cbcd750af28a8357d,https://data.police.uk/api/crimes-street-dates,2026-09-05T16:04:46.173100+00:00,0a17d60fd68ee9bd19055de13c27028c5f1fe8a3e370fde21d32d7d5704da298
BTP,British Transport Police,2025-09,yes,Review required,British Transport Police: Crime data not provided for September 2025. The force will provide a data refresh as soon as possible.,British Transport Police: ASB data has not been provided for period April 2016 onwards. The force will rectify this issue and provide the missing data over the coming months.,2026-07: British Transport Police: Crime data not provided for July 2026. The force will provide a data refresh as soon as possible. | 2026-06: British Transport Police: Crime data not provided for June 2026. The force will provide a data refresh as soon as possible. | 2026-05: British Transport Police: Crime data not provided for May 2026. The force will provide a data refresh as soon as possible. | 2026-04: British Transport Police: Crime data not provided for April 2026. The force will provide a data refresh as soon as possible. | 2026-03: British Transport Police: Crime data not provided for March 2026. The force will provide a data refresh as soon as possible. | 2026-02: British Transport Police: Crime data not provided for February 2026. The force will provide a data refresh as soon as possible. | 2026-01: British Transport Police: Crime data not provided for January 2026. The force will provide a data refresh as soon as possible. | 2025-12: British Transport Police: Crime data not provided for December 2025. The force will provide a data refresh as soon as possible. | 2025-11: British Transport Police: Crime data not provided for November 2025. The force will provide a data refresh as soon as possible. | 2025-10: British Transport Police: Crime data not provided for October 2025. The force will provide a data refresh as soon as possible.,Unknown,https://data.police.uk/changelog/,2026-09-05T16:05:12.081357+00:00,f7c66fab36b0fee02000690c60519b77463003d57bb5903cbcd750af28a8357d,https://data.police.uk/api/crimes-street-dates,2026-09-05T16:04:46.173100+00:00,0a17d60fd68ee9bd19055de13c27028c5f1fe8a3e370fde21d32d7d5704da298
BTP,British Transport Police,2025-10,yes,Review required,British Transport Police: Crime data not provided for October 2025. The force will provide a data refresh as soon as possible.,British Transport Police: ASB data has not been provided for period April 2016 onwards. The force will rectify this issue and provide the missing data over the coming months.,2026-07: British Transport Police: Crime data not provided for July 2026. The force will provide a data refresh as soon as possible. | 2026-06: British Transport Police: Crime data not provided for June 2026. The force will provide a data refresh as soon as possible. | 2026-05: British Transport Police: Crime data not provided for May 2026. The force will provide a data refresh as soon as possible. | 2026-04: British Transport Police: Crime data not provided for April 2026. The force will provide a data refresh as soon as possible. | 2026-03: British Transport Police: Crime data not provided for March 2026. The force will provide a data refresh as soon as possible. | 2026-02: British Transport Police: Crime data not provided for February 2026. The force will provide a data refresh as soon as possible. | 2026-01: British Transport Police: Crime data not provided for January 2026. The force will provide a data refresh as soon as possible. | 2025-12: British Transport Police: Crime data not provided for December 2025. The force will provide a data refresh as soon as possible. | 2025-11: British Transport Police: Crime data not provided for November 2025. The force will provide a data refresh as soon as possible.,Unknown,https://data.police.uk/changelog/,2026-09-05T16:05:12.081357+00:00,f7c66fab36b0fee02000690c60519b77463003d57bb5903cbcd750af28a8357d,https://data.police.uk/api/crimes-street-dates,2026-09-05T16:04:46.173100+00:00,0a17d60fd68ee9bd19055de13c27028c5f1fe8a3e370fde21d32d7d5704da298
BTP,British Transport Police,2025-11,yes,Review required,British Transport Police: Crime data not provided for November 2025. The force will provide a data refresh as soon as possible.,British Transport Police: ASB data has not been provided for period April 2016 onwards. The force will rectify this issue and provide the missing data over the coming months.,2026-07: British Transport Police: Crime data not provided for July 2026. The force will provide a data refresh as soon as possible. | 2026-06: British Transport Police: Crime data not provided for June 2026. The force will provide a data refresh as soon as possible. | 2026-05: British Transport Police: Crime data not provided for May 2026. The force will provide a data refresh as soon as possible. | 2026-04: British Transport Police: Crime data not provided for April 2026. The force will provide a data refresh as soon as possible. | 2026-03: British Transport Police: Crime data not provided for March 2026. The force will provide a data refresh as soon as possible. | 2026-02: British Transport Police: Crime data not provided for February 2026. The force will provide a data refresh as soon as possible. | 2026-01: British Transport Police: Crime data not provided for January 2026. The force will provide a data refresh as soon as possible. | 2025-12: British Transport Police: Crime data not provided for December 2025. The force will provide a data refresh as soon as possible.,Unknown,https://data.police.uk/changelog/,2026-09-05T16:05:12.081357+00:00,f7c66fab36b0fee02000690c60519b77463003d57bb5903cbcd750af28a8357d,https://data.police.uk/api/crimes-street-dates,2026-09-05T16:04:46.173100+00:00,0a17d60fd68ee9bd19055de13c27028c5f1fe8a3e370fde21d32d7d5704da298
BTP,British Transport Police,2025-12,yes,Review required,British Transport Police: Crime data not provided for December 2025. The force will provide a data refresh as soon as possible.,British Transport Police: ASB data has not been provided for period April 2016 onwards. The force will rectify this issue and provide the missing data over the coming months.,2026-07: British Transport Police: Crime data not provided for July 2026. The force will provide a data refresh as soon as possible. | 2026-06: British Transport Police: Crime data not provided for June 2026. The force will provide a data refresh as soon as possible. | 2026-05: British Transport Police: Crime data not provided for May 2026. The force will provide a data refresh as soon as possible. | 2026-04: British Transport Police: Crime data not provided for April 2026. The force will provide a data refresh as soon as possible. | 2026-03: British Transport Police: Crime data not provided for March 2026. The force will provide a data refresh as soon as possible. | 2026-02: British Transport Police: Crime data not provided for February 2026. The force will provide a data refresh as soon as possible. | 2026-01: British Transport Police: Crime data not provided for January 2026. The force will provide a data refresh as soon as possible.,Unknown,https://data.police.uk/changelog/,2026-09-05T16:05:12.081357+00:00,f7c66fab36b0fee02000690c60519b77463003d57bb5903cbcd750af28a8357d,https://data.police.uk/api/crimes-street-dates,2026-09-05T16:04:46.173100+00:00,0a17d60fd68ee9bd19055de13c27028c5f1fe8a3e370fde21d32d7d5704da298
BTP,British Transport Police,2026-01,yes,Review required,British Transport Police: Crime data not provided for January 2026. The force will provide a data refresh as soon as possible.,British Transport Police: ASB data has not been provided for period April 2016 onwards. The force will rectify this issue and provide the missing data over the coming months.,2026-07: British Transport Police: Crime data not provided for July 2026. The force will provide a data refresh as soon as possible. | 2026-06: British Transport Police: Crime data not provided for June 2026. The force will provide a data refresh as soon as possible. | 2026-05: British Transport Police: Crime data not provided for May 2026. The force will provide a data refresh as soon as possible. | 2026-04: British Transport Police: Crime data not provided for April 2026. The force will provide a data refresh as soon as possible. | 2026-03: British Transport Police: Crime data not provided for March 2026. The force will provide a data refresh as soon as possible. | 2026-02: British Transport Police: Crime data not provided for February 2026. The force will provide a data refresh as soon as possible.,Unknown,https://data.police.uk/changelog/,2026-09-05T16:05:12.081357+00:00,f7c66fab36b0fee02000690c60519b77463003d57bb5903cbcd750af28a8357d,https://data.police.uk/api/crimes-street-dates,2026-09-05T16:04:46.173100+00:00,0a17d60fd68ee9bd19055de13c27028c5f1fe8a3e370fde21d32d7d5704da298
BTP,British Transport Police,2026-02,yes,Review required,British Transport Police: Crime data not provided for February 2026. The force will provide a data refresh as soon as possible.,British Transport Police: ASB data has not been provided for period April 2016 onwards. The force will rectify this issue and provide the missing data over the coming months.,2026-07: British Transport Police: Crime data not provided for July 2026. The force will provide a data refresh as soon as possible. | 2026-06: British Transport Police: Crime data not provided for June 2026. The force will provide a data refresh as soon as possible. | 2026-05: British Transport Police: Crime data not provided for May 2026. The force will provide a data refresh as soon as possible. | 2026-04: British Transport Police: Crime data not provided for April 2026. The force will provide a data refresh as soon as possible. | 2026-03: British Transport Police: Crime data not provided for March 2026. The force will provide a data refresh as soon as possible.,Unknown,https://data.police.uk/changelog/,2026-09-05T16:05:12.081357+00:00,f7c66fab36b0fee02000690c60519b77463003d57bb5903cbcd750af28a8357d,https://data.police.uk/api/crimes-street-dates,2026-09-05T16:04:46.173100+00:00,0a17d60fd68ee9bd19055de13c27028c5f1fe8a3e370fde21d32d7d5704da298
BTP,British Transport Police,2026-03,yes,Review required,British Transport Police: Crime data not provided for March 2026. The force will provide a data refresh as soon as possible.,British Transport Police: ASB data has not been provided for period April 2016 onwards. The force will rectify this issue and provide the missing data over the coming months.,2026-07: British Transport Police: Crime data not provided for July 2026. The force will provide a data refresh as soon as possible. | 2026-06: British Transport Police: Crime data not provided for June 2026. The force will provide a data refresh as soon as possible. | 2026-05: British Transport Police: Crime data not provided for May 2026. The force will provide a data refresh as soon as possible. | 2026-04: British Transport Police: Crime data not provided for April 2026. The force will provide a data refresh as soon as possible.,Unknown,https://data.police.uk/changelog/,2026-09-05T16:05:12.081357+00:00,f7c66fab36b0fee02000690c60519b77463003d57bb5903cbcd750af28a8357d,https://data.police.uk/api/crimes-street-dates,2026-09-05T16:04:46.173100+00:00,0a17d60fd68ee9bd19055de13c27028c5f1fe8a3e370fde21d32d7d5704da298
E23000003,Lancashire,2025-04,yes,Unknown; no notice is not proof of completeness,,,,Unknown,https://data.police.uk/changelog/,2026-09-05T16:05:12.081357+00:00,f7c66fab36b0fee02000690c60519b77463003d57bb5903cbcd750af28a8357d,https://data.police.uk/api/crimes-street-dates,2026-09-05T16:04:46.173100+00:00,0a17d60fd68ee9bd19055de13c27028c5f1fe8a3e370fde21d32d7d5704da298
E23000003,Lancashire,2025-05,yes,Unknown; no notice is not proof of completeness,,,,Unknown,https://data.police.uk/changelog/,2026-09-05T16:05:12.081357+00:00,f7c66fab36b0fee02000690c60519b77463003d57bb5903cbcd750af28a8357d,https://data.police.uk/api/crimes-street-dates,2026-09-05T16:04:46.173100+00:00,0a17d60fd68ee9bd19055de13c27028c5f1fe8a3e370fde21d32d7d5704da298
E23000003,Lancashire,2025-06,yes,Unknown; no notice is not proof of completeness,,,,Unknown,https://data.police.uk/changelog/,2026-09-05T16:05:12.081357+00:00,f7c66fab36b0fee02000690c60519b77463003d57bb5903cbcd750af28a8357d,https://data.police.uk/api/crimes-street-dates,2026-09-05T16:04:46.173100+00:00,0a17d60fd68ee9bd19055de13c27028c5f1fe8a3e370fde21d32d7d5704da298
E23000003,Lancashire,2025-07,yes,Unknown; no notice is not proof of completeness,,,,Unknown,https://data.police.uk/changelog/,2026-09-05T16:05:12.081357+00:00,f7c66fab36b0fee02000690c60519b77463003d57bb5903cbcd750af28a8357d,https://data.police.uk/api/crimes-street-dates,2026-09-05T16:04:46.173100+00:00,0a17d60fd68ee9bd19055de13c27028c5f1fe8a3e370fde21d32d7d5704da298
E23000003,Lancashire,2025-08,yes,Unknown; no notice is not proof of completeness,,,,Unknown,https://data.police.uk/changelog/,2026-09-05T16:05:12.081357+00:00,f7c66fab36b0fee02000690c60519b77463003d57bb5903cbcd750af28a8357d,https://data.police.uk/api/crimes-street-dates,2026-09-05T16:04:46.173100+00:00,0a17d60fd68ee9bd19055de13c27028c5f1fe8a3e370fde21d32d7d5704da298
E23000003,Lancashire,2025-09,yes,Unknown; no notice is not proof of completeness,,,,Unknown,https://data.police.uk/changelog/,2026-09-05T16:05:12.081357+00:00,f7c66fab36b0fee02000690c60519b77463003d57bb5903cbcd750af28a8357d,https://data.police.uk/api/crimes-street-dates,2026-09-05T16:04:46.173100+00:00,0a17d60fd68ee9bd19055de13c27028c5f1fe8a3e370fde21d32d7d5704da298
E23000003,Lancashire,2025-10,yes,Unknown; no notice is not proof of completeness,,,,Unknown,https://data.police.uk/changelog/,2026-09-05T16:05:12.081357+00:00,f7c66fab36b0fee02000690c60519b77463003d57bb5903cbcd750af28a8357d,https://data.police.uk/api/crimes-street-dates,2026-09-05T16:04:46.173100+00:00,0a17d60fd68ee9bd19055de13c27028c5f1fe8a3e370fde21d32d7d5704da298
E23000003,Lancashire,2025-11,yes,Unknown; no notice is not proof of completeness,,,,Unknown,https://data.police.uk/changelog/,2026-09-05T16:05:12.081357+00:00,f7c66fab36b0fee02000690c60519b77463003d57bb5903cbcd750af28a8357d,https://data.police.uk/api/crimes-street-dates,2026-09-05T16:04:46.173100+00:00,0a17d60fd68ee9bd19055de13c27028c5f1fe8a3e370fde21d32d7d5704da298
E23000003,Lancashire,2025-12,yes,Unknown; no notice is not proof of completeness,,,,Unknown,https://data.police.uk/changelog/,2026-09-05T16:05:12.081357+00:00,f7c66fab36b0fee02000690c60519b77463003d57bb5903cbcd750af28a8357d,https://data.police.uk/api/crimes-street-dates,2026-09-05T16:04:46.173100+00:00,0a17d60fd68ee9bd19055de13c27028c5f1fe8a3e370fde21d32d7d5704da298
E23000003,Lancashire,2026-01,yes,Unknown; no notice is not proof of completeness,,,,Unknown,https://data.police.uk/changelog/,2026-09-05T16:05:12.081357+00:00,f7c66fab36b0fee02000690c60519b77463003d57bb5903cbcd750af28a8357d,https://data.police.uk/api/crimes-street-dates,2026-09-05T16:04:46.173100+00:00,0a17d60fd68ee9bd19055de13c27028c5f1fe8a3e370fde21d32d7d5704da298
E23000003,Lancashire,2026-02,yes,Unknown; no notice is not proof of completeness,,,,Unknown,https://data.police.uk/changelog/,2026-09-05T16:05:12.081357+00:00,f7c66fab36b0fee02000690c60519b77463003d57bb5903cbcd750af28a8357d,https://data.police.uk/api/crimes-street-dates,2026-09-05T16:04:46.173100+00:00,0a17d60fd68ee9bd19055de13c27028c5f1fe8a3e370fde21d32d7d5704da298
E23000003,Lancashire,2026-03,yes,Unknown; no notice is not proof of completeness,,,,Unknown,https://data.police.uk/changelog/,2026-09-05T16:05:12.081357+00:00,f7c66fab36b0fee02000690c60519b77463003d57bb5903cbcd750af28a8357d,https://data.police.uk/api/crimes-street-dates,2026-09-05T16:04:46.173100+00:00,0a17d60fd68ee9bd19055de13c27028c5f1fe8a3e370fde21d32d7d5704da298
E23000004,Merseyside,2025-04,yes,Unknown; no notice is not proof of completeness,,,,Unknown,https://data.police.uk/changelog/,2026-09-05T16:05:12.081357+00:00,f7c66fab36b0fee02000690c60519b77463003d57bb5903cbcd750af28a8357d,https://data.police.uk/api/crimes-street-dates,2026-09-05T16:04:46.173100+00:00,0a17d60fd68ee9bd19055de13c27028c5f1fe8a3e370fde21d32d7d5704da298
E23000004,Merseyside,2025-05,yes,Unknown; no notice is not proof of completeness,,,,Unknown,https://data.police.uk/changelog/,2026-09-05T16:05:12.081357+00:00,f7c66fab36b0fee02000690c60519b77463003d57bb5903cbcd750af28a8357d,https://data.police.uk/api/crimes-street-dates,2026-09-05T16:04:46.173100+00:00,0a17d60fd68ee9bd19055de13c27028c5f1fe8a3e370fde21d32d7d5704da298
E23000004,Merseyside,2025-06,yes,Unknown; no notice is not proof of completeness,,,,Unknown,https://data.police.uk/changelog/,2026-09-05T16:05:12.081357+00:00,f7c66fab36b0fee02000690c60519b77463003d57bb5903cbcd750af28a8357d,https://data.police.uk/api/crimes-street-dates,2026-09-05T16:04:46.173100+00:00,0a17d60fd68ee9bd19055de13c27028c5f1fe8a3e370fde21d32d7d5704da298
E23000004,Merseyside,2025-07,yes,Unknown; no notice is not proof of completeness,,,,Unknown,https://data.police.uk/changelog/,2026-09-05T16:05:12.081357+00:00,f7c66fab36b0fee02000690c60519b77463003d57bb5903cbcd750af28a8357d,https://data.police.uk/api/crimes-street-dates,2026-09-05T16:04:46.173100+00:00,0a17d60fd68ee9bd19055de13c27028c5f1fe8a3e370fde21d32d7d5704da298
E23000004,Merseyside,2025-08,yes,Unknown; no notice is not proof of completeness,,,,Unknown,https://data.police.uk/changelog/,2026-09-05T16:05:12.081357+00:00,f7c66fab36b0fee02000690c60519b77463003d57bb5903cbcd750af28a8357d,https://data.police.uk/api/crimes-street-dates,2026-09-05T16:04:46.173100+00:00,0a17d60fd68ee9bd19055de13c27028c5f1fe8a3e370fde21d32d7d5704da298
E23000004,Merseyside,2025-09,yes,Unknown; no notice is not proof of completeness,,,,Unknown,https://data.police.uk/changelog/,2026-09-05T16:05:12.081357+00:00,f7c66fab36b0fee02000690c60519b77463003d57bb5903cbcd750af28a8357d,https://data.police.uk/api/crimes-street-dates,2026-09-05T16:04:46.173100+00:00,0a17d60fd68ee9bd19055de13c27028c5f1fe8a3e370fde21d32d7d5704da298
E23000004,Merseyside,2025-10,yes,Unknown; no notice is not proof of completeness,,,,Unknown,https://data.police.uk/changelog/,2026-09-05T16:05:12.081357+00:00,f7c66fab36b0fee02000690c60519b77463003d57bb5903cbcd750af28a8357d,https://data.police.uk/api/crimes-street-dates,2026-09-05T16:04:46.173100+00:00,0a17d60fd68ee9bd19055de13c27028c5f1fe8a3e370fde21d32d7d5704da298
E23000004,Merseyside,2025-11,yes,Unknown; no notice is not proof of completeness,,,,Unknown,https://data.police.uk/changelog/,2026-09-05T16:05:12.081357+00:00,f7c66fab36b0fee02000690c60519b77463003d57bb5903cbcd750af28a8357d,https://data.police.uk/api/crimes-street-dates,2026-09-05T16:04:46.173100+00:00,0a17d60fd68ee9bd19055de13c27028c5f1fe8a3e370fde21d32d7d5704da298
E23000004,Merseyside,2025-12,yes,Unknown; no notice is not proof of completeness,,,,Unknown,https://data.police.uk/changelog/,2026-09-05T16:05:12.081357+00:00,f7c66fab36b0fee02000690c60519b77463003d57bb5903cbcd750af28a8357d,https://data.police.uk/api/crimes-street-dates,2026-09-05T16:04:46.173100+00:00,0a17d60fd68ee9bd19055de13c27028c5f1fe8a3e370fde21d32d7d5704da298
E23000004,Merseyside,2026-01,yes,Unknown; no notice is not proof of completeness,,,,Unknown,https://data.police.uk/changelog/,2026-09-05T16:05:12.081357+00:00,f7c66fab36b0fee02000690c60519b77463003d57bb5903cbcd750af28a8357d,https://data.police.uk/api/crimes-street-dates,2026-09-05T16:04:46.173100+00:00,0a17d60fd68ee9bd19055de13c27028c5f1fe8a3e370fde21d32d7d5704da298
E23000004,Merseyside,2026-02,yes,Unknown; no notice is not proof of completeness,,,,Unknown,https://data.police.uk/changelog/,2026-09-05T16:05:12.081357+00:00,f7c66fab36b0fee02000690c60519b77463003d57bb5903cbcd750af28a8357d,https://data.police.uk/api/crimes-street-dates,2026-09-05T16:04:46.173100+00:00,0a17d60fd68ee9bd19055de13c27028c5f1fe8a3e370fde21d32d7d5704da298
E23000004,Merseyside,2026-03,yes,Unknown; no notice is not proof of completeness,,,,Unknown,https://data.police.uk/changelog/,2026-09-05T16:05:12.081357+00:00,f7c66fab36b0fee02000690c60519b77463003d57bb5903cbcd750af28a8357d,https://data.police.uk/api/crimes-street-dates,2026-09-05T16:04:46.173100+00:00,0a17d60fd68ee9bd19055de13c27028c5f1fe8a3e370fde21d32d7d5704da298
E23000005,Greater Manchester,2025-04,yes,Review required,Greater Manchester Police: Crime data not provided for April 2025. The force will provide a data refresh as soon as possible.,"Greater Manchester Police: Currently no crime, outcome or stop and search data is available. The force is progressing towards a new IT system and data processes which will support provision of data to police.uk in the future. Some data is available directly from GMP website here: https://www.gmp.police.uk/police-forces/greater-manchester-police/areas/greater-manchester-force-content/sd/stats-and-data/",2026-07: Greater Manchester Police: Crime data not provided for July 2026. The force will provide a data refresh as soon as possible. | 2026-06: Greater Manchester Police: Crime data not provided for June 2026. The force will provide a data refresh as soon as possible. | 2026-05: Greater Manchester Police: Crime data not provided for May 2026. The force will provide a data refresh as soon as possible. | 2026-04: Greater Manchester Police: Crime data not provided for April 2026. The force will provide a data refresh as soon as possible. | 2026-03: Greater Manchester Police: Crime data not provided for March 2026. The force will provide a data refresh as soon as possible. | 2026-02: Greater Manchester Police: Crime data not provided for February 2026. The force will provide a data refresh as soon as possible. | 2026-01: Greater Manchester Police: Crime data not provided for January 2026. The force will provide a data refresh as soon as possible. | 2025-12: Greater Manchester Police: Crime data not provided for December 2025. The force will provide a data refresh as soon as possible. | 2025-11: Greater Manchester Police: Crime data not provided for November 2025. The force will provide a data refresh as soon as possible. | 2025-10: Greater Manchester Police: Crime data not provided for October 2025. The force will provide a data refresh as soon as possible. | 2025-09: Greater Manchester Police: Crime data not provided for September 2025. The force will provide a data refresh as soon as possible. | 2025-08: Greater Manchester Police: Crime data not provided for August 2025. The force will provide a data refresh as soon as possible. | 2025-07: Greater Manchester Police: Crime data not provided for July 2025. The force will provide a data refresh as soon as possible. | 2025-06: Greater Manchester Police: Crime data not provided for June 2025. The force will provide a data refresh as soon as possible. | 2025-05: Greater Manchester Police: Crime data not provided for May 2025. The force will provide a data refresh as soon as possible.,Unknown,https://data.police.uk/changelog/,2026-09-05T16:05:12.081357+00:00,f7c66fab36b0fee02000690c60519b77463003d57bb5903cbcd750af28a8357d,https://data.police.uk/api/crimes-street-dates,2026-09-05T16:04:46.173100+00:00,0a17d60fd68ee9bd19055de13c27028c5f1fe8a3e370fde21d32d7d5704da298
E23000005,Greater Manchester,2025-05,yes,Review required,Greater Manchester Police: Crime data not provided for May 2025. The force will provide a data refresh as soon as possible.,"Greater Manchester Police: Currently no crime, outcome or stop and search data is available. The force is progressing towards a new IT system and data processes which will support provision of data to police.uk in the future. Some data is available directly from GMP website here: https://www.gmp.police.uk/police-forces/greater-manchester-police/areas/greater-manchester-force-content/sd/stats-and-data/",2026-07: Greater Manchester Police: Crime data not provided for July 2026. The force will provide a data refresh as soon as possible. | 2026-06: Greater Manchester Police: Crime data not provided for June 2026. The force will provide a data refresh as soon as possible. | 2026-05: Greater Manchester Police: Crime data not provided for May 2026. The force will provide a data refresh as soon as possible. | 2026-04: Greater Manchester Police: Crime data not provided for April 2026. The force will provide a data refresh as soon as possible. | 2026-03: Greater Manchester Police: Crime data not provided for March 2026. The force will provide a data refresh as soon as possible. | 2026-02: Greater Manchester Police: Crime data not provided for February 2026. The force will provide a data refresh as soon as possible. | 2026-01: Greater Manchester Police: Crime data not provided for January 2026. The force will provide a data refresh as soon as possible. | 2025-12: Greater Manchester Police: Crime data not provided for December 2025. The force will provide a data refresh as soon as possible. | 2025-11: Greater Manchester Police: Crime data not provided for November 2025. The force will provide a data refresh as soon as possible. | 2025-10: Greater Manchester Police: Crime data not provided for October 2025. The force will provide a data refresh as soon as possible. | 2025-09: Greater Manchester Police: Crime data not provided for September 2025. The force will provide a data refresh as soon as possible. | 2025-08: Greater Manchester Police: Crime data not provided for August 2025. The force will provide a data refresh as soon as possible. | 2025-07: Greater Manchester Police: Crime data not provided for July 2025. The force will provide a data refresh as soon as possible. | 2025-06: Greater Manchester Police: Crime data not provided for June 2025. The force will provide a data refresh as soon as possible.,Unknown,https://data.police.uk/changelog/,2026-09-05T16:05:12.081357+00:00,f7c66fab36b0fee02000690c60519b77463003d57bb5903cbcd750af28a8357d,https://data.police.uk/api/crimes-street-dates,2026-09-05T16:04:46.173100+00:00,0a17d60fd68ee9bd19055de13c27028c5f1fe8a3e370fde21d32d7d5704da298
E23000005,Greater Manchester,2025-06,yes,Review required,Greater Manchester Police: Crime data not provided for June 2025. The force will provide a data refresh as soon as possible.,"Greater Manchester Police: Currently no crime, outcome or stop and search data is available. The force is progressing towards a new IT system and data processes which will support provision of data to police.uk in the future. Some data is available directly from GMP website here: https://www.gmp.police.uk/police-forces/greater-manchester-police/areas/greater-manchester-force-content/sd/stats-and-data/",2026-07: Greater Manchester Police: Crime data not provided for July 2026. The force will provide a data refresh as soon as possible. | 2026-06: Greater Manchester Police: Crime data not provided for June 2026. The force will provide a data refresh as soon as possible. | 2026-05: Greater Manchester Police: Crime data not provided for May 2026. The force will provide a data refresh as soon as possible. | 2026-04: Greater Manchester Police: Crime data not provided for April 2026. The force will provide a data refresh as soon as possible. | 2026-03: Greater Manchester Police: Crime data not provided for March 2026. The force will provide a data refresh as soon as possible. | 2026-02: Greater Manchester Police: Crime data not provided for February 2026. The force will provide a data refresh as soon as possible. | 2026-01: Greater Manchester Police: Crime data not provided for January 2026. The force will provide a data refresh as soon as possible. | 2025-12: Greater Manchester Police: Crime data not provided for December 2025. The force will provide a data refresh as soon as possible. | 2025-11: Greater Manchester Police: Crime data not provided for November 2025. The force will provide a data refresh as soon as possible. | 2025-10: Greater Manchester Police: Crime data not provided for October 2025. The force will provide a data refresh as soon as possible. | 2025-09: Greater Manchester Police: Crime data not provided for September 2025. The force will provide a data refresh as soon as possible. | 2025-08: Greater Manchester Police: Crime data not provided for August 2025. The force will provide a data refresh as soon as possible. | 2025-07: Greater Manchester Police: Crime data not provided for July 2025. The force will provide a data refresh as soon as possible.,Unknown,https://data.police.uk/changelog/,2026-09-05T16:05:12.081357+00:00,f7c66fab36b0fee02000690c60519b77463003d57bb5903cbcd750af28a8357d,https://data.police.uk/api/crimes-street-dates,2026-09-05T16:04:46.173100+00:00,0a17d60fd68ee9bd19055de13c27028c5f1fe8a3e370fde21d32d7d5704da298
E23000005,Greater Manchester,2025-07,yes,Review required,Greater Manchester Police: Crime data not provided for July 2025. The force will provide a data refresh as soon as possible.,"Greater Manchester Police: Currently no crime, outcome or stop and search data is available. The force is progressing towards a new IT system and data processes which will support provision of data to police.uk in the future. Some data is available directly from GMP website here: https://www.gmp.police.uk/police-forces/greater-manchester-police/areas/greater-manchester-force-content/sd/stats-and-data/",2026-07: Greater Manchester Police: Crime data not provided for July 2026. The force will provide a data refresh as soon as possible. | 2026-06: Greater Manchester Police: Crime data not provided for June 2026. The force will provide a data refresh as soon as possible. | 2026-05: Greater Manchester Police: Crime data not provided for May 2026. The force will provide a data refresh as soon as possible. | 2026-04: Greater Manchester Police: Crime data not provided for April 2026. The force will provide a data refresh as soon as possible. | 2026-03: Greater Manchester Police: Crime data not provided for March 2026. The force will provide a data refresh as soon as possible. | 2026-02: Greater Manchester Police: Crime data not provided for February 2026. The force will provide a data refresh as soon as possible. | 2026-01: Greater Manchester Police: Crime data not provided for January 2026. The force will provide a data refresh as soon as possible. | 2025-12: Greater Manchester Police: Crime data not provided for December 2025. The force will provide a data refresh as soon as possible. | 2025-11: Greater Manchester Police: Crime data not provided for November 2025. The force will provide a data refresh as soon as possible. | 2025-10: Greater Manchester Police: Crime data not provided for October 2025. The force will provide a data refresh as soon as possible. | 2025-09: Greater Manchester Police: Crime data not provided for September 2025. The force will provide a data refresh as soon as possible. | 2025-08: Greater Manchester Police: Crime data not provided for August 2025. The force will provide a data refresh as soon as possible.,Unknown,https://data.police.uk/changelog/,2026-09-05T16:05:12.081357+00:00,f7c66fab36b0fee02000690c60519b77463003d57bb5903cbcd750af28a8357d,https://data.police.uk/api/crimes-street-dates,2026-09-05T16:04:46.173100+00:00,0a17d60fd68ee9bd19055de13c27028c5f1fe8a3e370fde21d32d7d5704da298
E23000005,Greater Manchester,2025-08,yes,Review required,Greater Manchester Police: Crime data not provided for August 2025. The force will provide a data refresh as soon as possible.,"Greater Manchester Police: Currently no crime, outcome or stop and search data is available. The force is progressing towards a new IT system and data processes which will support provision of data to police.uk in the future. Some data is available directly from GMP website here: https://www.gmp.police.uk/police-forces/greater-manchester-police/areas/greater-manchester-force-content/sd/stats-and-data/",2026-07: Greater Manchester Police: Crime data not provided for July 2026. The force will provide a data refresh as soon as possible. | 2026-06: Greater Manchester Police: Crime data not provided for June 2026. The force will provide a data refresh as soon as possible. | 2026-05: Greater Manchester Police: Crime data not provided for May 2026. The force will provide a data refresh as soon as possible. | 2026-04: Greater Manchester Police: Crime data not provided for April 2026. The force will provide a data refresh as soon as possible. | 2026-03: Greater Manchester Police: Crime data not provided for March 2026. The force will provide a data refresh as soon as possible. | 2026-02: Greater Manchester Police: Crime data not provided for February 2026. The force will provide a data refresh as soon as possible. | 2026-01: Greater Manchester Police: Crime data not provided for January 2026. The force will provide a data refresh as soon as possible. | 2025-12: Greater Manchester Police: Crime data not provided for December 2025. The force will provide a data refresh as soon as possible. | 2025-11: Greater Manchester Police: Crime data not provided for November 2025. The force will provide a data refresh as soon as possible. | 2025-10: Greater Manchester Police: Crime data not provided for October 2025. The force will provide a data refresh as soon as possible. | 2025-09: Greater Manchester Police: Crime data not provided for September 2025. The force will provide a data refresh as soon as possible.,Unknown,https://data.police.uk/changelog/,2026-09-05T16:05:12.081357+00:00,f7c66fab36b0fee02000690c60519b77463003d57bb5903cbcd750af28a8357d,https://data.police.uk/api/crimes-street-dates,2026-09-05T16:04:46.173100+00:00,0a17d60fd68ee9bd19055de13c27028c5f1fe8a3e370fde21d32d7d5704da298
E23000005,Greater Manchester,2025-09,yes,Review required,Greater Manchester Police: Crime data not provided for September 2025. The force will provide a data refresh as soon as possible.,"Greater Manchester Police: Currently no crime, outcome or stop and search data is available. The force is progressing towards a new IT system and data processes which will support provision of data to police.uk in the future. Some data is available directly from GMP website here: https://www.gmp.police.uk/police-forces/greater-manchester-police/areas/greater-manchester-force-content/sd/stats-and-data/",2026-07: Greater Manchester Police: Crime data not provided for July 2026. The force will provide a data refresh as soon as possible. | 2026-06: Greater Manchester Police: Crime data not provided for June 2026. The force will provide a data refresh as soon as possible. | 2026-05: Greater Manchester Police: Crime data not provided for May 2026. The force will provide a data refresh as soon as possible. | 2026-04: Greater Manchester Police: Crime data not provided for April 2026. The force will provide a data refresh as soon as possible. | 2026-03: Greater Manchester Police: Crime data not provided for March 2026. The force will provide a data refresh as soon as possible. | 2026-02: Greater Manchester Police: Crime data not provided for February 2026. The force will provide a data refresh as soon as possible. | 2026-01: Greater Manchester Police: Crime data not provided for January 2026. The force will provide a data refresh as soon as possible. | 2025-12: Greater Manchester Police: Crime data not provided for December 2025. The force will provide a data refresh as soon as possible. | 2025-11: Greater Manchester Police: Crime data not provided for November 2025. The force will provide a data refresh as soon as possible. | 2025-10: Greater Manchester Police: Crime data not provided for October 2025. The force will provide a data refresh as soon as possible.,Unknown,https://data.police.uk/changelog/,2026-09-05T16:05:12.081357+00:00,f7c66fab36b0fee02000690c60519b77463003d57bb5903cbcd750af28a8357d,https://data.police.uk/api/crimes-street-dates,2026-09-05T16:04:46.173100+00:00,0a17d60fd68ee9bd19055de13c27028c5f1fe8a3e370fde21d32d7d5704da298
E23000005,Greater Manchester,2025-10,yes,Review required,Greater Manchester Police: Crime data not provided for October 2025. The force will provide a data refresh as soon as possible.,"Greater Manchester Police: Currently no crime, outcome or stop and search data is available. The force is progressing towards a new IT system and data processes which will support provision of data to police.uk in the future. Some data is available directly from GMP website here: https://www.gmp.police.uk/police-forces/greater-manchester-police/areas/greater-manchester-force-content/sd/stats-and-data/",2026-07: Greater Manchester Police: Crime data not provided for July 2026. The force will provide a data refresh as soon as possible. | 2026-06: Greater Manchester Police: Crime data not provided for June 2026. The force will provide a data refresh as soon as possible. | 2026-05: Greater Manchester Police: Crime data not provided for May 2026. The force will provide a data refresh as soon as possible. | 2026-04: Greater Manchester Police: Crime data not provided for April 2026. The force will provide a data refresh as soon as possible. | 2026-03: Greater Manchester Police: Crime data not provided for March 2026. The force will provide a data refresh as soon as possible. | 2026-02: Greater Manchester Police: Crime data not provided for February 2026. The force will provide a data refresh as soon as possible. | 2026-01: Greater Manchester Police: Crime data not provided for January 2026. The force will provide a data refresh as soon as possible. | 2025-12: Greater Manchester Police: Crime data not provided for December 2025. The force will provide a data refresh as soon as possible. | 2025-11: Greater Manchester Police: Crime data not provided for November 2025. The force will provide a data refresh as soon as possible.,Unknown,https://data.police.uk/changelog/,2026-09-05T16:05:12.081357+00:00,f7c66fab36b0fee02000690c60519b77463003d57bb5903cbcd750af28a8357d,https://data.police.uk/api/crimes-street-dates,2026-09-05T16:04:46.173100+00:00,0a17d60fd68ee9bd19055de13c27028c5f1fe8a3e370fde21d32d7d5704da298
E23000005,Greater Manchester,2025-11,yes,Review required,Greater Manchester Police: Crime data not provided for November 2025. The force will provide a data refresh as soon as possible.,"Greater Manchester Police: Currently no crime, outcome or stop and search data is available. The force is progressing towards a new IT system and data processes which will support provision of data to police.uk in the future. Some data is available directly from GMP website here: https://www.gmp.police.uk/police-forces/greater-manchester-police/areas/greater-manchester-force-content/sd/stats-and-data/",2026-07: Greater Manchester Police: Crime data not provided for July 2026. The force will provide a data refresh as soon as possible. | 2026-06: Greater Manchester Police: Crime data not provided for June 2026. The force will provide a data refresh as soon as possible. | 2026-05: Greater Manchester Police: Crime data not provided for May 2026. The force will provide a data refresh as soon as possible. | 2026-04: Greater Manchester Police: Crime data not provided for April 2026. The force will provide a data refresh as soon as possible. | 2026-03: Greater Manchester Police: Crime data not provided for March 2026. The force will provide a data refresh as soon as possible. | 2026-02: Greater Manchester Police: Crime data not provided for February 2026. The force will provide a data refresh as soon as possible. | 2026-01: Greater Manchester Police: Crime data not provided for January 2026. The force will provide a data refresh as soon as possible. | 2025-12: Greater Manchester Police: Crime data not provided for December 2025. The force will provide a data refresh as soon as possible.,Unknown,https://data.police.uk/changelog/,2026-09-05T16:05:12.081357+00:00,f7c66fab36b0fee02000690c60519b77463003d57bb5903cbcd750af28a8357d,https://data.police.uk/api/crimes-street-dates,2026-09-05T16:04:46.173100+00:00,0a17d60fd68ee9bd19055de13c27028c5f1fe8a3e370fde21d32d7d5704da298
E23000005,Greater Manchester,2025-12,yes,Review required,Greater Manchester Police: Crime data not provided for December 2025. The force will provide a data refresh as soon as possible.,"Greater Manchester Police: Currently no crime, outcome or stop and search data is available. The force is progressing towards a new IT system and data processes which will support provision of data to police.uk in the future. Some data is available directly from GMP website here: https://www.gmp.police.uk/police-forces/greater-manchester-police/areas/greater-manchester-force-content/sd/stats-and-data/",2026-07: Greater Manchester Police: Crime data not provided for July 2026. The force will provide a data refresh as soon as possible. | 2026-06: Greater Manchester Police: Crime data not provided for June 2026. The force will provide a data refresh as soon as possible. | 2026-05: Greater Manchester Police: Crime data not provided for May 2026. The force will provide a data refresh as soon as possible. | 2026-04: Greater Manchester Police: Crime data not provided for April 2026. The force will provide a data refresh as soon as possible. | 2026-03: Greater Manchester Police: Crime data not provided for March 2026. The force will provide a data refresh as soon as possible. | 2026-02: Greater Manchester Police: Crime data not provided for February 2026. The force will provide a data refresh as soon as possible. | 2026-01: Greater Manchester Police: Crime data not provided for January 2026. The force will provide a data refresh as soon as possible.,Unknown,https://data.police.uk/changelog/,2026-09-05T16:05:12.081357+00:00,f7c66fab36b0fee02000690c60519b77463003d57bb5903cbcd750af28a8357d,https://data.police.uk/api/crimes-street-dates,2026-09-05T16:04:46.173100+00:00,0a17d60fd68ee9bd19055de13c27028c5f1fe8a3e370fde21d32d7d5704da298
E23000005,Greater Manchester,2026-01,yes,Review required,Greater Manchester Police: Crime data not provided for January 2026. The force will provide a data refresh as soon as possible.,"Greater Manchester Police: Currently no crime, outcome or stop and search data is available. The force is progressing towards a new IT system and data processes which will support provision of data to police.uk in the future. Some data is available directly from GMP website here: https://www.gmp.police.uk/police-forces/greater-manchester-police/areas/greater-manchester-force-content/sd/stats-and-data/",2026-07: Greater Manchester Police: Crime data not provided for July 2026. The force will provide a data refresh as soon as possible. | 2026-06: Greater Manchester Police: Crime data not provided for June 2026. The force will provide a data refresh as soon as possible. | 2026-05: Greater Manchester Police: Crime data not provided for May 2026. The force will provide a data refresh as soon as possible. | 2026-04: Greater Manchester Police: Crime data not provided for April 2026. The force will provide a data refresh as soon as possible. | 2026-03: Greater Manchester Police: Crime data not provided for March 2026. The force will provide a data refresh as soon as possible. | 2026-02: Greater Manchester Police: Crime data not provided for February 2026. The force will provide a data refresh as soon as possible.,Unknown,https://data.police.uk/changelog/,2026-09-05T16:05:12.081357+00:00,f7c66fab36b0fee02000690c60519b77463003d57bb5903cbcd750af28a8357d,https://data.police.uk/api/crimes-street-dates,2026-09-05T16:04:46.173100+00:00,0a17d60fd68ee9bd19055de13c27028c5f1fe8a3e370fde21d32d7d5704da298
E23000005,Greater Manchester,2026-02,yes,Review required,Greater Manchester Police: Crime data not provided for February 2026. The force will provide a data refresh as soon as possible.,"Greater Manchester Police: Currently no crime, outcome or stop and search data is available. The force is progressing towards a new IT system and data processes which will support provision of data to police.uk in the future. Some data is available directly from GMP website here: https://www.gmp.police.uk/police-forces/greater-manchester-police/areas/greater-manchester-force-content/sd/stats-and-data/",2026-07: Greater Manchester Police: Crime data not provided for July 2026. The force will provide a data refresh as soon as possible. | 2026-06: Greater Manchester Police: Crime data not provided for June 2026. The force will provide a data refresh as soon as possible. | 2026-05: Greater Manchester Police: Crime data not provided for May 2026. The force will provide a data refresh as soon as possible. | 2026-04: Greater Manchester Police: Crime data not provided for April 2026. The force will provide a data refresh as soon as possible. | 2026-03: Greater Manchester Police: Crime data not provided for March 2026. The force will provide a data refresh as soon as possible.,Unknown,https://data.police.uk/changelog/,2026-09-05T16:05:12.081357+00:00,f7c66fab36b0fee02000690c60519b77463003d57bb5903cbcd750af28a8357d,https://data.police.uk/api/crimes-street-dates,2026-09-05T16:04:46.173100+00:00,0a17d60fd68ee9bd19055de13c27028c5f1fe8a3e370fde21d32d7d5704da298
E23000005,Greater Manchester,2026-03,yes,Review required,Greater Manchester Police: Crime data not provided for March 2026. The force will provide a data refresh as soon as possible.,"Greater Manchester Police: Currently no crime, outcome or stop and search data is available. The force is progressing towards a new IT system and data processes which will support provision of data to police.uk in the future. Some data is available directly from GMP website here: https://www.gmp.police.uk/police-forces/greater-manchester-police/areas/greater-manchester-force-content/sd/stats-and-data/",2026-07: Greater Manchester Police: Crime data not provided for July 2026. The force will provide a data refresh as soon as possible. | 2026-06: Greater Manchester Police: Crime data not provided for June 2026. The force will provide a data refresh as soon as possible. | 2026-05: Greater Manchester Police: Crime data not provided for May 2026. The force will provide a data refresh as soon as possible. | 2026-04: Greater Manchester Police: Crime data not provided for April 2026. The force will provide a data refresh as soon as possible.,Unknown,https://data.police.uk/changelog/,2026-09-05T16:05:12.081357+00:00,f7c66fab36b0fee02000690c60519b77463003d57bb5903cbcd750af28a8357d,https://data.police.uk/api/crimes-street-dates,2026-09-05T16:04:46.173100+00:00,0a17d60fd68ee9bd19055de13c27028c5f1fe8a3e370fde21d32d7d5704da298
E23000006,Cheshire,2025-04,yes,Review required,Cheshire Constabulary: Crime data refresh from May 2024 to September 2024.,,"2025-06: Cheshire Constabulary: Crime Data refreshed from January and March to April 2024, January to December 2023 and June to December 2022.",Unknown,https://data.police.uk/changelog/,2026-09-05T16:05:12.081357+00:00,f7c66fab36b0fee02000690c60519b77463003d57bb5903cbcd750af28a8357d,https://data.police.uk/api/crimes-street-dates,2026-09-05T16:04:46.173100+00:00,0a17d60fd68ee9bd19055de13c27028c5f1fe8a3e370fde21d32d7d5704da298
E23000006,Cheshire,2025-05,yes,Unknown; no notice is not proof of completeness,,,"2025-06: Cheshire Constabulary: Crime Data refreshed from January and March to April 2024, January to December 2023 and June to December 2022.",Unknown,https://data.police.uk/changelog/,2026-09-05T16:05:12.081357+00:00,f7c66fab36b0fee02000690c60519b77463003d57bb5903cbcd750af28a8357d,https://data.police.uk/api/crimes-street-dates,2026-09-05T16:04:46.173100+00:00,0a17d60fd68ee9bd19055de13c27028c5f1fe8a3e370fde21d32d7d5704da298
E23000006,Cheshire,2025-06,yes,Review required,"Cheshire Constabulary: Crime Data refreshed from January and March to April 2024, January to December 2023 and June to December 2022.",,,Unknown,https://data.police.uk/changelog/,2026-09-05T16:05:12.081357+00:00,f7c66fab36b0fee02000690c60519b77463003d57bb5903cbcd750af28a8357d,https://data.police.uk/api/crimes-street-dates,2026-09-05T16:04:46.173100+00:00,0a17d60fd68ee9bd19055de13c27028c5f1fe8a3e370fde21d32d7d5704da298
E23000006,Cheshire,2025-07,yes,Unknown; no notice is not proof of completeness,,,,Unknown,https://data.police.uk/changelog/,2026-09-05T16:05:12.081357+00:00,f7c66fab36b0fee02000690c60519b77463003d57bb5903cbcd750af28a8357d,https://data.police.uk/api/crimes-street-dates,2026-09-05T16:04:46.173100+00:00,0a17d60fd68ee9bd19055de13c27028c5f1fe8a3e370fde21d32d7d5704da298
E23000006,Cheshire,2025-08,yes,Unknown; no notice is not proof of completeness,,,,Unknown,https://data.police.uk/changelog/,2026-09-05T16:05:12.081357+00:00,f7c66fab36b0fee02000690c60519b77463003d57bb5903cbcd750af28a8357d,https://data.police.uk/api/crimes-street-dates,2026-09-05T16:04:46.173100+00:00,0a17d60fd68ee9bd19055de13c27028c5f1fe8a3e370fde21d32d7d5704da298
E23000006,Cheshire,2025-09,yes,Unknown; no notice is not proof of completeness,,,,Unknown,https://data.police.uk/changelog/,2026-09-05T16:05:12.081357+00:00,f7c66fab36b0fee02000690c60519b77463003d57bb5903cbcd750af28a8357d,https://data.police.uk/api/crimes-street-dates,2026-09-05T16:04:46.173100+00:00,0a17d60fd68ee9bd19055de13c27028c5f1fe8a3e370fde21d32d7d5704da298
E23000006,Cheshire,2025-10,yes,Unknown; no notice is not proof of completeness,,,,Unknown,https://data.police.uk/changelog/,2026-09-05T16:05:12.081357+00:00,f7c66fab36b0fee02000690c60519b77463003d57bb5903cbcd750af28a8357d,https://data.police.uk/api/crimes-street-dates,2026-09-05T16:04:46.173100+00:00,0a17d60fd68ee9bd19055de13c27028c5f1fe8a3e370fde21d32d7d5704da298
E23000006,Cheshire,2025-11,yes,Unknown; no notice is not proof of completeness,,,,Unknown,https://data.police.uk/changelog/,2026-09-05T16:05:12.081357+00:00,f7c66fab36b0fee02000690c60519b77463003d57bb5903cbcd750af28a8357d,https://data.police.uk/api/crimes-street-dates,2026-09-05T16:04:46.173100+00:00,0a17d60fd68ee9bd19055de13c27028c5f1fe8a3e370fde21d32d7d5704da298
E23000006,Cheshire,2025-12,yes,Unknown; no notice is not proof of completeness,,,,Unknown,https://data.police.uk/changelog/,2026-09-05T16:05:12.081357+00:00,f7c66fab36b0fee02000690c60519b77463003d57bb5903cbcd750af28a8357d,https://data.police.uk/api/crimes-street-dates,2026-09-05T16:04:46.173100+00:00,0a17d60fd68ee9bd19055de13c27028c5f1fe8a3e370fde21d32d7d5704da298
E23000006,Cheshire,2026-01,yes,Unknown; no notice is not proof of completeness,,,,Unknown,https://data.police.uk/changelog/,2026-09-05T16:05:12.081357+00:00,f7c66fab36b0fee02000690c60519b77463003d57bb5903cbcd750af28a8357d,https://data.police.uk/api/crimes-street-dates,2026-09-05T16:04:46.173100+00:00,0a17d60fd68ee9bd19055de13c27028c5f1fe8a3e370fde21d32d7d5704da298
E23000006,Cheshire,2026-02,yes,Unknown; no notice is not proof of completeness,,,,Unknown,https://data.police.uk/changelog/,2026-09-05T16:05:12.081357+00:00,f7c66fab36b0fee02000690c60519b77463003d57bb5903cbcd750af28a8357d,https://data.police.uk/api/crimes-street-dates,2026-09-05T16:04:46.173100+00:00,0a17d60fd68ee9bd19055de13c27028c5f1fe8a3e370fde21d32d7d5704da298
E23000006,Cheshire,2026-03,yes,Unknown; no notice is not proof of completeness,,,,Unknown,https://data.police.uk/changelog/,2026-09-05T16:05:12.081357+00:00,f7c66fab36b0fee02000690c60519b77463003d57bb5903cbcd750af28a8357d,https://data.police.uk/api/crimes-street-dates,2026-09-05T16:04:46.173100+00:00,0a17d60fd68ee9bd19055de13c27028c5f1fe8a3e370fde21d32d7d5704da298
E23000007,Northumbria,2025-04,yes,Unknown; no notice is not proof of completeness,,,2026-03: Northumbria Police: Crime data refresh for February 2026. | 2026-02: Northumbria Police: Crime data not provided for February 2026. The force will provide a data refresh as soon as possible.,Unknown,https://data.police.uk/changelog/,2026-09-05T16:05:12.081357+00:00,f7c66fab36b0fee02000690c60519b77463003d57bb5903cbcd750af28a8357d,https://data.police.uk/api/crimes-street-dates,2026-09-05T16:04:46.173100+00:00,0a17d60fd68ee9bd19055de13c27028c5f1fe8a3e370fde21d32d7d5704da298
E23000007,Northumbria,2025-05,yes,Unknown; no notice is not proof of completeness,,,2026-03: Northumbria Police: Crime data refresh for February 2026. | 2026-02: Northumbria Police: Crime data not provided for February 2026. The force will provide a data refresh as soon as possible.,Unknown,https://data.police.uk/changelog/,2026-09-05T16:05:12.081357+00:00,f7c66fab36b0fee02000690c60519b77463003d57bb5903cbcd750af28a8357d,https://data.police.uk/api/crimes-street-dates,2026-09-05T16:04:46.173100+00:00,0a17d60fd68ee9bd19055de13c27028c5f1fe8a3e370fde21d32d7d5704da298
E23000007,Northumbria,2025-06,yes,Unknown; no notice is not proof of completeness,,,2026-03: Northumbria Police: Crime data refresh for February 2026. | 2026-02: Northumbria Police: Crime data not provided for February 2026. The force will provide a data refresh as soon as possible.,Unknown,https://data.police.uk/changelog/,2026-09-05T16:05:12.081357+00:00,f7c66fab36b0fee02000690c60519b77463003d57bb5903cbcd750af28a8357d,https://data.police.uk/api/crimes-street-dates,2026-09-05T16:04:46.173100+00:00,0a17d60fd68ee9bd19055de13c27028c5f1fe8a3e370fde21d32d7d5704da298
E23000007,Northumbria,2025-07,yes,Unknown; no notice is not proof of completeness,,,2026-03: Northumbria Police: Crime data refresh for February 2026. | 2026-02: Northumbria Police: Crime data not provided for February 2026. The force will provide a data refresh as soon as possible.,Unknown,https://data.police.uk/changelog/,2026-09-05T16:05:12.081357+00:00,f7c66fab36b0fee02000690c60519b77463003d57bb5903cbcd750af28a8357d,https://data.police.uk/api/crimes-street-dates,2026-09-05T16:04:46.173100+00:00,0a17d60fd68ee9bd19055de13c27028c5f1fe8a3e370fde21d32d7d5704da298
E23000007,Northumbria,2025-08,yes,Unknown; no notice is not proof of completeness,,,2026-03: Northumbria Police: Crime data refresh for February 2026. | 2026-02: Northumbria Police: Crime data not provided for February 2026. The force will provide a data refresh as soon as possible.,Unknown,https://data.police.uk/changelog/,2026-09-05T16:05:12.081357+00:00,f7c66fab36b0fee02000690c60519b77463003d57bb5903cbcd750af28a8357d,https://data.police.uk/api/crimes-street-dates,2026-09-05T16:04:46.173100+00:00,0a17d60fd68ee9bd19055de13c27028c5f1fe8a3e370fde21d32d7d5704da298
E23000007,Northumbria,2025-09,yes,Unknown; no notice is not proof of completeness,,,2026-03: Northumbria Police: Crime data refresh for February 2026. | 2026-02: Northumbria Police: Crime data not provided for February 2026. The force will provide a data refresh as soon as possible.,Unknown,https://data.police.uk/changelog/,2026-09-05T16:05:12.081357+00:00,f7c66fab36b0fee02000690c60519b77463003d57bb5903cbcd750af28a8357d,https://data.police.uk/api/crimes-street-dates,2026-09-05T16:04:46.173100+00:00,0a17d60fd68ee9bd19055de13c27028c5f1fe8a3e370fde21d32d7d5704da298
E23000007,Northumbria,2025-10,yes,Unknown; no notice is not proof of completeness,,,2026-03: Northumbria Police: Crime data refresh for February 2026. | 2026-02: Northumbria Police: Crime data not provided for February 2026. The force will provide a data refresh as soon as possible.,Unknown,https://data.police.uk/changelog/,2026-09-05T16:05:12.081357+00:00,f7c66fab36b0fee02000690c60519b77463003d57bb5903cbcd750af28a8357d,https://data.police.uk/api/crimes-street-dates,2026-09-05T16:04:46.173100+00:00,0a17d60fd68ee9bd19055de13c27028c5f1fe8a3e370fde21d32d7d5704da298
E23000007,Northumbria,2025-11,yes,Unknown; no notice is not proof of completeness,,,2026-03: Northumbria Police: Crime data refresh for February 2026. | 2026-02: Northumbria Police: Crime data not provided for February 2026. The force will provide a data refresh as soon as possible.,Unknown,https://data.police.uk/changelog/,2026-09-05T16:05:12.081357+00:00,f7c66fab36b0fee02000690c60519b77463003d57bb5903cbcd750af28a8357d,https://data.police.uk/api/crimes-street-dates,2026-09-05T16:04:46.173100+00:00,0a17d60fd68ee9bd19055de13c27028c5f1fe8a3e370fde21d32d7d5704da298
E23000007,Northumbria,2025-12,yes,Unknown; no notice is not proof of completeness,,,2026-03: Northumbria Police: Crime data refresh for February 2026. | 2026-02: Northumbria Police: Crime data not provided for February 2026. The force will provide a data refresh as soon as possible.,Unknown,https://data.police.uk/changelog/,2026-09-05T16:05:12.081357+00:00,f7c66fab36b0fee02000690c60519b77463003d57bb5903cbcd750af28a8357d,https://data.police.uk/api/crimes-street-dates,2026-09-05T16:04:46.173100+00:00,0a17d60fd68ee9bd19055de13c27028c5f1fe8a3e370fde21d32d7d5704da298
E23000007,Northumbria,2026-01,yes,Unknown; no notice is not proof of completeness,,,2026-03: Northumbria Police: Crime data refresh for February 2026. | 2026-02: Northumbria Police: Crime data not provided for February 2026. The force will provide a data refresh as soon as possible.,Unknown,https://data.police.uk/changelog/,2026-09-05T16:05:12.081357+00:00,f7c66fab36b0fee02000690c60519b77463003d57bb5903cbcd750af28a8357d,https://data.police.uk/api/crimes-street-dates,2026-09-05T16:04:46.173100+00:00,0a17d60fd68ee9bd19055de13c27028c5f1fe8a3e370fde21d32d7d5704da298
E23000007,Northumbria,2026-02,yes,Review required,Northumbria Police: Crime data not provided for February 2026. The force will provide a data refresh as soon as possible.,,2026-03: Northumbria Police: Crime data refresh for February 2026.,Unknown,https://data.police.uk/changelog/,2026-09-05T16:05:12.081357+00:00,f7c66fab36b0fee02000690c60519b77463003d57bb5903cbcd750af28a8357d,https://data.police.uk/api/crimes-street-dates,2026-09-05T16:04:46.173100+00:00,0a17d60fd68ee9bd19055de13c27028c5f1fe8a3e370fde21d32d7d5704da298
E23000007,Northumbria,2026-03,yes,Review required,Northumbria Police: Crime data refresh for February 2026.,,,Unknown,https://data.police.uk/changelog/,2026-09-05T16:05:12.081357+00:00,f7c66fab36b0fee02000690c60519b77463003d57bb5903cbcd750af28a8357d,https://data.police.uk/api/crimes-street-dates,2026-09-05T16:04:46.173100+00:00,0a17d60fd68ee9bd19055de13c27028c5f1fe8a3e370fde21d32d7d5704da298
E23000008,Durham,2025-04,yes,Unknown; no notice is not proof of completeness,,,2026-03: Durham Constabulary: Crime data refresh for February 2026. | 2025-06: Durham Constabulary: Crime data refresh from April 2025 to May 2025.,Unknown,https://data.police.uk/changelog/,2026-09-05T16:05:12.081357+00:00,f7c66fab36b0fee02000690c60519b77463003d57bb5903cbcd750af28a8357d,https://data.police.uk/api/crimes-street-dates,2026-09-05T16:04:46.173100+00:00,0a17d60fd68ee9bd19055de13c27028c5f1fe8a3e370fde21d32d7d5704da298
E23000008,Durham,2025-05,yes,Unknown; no notice is not proof of completeness,,,2026-03: Durham Constabulary: Crime data refresh for February 2026. | 2025-06: Durham Constabulary: Crime data refresh from April 2025 to May 2025.,Unknown,https://data.police.uk/changelog/,2026-09-05T16:05:12.081357+00:00,f7c66fab36b0fee02000690c60519b77463003d57bb5903cbcd750af28a8357d,https://data.police.uk/api/crimes-street-dates,2026-09-05T16:04:46.173100+00:00,0a17d60fd68ee9bd19055de13c27028c5f1fe8a3e370fde21d32d7d5704da298
E23000008,Durham,2025-06,yes,Review required,Durham Constabulary: Crime data refresh from April 2025 to May 2025.,,2026-03: Durham Constabulary: Crime data refresh for February 2026.,Unknown,https://data.police.uk/changelog/,2026-09-05T16:05:12.081357+00:00,f7c66fab36b0fee02000690c60519b77463003d57bb5903cbcd750af28a8357d,https://data.police.uk/api/crimes-street-dates,2026-09-05T16:04:46.173100+00:00,0a17d60fd68ee9bd19055de13c27028c5f1fe8a3e370fde21d32d7d5704da298
E23000008,Durham,2025-07,yes,Unknown; no notice is not proof of completeness,,,2026-03: Durham Constabulary: Crime data refresh for February 2026.,Unknown,https://data.police.uk/changelog/,2026-09-05T16:05:12.081357+00:00,f7c66fab36b0fee02000690c60519b77463003d57bb5903cbcd750af28a8357d,https://data.police.uk/api/crimes-street-dates,2026-09-05T16:04:46.173100+00:00,0a17d60fd68ee9bd19055de13c27028c5f1fe8a3e370fde21d32d7d5704da298
E23000008,Durham,2025-08,yes,Unknown; no notice is not proof of completeness,,,2026-03: Durham Constabulary: Crime data refresh for February 2026.,Unknown,https://data.police.uk/changelog/,2026-09-05T16:05:12.081357+00:00,f7c66fab36b0fee02000690c60519b77463003d57bb5903cbcd750af28a8357d,https://data.police.uk/api/crimes-street-dates,2026-09-05T16:04:46.173100+00:00,0a17d60fd68ee9bd19055de13c27028c5f1fe8a3e370fde21d32d7d5704da298
E23000008,Durham,2025-09,yes,Unknown; no notice is not proof of completeness,,,2026-03: Durham Constabulary: Crime data refresh for February 2026.,Unknown,https://data.police.uk/changelog/,2026-09-05T16:05:12.081357+00:00,f7c66fab36b0fee02000690c60519b77463003d57bb5903cbcd750af28a8357d,https://data.police.uk/api/crimes-street-dates,2026-09-05T16:04:46.173100+00:00,0a17d60fd68ee9bd19055de13c27028c5f1fe8a3e370fde21d32d7d5704da298
E23000008,Durham,2025-10,yes,Unknown; no notice is not proof of completeness,,,2026-03: Durham Constabulary: Crime data refresh for February 2026.,Unknown,https://data.police.uk/changelog/,2026-09-05T16:05:12.081357+00:00,f7c66fab36b0fee02000690c60519b77463003d57bb5903cbcd750af28a8357d,https://data.police.uk/api/crimes-street-dates,2026-09-05T16:04:46.173100+00:00,0a17d60fd68ee9bd19055de13c27028c5f1fe8a3e370fde21d32d7d5704da298
E23000008,Durham,2025-11,yes,Unknown; no notice is not proof of completeness,,,2026-03: Durham Constabulary: Crime data refresh for February 2026.,Unknown,https://data.police.uk/changelog/,2026-09-05T16:05:12.081357+00:00,f7c66fab36b0fee02000690c60519b77463003d57bb5903cbcd750af28a8357d,https://data.police.uk/api/crimes-street-dates,2026-09-05T16:04:46.173100+00:00,0a17d60fd68ee9bd19055de13c27028c5f1fe8a3e370fde21d32d7d5704da298
E23000008,Durham,2025-12,yes,Unknown; no notice is not proof of completeness,,,2026-03: Durham Constabulary: Crime data refresh for February 2026.,Unknown,https://data.police.uk/changelog/,2026-09-05T16:05:12.081357+00:00,f7c66fab36b0fee02000690c60519b77463003d57bb5903cbcd750af28a8357d,https://data.police.uk/api/crimes-street-dates,2026-09-05T16:04:46.173100+00:00,0a17d60fd68ee9bd19055de13c27028c5f1fe8a3e370fde21d32d7d5704da298
E23000008,Durham,2026-01,yes,Unknown; no notice is not proof of completeness,,,2026-03: Durham Constabulary: Crime data refresh for February 2026.,Unknown,https://data.police.uk/changelog/,2026-09-05T16:05:12.081357+00:00,f7c66fab36b0fee02000690c60519b77463003d57bb5903cbcd750af28a8357d,https://data.police.uk/api/crimes-street-dates,2026-09-05T16:04:46.173100+00:00,0a17d60fd68ee9bd19055de13c27028c5f1fe8a3e370fde21d32d7d5704da298
E23000008,Durham,2026-02,yes,Unknown; no notice is not proof of completeness,,,2026-03: Durham Constabulary: Crime data refresh for February 2026.,Unknown,https://data.police.uk/changelog/,2026-09-05T16:05:12.081357+00:00,f7c66fab36b0fee02000690c60519b77463003d57bb5903cbcd750af28a8357d,https://data.police.uk/api/crimes-street-dates,2026-09-05T16:04:46.173100+00:00,0a17d60fd68ee9bd19055de13c27028c5f1fe8a3e370fde21d32d7d5704da298
E23000008,Durham,2026-03,yes,Review required,Durham Constabulary: Crime data refresh for February 2026.,,,Unknown,https://data.police.uk/changelog/,2026-09-05T16:05:12.081357+00:00,f7c66fab36b0fee02000690c60519b77463003d57bb5903cbcd750af28a8357d,https://data.police.uk/api/crimes-street-dates,2026-09-05T16:04:46.173100+00:00,0a17d60fd68ee9bd19055de13c27028c5f1fe8a3e370fde21d32d7d5704da298
E23000010,West Yorkshire,2025-04,yes,Unknown; no notice is not proof of completeness,,,,Unknown,https://data.police.uk/changelog/,2026-09-05T16:05:12.081357+00:00,f7c66fab36b0fee02000690c60519b77463003d57bb5903cbcd750af28a8357d,https://data.police.uk/api/crimes-street-dates,2026-09-05T16:04:46.173100+00:00,0a17d60fd68ee9bd19055de13c27028c5f1fe8a3e370fde21d32d7d5704da298
E23000010,West Yorkshire,2025-05,yes,Unknown; no notice is not proof of completeness,,,,Unknown,https://data.police.uk/changelog/,2026-09-05T16:05:12.081357+00:00,f7c66fab36b0fee02000690c60519b77463003d57bb5903cbcd750af28a8357d,https://data.police.uk/api/crimes-street-dates,2026-09-05T16:04:46.173100+00:00,0a17d60fd68ee9bd19055de13c27028c5f1fe8a3e370fde21d32d7d5704da298
E23000010,West Yorkshire,2025-06,yes,Unknown; no notice is not proof of completeness,,,,Unknown,https://data.police.uk/changelog/,2026-09-05T16:05:12.081357+00:00,f7c66fab36b0fee02000690c60519b77463003d57bb5903cbcd750af28a8357d,https://data.police.uk/api/crimes-street-dates,2026-09-05T16:04:46.173100+00:00,0a17d60fd68ee9bd19055de13c27028c5f1fe8a3e370fde21d32d7d5704da298
E23000010,West Yorkshire,2025-07,yes,Unknown; no notice is not proof of completeness,,,,Unknown,https://data.police.uk/changelog/,2026-09-05T16:05:12.081357+00:00,f7c66fab36b0fee02000690c60519b77463003d57bb5903cbcd750af28a8357d,https://data.police.uk/api/crimes-street-dates,2026-09-05T16:04:46.173100+00:00,0a17d60fd68ee9bd19055de13c27028c5f1fe8a3e370fde21d32d7d5704da298
E23000010,West Yorkshire,2025-08,yes,Unknown; no notice is not proof of completeness,,,,Unknown,https://data.police.uk/changelog/,2026-09-05T16:05:12.081357+00:00,f7c66fab36b0fee02000690c60519b77463003d57bb5903cbcd750af28a8357d,https://data.police.uk/api/crimes-street-dates,2026-09-05T16:04:46.173100+00:00,0a17d60fd68ee9bd19055de13c27028c5f1fe8a3e370fde21d32d7d5704da298
E23000010,West Yorkshire,2025-09,yes,Unknown; no notice is not proof of completeness,,,,Unknown,https://data.police.uk/changelog/,2026-09-05T16:05:12.081357+00:00,f7c66fab36b0fee02000690c60519b77463003d57bb5903cbcd750af28a8357d,https://data.police.uk/api/crimes-street-dates,2026-09-05T16:04:46.173100+00:00,0a17d60fd68ee9bd19055de13c27028c5f1fe8a3e370fde21d32d7d5704da298
E23000010,West Yorkshire,2025-10,yes,Unknown; no notice is not proof of completeness,,,,Unknown,https://data.police.uk/changelog/,2026-09-05T16:05:12.081357+00:00,f7c66fab36b0fee02000690c60519b77463003d57bb5903cbcd750af28a8357d,https://data.police.uk/api/crimes-street-dates,2026-09-05T16:04:46.173100+00:00,0a17d60fd68ee9bd19055de13c27028c5f1fe8a3e370fde21d32d7d5704da298
E23000010,West Yorkshire,2025-11,yes,Unknown; no notice is not proof of completeness,,,,Unknown,https://data.police.uk/changelog/,2026-09-05T16:05:12.081357+00:00,f7c66fab36b0fee02000690c60519b77463003d57bb5903cbcd750af28a8357d,https://data.police.uk/api/crimes-street-dates,2026-09-05T16:04:46.173100+00:00,0a17d60fd68ee9bd19055de13c27028c5f1fe8a3e370fde21d32d7d5704da298
E23000010,West Yorkshire,2025-12,yes,Unknown; no notice is not proof of completeness,,,,Unknown,https://data.police.uk/changelog/,2026-09-05T16:05:12.081357+00:00,f7c66fab36b0fee02000690c60519b77463003d57bb5903cbcd750af28a8357d,https://data.police.uk/api/crimes-street-dates,2026-09-05T16:04:46.173100+00:00,0a17d60fd68ee9bd19055de13c27028c5f1fe8a3e370fde21d32d7d5704da298
E23000010,West Yorkshire,2026-01,yes,Unknown; no notice is not proof of completeness,,,,Unknown,https://data.police.uk/changelog/,2026-09-05T16:05:12.081357+00:00,f7c66fab36b0fee02000690c60519b77463003d57bb5903cbcd750af28a8357d,https://data.police.uk/api/crimes-street-dates,2026-09-05T16:04:46.173100+00:00,0a17d60fd68ee9bd19055de13c27028c5f1fe8a3e370fde21d32d7d5704da298
E23000010,West Yorkshire,2026-02,yes,Unknown; no notice is not proof of completeness,,,,Unknown,https://data.police.uk/changelog/,2026-09-05T16:05:12.081357+00:00,f7c66fab36b0fee02000690c60519b77463003d57bb5903cbcd750af28a8357d,https://data.police.uk/api/crimes-street-dates,2026-09-05T16:04:46.173100+00:00,0a17d60fd68ee9bd19055de13c27028c5f1fe8a3e370fde21d32d7d5704da298
E23000010,West Yorkshire,2026-03,yes,Unknown; no notice is not proof of completeness,,,,Unknown,https://data.police.uk/changelog/,2026-09-05T16:05:12.081357+00:00,f7c66fab36b0fee02000690c60519b77463003d57bb5903cbcd750af28a8357d,https://data.police.uk/api/crimes-street-dates,2026-09-05T16:04:46.173100+00:00,0a17d60fd68ee9bd19055de13c27028c5f1fe8a3e370fde21d32d7d5704da298
E23000011,South Yorkshire,2025-04,yes,Unknown; no notice is not proof of completeness,,,,Unknown,https://data.police.uk/changelog/,2026-09-05T16:05:12.081357+00:00,f7c66fab36b0fee02000690c60519b77463003d57bb5903cbcd750af28a8357d,https://data.police.uk/api/crimes-street-dates,2026-09-05T16:04:46.173100+00:00,0a17d60fd68ee9bd19055de13c27028c5f1fe8a3e370fde21d32d7d5704da298
E23000011,South Yorkshire,2025-05,yes,Unknown; no notice is not proof of completeness,,,,Unknown,https://data.police.uk/changelog/,2026-09-05T16:05:12.081357+00:00,f7c66fab36b0fee02000690c60519b77463003d57bb5903cbcd750af28a8357d,https://data.police.uk/api/crimes-street-dates,2026-09-05T16:04:46.173100+00:00,0a17d60fd68ee9bd19055de13c27028c5f1fe8a3e370fde21d32d7d5704da298
E23000011,South Yorkshire,2025-06,yes,Unknown; no notice is not proof of completeness,,,,Unknown,https://data.police.uk/changelog/,2026-09-05T16:05:12.081357+00:00,f7c66fab36b0fee02000690c60519b77463003d57bb5903cbcd750af28a8357d,https://data.police.uk/api/crimes-street-dates,2026-09-05T16:04:46.173100+00:00,0a17d60fd68ee9bd19055de13c27028c5f1fe8a3e370fde21d32d7d5704da298
E23000011,South Yorkshire,2025-07,yes,Unknown; no notice is not proof of completeness,,,,Unknown,https://data.police.uk/changelog/,2026-09-05T16:05:12.081357+00:00,f7c66fab36b0fee02000690c60519b77463003d57bb5903cbcd750af28a8357d,https://data.police.uk/api/crimes-street-dates,2026-09-05T16:04:46.173100+00:00,0a17d60fd68ee9bd19055de13c27028c5f1fe8a3e370fde21d32d7d5704da298
E23000011,South Yorkshire,2025-08,yes,Unknown; no notice is not proof of completeness,,,,Unknown,https://data.police.uk/changelog/,2026-09-05T16:05:12.081357+00:00,f7c66fab36b0fee02000690c60519b77463003d57bb5903cbcd750af28a8357d,https://data.police.uk/api/crimes-street-dates,2026-09-05T16:04:46.173100+00:00,0a17d60fd68ee9bd19055de13c27028c5f1fe8a3e370fde21d32d7d5704da298
E23000011,South Yorkshire,2025-09,yes,Unknown; no notice is not proof of completeness,,,,Unknown,https://data.police.uk/changelog/,2026-09-05T16:05:12.081357+00:00,f7c66fab36b0fee02000690c60519b77463003d57bb5903cbcd750af28a8357d,https://data.police.uk/api/crimes-street-dates,2026-09-05T16:04:46.173100+00:00,0a17d60fd68ee9bd19055de13c27028c5f1fe8a3e370fde21d32d7d5704da298
E23000011,South Yorkshire,2025-10,yes,Unknown; no notice is not proof of completeness,,,,Unknown,https://data.police.uk/changelog/,2026-09-05T16:05:12.081357+00:00,f7c66fab36b0fee02000690c60519b77463003d57bb5903cbcd750af28a8357d,https://data.police.uk/api/crimes-street-dates,2026-09-05T16:04:46.173100+00:00,0a17d60fd68ee9bd19055de13c27028c5f1fe8a3e370fde21d32d7d5704da298
E23000011,South Yorkshire,2025-11,yes,Unknown; no notice is not proof of completeness,,,,Unknown,https://data.police.uk/changelog/,2026-09-05T16:05:12.081357+00:00,f7c66fab36b0fee02000690c60519b77463003d57bb5903cbcd750af28a8357d,https://data.police.uk/api/crimes-street-dates,2026-09-05T16:04:46.173100+00:00,0a17d60fd68ee9bd19055de13c27028c5f1fe8a3e370fde21d32d7d5704da298
E23000011,South Yorkshire,2025-12,yes,Unknown; no notice is not proof of completeness,,,,Unknown,https://data.police.uk/changelog/,2026-09-05T16:05:12.081357+00:00,f7c66fab36b0fee02000690c60519b77463003d57bb5903cbcd750af28a8357d,https://data.police.uk/api/crimes-street-dates,2026-09-05T16:04:46.173100+00:00,0a17d60fd68ee9bd19055de13c27028c5f1fe8a3e370fde21d32d7d5704da298
E23000011,South Yorkshire,2026-01,yes,Unknown; no notice is not proof of completeness,,,,Unknown,https://data.police.uk/changelog/,2026-09-05T16:05:12.081357+00:00,f7c66fab36b0fee02000690c60519b77463003d57bb5903cbcd750af28a8357d,https://data.police.uk/api/crimes-street-dates,2026-09-05T16:04:46.173100+00:00,0a17d60fd68ee9bd19055de13c27028c5f1fe8a3e370fde21d32d7d5704da298
E23000011,South Yorkshire,2026-02,yes,Unknown; no notice is not proof of completeness,,,,Unknown,https://data.police.uk/changelog/,2026-09-05T16:05:12.081357+00:00,f7c66fab36b0fee02000690c60519b77463003d57bb5903cbcd750af28a8357d,https://data.police.uk/api/crimes-street-dates,2026-09-05T16:04:46.173100+00:00,0a17d60fd68ee9bd19055de13c27028c5f1fe8a3e370fde21d32d7d5704da298
E23000011,South Yorkshire,2026-03,yes,Unknown; no notice is not proof of completeness,,,,Unknown,https://data.police.uk/changelog/,2026-09-05T16:05:12.081357+00:00,f7c66fab36b0fee02000690c60519b77463003d57bb5903cbcd750af28a8357d,https://data.police.uk/api/crimes-street-dates,2026-09-05T16:04:46.173100+00:00,0a17d60fd68ee9bd19055de13c27028c5f1fe8a3e370fde21d32d7d5704da298
E23000012,Humberside,2025-04,yes,Unknown; no notice is not proof of completeness,,,2025-07: Humberside Police: Crime data refresh for June 2025. | 2025-06: Humberside Police: Crime data not provided for June 2025. The force will provide a data refresh as soon as possible.,Unknown,https://data.police.uk/changelog/,2026-09-05T16:05:12.081357+00:00,f7c66fab36b0fee02000690c60519b77463003d57bb5903cbcd750af28a8357d,https://data.police.uk/api/crimes-street-dates,2026-09-05T16:04:46.173100+00:00,0a17d60fd68ee9bd19055de13c27028c5f1fe8a3e370fde21d32d7d5704da298
E23000012,Humberside,2025-05,yes,Unknown; no notice is not proof of completeness,,,2025-07: Humberside Police: Crime data refresh for June 2025. | 2025-06: Humberside Police: Crime data not provided for June 2025. The force will provide a data refresh as soon as possible.,Unknown,https://data.police.uk/changelog/,2026-09-05T16:05:12.081357+00:00,f7c66fab36b0fee02000690c60519b77463003d57bb5903cbcd750af28a8357d,https://data.police.uk/api/crimes-street-dates,2026-09-05T16:04:46.173100+00:00,0a17d60fd68ee9bd19055de13c27028c5f1fe8a3e370fde21d32d7d5704da298
E23000012,Humberside,2025-06,yes,Review required,Humberside Police: Crime data not provided for June 2025. The force will provide a data refresh as soon as possible.,,2025-07: Humberside Police: Crime data refresh for June 2025.,Unknown,https://data.police.uk/changelog/,2026-09-05T16:05:12.081357+00:00,f7c66fab36b0fee02000690c60519b77463003d57bb5903cbcd750af28a8357d,https://data.police.uk/api/crimes-street-dates,2026-09-05T16:04:46.173100+00:00,0a17d60fd68ee9bd19055de13c27028c5f1fe8a3e370fde21d32d7d5704da298
E23000012,Humberside,2025-07,yes,Review required,Humberside Police: Crime data refresh for June 2025.,,,Unknown,https://data.police.uk/changelog/,2026-09-05T16:05:12.081357+00:00,f7c66fab36b0fee02000690c60519b77463003d57bb5903cbcd750af28a8357d,https://data.police.uk/api/crimes-street-dates,2026-09-05T16:04:46.173100+00:00,0a17d60fd68ee9bd19055de13c27028c5f1fe8a3e370fde21d32d7d5704da298
E23000012,Humberside,2025-08,yes,Unknown; no notice is not proof of completeness,,,,Unknown,https://data.police.uk/changelog/,2026-09-05T16:05:12.081357+00:00,f7c66fab36b0fee02000690c60519b77463003d57bb5903cbcd750af28a8357d,https://data.police.uk/api/crimes-street-dates,2026-09-05T16:04:46.173100+00:00,0a17d60fd68ee9bd19055de13c27028c5f1fe8a3e370fde21d32d7d5704da298
E23000012,Humberside,2025-09,yes,Unknown; no notice is not proof of completeness,,,,Unknown,https://data.police.uk/changelog/,2026-09-05T16:05:12.081357+00:00,f7c66fab36b0fee02000690c60519b77463003d57bb5903cbcd750af28a8357d,https://data.police.uk/api/crimes-street-dates,2026-09-05T16:04:46.173100+00:00,0a17d60fd68ee9bd19055de13c27028c5f1fe8a3e370fde21d32d7d5704da298
E23000012,Humberside,2025-10,yes,Unknown; no notice is not proof of completeness,,,,Unknown,https://data.police.uk/changelog/,2026-09-05T16:05:12.081357+00:00,f7c66fab36b0fee02000690c60519b77463003d57bb5903cbcd750af28a8357d,https://data.police.uk/api/crimes-street-dates,2026-09-05T16:04:46.173100+00:00,0a17d60fd68ee9bd19055de13c27028c5f1fe8a3e370fde21d32d7d5704da298
E23000012,Humberside,2025-11,yes,Unknown; no notice is not proof of completeness,,,,Unknown,https://data.police.uk/changelog/,2026-09-05T16:05:12.081357+00:00,f7c66fab36b0fee02000690c60519b77463003d57bb5903cbcd750af28a8357d,https://data.police.uk/api/crimes-street-dates,2026-09-05T16:04:46.173100+00:00,0a17d60fd68ee9bd19055de13c27028c5f1fe8a3e370fde21d32d7d5704da298
E23000012,Humberside,2025-12,yes,Unknown; no notice is not proof of completeness,,,,Unknown,https://data.police.uk/changelog/,2026-09-05T16:05:12.081357+00:00,f7c66fab36b0fee02000690c60519b77463003d57bb5903cbcd750af28a8357d,https://data.police.uk/api/crimes-street-dates,2026-09-05T16:04:46.173100+00:00,0a17d60fd68ee9bd19055de13c27028c5f1fe8a3e370fde21d32d7d5704da298
E23000012,Humberside,2026-01,yes,Unknown; no notice is not proof of completeness,,,,Unknown,https://data.police.uk/changelog/,2026-09-05T16:05:12.081357+00:00,f7c66fab36b0fee02000690c60519b77463003d57bb5903cbcd750af28a8357d,https://data.police.uk/api/crimes-street-dates,2026-09-05T16:04:46.173100+00:00,0a17d60fd68ee9bd19055de13c27028c5f1fe8a3e370fde21d32d7d5704da298
E23000012,Humberside,2026-02,yes,Unknown; no notice is not proof of completeness,,,,Unknown,https://data.police.uk/changelog/,2026-09-05T16:05:12.081357+00:00,f7c66fab36b0fee02000690c60519b77463003d57bb5903cbcd750af28a8357d,https://data.police.uk/api/crimes-street-dates,2026-09-05T16:04:46.173100+00:00,0a17d60fd68ee9bd19055de13c27028c5f1fe8a3e370fde21d32d7d5704da298
E23000012,Humberside,2026-03,yes,Unknown; no notice is not proof of completeness,,,,Unknown,https://data.police.uk/changelog/,2026-09-05T16:05:12.081357+00:00,f7c66fab36b0fee02000690c60519b77463003d57bb5903cbcd750af28a8357d,https://data.police.uk/api/crimes-street-dates,2026-09-05T16:04:46.173100+00:00,0a17d60fd68ee9bd19055de13c27028c5f1fe8a3e370fde21d32d7d5704da298
E23000013,Cleveland,2025-04,yes,Unknown; no notice is not proof of completeness,,,,Unknown,https://data.police.uk/changelog/,2026-09-05T16:05:12.081357+00:00,f7c66fab36b0fee02000690c60519b77463003d57bb5903cbcd750af28a8357d,https://data.police.uk/api/crimes-street-dates,2026-09-05T16:04:46.173100+00:00,0a17d60fd68ee9bd19055de13c27028c5f1fe8a3e370fde21d32d7d5704da298
E23000013,Cleveland,2025-05,yes,Unknown; no notice is not proof of completeness,,,,Unknown,https://data.police.uk/changelog/,2026-09-05T16:05:12.081357+00:00,f7c66fab36b0fee02000690c60519b77463003d57bb5903cbcd750af28a8357d,https://data.police.uk/api/crimes-street-dates,2026-09-05T16:04:46.173100+00:00,0a17d60fd68ee9bd19055de13c27028c5f1fe8a3e370fde21d32d7d5704da298
E23000013,Cleveland,2025-06,yes,Unknown; no notice is not proof of completeness,,,,Unknown,https://data.police.uk/changelog/,2026-09-05T16:05:12.081357+00:00,f7c66fab36b0fee02000690c60519b77463003d57bb5903cbcd750af28a8357d,https://data.police.uk/api/crimes-street-dates,2026-09-05T16:04:46.173100+00:00,0a17d60fd68ee9bd19055de13c27028c5f1fe8a3e370fde21d32d7d5704da298
E23000013,Cleveland,2025-07,yes,Unknown; no notice is not proof of completeness,,,,Unknown,https://data.police.uk/changelog/,2026-09-05T16:05:12.081357+00:00,f7c66fab36b0fee02000690c60519b77463003d57bb5903cbcd750af28a8357d,https://data.police.uk/api/crimes-street-dates,2026-09-05T16:04:46.173100+00:00,0a17d60fd68ee9bd19055de13c27028c5f1fe8a3e370fde21d32d7d5704da298
E23000013,Cleveland,2025-08,yes,Unknown; no notice is not proof of completeness,,,,Unknown,https://data.police.uk/changelog/,2026-09-05T16:05:12.081357+00:00,f7c66fab36b0fee02000690c60519b77463003d57bb5903cbcd750af28a8357d,https://data.police.uk/api/crimes-street-dates,2026-09-05T16:04:46.173100+00:00,0a17d60fd68ee9bd19055de13c27028c5f1fe8a3e370fde21d32d7d5704da298
E23000013,Cleveland,2025-09,yes,Unknown; no notice is not proof of completeness,,,,Unknown,https://data.police.uk/changelog/,2026-09-05T16:05:12.081357+00:00,f7c66fab36b0fee02000690c60519b77463003d57bb5903cbcd750af28a8357d,https://data.police.uk/api/crimes-street-dates,2026-09-05T16:04:46.173100+00:00,0a17d60fd68ee9bd19055de13c27028c5f1fe8a3e370fde21d32d7d5704da298
E23000013,Cleveland,2025-10,yes,Unknown; no notice is not proof of completeness,,,,Unknown,https://data.police.uk/changelog/,2026-09-05T16:05:12.081357+00:00,f7c66fab36b0fee02000690c60519b77463003d57bb5903cbcd750af28a8357d,https://data.police.uk/api/crimes-street-dates,2026-09-05T16:04:46.173100+00:00,0a17d60fd68ee9bd19055de13c27028c5f1fe8a3e370fde21d32d7d5704da298
E23000013,Cleveland,2025-11,yes,Unknown; no notice is not proof of completeness,,,,Unknown,https://data.police.uk/changelog/,2026-09-05T16:05:12.081357+00:00,f7c66fab36b0fee02000690c60519b77463003d57bb5903cbcd750af28a8357d,https://data.police.uk/api/crimes-street-dates,2026-09-05T16:04:46.173100+00:00,0a17d60fd68ee9bd19055de13c27028c5f1fe8a3e370fde21d32d7d5704da298
E23000013,Cleveland,2025-12,yes,Unknown; no notice is not proof of completeness,,,,Unknown,https://data.police.uk/changelog/,2026-09-05T16:05:12.081357+00:00,f7c66fab36b0fee02000690c60519b77463003d57bb5903cbcd750af28a8357d,https://data.police.uk/api/crimes-street-dates,2026-09-05T16:04:46.173100+00:00,0a17d60fd68ee9bd19055de13c27028c5f1fe8a3e370fde21d32d7d5704da298
E23000013,Cleveland,2026-01,yes,Unknown; no notice is not proof of completeness,,,,Unknown,https://data.police.uk/changelog/,2026-09-05T16:05:12.081357+00:00,f7c66fab36b0fee02000690c60519b77463003d57bb5903cbcd750af28a8357d,https://data.police.uk/api/crimes-street-dates,2026-09-05T16:04:46.173100+00:00,0a17d60fd68ee9bd19055de13c27028c5f1fe8a3e370fde21d32d7d5704da298
E23000013,Cleveland,2026-02,yes,Unknown; no notice is not proof of completeness,,,,Unknown,https://data.police.uk/changelog/,2026-09-05T16:05:12.081357+00:00,f7c66fab36b0fee02000690c60519b77463003d57bb5903cbcd750af28a8357d,https://data.police.uk/api/crimes-street-dates,2026-09-05T16:04:46.173100+00:00,0a17d60fd68ee9bd19055de13c27028c5f1fe8a3e370fde21d32d7d5704da298
E23000013,Cleveland,2026-03,yes,Unknown; no notice is not proof of completeness,,,,Unknown,https://data.police.uk/changelog/,2026-09-05T16:05:12.081357+00:00,f7c66fab36b0fee02000690c60519b77463003d57bb5903cbcd750af28a8357d,https://data.police.uk/api/crimes-street-dates,2026-09-05T16:04:46.173100+00:00,0a17d60fd68ee9bd19055de13c27028c5f1fe8a3e370fde21d32d7d5704da298
E23000014,West Midlands,2025-04,yes,Unknown; no notice is not proof of completeness,,,,Unknown,https://data.police.uk/changelog/,2026-09-05T16:05:12.081357+00:00,f7c66fab36b0fee02000690c60519b77463003d57bb5903cbcd750af28a8357d,https://data.police.uk/api/crimes-street-dates,2026-09-05T16:04:46.173100+00:00,0a17d60fd68ee9bd19055de13c27028c5f1fe8a3e370fde21d32d7d5704da298
E23000014,West Midlands,2025-05,yes,Unknown; no notice is not proof of completeness,,,,Unknown,https://data.police.uk/changelog/,2026-09-05T16:05:12.081357+00:00,f7c66fab36b0fee02000690c60519b77463003d57bb5903cbcd750af28a8357d,https://data.police.uk/api/crimes-street-dates,2026-09-05T16:04:46.173100+00:00,0a17d60fd68ee9bd19055de13c27028c5f1fe8a3e370fde21d32d7d5704da298
E23000014,West Midlands,2025-06,yes,Unknown; no notice is not proof of completeness,,,,Unknown,https://data.police.uk/changelog/,2026-09-05T16:05:12.081357+00:00,f7c66fab36b0fee02000690c60519b77463003d57bb5903cbcd750af28a8357d,https://data.police.uk/api/crimes-street-dates,2026-09-05T16:04:46.173100+00:00,0a17d60fd68ee9bd19055de13c27028c5f1fe8a3e370fde21d32d7d5704da298
E23000014,West Midlands,2025-07,yes,Unknown; no notice is not proof of completeness,,,,Unknown,https://data.police.uk/changelog/,2026-09-05T16:05:12.081357+00:00,f7c66fab36b0fee02000690c60519b77463003d57bb5903cbcd750af28a8357d,https://data.police.uk/api/crimes-street-dates,2026-09-05T16:04:46.173100+00:00,0a17d60fd68ee9bd19055de13c27028c5f1fe8a3e370fde21d32d7d5704da298
E23000014,West Midlands,2025-08,yes,Unknown; no notice is not proof of completeness,,,,Unknown,https://data.police.uk/changelog/,2026-09-05T16:05:12.081357+00:00,f7c66fab36b0fee02000690c60519b77463003d57bb5903cbcd750af28a8357d,https://data.police.uk/api/crimes-street-dates,2026-09-05T16:04:46.173100+00:00,0a17d60fd68ee9bd19055de13c27028c5f1fe8a3e370fde21d32d7d5704da298
E23000014,West Midlands,2025-09,yes,Unknown; no notice is not proof of completeness,,,,Unknown,https://data.police.uk/changelog/,2026-09-05T16:05:12.081357+00:00,f7c66fab36b0fee02000690c60519b77463003d57bb5903cbcd750af28a8357d,https://data.police.uk/api/crimes-street-dates,2026-09-05T16:04:46.173100+00:00,0a17d60fd68ee9bd19055de13c27028c5f1fe8a3e370fde21d32d7d5704da298
E23000014,West Midlands,2025-10,yes,Unknown; no notice is not proof of completeness,,,,Unknown,https://data.police.uk/changelog/,2026-09-05T16:05:12.081357+00:00,f7c66fab36b0fee02000690c60519b77463003d57bb5903cbcd750af28a8357d,https://data.police.uk/api/crimes-street-dates,2026-09-05T16:04:46.173100+00:00,0a17d60fd68ee9bd19055de13c27028c5f1fe8a3e370fde21d32d7d5704da298
E23000014,West Midlands,2025-11,yes,Unknown; no notice is not proof of completeness,,,,Unknown,https://data.police.uk/changelog/,2026-09-05T16:05:12.081357+00:00,f7c66fab36b0fee02000690c60519b77463003d57bb5903cbcd750af28a8357d,https://data.police.uk/api/crimes-street-dates,2026-09-05T16:04:46.173100+00:00,0a17d60fd68ee9bd19055de13c27028c5f1fe8a3e370fde21d32d7d5704da298
E23000014,West Midlands,2025-12,yes,Unknown; no notice is not proof of completeness,,,,Unknown,https://data.police.uk/changelog/,2026-09-05T16:05:12.081357+00:00,f7c66fab36b0fee02000690c60519b77463003d57bb5903cbcd750af28a8357d,https://data.police.uk/api/crimes-street-dates,2026-09-05T16:04:46.173100+00:00,0a17d60fd68ee9bd19055de13c27028c5f1fe8a3e370fde21d32d7d5704da298
E23000014,West Midlands,2026-01,yes,Unknown; no notice is not proof of completeness,,,,Unknown,https://data.police.uk/changelog/,2026-09-05T16:05:12.081357+00:00,f7c66fab36b0fee02000690c60519b77463003d57bb5903cbcd750af28a8357d,https://data.police.uk/api/crimes-street-dates,2026-09-05T16:04:46.173100+00:00,0a17d60fd68ee9bd19055de13c27028c5f1fe8a3e370fde21d32d7d5704da298
E23000014,West Midlands,2026-02,yes,Unknown; no notice is not proof of completeness,,,,Unknown,https://data.police.uk/changelog/,2026-09-05T16:05:12.081357+00:00,f7c66fab36b0fee02000690c60519b77463003d57bb5903cbcd750af28a8357d,https://data.police.uk/api/crimes-street-dates,2026-09-05T16:04:46.173100+00:00,0a17d60fd68ee9bd19055de13c27028c5f1fe8a3e370fde21d32d7d5704da298
E23000014,West Midlands,2026-03,yes,Unknown; no notice is not proof of completeness,,,,Unknown,https://data.police.uk/changelog/,2026-09-05T16:05:12.081357+00:00,f7c66fab36b0fee02000690c60519b77463003d57bb5903cbcd750af28a8357d,https://data.police.uk/api/crimes-street-dates,2026-09-05T16:04:46.173100+00:00,0a17d60fd68ee9bd19055de13c27028c5f1fe8a3e370fde21d32d7d5704da298
E23000015,Staffordshire,2025-04,yes,Unknown; no notice is not proof of completeness,,,,Unknown,https://data.police.uk/changelog/,2026-09-05T16:05:12.081357+00:00,f7c66fab36b0fee02000690c60519b77463003d57bb5903cbcd750af28a8357d,https://data.police.uk/api/crimes-street-dates,2026-09-05T16:04:46.173100+00:00,0a17d60fd68ee9bd19055de13c27028c5f1fe8a3e370fde21d32d7d5704da298
E23000015,Staffordshire,2025-05,yes,Unknown; no notice is not proof of completeness,,,,Unknown,https://data.police.uk/changelog/,2026-09-05T16:05:12.081357+00:00,f7c66fab36b0fee02000690c60519b77463003d57bb5903cbcd750af28a8357d,https://data.police.uk/api/crimes-street-dates,2026-09-05T16:04:46.173100+00:00,0a17d60fd68ee9bd19055de13c27028c5f1fe8a3e370fde21d32d7d5704da298
E23000015,Staffordshire,2025-06,yes,Unknown; no notice is not proof of completeness,,,,Unknown,https://data.police.uk/changelog/,2026-09-05T16:05:12.081357+00:00,f7c66fab36b0fee02000690c60519b77463003d57bb5903cbcd750af28a8357d,https://data.police.uk/api/crimes-street-dates,2026-09-05T16:04:46.173100+00:00,0a17d60fd68ee9bd19055de13c27028c5f1fe8a3e370fde21d32d7d5704da298
E23000015,Staffordshire,2025-07,yes,Unknown; no notice is not proof of completeness,,,,Unknown,https://data.police.uk/changelog/,2026-09-05T16:05:12.081357+00:00,f7c66fab36b0fee02000690c60519b77463003d57bb5903cbcd750af28a8357d,https://data.police.uk/api/crimes-street-dates,2026-09-05T16:04:46.173100+00:00,0a17d60fd68ee9bd19055de13c27028c5f1fe8a3e370fde21d32d7d5704da298
E23000015,Staffordshire,2025-08,yes,Unknown; no notice is not proof of completeness,,,,Unknown,https://data.police.uk/changelog/,2026-09-05T16:05:12.081357+00:00,f7c66fab36b0fee02000690c60519b77463003d57bb5903cbcd750af28a8357d,https://data.police.uk/api/crimes-street-dates,2026-09-05T16:04:46.173100+00:00,0a17d60fd68ee9bd19055de13c27028c5f1fe8a3e370fde21d32d7d5704da298
E23000015,Staffordshire,2025-09,yes,Unknown; no notice is not proof of completeness,,,,Unknown,https://data.police.uk/changelog/,2026-09-05T16:05:12.081357+00:00,f7c66fab36b0fee02000690c60519b77463003d57bb5903cbcd750af28a8357d,https://data.police.uk/api/crimes-street-dates,2026-09-05T16:04:46.173100+00:00,0a17d60fd68ee9bd19055de13c27028c5f1fe8a3e370fde21d32d7d5704da298
E23000015,Staffordshire,2025-10,yes,Unknown; no notice is not proof of completeness,,,,Unknown,https://data.police.uk/changelog/,2026-09-05T16:05:12.081357+00:00,f7c66fab36b0fee02000690c60519b77463003d57bb5903cbcd750af28a8357d,https://data.police.uk/api/crimes-street-dates,2026-09-05T16:04:46.173100+00:00,0a17d60fd68ee9bd19055de13c27028c5f1fe8a3e370fde21d32d7d5704da298
E23000015,Staffordshire,2025-11,yes,Unknown; no notice is not proof of completeness,,,,Unknown,https://data.police.uk/changelog/,2026-09-05T16:05:12.081357+00:00,f7c66fab36b0fee02000690c60519b77463003d57bb5903cbcd750af28a8357d,https://data.police.uk/api/crimes-street-dates,2026-09-05T16:04:46.173100+00:00,0a17d60fd68ee9bd19055de13c27028c5f1fe8a3e370fde21d32d7d5704da298
E23000015,Staffordshire,2025-12,yes,Unknown; no notice is not proof of completeness,,,,Unknown,https://data.police.uk/changelog/,2026-09-05T16:05:12.081357+00:00,f7c66fab36b0fee02000690c60519b77463003d57bb5903cbcd750af28a8357d,https://data.police.uk/api/crimes-street-dates,2026-09-05T16:04:46.173100+00:00,0a17d60fd68ee9bd19055de13c27028c5f1fe8a3e370fde21d32d7d5704da298
E23000015,Staffordshire,2026-01,yes,Unknown; no notice is not proof of completeness,,,,Unknown,https://data.police.uk/changelog/,2026-09-05T16:05:12.081357+00:00,f7c66fab36b0fee02000690c60519b77463003d57bb5903cbcd750af28a8357d,https://data.police.uk/api/crimes-street-dates,2026-09-05T16:04:46.173100+00:00,0a17d60fd68ee9bd19055de13c27028c5f1fe8a3e370fde21d32d7d5704da298
E23000015,Staffordshire,2026-02,yes,Unknown; no notice is not proof of completeness,,,,Unknown,https://data.police.uk/changelog/,2026-09-05T16:05:12.081357+00:00,f7c66fab36b0fee02000690c60519b77463003d57bb5903cbcd750af28a8357d,https://data.police.uk/api/crimes-street-dates,2026-09-05T16:04:46.173100+00:00,0a17d60fd68ee9bd19055de13c27028c5f1fe8a3e370fde21d32d7d5704da298
E23000015,Staffordshire,2026-03,yes,Unknown; no notice is not proof of completeness,,,,Unknown,https://data.police.uk/changelog/,2026-09-05T16:05:12.081357+00:00,f7c66fab36b0fee02000690c60519b77463003d57bb5903cbcd750af28a8357d,https://data.police.uk/api/crimes-street-dates,2026-09-05T16:04:46.173100+00:00,0a17d60fd68ee9bd19055de13c27028c5f1fe8a3e370fde21d32d7d5704da298
E23000016,West Mercia,2025-04,yes,Unknown; no notice is not proof of completeness,,,,Unknown,https://data.police.uk/changelog/,2026-09-05T16:05:12.081357+00:00,f7c66fab36b0fee02000690c60519b77463003d57bb5903cbcd750af28a8357d,https://data.police.uk/api/crimes-street-dates,2026-09-05T16:04:46.173100+00:00,0a17d60fd68ee9bd19055de13c27028c5f1fe8a3e370fde21d32d7d5704da298
E23000016,West Mercia,2025-05,yes,Unknown; no notice is not proof of completeness,,,,Unknown,https://data.police.uk/changelog/,2026-09-05T16:05:12.081357+00:00,f7c66fab36b0fee02000690c60519b77463003d57bb5903cbcd750af28a8357d,https://data.police.uk/api/crimes-street-dates,2026-09-05T16:04:46.173100+00:00,0a17d60fd68ee9bd19055de13c27028c5f1fe8a3e370fde21d32d7d5704da298
E23000016,West Mercia,2025-06,yes,Unknown; no notice is not proof of completeness,,,,Unknown,https://data.police.uk/changelog/,2026-09-05T16:05:12.081357+00:00,f7c66fab36b0fee02000690c60519b77463003d57bb5903cbcd750af28a8357d,https://data.police.uk/api/crimes-street-dates,2026-09-05T16:04:46.173100+00:00,0a17d60fd68ee9bd19055de13c27028c5f1fe8a3e370fde21d32d7d5704da298
E23000016,West Mercia,2025-07,yes,Unknown; no notice is not proof of completeness,,,,Unknown,https://data.police.uk/changelog/,2026-09-05T16:05:12.081357+00:00,f7c66fab36b0fee02000690c60519b77463003d57bb5903cbcd750af28a8357d,https://data.police.uk/api/crimes-street-dates,2026-09-05T16:04:46.173100+00:00,0a17d60fd68ee9bd19055de13c27028c5f1fe8a3e370fde21d32d7d5704da298
E23000016,West Mercia,2025-08,yes,Unknown; no notice is not proof of completeness,,,,Unknown,https://data.police.uk/changelog/,2026-09-05T16:05:12.081357+00:00,f7c66fab36b0fee02000690c60519b77463003d57bb5903cbcd750af28a8357d,https://data.police.uk/api/crimes-street-dates,2026-09-05T16:04:46.173100+00:00,0a17d60fd68ee9bd19055de13c27028c5f1fe8a3e370fde21d32d7d5704da298
E23000016,West Mercia,2025-09,yes,Unknown; no notice is not proof of completeness,,,,Unknown,https://data.police.uk/changelog/,2026-09-05T16:05:12.081357+00:00,f7c66fab36b0fee02000690c60519b77463003d57bb5903cbcd750af28a8357d,https://data.police.uk/api/crimes-street-dates,2026-09-05T16:04:46.173100+00:00,0a17d60fd68ee9bd19055de13c27028c5f1fe8a3e370fde21d32d7d5704da298
E23000016,West Mercia,2025-10,yes,Unknown; no notice is not proof of completeness,,,,Unknown,https://data.police.uk/changelog/,2026-09-05T16:05:12.081357+00:00,f7c66fab36b0fee02000690c60519b77463003d57bb5903cbcd750af28a8357d,https://data.police.uk/api/crimes-street-dates,2026-09-05T16:04:46.173100+00:00,0a17d60fd68ee9bd19055de13c27028c5f1fe8a3e370fde21d32d7d5704da298
E23000016,West Mercia,2025-11,yes,Unknown; no notice is not proof of completeness,,,,Unknown,https://data.police.uk/changelog/,2026-09-05T16:05:12.081357+00:00,f7c66fab36b0fee02000690c60519b77463003d57bb5903cbcd750af28a8357d,https://data.police.uk/api/crimes-street-dates,2026-09-05T16:04:46.173100+00:00,0a17d60fd68ee9bd19055de13c27028c5f1fe8a3e370fde21d32d7d5704da298
E23000016,West Mercia,2025-12,yes,Unknown; no notice is not proof of completeness,,,,Unknown,https://data.police.uk/changelog/,2026-09-05T16:05:12.081357+00:00,f7c66fab36b0fee02000690c60519b77463003d57bb5903cbcd750af28a8357d,https://data.police.uk/api/crimes-street-dates,2026-09-05T16:04:46.173100+00:00,0a17d60fd68ee9bd19055de13c27028c5f1fe8a3e370fde21d32d7d5704da298
E23000016,West Mercia,2026-01,yes,Unknown; no notice is not proof of completeness,,,,Unknown,https://data.police.uk/changelog/,2026-09-05T16:05:12.081357+00:00,f7c66fab36b0fee02000690c60519b77463003d57bb5903cbcd750af28a8357d,https://data.police.uk/api/crimes-street-dates,2026-09-05T16:04:46.173100+00:00,0a17d60fd68ee9bd19055de13c27028c5f1fe8a3e370fde21d32d7d5704da298
E23000016,West Mercia,2026-02,yes,Unknown; no notice is not proof of completeness,,,,Unknown,https://data.police.uk/changelog/,2026-09-05T16:05:12.081357+00:00,f7c66fab36b0fee02000690c60519b77463003d57bb5903cbcd750af28a8357d,https://data.police.uk/api/crimes-street-dates,2026-09-05T16:04:46.173100+00:00,0a17d60fd68ee9bd19055de13c27028c5f1fe8a3e370fde21d32d7d5704da298
E23000016,West Mercia,2026-03,yes,Unknown; no notice is not proof of completeness,,,,Unknown,https://data.police.uk/changelog/,2026-09-05T16:05:12.081357+00:00,f7c66fab36b0fee02000690c60519b77463003d57bb5903cbcd750af28a8357d,https://data.police.uk/api/crimes-street-dates,2026-09-05T16:04:46.173100+00:00,0a17d60fd68ee9bd19055de13c27028c5f1fe8a3e370fde21d32d7d5704da298
E23000018,Derbyshire,2025-04,yes,Unknown; no notice is not proof of completeness,,,,Unknown,https://data.police.uk/changelog/,2026-09-05T16:05:12.081357+00:00,f7c66fab36b0fee02000690c60519b77463003d57bb5903cbcd750af28a8357d,https://data.police.uk/api/crimes-street-dates,2026-09-05T16:04:46.173100+00:00,0a17d60fd68ee9bd19055de13c27028c5f1fe8a3e370fde21d32d7d5704da298
E23000018,Derbyshire,2025-05,yes,Unknown; no notice is not proof of completeness,,,,Unknown,https://data.police.uk/changelog/,2026-09-05T16:05:12.081357+00:00,f7c66fab36b0fee02000690c60519b77463003d57bb5903cbcd750af28a8357d,https://data.police.uk/api/crimes-street-dates,2026-09-05T16:04:46.173100+00:00,0a17d60fd68ee9bd19055de13c27028c5f1fe8a3e370fde21d32d7d5704da298
E23000018,Derbyshire,2025-06,yes,Unknown; no notice is not proof of completeness,,,,Unknown,https://data.police.uk/changelog/,2026-09-05T16:05:12.081357+00:00,f7c66fab36b0fee02000690c60519b77463003d57bb5903cbcd750af28a8357d,https://data.police.uk/api/crimes-street-dates,2026-09-05T16:04:46.173100+00:00,0a17d60fd68ee9bd19055de13c27028c5f1fe8a3e370fde21d32d7d5704da298
E23000018,Derbyshire,2025-07,yes,Unknown; no notice is not proof of completeness,,,,Unknown,https://data.police.uk/changelog/,2026-09-05T16:05:12.081357+00:00,f7c66fab36b0fee02000690c60519b77463003d57bb5903cbcd750af28a8357d,https://data.police.uk/api/crimes-street-dates,2026-09-05T16:04:46.173100+00:00,0a17d60fd68ee9bd19055de13c27028c5f1fe8a3e370fde21d32d7d5704da298
E23000018,Derbyshire,2025-08,yes,Unknown; no notice is not proof of completeness,,,,Unknown,https://data.police.uk/changelog/,2026-09-05T16:05:12.081357+00:00,f7c66fab36b0fee02000690c60519b77463003d57bb5903cbcd750af28a8357d,https://data.police.uk/api/crimes-street-dates,2026-09-05T16:04:46.173100+00:00,0a17d60fd68ee9bd19055de13c27028c5f1fe8a3e370fde21d32d7d5704da298
E23000018,Derbyshire,2025-09,yes,Unknown; no notice is not proof of completeness,,,,Unknown,https://data.police.uk/changelog/,2026-09-05T16:05:12.081357+00:00,f7c66fab36b0fee02000690c60519b77463003d57bb5903cbcd750af28a8357d,https://data.police.uk/api/crimes-street-dates,2026-09-05T16:04:46.173100+00:00,0a17d60fd68ee9bd19055de13c27028c5f1fe8a3e370fde21d32d7d5704da298
E23000018,Derbyshire,2025-10,yes,Unknown; no notice is not proof of completeness,,,,Unknown,https://data.police.uk/changelog/,2026-09-05T16:05:12.081357+00:00,f7c66fab36b0fee02000690c60519b77463003d57bb5903cbcd750af28a8357d,https://data.police.uk/api/crimes-street-dates,2026-09-05T16:04:46.173100+00:00,0a17d60fd68ee9bd19055de13c27028c5f1fe8a3e370fde21d32d7d5704da298
E23000018,Derbyshire,2025-11,yes,Unknown; no notice is not proof of completeness,,,,Unknown,https://data.police.uk/changelog/,2026-09-05T16:05:12.081357+00:00,f7c66fab36b0fee02000690c60519b77463003d57bb5903cbcd750af28a8357d,https://data.police.uk/api/crimes-street-dates,2026-09-05T16:04:46.173100+00:00,0a17d60fd68ee9bd19055de13c27028c5f1fe8a3e370fde21d32d7d5704da298
E23000018,Derbyshire,2025-12,yes,Unknown; no notice is not proof of completeness,,,,Unknown,https://data.police.uk/changelog/,2026-09-05T16:05:12.081357+00:00,f7c66fab36b0fee02000690c60519b77463003d57bb5903cbcd750af28a8357d,https://data.police.uk/api/crimes-street-dates,2026-09-05T16:04:46.173100+00:00,0a17d60fd68ee9bd19055de13c27028c5f1fe8a3e370fde21d32d7d5704da298
E23000018,Derbyshire,2026-01,yes,Unknown; no notice is not proof of completeness,,,,Unknown,https://data.police.uk/changelog/,2026-09-05T16:05:12.081357+00:00,f7c66fab36b0fee02000690c60519b77463003d57bb5903cbcd750af28a8357d,https://data.police.uk/api/crimes-street-dates,2026-09-05T16:04:46.173100+00:00,0a17d60fd68ee9bd19055de13c27028c5f1fe8a3e370fde21d32d7d5704da298
E23000018,Derbyshire,2026-02,yes,Unknown; no notice is not proof of completeness,,,,Unknown,https://data.police.uk/changelog/,2026-09-05T16:05:12.081357+00:00,f7c66fab36b0fee02000690c60519b77463003d57bb5903cbcd750af28a8357d,https://data.police.uk/api/crimes-street-dates,2026-09-05T16:04:46.173100+00:00,0a17d60fd68ee9bd19055de13c27028c5f1fe8a3e370fde21d32d7d5704da298
E23000018,Derbyshire,2026-03,yes,Unknown; no notice is not proof of completeness,,,,Unknown,https://data.police.uk/changelog/,2026-09-05T16:05:12.081357+00:00,f7c66fab36b0fee02000690c60519b77463003d57bb5903cbcd750af28a8357d,https://data.police.uk/api/crimes-street-dates,2026-09-05T16:04:46.173100+00:00,0a17d60fd68ee9bd19055de13c27028c5f1fe8a3e370fde21d32d7d5704da298
E23000019,Nottinghamshire,2025-04,yes,Unknown; no notice is not proof of completeness,,,,Unknown,https://data.police.uk/changelog/,2026-09-05T16:05:12.081357+00:00,f7c66fab36b0fee02000690c60519b77463003d57bb5903cbcd750af28a8357d,https://data.police.uk/api/crimes-street-dates,2026-09-05T16:04:46.173100+00:00,0a17d60fd68ee9bd19055de13c27028c5f1fe8a3e370fde21d32d7d5704da298
E23000019,Nottinghamshire,2025-05,yes,Unknown; no notice is not proof of completeness,,,,Unknown,https://data.police.uk/changelog/,2026-09-05T16:05:12.081357+00:00,f7c66fab36b0fee02000690c60519b77463003d57bb5903cbcd750af28a8357d,https://data.police.uk/api/crimes-street-dates,2026-09-05T16:04:46.173100+00:00,0a17d60fd68ee9bd19055de13c27028c5f1fe8a3e370fde21d32d7d5704da298
E23000019,Nottinghamshire,2025-06,yes,Unknown; no notice is not proof of completeness,,,,Unknown,https://data.police.uk/changelog/,2026-09-05T16:05:12.081357+00:00,f7c66fab36b0fee02000690c60519b77463003d57bb5903cbcd750af28a8357d,https://data.police.uk/api/crimes-street-dates,2026-09-05T16:04:46.173100+00:00,0a17d60fd68ee9bd19055de13c27028c5f1fe8a3e370fde21d32d7d5704da298
E23000019,Nottinghamshire,2025-07,yes,Unknown; no notice is not proof of completeness,,,,Unknown,https://data.police.uk/changelog/,2026-09-05T16:05:12.081357+00:00,f7c66fab36b0fee02000690c60519b77463003d57bb5903cbcd750af28a8357d,https://data.police.uk/api/crimes-street-dates,2026-09-05T16:04:46.173100+00:00,0a17d60fd68ee9bd19055de13c27028c5f1fe8a3e370fde21d32d7d5704da298
E23000019,Nottinghamshire,2025-08,yes,Unknown; no notice is not proof of completeness,,,,Unknown,https://data.police.uk/changelog/,2026-09-05T16:05:12.081357+00:00,f7c66fab36b0fee02000690c60519b77463003d57bb5903cbcd750af28a8357d,https://data.police.uk/api/crimes-street-dates,2026-09-05T16:04:46.173100+00:00,0a17d60fd68ee9bd19055de13c27028c5f1fe8a3e370fde21d32d7d5704da298
E23000019,Nottinghamshire,2025-09,yes,Unknown; no notice is not proof of completeness,,,,Unknown,https://data.police.uk/changelog/,2026-09-05T16:05:12.081357+00:00,f7c66fab36b0fee02000690c60519b77463003d57bb5903cbcd750af28a8357d,https://data.police.uk/api/crimes-street-dates,2026-09-05T16:04:46.173100+00:00,0a17d60fd68ee9bd19055de13c27028c5f1fe8a3e370fde21d32d7d5704da298
E23000019,Nottinghamshire,2025-10,yes,Unknown; no notice is not proof of completeness,,,,Unknown,https://data.police.uk/changelog/,2026-09-05T16:05:12.081357+00:00,f7c66fab36b0fee02000690c60519b77463003d57bb5903cbcd750af28a8357d,https://data.police.uk/api/crimes-street-dates,2026-09-05T16:04:46.173100+00:00,0a17d60fd68ee9bd19055de13c27028c5f1fe8a3e370fde21d32d7d5704da298
E23000019,Nottinghamshire,2025-11,yes,Unknown; no notice is not proof of completeness,,,,Unknown,https://data.police.uk/changelog/,2026-09-05T16:05:12.081357+00:00,f7c66fab36b0fee02000690c60519b77463003d57bb5903cbcd750af28a8357d,https://data.police.uk/api/crimes-street-dates,2026-09-05T16:04:46.173100+00:00,0a17d60fd68ee9bd19055de13c27028c5f1fe8a3e370fde21d32d7d5704da298
E23000019,Nottinghamshire,2025-12,yes,Unknown; no notice is not proof of completeness,,,,Unknown,https://data.police.uk/changelog/,2026-09-05T16:05:12.081357+00:00,f7c66fab36b0fee02000690c60519b77463003d57bb5903cbcd750af28a8357d,https://data.police.uk/api/crimes-street-dates,2026-09-05T16:04:46.173100+00:00,0a17d60fd68ee9bd19055de13c27028c5f1fe8a3e370fde21d32d7d5704da298
E23000019,Nottinghamshire,2026-01,yes,Unknown; no notice is not proof of completeness,,,,Unknown,https://data.police.uk/changelog/,2026-09-05T16:05:12.081357+00:00,f7c66fab36b0fee02000690c60519b77463003d57bb5903cbcd750af28a8357d,https://data.police.uk/api/crimes-street-dates,2026-09-05T16:04:46.173100+00:00,0a17d60fd68ee9bd19055de13c27028c5f1fe8a3e370fde21d32d7d5704da298
E23000019,Nottinghamshire,2026-02,yes,Unknown; no notice is not proof of completeness,,,,Unknown,https://data.police.uk/changelog/,2026-09-05T16:05:12.081357+00:00,f7c66fab36b0fee02000690c60519b77463003d57bb5903cbcd750af28a8357d,https://data.police.uk/api/crimes-street-dates,2026-09-05T16:04:46.173100+00:00,0a17d60fd68ee9bd19055de13c27028c5f1fe8a3e370fde21d32d7d5704da298
E23000019,Nottinghamshire,2026-03,yes,Unknown; no notice is not proof of completeness,,,,Unknown,https://data.police.uk/changelog/,2026-09-05T16:05:12.081357+00:00,f7c66fab36b0fee02000690c60519b77463003d57bb5903cbcd750af28a8357d,https://data.police.uk/api/crimes-street-dates,2026-09-05T16:04:46.173100+00:00,0a17d60fd68ee9bd19055de13c27028c5f1fe8a3e370fde21d32d7d5704da298
E23000020,Lincolnshire,2025-04,yes,Unknown; no notice is not proof of completeness,,,2026-06: Lincolnshire Police: Crime data refresh for May 2026. | 2026-05: Lincolnshire Police: Crime data not provided for May 2026. The force will provide a data refresh as soon as possible.,Unknown,https://data.police.uk/changelog/,2026-09-05T16:05:12.081357+00:00,f7c66fab36b0fee02000690c60519b77463003d57bb5903cbcd750af28a8357d,https://data.police.uk/api/crimes-street-dates,2026-09-05T16:04:46.173100+00:00,0a17d60fd68ee9bd19055de13c27028c5f1fe8a3e370fde21d32d7d5704da298
E23000020,Lincolnshire,2025-05,yes,Unknown; no notice is not proof of completeness,,,2026-06: Lincolnshire Police: Crime data refresh for May 2026. | 2026-05: Lincolnshire Police: Crime data not provided for May 2026. The force will provide a data refresh as soon as possible.,Unknown,https://data.police.uk/changelog/,2026-09-05T16:05:12.081357+00:00,f7c66fab36b0fee02000690c60519b77463003d57bb5903cbcd750af28a8357d,https://data.police.uk/api/crimes-street-dates,2026-09-05T16:04:46.173100+00:00,0a17d60fd68ee9bd19055de13c27028c5f1fe8a3e370fde21d32d7d5704da298
E23000020,Lincolnshire,2025-06,yes,Unknown; no notice is not proof of completeness,,,2026-06: Lincolnshire Police: Crime data refresh for May 2026. | 2026-05: Lincolnshire Police: Crime data not provided for May 2026. The force will provide a data refresh as soon as possible.,Unknown,https://data.police.uk/changelog/,2026-09-05T16:05:12.081357+00:00,f7c66fab36b0fee02000690c60519b77463003d57bb5903cbcd750af28a8357d,https://data.police.uk/api/crimes-street-dates,2026-09-05T16:04:46.173100+00:00,0a17d60fd68ee9bd19055de13c27028c5f1fe8a3e370fde21d32d7d5704da298
E23000020,Lincolnshire,2025-07,yes,Unknown; no notice is not proof of completeness,,,2026-06: Lincolnshire Police: Crime data refresh for May 2026. | 2026-05: Lincolnshire Police: Crime data not provided for May 2026. The force will provide a data refresh as soon as possible.,Unknown,https://data.police.uk/changelog/,2026-09-05T16:05:12.081357+00:00,f7c66fab36b0fee02000690c60519b77463003d57bb5903cbcd750af28a8357d,https://data.police.uk/api/crimes-street-dates,2026-09-05T16:04:46.173100+00:00,0a17d60fd68ee9bd19055de13c27028c5f1fe8a3e370fde21d32d7d5704da298
E23000020,Lincolnshire,2025-08,yes,Unknown; no notice is not proof of completeness,,,2026-06: Lincolnshire Police: Crime data refresh for May 2026. | 2026-05: Lincolnshire Police: Crime data not provided for May 2026. The force will provide a data refresh as soon as possible.,Unknown,https://data.police.uk/changelog/,2026-09-05T16:05:12.081357+00:00,f7c66fab36b0fee02000690c60519b77463003d57bb5903cbcd750af28a8357d,https://data.police.uk/api/crimes-street-dates,2026-09-05T16:04:46.173100+00:00,0a17d60fd68ee9bd19055de13c27028c5f1fe8a3e370fde21d32d7d5704da298
E23000020,Lincolnshire,2025-09,yes,Unknown; no notice is not proof of completeness,,,2026-06: Lincolnshire Police: Crime data refresh for May 2026. | 2026-05: Lincolnshire Police: Crime data not provided for May 2026. The force will provide a data refresh as soon as possible.,Unknown,https://data.police.uk/changelog/,2026-09-05T16:05:12.081357+00:00,f7c66fab36b0fee02000690c60519b77463003d57bb5903cbcd750af28a8357d,https://data.police.uk/api/crimes-street-dates,2026-09-05T16:04:46.173100+00:00,0a17d60fd68ee9bd19055de13c27028c5f1fe8a3e370fde21d32d7d5704da298
E23000020,Lincolnshire,2025-10,yes,Unknown; no notice is not proof of completeness,,,2026-06: Lincolnshire Police: Crime data refresh for May 2026. | 2026-05: Lincolnshire Police: Crime data not provided for May 2026. The force will provide a data refresh as soon as possible.,Unknown,https://data.police.uk/changelog/,2026-09-05T16:05:12.081357+00:00,f7c66fab36b0fee02000690c60519b77463003d57bb5903cbcd750af28a8357d,https://data.police.uk/api/crimes-street-dates,2026-09-05T16:04:46.173100+00:00,0a17d60fd68ee9bd19055de13c27028c5f1fe8a3e370fde21d32d7d5704da298
E23000020,Lincolnshire,2025-11,yes,Unknown; no notice is not proof of completeness,,,2026-06: Lincolnshire Police: Crime data refresh for May 2026. | 2026-05: Lincolnshire Police: Crime data not provided for May 2026. The force will provide a data refresh as soon as possible.,Unknown,https://data.police.uk/changelog/,2026-09-05T16:05:12.081357+00:00,f7c66fab36b0fee02000690c60519b77463003d57bb5903cbcd750af28a8357d,https://data.police.uk/api/crimes-street-dates,2026-09-05T16:04:46.173100+00:00,0a17d60fd68ee9bd19055de13c27028c5f1fe8a3e370fde21d32d7d5704da298
E23000020,Lincolnshire,2025-12,yes,Unknown; no notice is not proof of completeness,,,2026-06: Lincolnshire Police: Crime data refresh for May 2026. | 2026-05: Lincolnshire Police: Crime data not provided for May 2026. The force will provide a data refresh as soon as possible.,Unknown,https://data.police.uk/changelog/,2026-09-05T16:05:12.081357+00:00,f7c66fab36b0fee02000690c60519b77463003d57bb5903cbcd750af28a8357d,https://data.police.uk/api/crimes-street-dates,2026-09-05T16:04:46.173100+00:00,0a17d60fd68ee9bd19055de13c27028c5f1fe8a3e370fde21d32d7d5704da298
E23000020,Lincolnshire,2026-01,yes,Unknown; no notice is not proof of completeness,,,2026-06: Lincolnshire Police: Crime data refresh for May 2026. | 2026-05: Lincolnshire Police: Crime data not provided for May 2026. The force will provide a data refresh as soon as possible.,Unknown,https://data.police.uk/changelog/,2026-09-05T16:05:12.081357+00:00,f7c66fab36b0fee02000690c60519b77463003d57bb5903cbcd750af28a8357d,https://data.police.uk/api/crimes-street-dates,2026-09-05T16:04:46.173100+00:00,0a17d60fd68ee9bd19055de13c27028c5f1fe8a3e370fde21d32d7d5704da298
E23000020,Lincolnshire,2026-02,yes,Unknown; no notice is not proof of completeness,,,2026-06: Lincolnshire Police: Crime data refresh for May 2026. | 2026-05: Lincolnshire Police: Crime data not provided for May 2026. The force will provide a data refresh as soon as possible.,Unknown,https://data.police.uk/changelog/,2026-09-05T16:05:12.081357+00:00,f7c66fab36b0fee02000690c60519b77463003d57bb5903cbcd750af28a8357d,https://data.police.uk/api/crimes-street-dates,2026-09-05T16:04:46.173100+00:00,0a17d60fd68ee9bd19055de13c27028c5f1fe8a3e370fde21d32d7d5704da298
E23000020,Lincolnshire,2026-03,yes,Unknown; no notice is not proof of completeness,,,2026-06: Lincolnshire Police: Crime data refresh for May 2026. | 2026-05: Lincolnshire Police: Crime data not provided for May 2026. The force will provide a data refresh as soon as possible.,Unknown,https://data.police.uk/changelog/,2026-09-05T16:05:12.081357+00:00,f7c66fab36b0fee02000690c60519b77463003d57bb5903cbcd750af28a8357d,https://data.police.uk/api/crimes-street-dates,2026-09-05T16:04:46.173100+00:00,0a17d60fd68ee9bd19055de13c27028c5f1fe8a3e370fde21d32d7d5704da298
E23000021,Leicestershire,2025-04,yes,Unknown; no notice is not proof of completeness,,,,Unknown,https://data.police.uk/changelog/,2026-09-05T16:05:12.081357+00:00,f7c66fab36b0fee02000690c60519b77463003d57bb5903cbcd750af28a8357d,https://data.police.uk/api/crimes-street-dates,2026-09-05T16:04:46.173100+00:00,0a17d60fd68ee9bd19055de13c27028c5f1fe8a3e370fde21d32d7d5704da298
E23000021,Leicestershire,2025-05,yes,Unknown; no notice is not proof of completeness,,,,Unknown,https://data.police.uk/changelog/,2026-09-05T16:05:12.081357+00:00,f7c66fab36b0fee02000690c60519b77463003d57bb5903cbcd750af28a8357d,https://data.police.uk/api/crimes-street-dates,2026-09-05T16:04:46.173100+00:00,0a17d60fd68ee9bd19055de13c27028c5f1fe8a3e370fde21d32d7d5704da298
E23000021,Leicestershire,2025-06,yes,Unknown; no notice is not proof of completeness,,,,Unknown,https://data.police.uk/changelog/,2026-09-05T16:05:12.081357+00:00,f7c66fab36b0fee02000690c60519b77463003d57bb5903cbcd750af28a8357d,https://data.police.uk/api/crimes-street-dates,2026-09-05T16:04:46.173100+00:00,0a17d60fd68ee9bd19055de13c27028c5f1fe8a3e370fde21d32d7d5704da298
E23000021,Leicestershire,2025-07,yes,Unknown; no notice is not proof of completeness,,,,Unknown,https://data.police.uk/changelog/,2026-09-05T16:05:12.081357+00:00,f7c66fab36b0fee02000690c60519b77463003d57bb5903cbcd750af28a8357d,https://data.police.uk/api/crimes-street-dates,2026-09-05T16:04:46.173100+00:00,0a17d60fd68ee9bd19055de13c27028c5f1fe8a3e370fde21d32d7d5704da298
E23000021,Leicestershire,2025-08,yes,Unknown; no notice is not proof of completeness,,,,Unknown,https://data.police.uk/changelog/,2026-09-05T16:05:12.081357+00:00,f7c66fab36b0fee02000690c60519b77463003d57bb5903cbcd750af28a8357d,https://data.police.uk/api/crimes-street-dates,2026-09-05T16:04:46.173100+00:00,0a17d60fd68ee9bd19055de13c27028c5f1fe8a3e370fde21d32d7d5704da298
E23000021,Leicestershire,2025-09,yes,Unknown; no notice is not proof of completeness,,,,Unknown,https://data.police.uk/changelog/,2026-09-05T16:05:12.081357+00:00,f7c66fab36b0fee02000690c60519b77463003d57bb5903cbcd750af28a8357d,https://data.police.uk/api/crimes-street-dates,2026-09-05T16:04:46.173100+00:00,0a17d60fd68ee9bd19055de13c27028c5f1fe8a3e370fde21d32d7d5704da298
E23000021,Leicestershire,2025-10,yes,Unknown; no notice is not proof of completeness,,,,Unknown,https://data.police.uk/changelog/,2026-09-05T16:05:12.081357+00:00,f7c66fab36b0fee02000690c60519b77463003d57bb5903cbcd750af28a8357d,https://data.police.uk/api/crimes-street-dates,2026-09-05T16:04:46.173100+00:00,0a17d60fd68ee9bd19055de13c27028c5f1fe8a3e370fde21d32d7d5704da298
E23000021,Leicestershire,2025-11,yes,Unknown; no notice is not proof of completeness,,,,Unknown,https://data.police.uk/changelog/,2026-09-05T16:05:12.081357+00:00,f7c66fab36b0fee02000690c60519b77463003d57bb5903cbcd750af28a8357d,https://data.police.uk/api/crimes-street-dates,2026-09-05T16:04:46.173100+00:00,0a17d60fd68ee9bd19055de13c27028c5f1fe8a3e370fde21d32d7d5704da298
E23000021,Leicestershire,2025-12,yes,Unknown; no notice is not proof of completeness,,,,Unknown,https://data.police.uk/changelog/,2026-09-05T16:05:12.081357+00:00,f7c66fab36b0fee02000690c60519b77463003d57bb5903cbcd750af28a8357d,https://data.police.uk/api/crimes-street-dates,2026-09-05T16:04:46.173100+00:00,0a17d60fd68ee9bd19055de13c27028c5f1fe8a3e370fde21d32d7d5704da298
E23000021,Leicestershire,2026-01,yes,Unknown; no notice is not proof of completeness,,,,Unknown,https://data.police.uk/changelog/,2026-09-05T16:05:12.081357+00:00,f7c66fab36b0fee02000690c60519b77463003d57bb5903cbcd750af28a8357d,https://data.police.uk/api/crimes-street-dates,2026-09-05T16:04:46.173100+00:00,0a17d60fd68ee9bd19055de13c27028c5f1fe8a3e370fde21d32d7d5704da298
E23000021,Leicestershire,2026-02,yes,Unknown; no notice is not proof of completeness,,,,Unknown,https://data.police.uk/changelog/,2026-09-05T16:05:12.081357+00:00,f7c66fab36b0fee02000690c60519b77463003d57bb5903cbcd750af28a8357d,https://data.police.uk/api/crimes-street-dates,2026-09-05T16:04:46.173100+00:00,0a17d60fd68ee9bd19055de13c27028c5f1fe8a3e370fde21d32d7d5704da298
E23000021,Leicestershire,2026-03,yes,Unknown; no notice is not proof of completeness,,,,Unknown,https://data.police.uk/changelog/,2026-09-05T16:05:12.081357+00:00,f7c66fab36b0fee02000690c60519b77463003d57bb5903cbcd750af28a8357d,https://data.police.uk/api/crimes-street-dates,2026-09-05T16:04:46.173100+00:00,0a17d60fd68ee9bd19055de13c27028c5f1fe8a3e370fde21d32d7d5704da298
E23000022,Northamptonshire,2025-04,yes,Unknown; no notice is not proof of completeness,,,,Unknown,https://data.police.uk/changelog/,2026-09-05T16:05:12.081357+00:00,f7c66fab36b0fee02000690c60519b77463003d57bb5903cbcd750af28a8357d,https://data.police.uk/api/crimes-street-dates,2026-09-05T16:04:46.173100+00:00,0a17d60fd68ee9bd19055de13c27028c5f1fe8a3e370fde21d32d7d5704da298
E23000022,Northamptonshire,2025-05,yes,Unknown; no notice is not proof of completeness,,,,Unknown,https://data.police.uk/changelog/,2026-09-05T16:05:12.081357+00:00,f7c66fab36b0fee02000690c60519b77463003d57bb5903cbcd750af28a8357d,https://data.police.uk/api/crimes-street-dates,2026-09-05T16:04:46.173100+00:00,0a17d60fd68ee9bd19055de13c27028c5f1fe8a3e370fde21d32d7d5704da298
E23000022,Northamptonshire,2025-06,yes,Unknown; no notice is not proof of completeness,,,,Unknown,https://data.police.uk/changelog/,2026-09-05T16:05:12.081357+00:00,f7c66fab36b0fee02000690c60519b77463003d57bb5903cbcd750af28a8357d,https://data.police.uk/api/crimes-street-dates,2026-09-05T16:04:46.173100+00:00,0a17d60fd68ee9bd19055de13c27028c5f1fe8a3e370fde21d32d7d5704da298
E23000022,Northamptonshire,2025-07,yes,Unknown; no notice is not proof of completeness,,,,Unknown,https://data.police.uk/changelog/,2026-09-05T16:05:12.081357+00:00,f7c66fab36b0fee02000690c60519b77463003d57bb5903cbcd750af28a8357d,https://data.police.uk/api/crimes-street-dates,2026-09-05T16:04:46.173100+00:00,0a17d60fd68ee9bd19055de13c27028c5f1fe8a3e370fde21d32d7d5704da298
E23000022,Northamptonshire,2025-08,yes,Unknown; no notice is not proof of completeness,,,,Unknown,https://data.police.uk/changelog/,2026-09-05T16:05:12.081357+00:00,f7c66fab36b0fee02000690c60519b77463003d57bb5903cbcd750af28a8357d,https://data.police.uk/api/crimes-street-dates,2026-09-05T16:04:46.173100+00:00,0a17d60fd68ee9bd19055de13c27028c5f1fe8a3e370fde21d32d7d5704da298
E23000022,Northamptonshire,2025-09,yes,Unknown; no notice is not proof of completeness,,,,Unknown,https://data.police.uk/changelog/,2026-09-05T16:05:12.081357+00:00,f7c66fab36b0fee02000690c60519b77463003d57bb5903cbcd750af28a8357d,https://data.police.uk/api/crimes-street-dates,2026-09-05T16:04:46.173100+00:00,0a17d60fd68ee9bd19055de13c27028c5f1fe8a3e370fde21d32d7d5704da298
E23000022,Northamptonshire,2025-10,yes,Unknown; no notice is not proof of completeness,,,,Unknown,https://data.police.uk/changelog/,2026-09-05T16:05:12.081357+00:00,f7c66fab36b0fee02000690c60519b77463003d57bb5903cbcd750af28a8357d,https://data.police.uk/api/crimes-street-dates,2026-09-05T16:04:46.173100+00:00,0a17d60fd68ee9bd19055de13c27028c5f1fe8a3e370fde21d32d7d5704da298
E23000022,Northamptonshire,2025-11,yes,Unknown; no notice is not proof of completeness,,,,Unknown,https://data.police.uk/changelog/,2026-09-05T16:05:12.081357+00:00,f7c66fab36b0fee02000690c60519b77463003d57bb5903cbcd750af28a8357d,https://data.police.uk/api/crimes-street-dates,2026-09-05T16:04:46.173100+00:00,0a17d60fd68ee9bd19055de13c27028c5f1fe8a3e370fde21d32d7d5704da298
E23000022,Northamptonshire,2025-12,yes,Unknown; no notice is not proof of completeness,,,,Unknown,https://data.police.uk/changelog/,2026-09-05T16:05:12.081357+00:00,f7c66fab36b0fee02000690c60519b77463003d57bb5903cbcd750af28a8357d,https://data.police.uk/api/crimes-street-dates,2026-09-05T16:04:46.173100+00:00,0a17d60fd68ee9bd19055de13c27028c5f1fe8a3e370fde21d32d7d5704da298
E23000022,Northamptonshire,2026-01,yes,Unknown; no notice is not proof of completeness,,,,Unknown,https://data.police.uk/changelog/,2026-09-05T16:05:12.081357+00:00,f7c66fab36b0fee02000690c60519b77463003d57bb5903cbcd750af28a8357d,https://data.police.uk/api/crimes-street-dates,2026-09-05T16:04:46.173100+00:00,0a17d60fd68ee9bd19055de13c27028c5f1fe8a3e370fde21d32d7d5704da298
E23000022,Northamptonshire,2026-02,yes,Unknown; no notice is not proof of completeness,,,,Unknown,https://data.police.uk/changelog/,2026-09-05T16:05:12.081357+00:00,f7c66fab36b0fee02000690c60519b77463003d57bb5903cbcd750af28a8357d,https://data.police.uk/api/crimes-street-dates,2026-09-05T16:04:46.173100+00:00,0a17d60fd68ee9bd19055de13c27028c5f1fe8a3e370fde21d32d7d5704da298
E23000022,Northamptonshire,2026-03,yes,Unknown; no notice is not proof of completeness,,,,Unknown,https://data.police.uk/changelog/,2026-09-05T16:05:12.081357+00:00,f7c66fab36b0fee02000690c60519b77463003d57bb5903cbcd750af28a8357d,https://data.police.uk/api/crimes-street-dates,2026-09-05T16:04:46.173100+00:00,0a17d60fd68ee9bd19055de13c27028c5f1fe8a3e370fde21d32d7d5704da298
E23000023,Cambridgeshire,2025-04,yes,Unknown; no notice is not proof of completeness,,,,Unknown,https://data.police.uk/changelog/,2026-09-05T16:05:12.081357+00:00,f7c66fab36b0fee02000690c60519b77463003d57bb5903cbcd750af28a8357d,https://data.police.uk/api/crimes-street-dates,2026-09-05T16:04:46.173100+00:00,0a17d60fd68ee9bd19055de13c27028c5f1fe8a3e370fde21d32d7d5704da298
E23000023,Cambridgeshire,2025-05,yes,Unknown; no notice is not proof of completeness,,,,Unknown,https://data.police.uk/changelog/,2026-09-05T16:05:12.081357+00:00,f7c66fab36b0fee02000690c60519b77463003d57bb5903cbcd750af28a8357d,https://data.police.uk/api/crimes-street-dates,2026-09-05T16:04:46.173100+00:00,0a17d60fd68ee9bd19055de13c27028c5f1fe8a3e370fde21d32d7d5704da298
E23000023,Cambridgeshire,2025-06,yes,Unknown; no notice is not proof of completeness,,,,Unknown,https://data.police.uk/changelog/,2026-09-05T16:05:12.081357+00:00,f7c66fab36b0fee02000690c60519b77463003d57bb5903cbcd750af28a8357d,https://data.police.uk/api/crimes-street-dates,2026-09-05T16:04:46.173100+00:00,0a17d60fd68ee9bd19055de13c27028c5f1fe8a3e370fde21d32d7d5704da298
E23000023,Cambridgeshire,2025-07,yes,Unknown; no notice is not proof of completeness,,,,Unknown,https://data.police.uk/changelog/,2026-09-05T16:05:12.081357+00:00,f7c66fab36b0fee02000690c60519b77463003d57bb5903cbcd750af28a8357d,https://data.police.uk/api/crimes-street-dates,2026-09-05T16:04:46.173100+00:00,0a17d60fd68ee9bd19055de13c27028c5f1fe8a3e370fde21d32d7d5704da298
E23000023,Cambridgeshire,2025-08,yes,Unknown; no notice is not proof of completeness,,,,Unknown,https://data.police.uk/changelog/,2026-09-05T16:05:12.081357+00:00,f7c66fab36b0fee02000690c60519b77463003d57bb5903cbcd750af28a8357d,https://data.police.uk/api/crimes-street-dates,2026-09-05T16:04:46.173100+00:00,0a17d60fd68ee9bd19055de13c27028c5f1fe8a3e370fde21d32d7d5704da298
E23000023,Cambridgeshire,2025-09,yes,Unknown; no notice is not proof of completeness,,,,Unknown,https://data.police.uk/changelog/,2026-09-05T16:05:12.081357+00:00,f7c66fab36b0fee02000690c60519b77463003d57bb5903cbcd750af28a8357d,https://data.police.uk/api/crimes-street-dates,2026-09-05T16:04:46.173100+00:00,0a17d60fd68ee9bd19055de13c27028c5f1fe8a3e370fde21d32d7d5704da298
E23000023,Cambridgeshire,2025-10,yes,Unknown; no notice is not proof of completeness,,,,Unknown,https://data.police.uk/changelog/,2026-09-05T16:05:12.081357+00:00,f7c66fab36b0fee02000690c60519b77463003d57bb5903cbcd750af28a8357d,https://data.police.uk/api/crimes-street-dates,2026-09-05T16:04:46.173100+00:00,0a17d60fd68ee9bd19055de13c27028c5f1fe8a3e370fde21d32d7d5704da298
E23000023,Cambridgeshire,2025-11,yes,Unknown; no notice is not proof of completeness,,,,Unknown,https://data.police.uk/changelog/,2026-09-05T16:05:12.081357+00:00,f7c66fab36b0fee02000690c60519b77463003d57bb5903cbcd750af28a8357d,https://data.police.uk/api/crimes-street-dates,2026-09-05T16:04:46.173100+00:00,0a17d60fd68ee9bd19055de13c27028c5f1fe8a3e370fde21d32d7d5704da298
E23000023,Cambridgeshire,2025-12,yes,Unknown; no notice is not proof of completeness,,,,Unknown,https://data.police.uk/changelog/,2026-09-05T16:05:12.081357+00:00,f7c66fab36b0fee02000690c60519b77463003d57bb5903cbcd750af28a8357d,https://data.police.uk/api/crimes-street-dates,2026-09-05T16:04:46.173100+00:00,0a17d60fd68ee9bd19055de13c27028c5f1fe8a3e370fde21d32d7d5704da298
E23000023,Cambridgeshire,2026-01,yes,Unknown; no notice is not proof of completeness,,,,Unknown,https://data.police.uk/changelog/,2026-09-05T16:05:12.081357+00:00,f7c66fab36b0fee02000690c60519b77463003d57bb5903cbcd750af28a8357d,https://data.police.uk/api/crimes-street-dates,2026-09-05T16:04:46.173100+00:00,0a17d60fd68ee9bd19055de13c27028c5f1fe8a3e370fde21d32d7d5704da298
E23000023,Cambridgeshire,2026-02,yes,Unknown; no notice is not proof of completeness,,,,Unknown,https://data.police.uk/changelog/,2026-09-05T16:05:12.081357+00:00,f7c66fab36b0fee02000690c60519b77463003d57bb5903cbcd750af28a8357d,https://data.police.uk/api/crimes-street-dates,2026-09-05T16:04:46.173100+00:00,0a17d60fd68ee9bd19055de13c27028c5f1fe8a3e370fde21d32d7d5704da298
E23000023,Cambridgeshire,2026-03,yes,Unknown; no notice is not proof of completeness,,,,Unknown,https://data.police.uk/changelog/,2026-09-05T16:05:12.081357+00:00,f7c66fab36b0fee02000690c60519b77463003d57bb5903cbcd750af28a8357d,https://data.police.uk/api/crimes-street-dates,2026-09-05T16:04:46.173100+00:00,0a17d60fd68ee9bd19055de13c27028c5f1fe8a3e370fde21d32d7d5704da298
E23000024,Norfolk,2025-04,yes,Unknown; no notice is not proof of completeness,,,,Unknown,https://data.police.uk/changelog/,2026-09-05T16:05:12.081357+00:00,f7c66fab36b0fee02000690c60519b77463003d57bb5903cbcd750af28a8357d,https://data.police.uk/api/crimes-street-dates,2026-09-05T16:04:46.173100+00:00,0a17d60fd68ee9bd19055de13c27028c5f1fe8a3e370fde21d32d7d5704da298
E23000024,Norfolk,2025-05,yes,Unknown; no notice is not proof of completeness,,,,Unknown,https://data.police.uk/changelog/,2026-09-05T16:05:12.081357+00:00,f7c66fab36b0fee02000690c60519b77463003d57bb5903cbcd750af28a8357d,https://data.police.uk/api/crimes-street-dates,2026-09-05T16:04:46.173100+00:00,0a17d60fd68ee9bd19055de13c27028c5f1fe8a3e370fde21d32d7d5704da298
E23000024,Norfolk,2025-06,yes,Unknown; no notice is not proof of completeness,,,,Unknown,https://data.police.uk/changelog/,2026-09-05T16:05:12.081357+00:00,f7c66fab36b0fee02000690c60519b77463003d57bb5903cbcd750af28a8357d,https://data.police.uk/api/crimes-street-dates,2026-09-05T16:04:46.173100+00:00,0a17d60fd68ee9bd19055de13c27028c5f1fe8a3e370fde21d32d7d5704da298
E23000024,Norfolk,2025-07,yes,Unknown; no notice is not proof of completeness,,,,Unknown,https://data.police.uk/changelog/,2026-09-05T16:05:12.081357+00:00,f7c66fab36b0fee02000690c60519b77463003d57bb5903cbcd750af28a8357d,https://data.police.uk/api/crimes-street-dates,2026-09-05T16:04:46.173100+00:00,0a17d60fd68ee9bd19055de13c27028c5f1fe8a3e370fde21d32d7d5704da298
E23000024,Norfolk,2025-08,yes,Unknown; no notice is not proof of completeness,,,,Unknown,https://data.police.uk/changelog/,2026-09-05T16:05:12.081357+00:00,f7c66fab36b0fee02000690c60519b77463003d57bb5903cbcd750af28a8357d,https://data.police.uk/api/crimes-street-dates,2026-09-05T16:04:46.173100+00:00,0a17d60fd68ee9bd19055de13c27028c5f1fe8a3e370fde21d32d7d5704da298
E23000024,Norfolk,2025-09,yes,Unknown; no notice is not proof of completeness,,,,Unknown,https://data.police.uk/changelog/,2026-09-05T16:05:12.081357+00:00,f7c66fab36b0fee02000690c60519b77463003d57bb5903cbcd750af28a8357d,https://data.police.uk/api/crimes-street-dates,2026-09-05T16:04:46.173100+00:00,0a17d60fd68ee9bd19055de13c27028c5f1fe8a3e370fde21d32d7d5704da298
E23000024,Norfolk,2025-10,yes,Unknown; no notice is not proof of completeness,,,,Unknown,https://data.police.uk/changelog/,2026-09-05T16:05:12.081357+00:00,f7c66fab36b0fee02000690c60519b77463003d57bb5903cbcd750af28a8357d,https://data.police.uk/api/crimes-street-dates,2026-09-05T16:04:46.173100+00:00,0a17d60fd68ee9bd19055de13c27028c5f1fe8a3e370fde21d32d7d5704da298
E23000024,Norfolk,2025-11,yes,Unknown; no notice is not proof of completeness,,,,Unknown,https://data.police.uk/changelog/,2026-09-05T16:05:12.081357+00:00,f7c66fab36b0fee02000690c60519b77463003d57bb5903cbcd750af28a8357d,https://data.police.uk/api/crimes-street-dates,2026-09-05T16:04:46.173100+00:00,0a17d60fd68ee9bd19055de13c27028c5f1fe8a3e370fde21d32d7d5704da298
E23000024,Norfolk,2025-12,yes,Unknown; no notice is not proof of completeness,,,,Unknown,https://data.police.uk/changelog/,2026-09-05T16:05:12.081357+00:00,f7c66fab36b0fee02000690c60519b77463003d57bb5903cbcd750af28a8357d,https://data.police.uk/api/crimes-street-dates,2026-09-05T16:04:46.173100+00:00,0a17d60fd68ee9bd19055de13c27028c5f1fe8a3e370fde21d32d7d5704da298
E23000024,Norfolk,2026-01,yes,Unknown; no notice is not proof of completeness,,,,Unknown,https://data.police.uk/changelog/,2026-09-05T16:05:12.081357+00:00,f7c66fab36b0fee02000690c60519b77463003d57bb5903cbcd750af28a8357d,https://data.police.uk/api/crimes-street-dates,2026-09-05T16:04:46.173100+00:00,0a17d60fd68ee9bd19055de13c27028c5f1fe8a3e370fde21d32d7d5704da298
E23000024,Norfolk,2026-02,yes,Unknown; no notice is not proof of completeness,,,,Unknown,https://data.police.uk/changelog/,2026-09-05T16:05:12.081357+00:00,f7c66fab36b0fee02000690c60519b77463003d57bb5903cbcd750af28a8357d,https://data.police.uk/api/crimes-street-dates,2026-09-05T16:04:46.173100+00:00,0a17d60fd68ee9bd19055de13c27028c5f1fe8a3e370fde21d32d7d5704da298
E23000024,Norfolk,2026-03,yes,Unknown; no notice is not proof of completeness,,,,Unknown,https://data.police.uk/changelog/,2026-09-05T16:05:12.081357+00:00,f7c66fab36b0fee02000690c60519b77463003d57bb5903cbcd750af28a8357d,https://data.police.uk/api/crimes-street-dates,2026-09-05T16:04:46.173100+00:00,0a17d60fd68ee9bd19055de13c27028c5f1fe8a3e370fde21d32d7d5704da298
E23000025,Suffolk,2025-04,yes,Unknown; no notice is not proof of completeness,,,,Unknown,https://data.police.uk/changelog/,2026-09-05T16:05:12.081357+00:00,f7c66fab36b0fee02000690c60519b77463003d57bb5903cbcd750af28a8357d,https://data.police.uk/api/crimes-street-dates,2026-09-05T16:04:46.173100+00:00,0a17d60fd68ee9bd19055de13c27028c5f1fe8a3e370fde21d32d7d5704da298
E23000025,Suffolk,2025-05,yes,Unknown; no notice is not proof of completeness,,,,Unknown,https://data.police.uk/changelog/,2026-09-05T16:05:12.081357+00:00,f7c66fab36b0fee02000690c60519b77463003d57bb5903cbcd750af28a8357d,https://data.police.uk/api/crimes-street-dates,2026-09-05T16:04:46.173100+00:00,0a17d60fd68ee9bd19055de13c27028c5f1fe8a3e370fde21d32d7d5704da298
E23000025,Suffolk,2025-06,yes,Unknown; no notice is not proof of completeness,,,,Unknown,https://data.police.uk/changelog/,2026-09-05T16:05:12.081357+00:00,f7c66fab36b0fee02000690c60519b77463003d57bb5903cbcd750af28a8357d,https://data.police.uk/api/crimes-street-dates,2026-09-05T16:04:46.173100+00:00,0a17d60fd68ee9bd19055de13c27028c5f1fe8a3e370fde21d32d7d5704da298
E23000025,Suffolk,2025-07,yes,Unknown; no notice is not proof of completeness,,,,Unknown,https://data.police.uk/changelog/,2026-09-05T16:05:12.081357+00:00,f7c66fab36b0fee02000690c60519b77463003d57bb5903cbcd750af28a8357d,https://data.police.uk/api/crimes-street-dates,2026-09-05T16:04:46.173100+00:00,0a17d60fd68ee9bd19055de13c27028c5f1fe8a3e370fde21d32d7d5704da298
E23000025,Suffolk,2025-08,yes,Unknown; no notice is not proof of completeness,,,,Unknown,https://data.police.uk/changelog/,2026-09-05T16:05:12.081357+00:00,f7c66fab36b0fee02000690c60519b77463003d57bb5903cbcd750af28a8357d,https://data.police.uk/api/crimes-street-dates,2026-09-05T16:04:46.173100+00:00,0a17d60fd68ee9bd19055de13c27028c5f1fe8a3e370fde21d32d7d5704da298
E23000025,Suffolk,2025-09,yes,Unknown; no notice is not proof of completeness,,,,Unknown,https://data.police.uk/changelog/,2026-09-05T16:05:12.081357+00:00,f7c66fab36b0fee02000690c60519b77463003d57bb5903cbcd750af28a8357d,https://data.police.uk/api/crimes-street-dates,2026-09-05T16:04:46.173100+00:00,0a17d60fd68ee9bd19055de13c27028c5f1fe8a3e370fde21d32d7d5704da298
E23000025,Suffolk,2025-10,yes,Unknown; no notice is not proof of completeness,,,,Unknown,https://data.police.uk/changelog/,2026-09-05T16:05:12.081357+00:00,f7c66fab36b0fee02000690c60519b77463003d57bb5903cbcd750af28a8357d,https://data.police.uk/api/crimes-street-dates,2026-09-05T16:04:46.173100+00:00,0a17d60fd68ee9bd19055de13c27028c5f1fe8a3e370fde21d32d7d5704da298
E23000025,Suffolk,2025-11,yes,Unknown; no notice is not proof of completeness,,,,Unknown,https://data.police.uk/changelog/,2026-09-05T16:05:12.081357+00:00,f7c66fab36b0fee02000690c60519b77463003d57bb5903cbcd750af28a8357d,https://data.police.uk/api/crimes-street-dates,2026-09-05T16:04:46.173100+00:00,0a17d60fd68ee9bd19055de13c27028c5f1fe8a3e370fde21d32d7d5704da298
E23000025,Suffolk,2025-12,yes,Unknown; no notice is not proof of completeness,,,,Unknown,https://data.police.uk/changelog/,2026-09-05T16:05:12.081357+00:00,f7c66fab36b0fee02000690c60519b77463003d57bb5903cbcd750af28a8357d,https://data.police.uk/api/crimes-street-dates,2026-09-05T16:04:46.173100+00:00,0a17d60fd68ee9bd19055de13c27028c5f1fe8a3e370fde21d32d7d5704da298
E23000025,Suffolk,2026-01,yes,Unknown; no notice is not proof of completeness,,,,Unknown,https://data.police.uk/changelog/,2026-09-05T16:05:12.081357+00:00,f7c66fab36b0fee02000690c60519b77463003d57bb5903cbcd750af28a8357d,https://data.police.uk/api/crimes-street-dates,2026-09-05T16:04:46.173100+00:00,0a17d60fd68ee9bd19055de13c27028c5f1fe8a3e370fde21d32d7d5704da298
E23000025,Suffolk,2026-02,yes,Unknown; no notice is not proof of completeness,,,,Unknown,https://data.police.uk/changelog/,2026-09-05T16:05:12.081357+00:00,f7c66fab36b0fee02000690c60519b77463003d57bb5903cbcd750af28a8357d,https://data.police.uk/api/crimes-street-dates,2026-09-05T16:04:46.173100+00:00,0a17d60fd68ee9bd19055de13c27028c5f1fe8a3e370fde21d32d7d5704da298
E23000025,Suffolk,2026-03,yes,Unknown; no notice is not proof of completeness,,,,Unknown,https://data.police.uk/changelog/,2026-09-05T16:05:12.081357+00:00,f7c66fab36b0fee02000690c60519b77463003d57bb5903cbcd750af28a8357d,https://data.police.uk/api/crimes-street-dates,2026-09-05T16:04:46.173100+00:00,0a17d60fd68ee9bd19055de13c27028c5f1fe8a3e370fde21d32d7d5704da298
E23000030,Hampshire,2025-04,yes,Unknown; no notice is not proof of completeness,,,,Unknown,https://data.police.uk/changelog/,2026-09-05T16:05:12.081357+00:00,f7c66fab36b0fee02000690c60519b77463003d57bb5903cbcd750af28a8357d,https://data.police.uk/api/crimes-street-dates,2026-09-05T16:04:46.173100+00:00,0a17d60fd68ee9bd19055de13c27028c5f1fe8a3e370fde21d32d7d5704da298
E23000030,Hampshire,2025-05,yes,Unknown; no notice is not proof of completeness,,,,Unknown,https://data.police.uk/changelog/,2026-09-05T16:05:12.081357+00:00,f7c66fab36b0fee02000690c60519b77463003d57bb5903cbcd750af28a8357d,https://data.police.uk/api/crimes-street-dates,2026-09-05T16:04:46.173100+00:00,0a17d60fd68ee9bd19055de13c27028c5f1fe8a3e370fde21d32d7d5704da298
E23000030,Hampshire,2025-06,yes,Unknown; no notice is not proof of completeness,,,,Unknown,https://data.police.uk/changelog/,2026-09-05T16:05:12.081357+00:00,f7c66fab36b0fee02000690c60519b77463003d57bb5903cbcd750af28a8357d,https://data.police.uk/api/crimes-street-dates,2026-09-05T16:04:46.173100+00:00,0a17d60fd68ee9bd19055de13c27028c5f1fe8a3e370fde21d32d7d5704da298
E23000030,Hampshire,2025-07,yes,Unknown; no notice is not proof of completeness,,,,Unknown,https://data.police.uk/changelog/,2026-09-05T16:05:12.081357+00:00,f7c66fab36b0fee02000690c60519b77463003d57bb5903cbcd750af28a8357d,https://data.police.uk/api/crimes-street-dates,2026-09-05T16:04:46.173100+00:00,0a17d60fd68ee9bd19055de13c27028c5f1fe8a3e370fde21d32d7d5704da298
E23000030,Hampshire,2025-08,yes,Unknown; no notice is not proof of completeness,,,,Unknown,https://data.police.uk/changelog/,2026-09-05T16:05:12.081357+00:00,f7c66fab36b0fee02000690c60519b77463003d57bb5903cbcd750af28a8357d,https://data.police.uk/api/crimes-street-dates,2026-09-05T16:04:46.173100+00:00,0a17d60fd68ee9bd19055de13c27028c5f1fe8a3e370fde21d32d7d5704da298
E23000030,Hampshire,2025-09,yes,Unknown; no notice is not proof of completeness,,,,Unknown,https://data.police.uk/changelog/,2026-09-05T16:05:12.081357+00:00,f7c66fab36b0fee02000690c60519b77463003d57bb5903cbcd750af28a8357d,https://data.police.uk/api/crimes-street-dates,2026-09-05T16:04:46.173100+00:00,0a17d60fd68ee9bd19055de13c27028c5f1fe8a3e370fde21d32d7d5704da298
E23000030,Hampshire,2025-10,yes,Unknown; no notice is not proof of completeness,,,,Unknown,https://data.police.uk/changelog/,2026-09-05T16:05:12.081357+00:00,f7c66fab36b0fee02000690c60519b77463003d57bb5903cbcd750af28a8357d,https://data.police.uk/api/crimes-street-dates,2026-09-05T16:04:46.173100+00:00,0a17d60fd68ee9bd19055de13c27028c5f1fe8a3e370fde21d32d7d5704da298
E23000030,Hampshire,2025-11,yes,Unknown; no notice is not proof of completeness,,,,Unknown,https://data.police.uk/changelog/,2026-09-05T16:05:12.081357+00:00,f7c66fab36b0fee02000690c60519b77463003d57bb5903cbcd750af28a8357d,https://data.police.uk/api/crimes-street-dates,2026-09-05T16:04:46.173100+00:00,0a17d60fd68ee9bd19055de13c27028c5f1fe8a3e370fde21d32d7d5704da298
E23000030,Hampshire,2025-12,yes,Unknown; no notice is not proof of completeness,,,,Unknown,https://data.police.uk/changelog/,2026-09-05T16:05:12.081357+00:00,f7c66fab36b0fee02000690c60519b77463003d57bb5903cbcd750af28a8357d,https://data.police.uk/api/crimes-street-dates,2026-09-05T16:04:46.173100+00:00,0a17d60fd68ee9bd19055de13c27028c5f1fe8a3e370fde21d32d7d5704da298
E23000030,Hampshire,2026-01,yes,Unknown; no notice is not proof of completeness,,,,Unknown,https://data.police.uk/changelog/,2026-09-05T16:05:12.081357+00:00,f7c66fab36b0fee02000690c60519b77463003d57bb5903cbcd750af28a8357d,https://data.police.uk/api/crimes-street-dates,2026-09-05T16:04:46.173100+00:00,0a17d60fd68ee9bd19055de13c27028c5f1fe8a3e370fde21d32d7d5704da298
E23000030,Hampshire,2026-02,yes,Unknown; no notice is not proof of completeness,,,,Unknown,https://data.police.uk/changelog/,2026-09-05T16:05:12.081357+00:00,f7c66fab36b0fee02000690c60519b77463003d57bb5903cbcd750af28a8357d,https://data.police.uk/api/crimes-street-dates,2026-09-05T16:04:46.173100+00:00,0a17d60fd68ee9bd19055de13c27028c5f1fe8a3e370fde21d32d7d5704da298
E23000030,Hampshire,2026-03,yes,Unknown; no notice is not proof of completeness,,,,Unknown,https://data.police.uk/changelog/,2026-09-05T16:05:12.081357+00:00,f7c66fab36b0fee02000690c60519b77463003d57bb5903cbcd750af28a8357d,https://data.police.uk/api/crimes-street-dates,2026-09-05T16:04:46.173100+00:00,0a17d60fd68ee9bd19055de13c27028c5f1fe8a3e370fde21d32d7d5704da298
E23000035,Devon and Cornwall,2025-04,yes,Unknown; no notice is not proof of completeness,,,,Unknown,https://data.police.uk/changelog/,2026-09-05T16:05:12.081357+00:00,f7c66fab36b0fee02000690c60519b77463003d57bb5903cbcd750af28a8357d,https://data.police.uk/api/crimes-street-dates,2026-09-05T16:04:46.173100+00:00,0a17d60fd68ee9bd19055de13c27028c5f1fe8a3e370fde21d32d7d5704da298
E23000035,Devon and Cornwall,2025-05,yes,Unknown; no notice is not proof of completeness,,,,Unknown,https://data.police.uk/changelog/,2026-09-05T16:05:12.081357+00:00,f7c66fab36b0fee02000690c60519b77463003d57bb5903cbcd750af28a8357d,https://data.police.uk/api/crimes-street-dates,2026-09-05T16:04:46.173100+00:00,0a17d60fd68ee9bd19055de13c27028c5f1fe8a3e370fde21d32d7d5704da298
E23000035,Devon and Cornwall,2025-06,yes,Unknown; no notice is not proof of completeness,,,,Unknown,https://data.police.uk/changelog/,2026-09-05T16:05:12.081357+00:00,f7c66fab36b0fee02000690c60519b77463003d57bb5903cbcd750af28a8357d,https://data.police.uk/api/crimes-street-dates,2026-09-05T16:04:46.173100+00:00,0a17d60fd68ee9bd19055de13c27028c5f1fe8a3e370fde21d32d7d5704da298
E23000035,Devon and Cornwall,2025-07,yes,Unknown; no notice is not proof of completeness,,,,Unknown,https://data.police.uk/changelog/,2026-09-05T16:05:12.081357+00:00,f7c66fab36b0fee02000690c60519b77463003d57bb5903cbcd750af28a8357d,https://data.police.uk/api/crimes-street-dates,2026-09-05T16:04:46.173100+00:00,0a17d60fd68ee9bd19055de13c27028c5f1fe8a3e370fde21d32d7d5704da298
E23000035,Devon and Cornwall,2025-08,yes,Unknown; no notice is not proof of completeness,,,,Unknown,https://data.police.uk/changelog/,2026-09-05T16:05:12.081357+00:00,f7c66fab36b0fee02000690c60519b77463003d57bb5903cbcd750af28a8357d,https://data.police.uk/api/crimes-street-dates,2026-09-05T16:04:46.173100+00:00,0a17d60fd68ee9bd19055de13c27028c5f1fe8a3e370fde21d32d7d5704da298
E23000035,Devon and Cornwall,2025-09,yes,Unknown; no notice is not proof of completeness,,,,Unknown,https://data.police.uk/changelog/,2026-09-05T16:05:12.081357+00:00,f7c66fab36b0fee02000690c60519b77463003d57bb5903cbcd750af28a8357d,https://data.police.uk/api/crimes-street-dates,2026-09-05T16:04:46.173100+00:00,0a17d60fd68ee9bd19055de13c27028c5f1fe8a3e370fde21d32d7d5704da298
E23000035,Devon and Cornwall,2025-10,yes,Unknown; no notice is not proof of completeness,,,,Unknown,https://data.police.uk/changelog/,2026-09-05T16:05:12.081357+00:00,f7c66fab36b0fee02000690c60519b77463003d57bb5903cbcd750af28a8357d,https://data.police.uk/api/crimes-street-dates,2026-09-05T16:04:46.173100+00:00,0a17d60fd68ee9bd19055de13c27028c5f1fe8a3e370fde21d32d7d5704da298
E23000035,Devon and Cornwall,2025-11,yes,Unknown; no notice is not proof of completeness,,,,Unknown,https://data.police.uk/changelog/,2026-09-05T16:05:12.081357+00:00,f7c66fab36b0fee02000690c60519b77463003d57bb5903cbcd750af28a8357d,https://data.police.uk/api/crimes-street-dates,2026-09-05T16:04:46.173100+00:00,0a17d60fd68ee9bd19055de13c27028c5f1fe8a3e370fde21d32d7d5704da298
E23000035,Devon and Cornwall,2025-12,yes,Unknown; no notice is not proof of completeness,,,,Unknown,https://data.police.uk/changelog/,2026-09-05T16:05:12.081357+00:00,f7c66fab36b0fee02000690c60519b77463003d57bb5903cbcd750af28a8357d,https://data.police.uk/api/crimes-street-dates,2026-09-05T16:04:46.173100+00:00,0a17d60fd68ee9bd19055de13c27028c5f1fe8a3e370fde21d32d7d5704da298
E23000035,Devon and Cornwall,2026-01,yes,Unknown; no notice is not proof of completeness,,,,Unknown,https://data.police.uk/changelog/,2026-09-05T16:05:12.081357+00:00,f7c66fab36b0fee02000690c60519b77463003d57bb5903cbcd750af28a8357d,https://data.police.uk/api/crimes-street-dates,2026-09-05T16:04:46.173100+00:00,0a17d60fd68ee9bd19055de13c27028c5f1fe8a3e370fde21d32d7d5704da298
E23000035,Devon and Cornwall,2026-02,yes,Unknown; no notice is not proof of completeness,,,,Unknown,https://data.police.uk/changelog/,2026-09-05T16:05:12.081357+00:00,f7c66fab36b0fee02000690c60519b77463003d57bb5903cbcd750af28a8357d,https://data.police.uk/api/crimes-street-dates,2026-09-05T16:04:46.173100+00:00,0a17d60fd68ee9bd19055de13c27028c5f1fe8a3e370fde21d32d7d5704da298
E23000035,Devon and Cornwall,2026-03,yes,Unknown; no notice is not proof of completeness,,,,Unknown,https://data.police.uk/changelog/,2026-09-05T16:05:12.081357+00:00,f7c66fab36b0fee02000690c60519b77463003d57bb5903cbcd750af28a8357d,https://data.police.uk/api/crimes-street-dates,2026-09-05T16:04:46.173100+00:00,0a17d60fd68ee9bd19055de13c27028c5f1fe8a3e370fde21d32d7d5704da298
E23000037,Gloucestershire,2025-04,yes,Unknown; no notice is not proof of completeness,,,2026-07: Gloucestershire Constabulary: Crime data not provided for July 2026. The force will provide a data refresh as soon as possible. | 2026-06: Gloucestershire Constabulary: Crime data not provided for June 2026. The force will provide a data refresh as soon as possible. | 2026-05: Gloucestershire Constabulary: Crime data not provided for May 2026. The force will provide a data refresh as soon as possible. | 2026-04: Gloucestershire Constabulary: Crime data not provided for April 2026. The force will provide a data refresh as soon as possible. | 2026-03: Gloucestershire Constabulary: Crime data not provided for March 2026. The force will provide a data refresh as soon as possible. | 2026-02: Gloucestershire Constabulary: Crime data not provided for February 2026. The force will provide a data refresh as soon as possible.,Unknown,https://data.police.uk/changelog/,2026-09-05T16:05:12.081357+00:00,f7c66fab36b0fee02000690c60519b77463003d57bb5903cbcd750af28a8357d,https://data.police.uk/api/crimes-street-dates,2026-09-05T16:04:46.173100+00:00,0a17d60fd68ee9bd19055de13c27028c5f1fe8a3e370fde21d32d7d5704da298
E23000037,Gloucestershire,2025-05,yes,Unknown; no notice is not proof of completeness,,,2026-07: Gloucestershire Constabulary: Crime data not provided for July 2026. The force will provide a data refresh as soon as possible. | 2026-06: Gloucestershire Constabulary: Crime data not provided for June 2026. The force will provide a data refresh as soon as possible. | 2026-05: Gloucestershire Constabulary: Crime data not provided for May 2026. The force will provide a data refresh as soon as possible. | 2026-04: Gloucestershire Constabulary: Crime data not provided for April 2026. The force will provide a data refresh as soon as possible. | 2026-03: Gloucestershire Constabulary: Crime data not provided for March 2026. The force will provide a data refresh as soon as possible. | 2026-02: Gloucestershire Constabulary: Crime data not provided for February 2026. The force will provide a data refresh as soon as possible.,Unknown,https://data.police.uk/changelog/,2026-09-05T16:05:12.081357+00:00,f7c66fab36b0fee02000690c60519b77463003d57bb5903cbcd750af28a8357d,https://data.police.uk/api/crimes-street-dates,2026-09-05T16:04:46.173100+00:00,0a17d60fd68ee9bd19055de13c27028c5f1fe8a3e370fde21d32d7d5704da298
E23000037,Gloucestershire,2025-06,yes,Unknown; no notice is not proof of completeness,,,2026-07: Gloucestershire Constabulary: Crime data not provided for July 2026. The force will provide a data refresh as soon as possible. | 2026-06: Gloucestershire Constabulary: Crime data not provided for June 2026. The force will provide a data refresh as soon as possible. | 2026-05: Gloucestershire Constabulary: Crime data not provided for May 2026. The force will provide a data refresh as soon as possible. | 2026-04: Gloucestershire Constabulary: Crime data not provided for April 2026. The force will provide a data refresh as soon as possible. | 2026-03: Gloucestershire Constabulary: Crime data not provided for March 2026. The force will provide a data refresh as soon as possible. | 2026-02: Gloucestershire Constabulary: Crime data not provided for February 2026. The force will provide a data refresh as soon as possible.,Unknown,https://data.police.uk/changelog/,2026-09-05T16:05:12.081357+00:00,f7c66fab36b0fee02000690c60519b77463003d57bb5903cbcd750af28a8357d,https://data.police.uk/api/crimes-street-dates,2026-09-05T16:04:46.173100+00:00,0a17d60fd68ee9bd19055de13c27028c5f1fe8a3e370fde21d32d7d5704da298
E23000037,Gloucestershire,2025-07,yes,Unknown; no notice is not proof of completeness,,,2026-07: Gloucestershire Constabulary: Crime data not provided for July 2026. The force will provide a data refresh as soon as possible. | 2026-06: Gloucestershire Constabulary: Crime data not provided for June 2026. The force will provide a data refresh as soon as possible. | 2026-05: Gloucestershire Constabulary: Crime data not provided for May 2026. The force will provide a data refresh as soon as possible. | 2026-04: Gloucestershire Constabulary: Crime data not provided for April 2026. The force will provide a data refresh as soon as possible. | 2026-03: Gloucestershire Constabulary: Crime data not provided for March 2026. The force will provide a data refresh as soon as possible. | 2026-02: Gloucestershire Constabulary: Crime data not provided for February 2026. The force will provide a data refresh as soon as possible.,Unknown,https://data.police.uk/changelog/,2026-09-05T16:05:12.081357+00:00,f7c66fab36b0fee02000690c60519b77463003d57bb5903cbcd750af28a8357d,https://data.police.uk/api/crimes-street-dates,2026-09-05T16:04:46.173100+00:00,0a17d60fd68ee9bd19055de13c27028c5f1fe8a3e370fde21d32d7d5704da298
E23000037,Gloucestershire,2025-08,yes,Unknown; no notice is not proof of completeness,,,2026-07: Gloucestershire Constabulary: Crime data not provided for July 2026. The force will provide a data refresh as soon as possible. | 2026-06: Gloucestershire Constabulary: Crime data not provided for June 2026. The force will provide a data refresh as soon as possible. | 2026-05: Gloucestershire Constabulary: Crime data not provided for May 2026. The force will provide a data refresh as soon as possible. | 2026-04: Gloucestershire Constabulary: Crime data not provided for April 2026. The force will provide a data refresh as soon as possible. | 2026-03: Gloucestershire Constabulary: Crime data not provided for March 2026. The force will provide a data refresh as soon as possible. | 2026-02: Gloucestershire Constabulary: Crime data not provided for February 2026. The force will provide a data refresh as soon as possible.,Unknown,https://data.police.uk/changelog/,2026-09-05T16:05:12.081357+00:00,f7c66fab36b0fee02000690c60519b77463003d57bb5903cbcd750af28a8357d,https://data.police.uk/api/crimes-street-dates,2026-09-05T16:04:46.173100+00:00,0a17d60fd68ee9bd19055de13c27028c5f1fe8a3e370fde21d32d7d5704da298
E23000037,Gloucestershire,2025-09,yes,Unknown; no notice is not proof of completeness,,,2026-07: Gloucestershire Constabulary: Crime data not provided for July 2026. The force will provide a data refresh as soon as possible. | 2026-06: Gloucestershire Constabulary: Crime data not provided for June 2026. The force will provide a data refresh as soon as possible. | 2026-05: Gloucestershire Constabulary: Crime data not provided for May 2026. The force will provide a data refresh as soon as possible. | 2026-04: Gloucestershire Constabulary: Crime data not provided for April 2026. The force will provide a data refresh as soon as possible. | 2026-03: Gloucestershire Constabulary: Crime data not provided for March 2026. The force will provide a data refresh as soon as possible. | 2026-02: Gloucestershire Constabulary: Crime data not provided for February 2026. The force will provide a data refresh as soon as possible.,Unknown,https://data.police.uk/changelog/,2026-09-05T16:05:12.081357+00:00,f7c66fab36b0fee02000690c60519b77463003d57bb5903cbcd750af28a8357d,https://data.police.uk/api/crimes-street-dates,2026-09-05T16:04:46.173100+00:00,0a17d60fd68ee9bd19055de13c27028c5f1fe8a3e370fde21d32d7d5704da298
E23000037,Gloucestershire,2025-10,yes,Unknown; no notice is not proof of completeness,,,2026-07: Gloucestershire Constabulary: Crime data not provided for July 2026. The force will provide a data refresh as soon as possible. | 2026-06: Gloucestershire Constabulary: Crime data not provided for June 2026. The force will provide a data refresh as soon as possible. | 2026-05: Gloucestershire Constabulary: Crime data not provided for May 2026. The force will provide a data refresh as soon as possible. | 2026-04: Gloucestershire Constabulary: Crime data not provided for April 2026. The force will provide a data refresh as soon as possible. | 2026-03: Gloucestershire Constabulary: Crime data not provided for March 2026. The force will provide a data refresh as soon as possible. | 2026-02: Gloucestershire Constabulary: Crime data not provided for February 2026. The force will provide a data refresh as soon as possible.,Unknown,https://data.police.uk/changelog/,2026-09-05T16:05:12.081357+00:00,f7c66fab36b0fee02000690c60519b77463003d57bb5903cbcd750af28a8357d,https://data.police.uk/api/crimes-street-dates,2026-09-05T16:04:46.173100+00:00,0a17d60fd68ee9bd19055de13c27028c5f1fe8a3e370fde21d32d7d5704da298
E23000037,Gloucestershire,2025-11,yes,Unknown; no notice is not proof of completeness,,,2026-07: Gloucestershire Constabulary: Crime data not provided for July 2026. The force will provide a data refresh as soon as possible. | 2026-06: Gloucestershire Constabulary: Crime data not provided for June 2026. The force will provide a data refresh as soon as possible. | 2026-05: Gloucestershire Constabulary: Crime data not provided for May 2026. The force will provide a data refresh as soon as possible. | 2026-04: Gloucestershire Constabulary: Crime data not provided for April 2026. The force will provide a data refresh as soon as possible. | 2026-03: Gloucestershire Constabulary: Crime data not provided for March 2026. The force will provide a data refresh as soon as possible. | 2026-02: Gloucestershire Constabulary: Crime data not provided for February 2026. The force will provide a data refresh as soon as possible.,Unknown,https://data.police.uk/changelog/,2026-09-05T16:05:12.081357+00:00,f7c66fab36b0fee02000690c60519b77463003d57bb5903cbcd750af28a8357d,https://data.police.uk/api/crimes-street-dates,2026-09-05T16:04:46.173100+00:00,0a17d60fd68ee9bd19055de13c27028c5f1fe8a3e370fde21d32d7d5704da298
E23000037,Gloucestershire,2025-12,yes,Unknown; no notice is not proof of completeness,,,2026-07: Gloucestershire Constabulary: Crime data not provided for July 2026. The force will provide a data refresh as soon as possible. | 2026-06: Gloucestershire Constabulary: Crime data not provided for June 2026. The force will provide a data refresh as soon as possible. | 2026-05: Gloucestershire Constabulary: Crime data not provided for May 2026. The force will provide a data refresh as soon as possible. | 2026-04: Gloucestershire Constabulary: Crime data not provided for April 2026. The force will provide a data refresh as soon as possible. | 2026-03: Gloucestershire Constabulary: Crime data not provided for March 2026. The force will provide a data refresh as soon as possible. | 2026-02: Gloucestershire Constabulary: Crime data not provided for February 2026. The force will provide a data refresh as soon as possible.,Unknown,https://data.police.uk/changelog/,2026-09-05T16:05:12.081357+00:00,f7c66fab36b0fee02000690c60519b77463003d57bb5903cbcd750af28a8357d,https://data.police.uk/api/crimes-street-dates,2026-09-05T16:04:46.173100+00:00,0a17d60fd68ee9bd19055de13c27028c5f1fe8a3e370fde21d32d7d5704da298
E23000037,Gloucestershire,2026-01,yes,Unknown; no notice is not proof of completeness,,,2026-07: Gloucestershire Constabulary: Crime data not provided for July 2026. The force will provide a data refresh as soon as possible. | 2026-06: Gloucestershire Constabulary: Crime data not provided for June 2026. The force will provide a data refresh as soon as possible. | 2026-05: Gloucestershire Constabulary: Crime data not provided for May 2026. The force will provide a data refresh as soon as possible. | 2026-04: Gloucestershire Constabulary: Crime data not provided for April 2026. The force will provide a data refresh as soon as possible. | 2026-03: Gloucestershire Constabulary: Crime data not provided for March 2026. The force will provide a data refresh as soon as possible. | 2026-02: Gloucestershire Constabulary: Crime data not provided for February 2026. The force will provide a data refresh as soon as possible.,Unknown,https://data.police.uk/changelog/,2026-09-05T16:05:12.081357+00:00,f7c66fab36b0fee02000690c60519b77463003d57bb5903cbcd750af28a8357d,https://data.police.uk/api/crimes-street-dates,2026-09-05T16:04:46.173100+00:00,0a17d60fd68ee9bd19055de13c27028c5f1fe8a3e370fde21d32d7d5704da298
E23000037,Gloucestershire,2026-02,yes,Review required,Gloucestershire Constabulary: Crime data not provided for February 2026. The force will provide a data refresh as soon as possible.,,2026-07: Gloucestershire Constabulary: Crime data not provided for July 2026. The force will provide a data refresh as soon as possible. | 2026-06: Gloucestershire Constabulary: Crime data not provided for June 2026. The force will provide a data refresh as soon as possible. | 2026-05: Gloucestershire Constabulary: Crime data not provided for May 2026. The force will provide a data refresh as soon as possible. | 2026-04: Gloucestershire Constabulary: Crime data not provided for April 2026. The force will provide a data refresh as soon as possible. | 2026-03: Gloucestershire Constabulary: Crime data not provided for March 2026. The force will provide a data refresh as soon as possible.,Unknown,https://data.police.uk/changelog/,2026-09-05T16:05:12.081357+00:00,f7c66fab36b0fee02000690c60519b77463003d57bb5903cbcd750af28a8357d,https://data.police.uk/api/crimes-street-dates,2026-09-05T16:04:46.173100+00:00,0a17d60fd68ee9bd19055de13c27028c5f1fe8a3e370fde21d32d7d5704da298
E23000037,Gloucestershire,2026-03,yes,Review required,Gloucestershire Constabulary: Crime data not provided for March 2026. The force will provide a data refresh as soon as possible.,,2026-07: Gloucestershire Constabulary: Crime data not provided for July 2026. The force will provide a data refresh as soon as possible. | 2026-06: Gloucestershire Constabulary: Crime data not provided for June 2026. The force will provide a data refresh as soon as possible. | 2026-05: Gloucestershire Constabulary: Crime data not provided for May 2026. The force will provide a data refresh as soon as possible. | 2026-04: Gloucestershire Constabulary: Crime data not provided for April 2026. The force will provide a data refresh as soon as possible.,Unknown,https://data.police.uk/changelog/,2026-09-05T16:05:12.081357+00:00,f7c66fab36b0fee02000690c60519b77463003d57bb5903cbcd750af28a8357d,https://data.police.uk/api/crimes-street-dates,2026-09-05T16:04:46.173100+00:00,0a17d60fd68ee9bd19055de13c27028c5f1fe8a3e370fde21d32d7d5704da298
E23000038,Wiltshire,2025-04,yes,Unknown; no notice is not proof of completeness,,,,Unknown,https://data.police.uk/changelog/,2026-09-05T16:05:12.081357+00:00,f7c66fab36b0fee02000690c60519b77463003d57bb5903cbcd750af28a8357d,https://data.police.uk/api/crimes-street-dates,2026-09-05T16:04:46.173100+00:00,0a17d60fd68ee9bd19055de13c27028c5f1fe8a3e370fde21d32d7d5704da298
E23000038,Wiltshire,2025-05,yes,Unknown; no notice is not proof of completeness,,,,Unknown,https://data.police.uk/changelog/,2026-09-05T16:05:12.081357+00:00,f7c66fab36b0fee02000690c60519b77463003d57bb5903cbcd750af28a8357d,https://data.police.uk/api/crimes-street-dates,2026-09-05T16:04:46.173100+00:00,0a17d60fd68ee9bd19055de13c27028c5f1fe8a3e370fde21d32d7d5704da298
E23000038,Wiltshire,2025-06,yes,Unknown; no notice is not proof of completeness,,,,Unknown,https://data.police.uk/changelog/,2026-09-05T16:05:12.081357+00:00,f7c66fab36b0fee02000690c60519b77463003d57bb5903cbcd750af28a8357d,https://data.police.uk/api/crimes-street-dates,2026-09-05T16:04:46.173100+00:00,0a17d60fd68ee9bd19055de13c27028c5f1fe8a3e370fde21d32d7d5704da298
E23000038,Wiltshire,2025-07,yes,Unknown; no notice is not proof of completeness,,,,Unknown,https://data.police.uk/changelog/,2026-09-05T16:05:12.081357+00:00,f7c66fab36b0fee02000690c60519b77463003d57bb5903cbcd750af28a8357d,https://data.police.uk/api/crimes-street-dates,2026-09-05T16:04:46.173100+00:00,0a17d60fd68ee9bd19055de13c27028c5f1fe8a3e370fde21d32d7d5704da298
E23000038,Wiltshire,2025-08,yes,Unknown; no notice is not proof of completeness,,,,Unknown,https://data.police.uk/changelog/,2026-09-05T16:05:12.081357+00:00,f7c66fab36b0fee02000690c60519b77463003d57bb5903cbcd750af28a8357d,https://data.police.uk/api/crimes-street-dates,2026-09-05T16:04:46.173100+00:00,0a17d60fd68ee9bd19055de13c27028c5f1fe8a3e370fde21d32d7d5704da298
E23000038,Wiltshire,2025-09,yes,Unknown; no notice is not proof of completeness,,,,Unknown,https://data.police.uk/changelog/,2026-09-05T16:05:12.081357+00:00,f7c66fab36b0fee02000690c60519b77463003d57bb5903cbcd750af28a8357d,https://data.police.uk/api/crimes-street-dates,2026-09-05T16:04:46.173100+00:00,0a17d60fd68ee9bd19055de13c27028c5f1fe8a3e370fde21d32d7d5704da298
E23000038,Wiltshire,2025-10,yes,Unknown; no notice is not proof of completeness,,,,Unknown,https://data.police.uk/changelog/,2026-09-05T16:05:12.081357+00:00,f7c66fab36b0fee02000690c60519b77463003d57bb5903cbcd750af28a8357d,https://data.police.uk/api/crimes-street-dates,2026-09-05T16:04:46.173100+00:00,0a17d60fd68ee9bd19055de13c27028c5f1fe8a3e370fde21d32d7d5704da298
E23000038,Wiltshire,2025-11,yes,Unknown; no notice is not proof of completeness,,,,Unknown,https://data.police.uk/changelog/,2026-09-05T16:05:12.081357+00:00,f7c66fab36b0fee02000690c60519b77463003d57bb5903cbcd750af28a8357d,https://data.police.uk/api/crimes-street-dates,2026-09-05T16:04:46.173100+00:00,0a17d60fd68ee9bd19055de13c27028c5f1fe8a3e370fde21d32d7d5704da298
E23000038,Wiltshire,2025-12,yes,Unknown; no notice is not proof of completeness,,,,Unknown,https://data.police.uk/changelog/,2026-09-05T16:05:12.081357+00:00,f7c66fab36b0fee02000690c60519b77463003d57bb5903cbcd750af28a8357d,https://data.police.uk/api/crimes-street-dates,2026-09-05T16:04:46.173100+00:00,0a17d60fd68ee9bd19055de13c27028c5f1fe8a3e370fde21d32d7d5704da298
E23000038,Wiltshire,2026-01,yes,Unknown; no notice is not proof of completeness,,,,Unknown,https://data.police.uk/changelog/,2026-09-05T16:05:12.081357+00:00,f7c66fab36b0fee02000690c60519b77463003d57bb5903cbcd750af28a8357d,https://data.police.uk/api/crimes-street-dates,2026-09-05T16:04:46.173100+00:00,0a17d60fd68ee9bd19055de13c27028c5f1fe8a3e370fde21d32d7d5704da298
E23000038,Wiltshire,2026-02,yes,Unknown; no notice is not proof of completeness,,,,Unknown,https://data.police.uk/changelog/,2026-09-05T16:05:12.081357+00:00,f7c66fab36b0fee02000690c60519b77463003d57bb5903cbcd750af28a8357d,https://data.police.uk/api/crimes-street-dates,2026-09-05T16:04:46.173100+00:00,0a17d60fd68ee9bd19055de13c27028c5f1fe8a3e370fde21d32d7d5704da298
E23000038,Wiltshire,2026-03,yes,Unknown; no notice is not proof of completeness,,,,Unknown,https://data.police.uk/changelog/,2026-09-05T16:05:12.081357+00:00,f7c66fab36b0fee02000690c60519b77463003d57bb5903cbcd750af28a8357d,https://data.police.uk/api/crimes-street-dates,2026-09-05T16:04:46.173100+00:00,0a17d60fd68ee9bd19055de13c27028c5f1fe8a3e370fde21d32d7d5704da298
W15000001,North Wales,2025-04,yes,Unknown; no notice is not proof of completeness,,,,Unknown,https://data.police.uk/changelog/,2026-09-05T16:05:12.081357+00:00,f7c66fab36b0fee02000690c60519b77463003d57bb5903cbcd750af28a8357d,https://data.police.uk/api/crimes-street-dates,2026-09-05T16:04:46.173100+00:00,0a17d60fd68ee9bd19055de13c27028c5f1fe8a3e370fde21d32d7d5704da298
W15000001,North Wales,2025-05,yes,Unknown; no notice is not proof of completeness,,,,Unknown,https://data.police.uk/changelog/,2026-09-05T16:05:12.081357+00:00,f7c66fab36b0fee02000690c60519b77463003d57bb5903cbcd750af28a8357d,https://data.police.uk/api/crimes-street-dates,2026-09-05T16:04:46.173100+00:00,0a17d60fd68ee9bd19055de13c27028c5f1fe8a3e370fde21d32d7d5704da298
W15000001,North Wales,2025-06,yes,Unknown; no notice is not proof of completeness,,,,Unknown,https://data.police.uk/changelog/,2026-09-05T16:05:12.081357+00:00,f7c66fab36b0fee02000690c60519b77463003d57bb5903cbcd750af28a8357d,https://data.police.uk/api/crimes-street-dates,2026-09-05T16:04:46.173100+00:00,0a17d60fd68ee9bd19055de13c27028c5f1fe8a3e370fde21d32d7d5704da298
W15000001,North Wales,2025-07,yes,Unknown; no notice is not proof of completeness,,,,Unknown,https://data.police.uk/changelog/,2026-09-05T16:05:12.081357+00:00,f7c66fab36b0fee02000690c60519b77463003d57bb5903cbcd750af28a8357d,https://data.police.uk/api/crimes-street-dates,2026-09-05T16:04:46.173100+00:00,0a17d60fd68ee9bd19055de13c27028c5f1fe8a3e370fde21d32d7d5704da298
W15000001,North Wales,2025-08,yes,Unknown; no notice is not proof of completeness,,,,Unknown,https://data.police.uk/changelog/,2026-09-05T16:05:12.081357+00:00,f7c66fab36b0fee02000690c60519b77463003d57bb5903cbcd750af28a8357d,https://data.police.uk/api/crimes-street-dates,2026-09-05T16:04:46.173100+00:00,0a17d60fd68ee9bd19055de13c27028c5f1fe8a3e370fde21d32d7d5704da298
W15000001,North Wales,2025-09,yes,Unknown; no notice is not proof of completeness,,,,Unknown,https://data.police.uk/changelog/,2026-09-05T16:05:12.081357+00:00,f7c66fab36b0fee02000690c60519b77463003d57bb5903cbcd750af28a8357d,https://data.police.uk/api/crimes-street-dates,2026-09-05T16:04:46.173100+00:00,0a17d60fd68ee9bd19055de13c27028c5f1fe8a3e370fde21d32d7d5704da298
W15000001,North Wales,2025-10,yes,Unknown; no notice is not proof of completeness,,,,Unknown,https://data.police.uk/changelog/,2026-09-05T16:05:12.081357+00:00,f7c66fab36b0fee02000690c60519b77463003d57bb5903cbcd750af28a8357d,https://data.police.uk/api/crimes-street-dates,2026-09-05T16:04:46.173100+00:00,0a17d60fd68ee9bd19055de13c27028c5f1fe8a3e370fde21d32d7d5704da298
W15000001,North Wales,2025-11,yes,Unknown; no notice is not proof of completeness,,,,Unknown,https://data.police.uk/changelog/,2026-09-05T16:05:12.081357+00:00,f7c66fab36b0fee02000690c60519b77463003d57bb5903cbcd750af28a8357d,https://data.police.uk/api/crimes-street-dates,2026-09-05T16:04:46.173100+00:00,0a17d60fd68ee9bd19055de13c27028c5f1fe8a3e370fde21d32d7d5704da298
W15000001,North Wales,2025-12,yes,Unknown; no notice is not proof of completeness,,,,Unknown,https://data.police.uk/changelog/,2026-09-05T16:05:12.081357+00:00,f7c66fab36b0fee02000690c60519b77463003d57bb5903cbcd750af28a8357d,https://data.police.uk/api/crimes-street-dates,2026-09-05T16:04:46.173100+00:00,0a17d60fd68ee9bd19055de13c27028c5f1fe8a3e370fde21d32d7d5704da298
W15000001,North Wales,2026-01,yes,Unknown; no notice is not proof of completeness,,,,Unknown,https://data.police.uk/changelog/,2026-09-05T16:05:12.081357+00:00,f7c66fab36b0fee02000690c60519b77463003d57bb5903cbcd750af28a8357d,https://data.police.uk/api/crimes-street-dates,2026-09-05T16:04:46.173100+00:00,0a17d60fd68ee9bd19055de13c27028c5f1fe8a3e370fde21d32d7d5704da298
W15000001,North Wales,2026-02,yes,Unknown; no notice is not proof of completeness,,,,Unknown,https://data.police.uk/changelog/,2026-09-05T16:05:12.081357+00:00,f7c66fab36b0fee02000690c60519b77463003d57bb5903cbcd750af28a8357d,https://data.police.uk/api/crimes-street-dates,2026-09-05T16:04:46.173100+00:00,0a17d60fd68ee9bd19055de13c27028c5f1fe8a3e370fde21d32d7d5704da298
W15000001,North Wales,2026-03,yes,Unknown; no notice is not proof of completeness,,,,Unknown,https://data.police.uk/changelog/,2026-09-05T16:05:12.081357+00:00,f7c66fab36b0fee02000690c60519b77463003d57bb5903cbcd750af28a8357d,https://data.police.uk/api/crimes-street-dates,2026-09-05T16:04:46.173100+00:00,0a17d60fd68ee9bd19055de13c27028c5f1fe8a3e370fde21d32d7d5704da298
W15000002,Gwent,2025-04,yes,Unknown; no notice is not proof of completeness,,,2026-05: Gwent Police: Crime data refresh from September 2025 to April 2026. | 2026-04: Gwent Police: Crime data not provided for April 2026. The force will provide a data refresh as soon as possible. | 2026-03: Gwent Police: Crime data not provided for March 2026. The force will provide a data refresh as soon as possible. | 2026-02: Gwent Police: Crime data not provided for February 2026. The force will provide a data refresh as soon as possible. | 2026-01: Gwent Police: Crime data not provided for January 2026. The force will provide a data refresh as soon as possible. | 2025-12: Gwent Police: Crime data not provided for December 2025. The force will provide a data refresh as soon as possible. | 2025-11: Gwent Police: Crime data not provided for November 2025. The force will provide a data refresh as soon as possible. | 2025-10: Gwent Police: Crime data not provided for October 2025. The force will provide a data refresh as soon as possible. | 2025-09: Gwent Police: Crime data not provided for September 2025. The force will provide a data refresh as soon as possible.,Unknown,https://data.police.uk/changelog/,2026-09-05T16:05:12.081357+00:00,f7c66fab36b0fee02000690c60519b77463003d57bb5903cbcd750af28a8357d,https://data.police.uk/api/crimes-street-dates,2026-09-05T16:04:46.173100+00:00,0a17d60fd68ee9bd19055de13c27028c5f1fe8a3e370fde21d32d7d5704da298
W15000002,Gwent,2025-05,yes,Unknown; no notice is not proof of completeness,,,2026-05: Gwent Police: Crime data refresh from September 2025 to April 2026. | 2026-04: Gwent Police: Crime data not provided for April 2026. The force will provide a data refresh as soon as possible. | 2026-03: Gwent Police: Crime data not provided for March 2026. The force will provide a data refresh as soon as possible. | 2026-02: Gwent Police: Crime data not provided for February 2026. The force will provide a data refresh as soon as possible. | 2026-01: Gwent Police: Crime data not provided for January 2026. The force will provide a data refresh as soon as possible. | 2025-12: Gwent Police: Crime data not provided for December 2025. The force will provide a data refresh as soon as possible. | 2025-11: Gwent Police: Crime data not provided for November 2025. The force will provide a data refresh as soon as possible. | 2025-10: Gwent Police: Crime data not provided for October 2025. The force will provide a data refresh as soon as possible. | 2025-09: Gwent Police: Crime data not provided for September 2025. The force will provide a data refresh as soon as possible.,Unknown,https://data.police.uk/changelog/,2026-09-05T16:05:12.081357+00:00,f7c66fab36b0fee02000690c60519b77463003d57bb5903cbcd750af28a8357d,https://data.police.uk/api/crimes-street-dates,2026-09-05T16:04:46.173100+00:00,0a17d60fd68ee9bd19055de13c27028c5f1fe8a3e370fde21d32d7d5704da298
W15000002,Gwent,2025-06,yes,Unknown; no notice is not proof of completeness,,,2026-05: Gwent Police: Crime data refresh from September 2025 to April 2026. | 2026-04: Gwent Police: Crime data not provided for April 2026. The force will provide a data refresh as soon as possible. | 2026-03: Gwent Police: Crime data not provided for March 2026. The force will provide a data refresh as soon as possible. | 2026-02: Gwent Police: Crime data not provided for February 2026. The force will provide a data refresh as soon as possible. | 2026-01: Gwent Police: Crime data not provided for January 2026. The force will provide a data refresh as soon as possible. | 2025-12: Gwent Police: Crime data not provided for December 2025. The force will provide a data refresh as soon as possible. | 2025-11: Gwent Police: Crime data not provided for November 2025. The force will provide a data refresh as soon as possible. | 2025-10: Gwent Police: Crime data not provided for October 2025. The force will provide a data refresh as soon as possible. | 2025-09: Gwent Police: Crime data not provided for September 2025. The force will provide a data refresh as soon as possible.,Unknown,https://data.police.uk/changelog/,2026-09-05T16:05:12.081357+00:00,f7c66fab36b0fee02000690c60519b77463003d57bb5903cbcd750af28a8357d,https://data.police.uk/api/crimes-street-dates,2026-09-05T16:04:46.173100+00:00,0a17d60fd68ee9bd19055de13c27028c5f1fe8a3e370fde21d32d7d5704da298
W15000002,Gwent,2025-07,yes,Unknown; no notice is not proof of completeness,,,2026-05: Gwent Police: Crime data refresh from September 2025 to April 2026. | 2026-04: Gwent Police: Crime data not provided for April 2026. The force will provide a data refresh as soon as possible. | 2026-03: Gwent Police: Crime data not provided for March 2026. The force will provide a data refresh as soon as possible. | 2026-02: Gwent Police: Crime data not provided for February 2026. The force will provide a data refresh as soon as possible. | 2026-01: Gwent Police: Crime data not provided for January 2026. The force will provide a data refresh as soon as possible. | 2025-12: Gwent Police: Crime data not provided for December 2025. The force will provide a data refresh as soon as possible. | 2025-11: Gwent Police: Crime data not provided for November 2025. The force will provide a data refresh as soon as possible. | 2025-10: Gwent Police: Crime data not provided for October 2025. The force will provide a data refresh as soon as possible. | 2025-09: Gwent Police: Crime data not provided for September 2025. The force will provide a data refresh as soon as possible.,Unknown,https://data.police.uk/changelog/,2026-09-05T16:05:12.081357+00:00,f7c66fab36b0fee02000690c60519b77463003d57bb5903cbcd750af28a8357d,https://data.police.uk/api/crimes-street-dates,2026-09-05T16:04:46.173100+00:00,0a17d60fd68ee9bd19055de13c27028c5f1fe8a3e370fde21d32d7d5704da298
W15000002,Gwent,2025-08,yes,Unknown; no notice is not proof of completeness,,,2026-05: Gwent Police: Crime data refresh from September 2025 to April 2026. | 2026-04: Gwent Police: Crime data not provided for April 2026. The force will provide a data refresh as soon as possible. | 2026-03: Gwent Police: Crime data not provided for March 2026. The force will provide a data refresh as soon as possible. | 2026-02: Gwent Police: Crime data not provided for February 2026. The force will provide a data refresh as soon as possible. | 2026-01: Gwent Police: Crime data not provided for January 2026. The force will provide a data refresh as soon as possible. | 2025-12: Gwent Police: Crime data not provided for December 2025. The force will provide a data refresh as soon as possible. | 2025-11: Gwent Police: Crime data not provided for November 2025. The force will provide a data refresh as soon as possible. | 2025-10: Gwent Police: Crime data not provided for October 2025. The force will provide a data refresh as soon as possible. | 2025-09: Gwent Police: Crime data not provided for September 2025. The force will provide a data refresh as soon as possible.,Unknown,https://data.police.uk/changelog/,2026-09-05T16:05:12.081357+00:00,f7c66fab36b0fee02000690c60519b77463003d57bb5903cbcd750af28a8357d,https://data.police.uk/api/crimes-street-dates,2026-09-05T16:04:46.173100+00:00,0a17d60fd68ee9bd19055de13c27028c5f1fe8a3e370fde21d32d7d5704da298
W15000002,Gwent,2025-09,yes,Review required,Gwent Police: Crime data not provided for September 2025. The force will provide a data refresh as soon as possible.,,2026-05: Gwent Police: Crime data refresh from September 2025 to April 2026. | 2026-04: Gwent Police: Crime data not provided for April 2026. The force will provide a data refresh as soon as possible. | 2026-03: Gwent Police: Crime data not provided for March 2026. The force will provide a data refresh as soon as possible. | 2026-02: Gwent Police: Crime data not provided for February 2026. The force will provide a data refresh as soon as possible. | 2026-01: Gwent Police: Crime data not provided for January 2026. The force will provide a data refresh as soon as possible. | 2025-12: Gwent Police: Crime data not provided for December 2025. The force will provide a data refresh as soon as possible. | 2025-11: Gwent Police: Crime data not provided for November 2025. The force will provide a data refresh as soon as possible. | 2025-10: Gwent Police: Crime data not provided for October 2025. The force will provide a data refresh as soon as possible.,Unknown,https://data.police.uk/changelog/,2026-09-05T16:05:12.081357+00:00,f7c66fab36b0fee02000690c60519b77463003d57bb5903cbcd750af28a8357d,https://data.police.uk/api/crimes-street-dates,2026-09-05T16:04:46.173100+00:00,0a17d60fd68ee9bd19055de13c27028c5f1fe8a3e370fde21d32d7d5704da298
W15000002,Gwent,2025-10,yes,Review required,Gwent Police: Crime data not provided for October 2025. The force will provide a data refresh as soon as possible.,,2026-05: Gwent Police: Crime data refresh from September 2025 to April 2026. | 2026-04: Gwent Police: Crime data not provided for April 2026. The force will provide a data refresh as soon as possible. | 2026-03: Gwent Police: Crime data not provided for March 2026. The force will provide a data refresh as soon as possible. | 2026-02: Gwent Police: Crime data not provided for February 2026. The force will provide a data refresh as soon as possible. | 2026-01: Gwent Police: Crime data not provided for January 2026. The force will provide a data refresh as soon as possible. | 2025-12: Gwent Police: Crime data not provided for December 2025. The force will provide a data refresh as soon as possible. | 2025-11: Gwent Police: Crime data not provided for November 2025. The force will provide a data refresh as soon as possible.,Unknown,https://data.police.uk/changelog/,2026-09-05T16:05:12.081357+00:00,f7c66fab36b0fee02000690c60519b77463003d57bb5903cbcd750af28a8357d,https://data.police.uk/api/crimes-street-dates,2026-09-05T16:04:46.173100+00:00,0a17d60fd68ee9bd19055de13c27028c5f1fe8a3e370fde21d32d7d5704da298
W15000002,Gwent,2025-11,yes,Review required,Gwent Police: Crime data not provided for November 2025. The force will provide a data refresh as soon as possible.,,2026-05: Gwent Police: Crime data refresh from September 2025 to April 2026. | 2026-04: Gwent Police: Crime data not provided for April 2026. The force will provide a data refresh as soon as possible. | 2026-03: Gwent Police: Crime data not provided for March 2026. The force will provide a data refresh as soon as possible. | 2026-02: Gwent Police: Crime data not provided for February 2026. The force will provide a data refresh as soon as possible. | 2026-01: Gwent Police: Crime data not provided for January 2026. The force will provide a data refresh as soon as possible. | 2025-12: Gwent Police: Crime data not provided for December 2025. The force will provide a data refresh as soon as possible.,Unknown,https://data.police.uk/changelog/,2026-09-05T16:05:12.081357+00:00,f7c66fab36b0fee02000690c60519b77463003d57bb5903cbcd750af28a8357d,https://data.police.uk/api/crimes-street-dates,2026-09-05T16:04:46.173100+00:00,0a17d60fd68ee9bd19055de13c27028c5f1fe8a3e370fde21d32d7d5704da298
W15000002,Gwent,2025-12,yes,Review required,Gwent Police: Crime data not provided for December 2025. The force will provide a data refresh as soon as possible.,,2026-05: Gwent Police: Crime data refresh from September 2025 to April 2026. | 2026-04: Gwent Police: Crime data not provided for April 2026. The force will provide a data refresh as soon as possible. | 2026-03: Gwent Police: Crime data not provided for March 2026. The force will provide a data refresh as soon as possible. | 2026-02: Gwent Police: Crime data not provided for February 2026. The force will provide a data refresh as soon as possible. | 2026-01: Gwent Police: Crime data not provided for January 2026. The force will provide a data refresh as soon as possible.,Unknown,https://data.police.uk/changelog/,2026-09-05T16:05:12.081357+00:00,f7c66fab36b0fee02000690c60519b77463003d57bb5903cbcd750af28a8357d,https://data.police.uk/api/crimes-street-dates,2026-09-05T16:04:46.173100+00:00,0a17d60fd68ee9bd19055de13c27028c5f1fe8a3e370fde21d32d7d5704da298
W15000002,Gwent,2026-01,yes,Review required,Gwent Police: Crime data not provided for January 2026. The force will provide a data refresh as soon as possible.,,2026-05: Gwent Police: Crime data refresh from September 2025 to April 2026. | 2026-04: Gwent Police: Crime data not provided for April 2026. The force will provide a data refresh as soon as possible. | 2026-03: Gwent Police: Crime data not provided for March 2026. The force will provide a data refresh as soon as possible. | 2026-02: Gwent Police: Crime data not provided for February 2026. The force will provide a data refresh as soon as possible.,Unknown,https://data.police.uk/changelog/,2026-09-05T16:05:12.081357+00:00,f7c66fab36b0fee02000690c60519b77463003d57bb5903cbcd750af28a8357d,https://data.police.uk/api/crimes-street-dates,2026-09-05T16:04:46.173100+00:00,0a17d60fd68ee9bd19055de13c27028c5f1fe8a3e370fde21d32d7d5704da298
W15000002,Gwent,2026-02,yes,Review required,Gwent Police: Crime data not provided for February 2026. The force will provide a data refresh as soon as possible.,,2026-05: Gwent Police: Crime data refresh from September 2025 to April 2026. | 2026-04: Gwent Police: Crime data not provided for April 2026. The force will provide a data refresh as soon as possible. | 2026-03: Gwent Police: Crime data not provided for March 2026. The force will provide a data refresh as soon as possible.,Unknown,https://data.police.uk/changelog/,2026-09-05T16:05:12.081357+00:00,f7c66fab36b0fee02000690c60519b77463003d57bb5903cbcd750af28a8357d,https://data.police.uk/api/crimes-street-dates,2026-09-05T16:04:46.173100+00:00,0a17d60fd68ee9bd19055de13c27028c5f1fe8a3e370fde21d32d7d5704da298
W15000002,Gwent,2026-03,yes,Review required,Gwent Police: Crime data not provided for March 2026. The force will provide a data refresh as soon as possible.,,2026-05: Gwent Police: Crime data refresh from September 2025 to April 2026. | 2026-04: Gwent Police: Crime data not provided for April 2026. The force will provide a data refresh as soon as possible.,Unknown,https://data.police.uk/changelog/,2026-09-05T16:05:12.081357+00:00,f7c66fab36b0fee02000690c60519b77463003d57bb5903cbcd750af28a8357d,https://data.police.uk/api/crimes-street-dates,2026-09-05T16:04:46.173100+00:00,0a17d60fd68ee9bd19055de13c27028c5f1fe8a3e370fde21d32d7d5704da298
W15000003,South Wales,2025-04,yes,Unknown; no notice is not proof of completeness,,,,Unknown,https://data.police.uk/changelog/,2026-09-05T16:05:12.081357+00:00,f7c66fab36b0fee02000690c60519b77463003d57bb5903cbcd750af28a8357d,https://data.police.uk/api/crimes-street-dates,2026-09-05T16:04:46.173100+00:00,0a17d60fd68ee9bd19055de13c27028c5f1fe8a3e370fde21d32d7d5704da298
W15000003,South Wales,2025-05,yes,Unknown; no notice is not proof of completeness,,,,Unknown,https://data.police.uk/changelog/,2026-09-05T16:05:12.081357+00:00,f7c66fab36b0fee02000690c60519b77463003d57bb5903cbcd750af28a8357d,https://data.police.uk/api/crimes-street-dates,2026-09-05T16:04:46.173100+00:00,0a17d60fd68ee9bd19055de13c27028c5f1fe8a3e370fde21d32d7d5704da298
W15000003,South Wales,2025-06,yes,Unknown; no notice is not proof of completeness,,,,Unknown,https://data.police.uk/changelog/,2026-09-05T16:05:12.081357+00:00,f7c66fab36b0fee02000690c60519b77463003d57bb5903cbcd750af28a8357d,https://data.police.uk/api/crimes-street-dates,2026-09-05T16:04:46.173100+00:00,0a17d60fd68ee9bd19055de13c27028c5f1fe8a3e370fde21d32d7d5704da298
W15000003,South Wales,2025-07,yes,Unknown; no notice is not proof of completeness,,,,Unknown,https://data.police.uk/changelog/,2026-09-05T16:05:12.081357+00:00,f7c66fab36b0fee02000690c60519b77463003d57bb5903cbcd750af28a8357d,https://data.police.uk/api/crimes-street-dates,2026-09-05T16:04:46.173100+00:00,0a17d60fd68ee9bd19055de13c27028c5f1fe8a3e370fde21d32d7d5704da298
W15000003,South Wales,2025-08,yes,Unknown; no notice is not proof of completeness,,,,Unknown,https://data.police.uk/changelog/,2026-09-05T16:05:12.081357+00:00,f7c66fab36b0fee02000690c60519b77463003d57bb5903cbcd750af28a8357d,https://data.police.uk/api/crimes-street-dates,2026-09-05T16:04:46.173100+00:00,0a17d60fd68ee9bd19055de13c27028c5f1fe8a3e370fde21d32d7d5704da298
W15000003,South Wales,2025-09,yes,Unknown; no notice is not proof of completeness,,,,Unknown,https://data.police.uk/changelog/,2026-09-05T16:05:12.081357+00:00,f7c66fab36b0fee02000690c60519b77463003d57bb5903cbcd750af28a8357d,https://data.police.uk/api/crimes-street-dates,2026-09-05T16:04:46.173100+00:00,0a17d60fd68ee9bd19055de13c27028c5f1fe8a3e370fde21d32d7d5704da298
W15000003,South Wales,2025-10,yes,Unknown; no notice is not proof of completeness,,,,Unknown,https://data.police.uk/changelog/,2026-09-05T16:05:12.081357+00:00,f7c66fab36b0fee02000690c60519b77463003d57bb5903cbcd750af28a8357d,https://data.police.uk/api/crimes-street-dates,2026-09-05T16:04:46.173100+00:00,0a17d60fd68ee9bd19055de13c27028c5f1fe8a3e370fde21d32d7d5704da298
W15000003,South Wales,2025-11,yes,Unknown; no notice is not proof of completeness,,,,Unknown,https://data.police.uk/changelog/,2026-09-05T16:05:12.081357+00:00,f7c66fab36b0fee02000690c60519b77463003d57bb5903cbcd750af28a8357d,https://data.police.uk/api/crimes-street-dates,2026-09-05T16:04:46.173100+00:00,0a17d60fd68ee9bd19055de13c27028c5f1fe8a3e370fde21d32d7d5704da298
W15000003,South Wales,2025-12,yes,Unknown; no notice is not proof of completeness,,,,Unknown,https://data.police.uk/changelog/,2026-09-05T16:05:12.081357+00:00,f7c66fab36b0fee02000690c60519b77463003d57bb5903cbcd750af28a8357d,https://data.police.uk/api/crimes-street-dates,2026-09-05T16:04:46.173100+00:00,0a17d60fd68ee9bd19055de13c27028c5f1fe8a3e370fde21d32d7d5704da298
W15000003,South Wales,2026-01,yes,Unknown; no notice is not proof of completeness,,,,Unknown,https://data.police.uk/changelog/,2026-09-05T16:05:12.081357+00:00,f7c66fab36b0fee02000690c60519b77463003d57bb5903cbcd750af28a8357d,https://data.police.uk/api/crimes-street-dates,2026-09-05T16:04:46.173100+00:00,0a17d60fd68ee9bd19055de13c27028c5f1fe8a3e370fde21d32d7d5704da298
W15000003,South Wales,2026-02,yes,Unknown; no notice is not proof of completeness,,,,Unknown,https://data.police.uk/changelog/,2026-09-05T16:05:12.081357+00:00,f7c66fab36b0fee02000690c60519b77463003d57bb5903cbcd750af28a8357d,https://data.police.uk/api/crimes-street-dates,2026-09-05T16:04:46.173100+00:00,0a17d60fd68ee9bd19055de13c27028c5f1fe8a3e370fde21d32d7d5704da298
W15000003,South Wales,2026-03,yes,Unknown; no notice is not proof of completeness,,,,Unknown,https://data.police.uk/changelog/,2026-09-05T16:05:12.081357+00:00,f7c66fab36b0fee02000690c60519b77463003d57bb5903cbcd750af28a8357d,https://data.police.uk/api/crimes-street-dates,2026-09-05T16:04:46.173100+00:00,0a17d60fd68ee9bd19055de13c27028c5f1fe8a3e370fde21d32d7d5704da298
