location_id,category,local_authority_code,csp_code,csp_name,boundary_vintage,boundary_basis,mapping_reason,force_code,force_name,period_start,period_end,count,population,population_period,population_rounding,published_rate_per_1000,force_count,force_unallocated_count,coverage,evidence_id,source_url,retrieval_date,source_cells,source_sha256,rate_per_1000,force_unallocated_percent,transformation,review_status,missing_reason
barnsley,violence_against_person,E08000016,E22000259,Barnsley,,ONS YE March 2026 C1/C2/C4; exact boundary vintage not stated,Source C2 LA name matches canonical localAuthority; CSP proxy for the place.,E23000011,South Yorkshire,2025-04-01,2026-03-31,9210,251800,mid-2024,nearest 100,36.581006474162926,54042,641,Published annual CSP total; monthly completeness not independently verified,CRIME-ONS-2026-CSP,https://www.ons.gov.uk/file?uri=/peoplepopulationandcommunity/crimeandjustice/datasets/policeforceareadatatables/yearendingmarch2026/pfatablesyemarch2026.xlsx,2026-09-05,Table C2!H307; Table C4!G307; Table C4!J307,27d7884ef0e07dad01e602e48a430871ea2db1f558dbaa496e1f1f22e06c307f,36.577,1.186,count / CSP population rounded to nearest 100 * 1000; rate rounded to 3 decimals,Research only; safety pending ASB and comparability review,
barnsley,sexual_offences,E08000016,E22000259,Barnsley,,ONS YE March 2026 C1/C2/C4; exact boundary vintage not stated,Source C2 LA name matches canonical localAuthority; CSP proxy for the place.,E23000011,South Yorkshire,2025-04-01,2026-03-31,886,251800,mid-2024,nearest 100,3.5190848790562814,5705,389,Published annual CSP total; monthly completeness not independently verified,CRIME-ONS-2026-CSP,https://www.ons.gov.uk/file?uri=/peoplepopulationandcommunity/crimeandjustice/datasets/policeforceareadatatables/yearendingmarch2026/pfatablesyemarch2026.xlsx,2026-09-05,Table C2!N307; Table C4!G307; Table C4!P307,27d7884ef0e07dad01e602e48a430871ea2db1f558dbaa496e1f1f22e06c307f,3.519,6.819,count / CSP population rounded to nearest 100 * 1000; rate rounded to 3 decimals,Research only; safety pending ASB and comparability review,
barnsley,asb,E08000016,E22000259,Barnsley,,ONS YE March 2026 C1/C2/C4; exact boundary vintage not stated,Source C2 LA name matches canonical localAuthority; CSP proxy for the place.,,,,,,,,,,,,,,,,,,,,,Research only; safety pending ASB and comparability review,No verified compatible CSP ASB numerator acquired; ONS appendix D4/D5 are national totals
birmingham,violence_against_person,E08000025,E22000335,Birmingham,,ONS YE March 2026 C1/C2/C4; exact boundary vintage not stated,Source C2 LA name matches canonical localAuthority; CSP proxy for the place.,E23000014,West Midlands,2025-04-01,2026-03-31,54628,1183600,mid-2024,nearest 100,46.153404223322049,120341,1301,Published annual CSP total; monthly completeness not independently verified,CRIME-ONS-2026-CSP,https://www.ons.gov.uk/file?uri=/peoplepopulationandcommunity/crimeandjustice/datasets/policeforceareadatatables/yearendingmarch2026/pfatablesyemarch2026.xlsx,2026-09-05,Table C2!H389; Table C4!G389; Table C4!J389,27d7884ef0e07dad01e602e48a430871ea2db1f558dbaa496e1f1f22e06c307f,46.154,1.081,count / CSP population rounded to nearest 100 * 1000; rate rounded to 3 decimals,Research only; safety pending ASB and comparability review,
birmingham,sexual_offences,E08000025,E22000335,Birmingham,,ONS YE March 2026 C1/C2/C4; exact boundary vintage not stated,Source C2 LA name matches canonical localAuthority; CSP proxy for the place.,E23000014,West Midlands,2025-04-01,2026-03-31,5734,1183600,mid-2024,nearest 100,4.8444684011226595,12069,233,Published annual CSP total; monthly completeness not independently verified,CRIME-ONS-2026-CSP,https://www.ons.gov.uk/file?uri=/peoplepopulationandcommunity/crimeandjustice/datasets/policeforceareadatatables/yearendingmarch2026/pfatablesyemarch2026.xlsx,2026-09-05,Table C2!N389; Table C4!G389; Table C4!P389,27d7884ef0e07dad01e602e48a430871ea2db1f558dbaa496e1f1f22e06c307f,4.845,1.931,count / CSP population rounded to nearest 100 * 1000; rate rounded to 3 decimals,Research only; safety pending ASB and comparability review,
birmingham,asb,E08000025,E22000335,Birmingham,,ONS YE March 2026 C1/C2/C4; exact boundary vintage not stated,Source C2 LA name matches canonical localAuthority; CSP proxy for the place.,,,,,,,,,,,,,,,,,,,,,Research only; safety pending ASB and comparability review,No verified compatible CSP ASB numerator acquired; ONS appendix D4/D5 are national totals
blackburn,violence_against_person,E06000008,E22000150,Blackburn with Darwen,,ONS YE March 2026 C1/C2/C4; exact boundary vintage not stated,Source C2 LA name matches canonical localAuthority; CSP proxy for the place.,E23000003,Lancashire,2025-04-01,2026-03-31,5943,162500,mid-2024,nearest 100,36.563307493540051,56236,980,Published annual CSP total; monthly completeness not independently verified,CRIME-ONS-2026-CSP,https://www.ons.gov.uk/file?uri=/peoplepopulationandcommunity/crimeandjustice/datasets/policeforceareadatatables/yearendingmarch2026/pfatablesyemarch2026.xlsx,2026-09-05,Table C2!H177; Table C4!G177; Table C4!J177,27d7884ef0e07dad01e602e48a430871ea2db1f558dbaa496e1f1f22e06c307f,36.572,1.743,count / CSP population rounded to nearest 100 * 1000; rate rounded to 3 decimals,Research only; safety pending ASB and comparability review,
blackburn,sexual_offences,E06000008,E22000150,Blackburn with Darwen,,ONS YE March 2026 C1/C2/C4; exact boundary vintage not stated,Source C2 LA name matches canonical localAuthority; CSP proxy for the place.,E23000003,Lancashire,2025-04-01,2026-03-31,551,162500,mid-2024,nearest 100,3.3899347852836228,5950,183,Published annual CSP total; monthly completeness not independently verified,CRIME-ONS-2026-CSP,https://www.ons.gov.uk/file?uri=/peoplepopulationandcommunity/crimeandjustice/datasets/policeforceareadatatables/yearendingmarch2026/pfatablesyemarch2026.xlsx,2026-09-05,Table C2!N177; Table C4!G177; Table C4!P177,27d7884ef0e07dad01e602e48a430871ea2db1f558dbaa496e1f1f22e06c307f,3.391,3.076,count / CSP population rounded to nearest 100 * 1000; rate rounded to 3 decimals,Research only; safety pending ASB and comparability review,
blackburn,asb,E06000008,E22000150,Blackburn with Darwen,,ONS YE March 2026 C1/C2/C4; exact boundary vintage not stated,Source C2 LA name matches canonical localAuthority; CSP proxy for the place.,,,,,,,,,,,,,,,,,,,,,Research only; safety pending ASB and comparability review,No verified compatible CSP ASB numerator acquired; ONS appendix D4/D5 are national totals
blackpool,violence_against_person,E06000009,E22000151,Blackpool,,ONS YE March 2026 C1/C2/C4; exact boundary vintage not stated,Source C2 LA name matches canonical localAuthority; CSP proxy for the place.,E23000003,Lancashire,2025-04-01,2026-03-31,9949,144200,mid-2024,nearest 100,68.998758591035511,56236,980,Published annual CSP total; monthly completeness not independently verified,CRIME-ONS-2026-CSP,https://www.ons.gov.uk/file?uri=/peoplepopulationandcommunity/crimeandjustice/datasets/policeforceareadatatables/yearendingmarch2026/pfatablesyemarch2026.xlsx,2026-09-05,Table C2!H178; Table C4!G178; Table C4!J178,27d7884ef0e07dad01e602e48a430871ea2db1f558dbaa496e1f1f22e06c307f,68.994,1.743,count / CSP population rounded to nearest 100 * 1000; rate rounded to 3 decimals,Research only; safety pending ASB and comparability review,
blackpool,sexual_offences,E06000009,E22000151,Blackpool,,ONS YE March 2026 C1/C2/C4; exact boundary vintage not stated,Source C2 LA name matches canonical localAuthority; CSP proxy for the place.,E23000003,Lancashire,2025-04-01,2026-03-31,989,144200,mid-2024,nearest 100,6.8589579099943823,5950,183,Published annual CSP total; monthly completeness not independently verified,CRIME-ONS-2026-CSP,https://www.ons.gov.uk/file?uri=/peoplepopulationandcommunity/crimeandjustice/datasets/policeforceareadatatables/yearendingmarch2026/pfatablesyemarch2026.xlsx,2026-09-05,Table C2!N178; Table C4!G178; Table C4!P178,27d7884ef0e07dad01e602e48a430871ea2db1f558dbaa496e1f1f22e06c307f,6.859,3.076,count / CSP population rounded to nearest 100 * 1000; rate rounded to 3 decimals,Research only; safety pending ASB and comparability review,
blackpool,asb,E06000009,E22000151,Blackpool,,ONS YE March 2026 C1/C2/C4; exact boundary vintage not stated,Source C2 LA name matches canonical localAuthority; CSP proxy for the place.,,,,,,,,,,,,,,,,,,,,,Research only; safety pending ASB and comparability review,No verified compatible CSP ASB numerator acquired; ONS appendix D4/D5 are national totals
bolton,violence_against_person,E08000001,E22000099,Bolton,,ONS YE March 2026 C1/C2/C4; exact boundary vintage not stated,Source C2 LA name matches canonical localAuthority; CSP proxy for the place.,E23000005,Greater Manchester,2025-04-01,2026-03-31,13243,310100,mid-2024,nearest 100,42.707644678072143,125640,205,Published annual CSP total; monthly completeness not independently verified,CRIME-ONS-2026-CSP,https://www.ons.gov.uk/file?uri=/peoplepopulationandcommunity/crimeandjustice/datasets/policeforceareadatatables/yearendingmarch2026/pfatablesyemarch2026.xlsx,2026-09-05,Table C2!H111; Table C4!G111; Table C4!J111,27d7884ef0e07dad01e602e48a430871ea2db1f558dbaa496e1f1f22e06c307f,42.706,0.163,count / CSP population rounded to nearest 100 * 1000; rate rounded to 3 decimals,Research only; safety pending ASB and comparability review,
bolton,sexual_offences,E08000001,E22000099,Bolton,,ONS YE March 2026 C1/C2/C4; exact boundary vintage not stated,Source C2 LA name matches canonical localAuthority; CSP proxy for the place.,E23000005,Greater Manchester,2025-04-01,2026-03-31,1232,310100,mid-2024,nearest 100,3.9731041488624084,12751,23,Published annual CSP total; monthly completeness not independently verified,CRIME-ONS-2026-CSP,https://www.ons.gov.uk/file?uri=/peoplepopulationandcommunity/crimeandjustice/datasets/policeforceareadatatables/yearendingmarch2026/pfatablesyemarch2026.xlsx,2026-09-05,Table C2!N111; Table C4!G111; Table C4!P111,27d7884ef0e07dad01e602e48a430871ea2db1f558dbaa496e1f1f22e06c307f,3.973,0.180,count / CSP population rounded to nearest 100 * 1000; rate rounded to 3 decimals,Research only; safety pending ASB and comparability review,
bolton,asb,E08000001,E22000099,Bolton,,ONS YE March 2026 C1/C2/C4; exact boundary vintage not stated,Source C2 LA name matches canonical localAuthority; CSP proxy for the place.,,,,,,,,,,,,,,,,,,,,,Research only; safety pending ASB and comparability review,No verified compatible CSP ASB numerator acquired; ONS appendix D4/D5 are national totals
bradford,violence_against_person,E08000032,E22000342,Bradford,,ONS YE March 2026 C1/C2/C4; exact boundary vintage not stated,Source C2 LA name matches canonical localAuthority; CSP proxy for the place.,E23000010,West Yorkshire,2025-04-01,2026-03-31,29089,563600,mid-2024,nearest 100,51.612388108693146,111552,6,Published annual CSP total; monthly completeness not independently verified,CRIME-ONS-2026-CSP,https://www.ons.gov.uk/file?uri=/peoplepopulationandcommunity/crimeandjustice/datasets/policeforceareadatatables/yearendingmarch2026/pfatablesyemarch2026.xlsx,2026-09-05,Table C2!H398; Table C4!G398; Table C4!J398,27d7884ef0e07dad01e602e48a430871ea2db1f558dbaa496e1f1f22e06c307f,51.613,0.005,count / CSP population rounded to nearest 100 * 1000; rate rounded to 3 decimals,Research only; safety pending ASB and comparability review,
bradford,sexual_offences,E08000032,E22000342,Bradford,,ONS YE March 2026 C1/C2/C4; exact boundary vintage not stated,Source C2 LA name matches canonical localAuthority; CSP proxy for the place.,E23000010,West Yorkshire,2025-04-01,2026-03-31,2697,563600,mid-2024,nearest 100,4.7852662769137968,10639,6,Published annual CSP total; monthly completeness not independently verified,CRIME-ONS-2026-CSP,https://www.ons.gov.uk/file?uri=/peoplepopulationandcommunity/crimeandjustice/datasets/policeforceareadatatables/yearendingmarch2026/pfatablesyemarch2026.xlsx,2026-09-05,Table C2!N398; Table C4!G398; Table C4!P398,27d7884ef0e07dad01e602e48a430871ea2db1f558dbaa496e1f1f22e06c307f,4.785,0.056,count / CSP population rounded to nearest 100 * 1000; rate rounded to 3 decimals,Research only; safety pending ASB and comparability review,
bradford,asb,E08000032,E22000342,Bradford,,ONS YE March 2026 C1/C2/C4; exact boundary vintage not stated,Source C2 LA name matches canonical localAuthority; CSP proxy for the place.,,,,,,,,,,,,,,,,,,,,,Research only; safety pending ASB and comparability review,No verified compatible CSP ASB numerator acquired; ONS appendix D4/D5 are national totals
burnley,violence_against_person,E07000117,E22000152,Burnley,,ONS YE March 2026 C1/C2/C4; exact boundary vintage not stated,Source C2 LA name matches canonical localAuthority; CSP proxy for the place.,E23000003,Lancashire,2025-04-01,2026-03-31,4196,99200,mid-2024,nearest 100,42.284320740076389,56236,980,Published annual CSP total; monthly completeness not independently verified,CRIME-ONS-2026-CSP,https://www.ons.gov.uk/file?uri=/peoplepopulationandcommunity/crimeandjustice/datasets/policeforceareadatatables/yearendingmarch2026/pfatablesyemarch2026.xlsx,2026-09-05,Table C2!H179; Table C4!G179; Table C4!J179,27d7884ef0e07dad01e602e48a430871ea2db1f558dbaa496e1f1f22e06c307f,42.298,1.743,count / CSP population rounded to nearest 100 * 1000; rate rounded to 3 decimals,Research only; safety pending ASB and comparability review,
burnley,sexual_offences,E07000117,E22000152,Burnley,,ONS YE March 2026 C1/C2/C4; exact boundary vintage not stated,Source C2 LA name matches canonical localAuthority; CSP proxy for the place.,E23000003,Lancashire,2025-04-01,2026-03-31,440,99200,mid-2024,nearest 100,4.4340088478631099,5950,183,Published annual CSP total; monthly completeness not independently verified,CRIME-ONS-2026-CSP,https://www.ons.gov.uk/file?uri=/peoplepopulationandcommunity/crimeandjustice/datasets/policeforceareadatatables/yearendingmarch2026/pfatablesyemarch2026.xlsx,2026-09-05,Table C2!N179; Table C4!G179; Table C4!P179,27d7884ef0e07dad01e602e48a430871ea2db1f558dbaa496e1f1f22e06c307f,4.435,3.076,count / CSP population rounded to nearest 100 * 1000; rate rounded to 3 decimals,Research only; safety pending ASB and comparability review,
burnley,asb,E07000117,E22000152,Burnley,,ONS YE March 2026 C1/C2/C4; exact boundary vintage not stated,Source C2 LA name matches canonical localAuthority; CSP proxy for the place.,,,,,,,,,,,,,,,,,,,,,Research only; safety pending ASB and comparability review,No verified compatible CSP ASB numerator acquired; ONS appendix D4/D5 are national totals
burton-on-trent,violence_against_person,E07000193,E22000264,East Staffordshire,,ONS YE March 2026 C1/C2/C4; exact boundary vintage not stated,Source C2 LA name matches canonical localAuthority; CSP proxy for the place.,E23000015,Staffordshire,2025-04-01,2026-03-31,3921,129700,mid-2024,nearest 100,30.240862570280505,37896,450,Published annual CSP total; monthly completeness not independently verified,CRIME-ONS-2026-CSP,https://www.ons.gov.uk/file?uri=/peoplepopulationandcommunity/crimeandjustice/datasets/policeforceareadatatables/yearendingmarch2026/pfatablesyemarch2026.xlsx,2026-09-05,Table C2!H314; Table C4!G314; Table C4!J314,27d7884ef0e07dad01e602e48a430871ea2db1f558dbaa496e1f1f22e06c307f,30.231,1.187,count / CSP population rounded to nearest 100 * 1000; rate rounded to 3 decimals,Research only; safety pending ASB and comparability review,
burton-on-trent,sexual_offences,E07000193,E22000264,East Staffordshire,,ONS YE March 2026 C1/C2/C4; exact boundary vintage not stated,Source C2 LA name matches canonical localAuthority; CSP proxy for the place.,E23000015,Staffordshire,2025-04-01,2026-03-31,390,129700,mid-2024,nearest 100,3.0078899266537609,4261,76,Published annual CSP total; monthly completeness not independently verified,CRIME-ONS-2026-CSP,https://www.ons.gov.uk/file?uri=/peoplepopulationandcommunity/crimeandjustice/datasets/policeforceareadatatables/yearendingmarch2026/pfatablesyemarch2026.xlsx,2026-09-05,Table C2!N314; Table C4!G314; Table C4!P314,27d7884ef0e07dad01e602e48a430871ea2db1f558dbaa496e1f1f22e06c307f,3.007,1.784,count / CSP population rounded to nearest 100 * 1000; rate rounded to 3 decimals,Research only; safety pending ASB and comparability review,
burton-on-trent,asb,E07000193,E22000264,East Staffordshire,,ONS YE March 2026 C1/C2/C4; exact boundary vintage not stated,Source C2 LA name matches canonical localAuthority; CSP proxy for the place.,,,,,,,,,,,,,,,,,,,,,Research only; safety pending ASB and comparability review,No verified compatible CSP ASB numerator acquired; ONS appendix D4/D5 are national totals
cardiff,violence_against_person,W06000015,W14000015,Cardiff,,ONS YE March 2026 C1/C2/C4; exact boundary vintage not stated,Source C2 LA name matches canonical localAuthority; CSP proxy for the place.,W15000003,South Wales,2025-04-01,2026-03-31,11438,383900,mid-2024,nearest 100,29.792742740005053,41549,290,Published annual CSP total; monthly completeness not independently verified,CRIME-ONS-2026-CSP,https://www.ons.gov.uk/file?uri=/peoplepopulationandcommunity/crimeandjustice/datasets/policeforceareadatatables/yearendingmarch2026/pfatablesyemarch2026.xlsx,2026-09-05,Table C2!H300; Table C4!G300; Table C4!J300,27d7884ef0e07dad01e602e48a430871ea2db1f558dbaa496e1f1f22e06c307f,29.794,0.698,count / CSP population rounded to nearest 100 * 1000; rate rounded to 3 decimals,Research only; safety pending ASB and comparability review,
cardiff,sexual_offences,W06000015,W14000015,Cardiff,,ONS YE March 2026 C1/C2/C4; exact boundary vintage not stated,Source C2 LA name matches canonical localAuthority; CSP proxy for the place.,W15000003,South Wales,2025-04-01,2026-03-31,1344,383900,mid-2024,nearest 100,3.5007384370140575,4678,55,Published annual CSP total; monthly completeness not independently verified,CRIME-ONS-2026-CSP,https://www.ons.gov.uk/file?uri=/peoplepopulationandcommunity/crimeandjustice/datasets/policeforceareadatatables/yearendingmarch2026/pfatablesyemarch2026.xlsx,2026-09-05,Table C2!N300; Table C4!G300; Table C4!P300,27d7884ef0e07dad01e602e48a430871ea2db1f558dbaa496e1f1f22e06c307f,3.501,1.176,count / CSP population rounded to nearest 100 * 1000; rate rounded to 3 decimals,Research only; safety pending ASB and comparability review,
cardiff,asb,W06000015,W14000015,Cardiff,,ONS YE March 2026 C1/C2/C4; exact boundary vintage not stated,Source C2 LA name matches canonical localAuthority; CSP proxy for the place.,,,,,,,,,,,,,,,,,,,,,Research only; safety pending ASB and comparability review,No verified compatible CSP ASB numerator acquired; ONS appendix D4/D5 are national totals
chester,violence_against_person,E06000050,E22000355,Cheshire West and Chester,,ONS YE March 2026 C1/C2/C4; exact boundary vintage not stated,Source C2 LA name matches canonical localAuthority; CSP proxy for the place.,E23000006,Cheshire,2025-04-01,2026-03-31,11286,371700,mid-2024,nearest 100,30.367117626166412,34480,77,Published annual CSP total; monthly completeness not independently verified,CRIME-ONS-2026-CSP,https://www.ons.gov.uk/file?uri=/peoplepopulationandcommunity/crimeandjustice/datasets/policeforceareadatatables/yearendingmarch2026/pfatablesyemarch2026.xlsx,2026-09-05,Table C2!H31; Table C4!G31; Table C4!J31,27d7884ef0e07dad01e602e48a430871ea2db1f558dbaa496e1f1f22e06c307f,30.363,0.223,count / CSP population rounded to nearest 100 * 1000; rate rounded to 3 decimals,Research only; safety pending ASB and comparability review,
chester,sexual_offences,E06000050,E22000355,Cheshire West and Chester,,ONS YE March 2026 C1/C2/C4; exact boundary vintage not stated,Source C2 LA name matches canonical localAuthority; CSP proxy for the place.,E23000006,Cheshire,2025-04-01,2026-03-31,1343,371700,mid-2024,nearest 100,3.6135955140830669,4133,65,Published annual CSP total; monthly completeness not independently verified,CRIME-ONS-2026-CSP,https://www.ons.gov.uk/file?uri=/peoplepopulationandcommunity/crimeandjustice/datasets/policeforceareadatatables/yearendingmarch2026/pfatablesyemarch2026.xlsx,2026-09-05,Table C2!N31; Table C4!G31; Table C4!P31,27d7884ef0e07dad01e602e48a430871ea2db1f558dbaa496e1f1f22e06c307f,3.613,1.573,count / CSP population rounded to nearest 100 * 1000; rate rounded to 3 decimals,Research only; safety pending ASB and comparability review,
chester,asb,E06000050,E22000355,Cheshire West and Chester,,ONS YE March 2026 C1/C2/C4; exact boundary vintage not stated,Source C2 LA name matches canonical localAuthority; CSP proxy for the place.,,,,,,,,,,,,,,,,,,,,,Research only; safety pending ASB and comparability review,No verified compatible CSP ASB numerator acquired; ONS appendix D4/D5 are national totals
chesterfield,violence_against_person,E07000034,E22000039,Chesterfield,,ONS YE March 2026 C1/C2/C4; exact boundary vintage not stated,Source C2 LA name matches canonical localAuthority; CSP proxy for the place.,E23000018,Derbyshire,2025-04-01,2026-03-31,4779,106000,mid-2024,nearest 100,45.065773963883252,36884,359,Published annual CSP total; monthly completeness not independently verified,CRIME-ONS-2026-CSP,https://www.ons.gov.uk/file?uri=/peoplepopulationandcommunity/crimeandjustice/datasets/policeforceareadatatables/yearendingmarch2026/pfatablesyemarch2026.xlsx,2026-09-05,Table C2!H53; Table C4!G53; Table C4!J53,27d7884ef0e07dad01e602e48a430871ea2db1f558dbaa496e1f1f22e06c307f,45.085,0.973,count / CSP population rounded to nearest 100 * 1000; rate rounded to 3 decimals,Research only; safety pending ASB and comparability review,
chesterfield,sexual_offences,E07000034,E22000039,Chesterfield,,ONS YE March 2026 C1/C2/C4; exact boundary vintage not stated,Source C2 LA name matches canonical localAuthority; CSP proxy for the place.,E23000018,Derbyshire,2025-04-01,2026-03-31,414,106000,mid-2024,nearest 100,3.9040030175868736,3886,63,Published annual CSP total; monthly completeness not independently verified,CRIME-ONS-2026-CSP,https://www.ons.gov.uk/file?uri=/peoplepopulationandcommunity/crimeandjustice/datasets/policeforceareadatatables/yearendingmarch2026/pfatablesyemarch2026.xlsx,2026-09-05,Table C2!N53; Table C4!G53; Table C4!P53,27d7884ef0e07dad01e602e48a430871ea2db1f558dbaa496e1f1f22e06c307f,3.906,1.621,count / CSP population rounded to nearest 100 * 1000; rate rounded to 3 decimals,Research only; safety pending ASB and comparability review,
chesterfield,asb,E07000034,E22000039,Chesterfield,,ONS YE March 2026 C1/C2/C4; exact boundary vintage not stated,Source C2 LA name matches canonical localAuthority; CSP proxy for the place.,,,,,,,,,,,,,,,,,,,,,Research only; safety pending ASB and comparability review,No verified compatible CSP ASB numerator acquired; ONS appendix D4/D5 are national totals
coventry,violence_against_person,E08000026,E22000336,Coventry,,ONS YE March 2026 C1/C2/C4; exact boundary vintage not stated,Source C2 LA name matches canonical localAuthority; CSP proxy for the place.,E23000014,West Midlands,2025-04-01,2026-03-31,12676,369000,mid-2024,nearest 100,34.349883206061364,120341,1301,Published annual CSP total; monthly completeness not independently verified,CRIME-ONS-2026-CSP,https://www.ons.gov.uk/file?uri=/peoplepopulationandcommunity/crimeandjustice/datasets/policeforceareadatatables/yearendingmarch2026/pfatablesyemarch2026.xlsx,2026-09-05,Table C2!H390; Table C4!G390; Table C4!J390,27d7884ef0e07dad01e602e48a430871ea2db1f558dbaa496e1f1f22e06c307f,34.352,1.081,count / CSP population rounded to nearest 100 * 1000; rate rounded to 3 decimals,Research only; safety pending ASB and comparability review,
coventry,sexual_offences,E08000026,E22000336,Coventry,,ONS YE March 2026 C1/C2/C4; exact boundary vintage not stated,Source C2 LA name matches canonical localAuthority; CSP proxy for the place.,E23000014,West Midlands,2025-04-01,2026-03-31,1428,369000,mid-2024,nearest 100,3.8696460412003493,12069,233,Published annual CSP total; monthly completeness not independently verified,CRIME-ONS-2026-CSP,https://www.ons.gov.uk/file?uri=/peoplepopulationandcommunity/crimeandjustice/datasets/policeforceareadatatables/yearendingmarch2026/pfatablesyemarch2026.xlsx,2026-09-05,Table C2!N390; Table C4!G390; Table C4!P390,27d7884ef0e07dad01e602e48a430871ea2db1f558dbaa496e1f1f22e06c307f,3.870,1.931,count / CSP population rounded to nearest 100 * 1000; rate rounded to 3 decimals,Research only; safety pending ASB and comparability review,
coventry,asb,E08000026,E22000336,Coventry,,ONS YE March 2026 C1/C2/C4; exact boundary vintage not stated,Source C2 LA name matches canonical localAuthority; CSP proxy for the place.,,,,,,,,,,,,,,,,,,,,,Research only; safety pending ASB and comparability review,No verified compatible CSP ASB numerator acquired; ONS appendix D4/D5 are national totals
darlington,violence_against_person,E06000005,E22000072,Darlington,,ONS YE March 2026 C1/C2/C4; exact boundary vintage not stated,Source C2 LA name matches canonical localAuthority; CSP proxy for the place.,E23000008,Durham,2025-04-01,2026-03-31,3940,112500,mid-2024,nearest 100,35.025646952146431,22999,186,Published annual CSP total; monthly completeness not independently verified,CRIME-ONS-2026-CSP,https://www.ons.gov.uk/file?uri=/peoplepopulationandcommunity/crimeandjustice/datasets/policeforceareadatatables/yearendingmarch2026/pfatablesyemarch2026.xlsx,2026-09-05,Table C2!H78; Table C4!G78; Table C4!J78,27d7884ef0e07dad01e602e48a430871ea2db1f558dbaa496e1f1f22e06c307f,35.022,0.809,count / CSP population rounded to nearest 100 * 1000; rate rounded to 3 decimals,Research only; safety pending ASB and comparability review,
darlington,sexual_offences,E06000005,E22000072,Darlington,,ONS YE March 2026 C1/C2/C4; exact boundary vintage not stated,Source C2 LA name matches canonical localAuthority; CSP proxy for the place.,E23000008,Durham,2025-04-01,2026-03-31,456,112500,mid-2024,nearest 100,4.0537296980149176,2536,66,Published annual CSP total; monthly completeness not independently verified,CRIME-ONS-2026-CSP,https://www.ons.gov.uk/file?uri=/peoplepopulationandcommunity/crimeandjustice/datasets/policeforceareadatatables/yearendingmarch2026/pfatablesyemarch2026.xlsx,2026-09-05,Table C2!N78; Table C4!G78; Table C4!P78,27d7884ef0e07dad01e602e48a430871ea2db1f558dbaa496e1f1f22e06c307f,4.053,2.603,count / CSP population rounded to nearest 100 * 1000; rate rounded to 3 decimals,Research only; safety pending ASB and comparability review,
darlington,asb,E06000005,E22000072,Darlington,,ONS YE March 2026 C1/C2/C4; exact boundary vintage not stated,Source C2 LA name matches canonical localAuthority; CSP proxy for the place.,,,,,,,,,,,,,,,,,,,,,Research only; safety pending ASB and comparability review,No verified compatible CSP ASB numerator acquired; ONS appendix D4/D5 are national totals
derby,violence_against_person,E06000015,E22000040,Derby,,ONS YE March 2026 C1/C2/C4; exact boundary vintage not stated,Source C2 LA name matches canonical localAuthority; CSP proxy for the place.,E23000018,Derbyshire,2025-04-01,2026-03-31,12677,274100,mid-2024,nearest 100,46.241277553447219,36884,359,Published annual CSP total; monthly completeness not independently verified,CRIME-ONS-2026-CSP,https://www.ons.gov.uk/file?uri=/peoplepopulationandcommunity/crimeandjustice/datasets/policeforceareadatatables/yearendingmarch2026/pfatablesyemarch2026.xlsx,2026-09-05,Table C2!H54; Table C4!G54; Table C4!J54,27d7884ef0e07dad01e602e48a430871ea2db1f558dbaa496e1f1f22e06c307f,46.250,0.973,count / CSP population rounded to nearest 100 * 1000; rate rounded to 3 decimals,Research only; safety pending ASB and comparability review,
derby,sexual_offences,E06000015,E22000040,Derby,,ONS YE March 2026 C1/C2/C4; exact boundary vintage not stated,Source C2 LA name matches canonical localAuthority; CSP proxy for the place.,E23000018,Derbyshire,2025-04-01,2026-03-31,1340,274100,mid-2024,nearest 100,4.8878529558743606,3886,63,Published annual CSP total; monthly completeness not independently verified,CRIME-ONS-2026-CSP,https://www.ons.gov.uk/file?uri=/peoplepopulationandcommunity/crimeandjustice/datasets/policeforceareadatatables/yearendingmarch2026/pfatablesyemarch2026.xlsx,2026-09-05,Table C2!N54; Table C4!G54; Table C4!P54,27d7884ef0e07dad01e602e48a430871ea2db1f558dbaa496e1f1f22e06c307f,4.889,1.621,count / CSP population rounded to nearest 100 * 1000; rate rounded to 3 decimals,Research only; safety pending ASB and comparability review,
derby,asb,E06000015,E22000040,Derby,,ONS YE March 2026 C1/C2/C4; exact boundary vintage not stated,Source C2 LA name matches canonical localAuthority; CSP proxy for the place.,,,,,,,,,,,,,,,,,,,,,Research only; safety pending ASB and comparability review,No verified compatible CSP ASB numerator acquired; ONS appendix D4/D5 are national totals
doncaster,violence_against_person,E08000017,E22000260,Doncaster,,ONS YE March 2026 C1/C2/C4; exact boundary vintage not stated,Source C2 LA name matches canonical localAuthority; CSP proxy for the place.,E23000011,South Yorkshire,2025-04-01,2026-03-31,13910,319800,mid-2024,nearest 100,43.500695823495384,54042,641,Published annual CSP total; monthly completeness not independently verified,CRIME-ONS-2026-CSP,https://www.ons.gov.uk/file?uri=/peoplepopulationandcommunity/crimeandjustice/datasets/policeforceareadatatables/yearendingmarch2026/pfatablesyemarch2026.xlsx,2026-09-05,Table C2!H308; Table C4!G308; Table C4!J308,27d7884ef0e07dad01e602e48a430871ea2db1f558dbaa496e1f1f22e06c307f,43.496,1.186,count / CSP population rounded to nearest 100 * 1000; rate rounded to 3 decimals,Research only; safety pending ASB and comparability review,
doncaster,sexual_offences,E08000017,E22000260,Doncaster,,ONS YE March 2026 C1/C2/C4; exact boundary vintage not stated,Source C2 LA name matches canonical localAuthority; CSP proxy for the place.,E23000011,South Yorkshire,2025-04-01,2026-03-31,1345,319800,mid-2024,nearest 100,4.2062139383609836,5705,389,Published annual CSP total; monthly completeness not independently verified,CRIME-ONS-2026-CSP,https://www.ons.gov.uk/file?uri=/peoplepopulationandcommunity/crimeandjustice/datasets/policeforceareadatatables/yearendingmarch2026/pfatablesyemarch2026.xlsx,2026-09-05,Table C2!N308; Table C4!G308; Table C4!P308,27d7884ef0e07dad01e602e48a430871ea2db1f558dbaa496e1f1f22e06c307f,4.206,6.819,count / CSP population rounded to nearest 100 * 1000; rate rounded to 3 decimals,Research only; safety pending ASB and comparability review,
doncaster,asb,E08000017,E22000260,Doncaster,,ONS YE March 2026 C1/C2/C4; exact boundary vintage not stated,Source C2 LA name matches canonical localAuthority; CSP proxy for the place.,,,,,,,,,,,,,,,,,,,,,Research only; safety pending ASB and comparability review,No verified compatible CSP ASB numerator acquired; ONS appendix D4/D5 are national totals
gateshead,violence_against_person,E08000037,E22000244,Gateshead,,ONS YE March 2026 C1/C2/C4; exact boundary vintage not stated,Source C2 LA name matches canonical localAuthority; CSP proxy for the place.,E23000007,Northumbria,2025-04-01,2026-03-31,6204,202800,mid-2024,nearest 100,30.59775103570724,49092,695,Published annual CSP total; monthly completeness not independently verified,CRIME-ONS-2026-CSP,https://www.ons.gov.uk/file?uri=/peoplepopulationandcommunity/crimeandjustice/datasets/policeforceareadatatables/yearendingmarch2026/pfatablesyemarch2026.xlsx,2026-09-05,Table C2!H283; Table C4!G283; Table C4!J283,27d7884ef0e07dad01e602e48a430871ea2db1f558dbaa496e1f1f22e06c307f,30.592,1.416,count / CSP population rounded to nearest 100 * 1000; rate rounded to 3 decimals,Research only; safety pending ASB and comparability review,
gateshead,sexual_offences,E08000037,E22000244,Gateshead,,ONS YE March 2026 C1/C2/C4; exact boundary vintage not stated,Source C2 LA name matches canonical localAuthority; CSP proxy for the place.,E23000007,Northumbria,2025-04-01,2026-03-31,698,202800,mid-2024,nearest 100,3.4424935884789898,5861,110,Published annual CSP total; monthly completeness not independently verified,CRIME-ONS-2026-CSP,https://www.ons.gov.uk/file?uri=/peoplepopulationandcommunity/crimeandjustice/datasets/policeforceareadatatables/yearendingmarch2026/pfatablesyemarch2026.xlsx,2026-09-05,Table C2!N283; Table C4!G283; Table C4!P283,27d7884ef0e07dad01e602e48a430871ea2db1f558dbaa496e1f1f22e06c307f,3.442,1.877,count / CSP population rounded to nearest 100 * 1000; rate rounded to 3 decimals,Research only; safety pending ASB and comparability review,
gateshead,asb,E08000037,E22000244,Gateshead,,ONS YE March 2026 C1/C2/C4; exact boundary vintage not stated,Source C2 LA name matches canonical localAuthority; CSP proxy for the place.,,,,,,,,,,,,,,,,,,,,,Research only; safety pending ASB and comparability review,No verified compatible CSP ASB numerator acquired; ONS appendix D4/D5 are national totals
gloucester,violence_against_person,E07000081,E22000096,Gloucester,,ONS YE March 2026 C1/C2/C4; exact boundary vintage not stated,Source C2 LA name matches canonical localAuthority; CSP proxy for the place.,E23000037,Gloucestershire,2025-04-01,2026-03-31,6098,138600,mid-2024,nearest 100,43.997748885265302,18177,535,Published annual CSP total; monthly completeness not independently verified,CRIME-ONS-2026-CSP,https://www.ons.gov.uk/file?uri=/peoplepopulationandcommunity/crimeandjustice/datasets/policeforceareadatatables/yearendingmarch2026/pfatablesyemarch2026.xlsx,2026-09-05,Table C2!H106; Table C4!G106; Table C4!J106,27d7884ef0e07dad01e602e48a430871ea2db1f558dbaa496e1f1f22e06c307f,43.997,2.943,count / CSP population rounded to nearest 100 * 1000; rate rounded to 3 decimals,Research only; safety pending ASB and comparability review,
gloucester,sexual_offences,E07000081,E22000096,Gloucester,,ONS YE March 2026 C1/C2/C4; exact boundary vintage not stated,Source C2 LA name matches canonical localAuthority; CSP proxy for the place.,E23000037,Gloucestershire,2025-04-01,2026-03-31,573,138600,mid-2024,nearest 100,4.1342587916131546,2250,321,Published annual CSP total; monthly completeness not independently verified,CRIME-ONS-2026-CSP,https://www.ons.gov.uk/file?uri=/peoplepopulationandcommunity/crimeandjustice/datasets/policeforceareadatatables/yearendingmarch2026/pfatablesyemarch2026.xlsx,2026-09-05,Table C2!N106; Table C4!G106; Table C4!P106,27d7884ef0e07dad01e602e48a430871ea2db1f558dbaa496e1f1f22e06c307f,4.134,14.267,count / CSP population rounded to nearest 100 * 1000; rate rounded to 3 decimals,Research only; safety pending ASB and comparability review,
gloucester,asb,E07000081,E22000096,Gloucester,,ONS YE March 2026 C1/C2/C4; exact boundary vintage not stated,Source C2 LA name matches canonical localAuthority; CSP proxy for the place.,,,,,,,,,,,,,,,,,,,,,Research only; safety pending ASB and comparability review,No verified compatible CSP ASB numerator acquired; ONS appendix D4/D5 are national totals
halifax,violence_against_person,E08000033,E22000343,Calderdale,,ONS YE March 2026 C1/C2/C4; exact boundary vintage not stated,Source C2 LA name matches canonical localAuthority; CSP proxy for the place.,E23000010,West Yorkshire,2025-04-01,2026-03-31,9616,210900,mid-2024,nearest 100,45.588800022756473,111552,6,Published annual CSP total; monthly completeness not independently verified,CRIME-ONS-2026-CSP,https://www.ons.gov.uk/file?uri=/peoplepopulationandcommunity/crimeandjustice/datasets/policeforceareadatatables/yearendingmarch2026/pfatablesyemarch2026.xlsx,2026-09-05,Table C2!H399; Table C4!G399; Table C4!J399,27d7884ef0e07dad01e602e48a430871ea2db1f558dbaa496e1f1f22e06c307f,45.595,0.005,count / CSP population rounded to nearest 100 * 1000; rate rounded to 3 decimals,Research only; safety pending ASB and comparability review,
halifax,sexual_offences,E08000033,E22000343,Calderdale,,ONS YE March 2026 C1/C2/C4; exact boundary vintage not stated,Source C2 LA name matches canonical localAuthority; CSP proxy for the place.,E23000010,West Yorkshire,2025-04-01,2026-03-31,911,210900,mid-2024,nearest 100,4.3189888540693788,10639,6,Published annual CSP total; monthly completeness not independently verified,CRIME-ONS-2026-CSP,https://www.ons.gov.uk/file?uri=/peoplepopulationandcommunity/crimeandjustice/datasets/policeforceareadatatables/yearendingmarch2026/pfatablesyemarch2026.xlsx,2026-09-05,Table C2!N399; Table C4!G399; Table C4!P399,27d7884ef0e07dad01e602e48a430871ea2db1f558dbaa496e1f1f22e06c307f,4.320,0.056,count / CSP population rounded to nearest 100 * 1000; rate rounded to 3 decimals,Research only; safety pending ASB and comparability review,
halifax,asb,E08000033,E22000343,Calderdale,,ONS YE March 2026 C1/C2/C4; exact boundary vintage not stated,Source C2 LA name matches canonical localAuthority; CSP proxy for the place.,,,,,,,,,,,,,,,,,,,,,Research only; safety pending ASB and comparability review,No verified compatible CSP ASB numerator acquired; ONS appendix D4/D5 are national totals
hartlepool,violence_against_person,E06000001,E22000027,Hartlepool,,ONS YE March 2026 C1/C2/C4; exact boundary vintage not stated,Source C2 LA name matches canonical localAuthority; CSP proxy for the place.,E23000013,Cleveland,2025-04-01,2026-03-31,4628,98200,mid-2024,nearest 100,47.137909961295577,26600,5,Published annual CSP total; monthly completeness not independently verified,CRIME-ONS-2026-CSP,https://www.ons.gov.uk/file?uri=/peoplepopulationandcommunity/crimeandjustice/datasets/policeforceareadatatables/yearendingmarch2026/pfatablesyemarch2026.xlsx,2026-09-05,Table C2!H37; Table C4!G37; Table C4!J37,27d7884ef0e07dad01e602e48a430871ea2db1f558dbaa496e1f1f22e06c307f,47.128,0.019,count / CSP population rounded to nearest 100 * 1000; rate rounded to 3 decimals,Research only; safety pending ASB and comparability review,
hartlepool,sexual_offences,E06000001,E22000027,Hartlepool,,ONS YE March 2026 C1/C2/C4; exact boundary vintage not stated,Source C2 LA name matches canonical localAuthority; CSP proxy for the place.,E23000013,Cleveland,2025-04-01,2026-03-31,550,98200,mid-2024,nearest 100,5.601955591770218,3025,4,Published annual CSP total; monthly completeness not independently verified,CRIME-ONS-2026-CSP,https://www.ons.gov.uk/file?uri=/peoplepopulationandcommunity/crimeandjustice/datasets/policeforceareadatatables/yearendingmarch2026/pfatablesyemarch2026.xlsx,2026-09-05,Table C2!N37; Table C4!G37; Table C4!P37,27d7884ef0e07dad01e602e48a430871ea2db1f558dbaa496e1f1f22e06c307f,5.601,0.132,count / CSP population rounded to nearest 100 * 1000; rate rounded to 3 decimals,Research only; safety pending ASB and comparability review,
hartlepool,asb,E06000001,E22000027,Hartlepool,,ONS YE March 2026 C1/C2/C4; exact boundary vintage not stated,Source C2 LA name matches canonical localAuthority; CSP proxy for the place.,,,,,,,,,,,,,,,,,,,,,Research only; safety pending ASB and comparability review,No verified compatible CSP ASB numerator acquired; ONS appendix D4/D5 are national totals
huddersfield,violence_against_person,E08000034,E22000344,Kirklees,,ONS YE March 2026 C1/C2/C4; exact boundary vintage not stated,Source C2 LA name matches canonical localAuthority; CSP proxy for the place.,E23000010,West Yorkshire,2025-04-01,2026-03-31,17379,447800,mid-2024,nearest 100,38.805663541343364,111552,6,Published annual CSP total; monthly completeness not independently verified,CRIME-ONS-2026-CSP,https://www.ons.gov.uk/file?uri=/peoplepopulationandcommunity/crimeandjustice/datasets/policeforceareadatatables/yearendingmarch2026/pfatablesyemarch2026.xlsx,2026-09-05,Table C2!H400; Table C4!G400; Table C4!J400,27d7884ef0e07dad01e602e48a430871ea2db1f558dbaa496e1f1f22e06c307f,38.810,0.005,count / CSP population rounded to nearest 100 * 1000; rate rounded to 3 decimals,Research only; safety pending ASB and comparability review,
huddersfield,sexual_offences,E08000034,E22000344,Kirklees,,ONS YE March 2026 C1/C2/C4; exact boundary vintage not stated,Source C2 LA name matches canonical localAuthority; CSP proxy for the place.,E23000010,West Yorkshire,2025-04-01,2026-03-31,1716,447800,mid-2024,nearest 100,3.8316657251248754,10639,6,Published annual CSP total; monthly completeness not independently verified,CRIME-ONS-2026-CSP,https://www.ons.gov.uk/file?uri=/peoplepopulationandcommunity/crimeandjustice/datasets/policeforceareadatatables/yearendingmarch2026/pfatablesyemarch2026.xlsx,2026-09-05,Table C2!N400; Table C4!G400; Table C4!P400,27d7884ef0e07dad01e602e48a430871ea2db1f558dbaa496e1f1f22e06c307f,3.832,0.056,count / CSP population rounded to nearest 100 * 1000; rate rounded to 3 decimals,Research only; safety pending ASB and comparability review,
huddersfield,asb,E08000034,E22000344,Kirklees,,ONS YE March 2026 C1/C2/C4; exact boundary vintage not stated,Source C2 LA name matches canonical localAuthority; CSP proxy for the place.,,,,,,,,,,,,,,,,,,,,,Research only; safety pending ASB and comparability review,No verified compatible CSP ASB numerator acquired; ONS appendix D4/D5 are national totals
hull-kingston-upon-hull,violence_against_person,E06000010,E22000134,"Kingston upon Hull, City of",,ONS YE March 2026 C1/C2/C4; exact boundary vintage not stated,Source C2 LA name matches canonical localAuthority; CSP proxy for the place.,E23000012,Humberside,2025-04-01,2026-03-31,13737,275400,mid-2024,nearest 100,49.879993173590506,37886,3542,Published annual CSP total; monthly completeness not independently verified,CRIME-ONS-2026-CSP,https://www.ons.gov.uk/file?uri=/peoplepopulationandcommunity/crimeandjustice/datasets/policeforceareadatatables/yearendingmarch2026/pfatablesyemarch2026.xlsx,2026-09-05,Table C2!H158; Table C4!G158; Table C4!J158,27d7884ef0e07dad01e602e48a430871ea2db1f558dbaa496e1f1f22e06c307f,49.880,9.349,count / CSP population rounded to nearest 100 * 1000; rate rounded to 3 decimals,Research only; safety pending ASB and comparability review,
hull-kingston-upon-hull,sexual_offences,E06000010,E22000134,"Kingston upon Hull, City of",,ONS YE March 2026 C1/C2/C4; exact boundary vintage not stated,Source C2 LA name matches canonical localAuthority; CSP proxy for the place.,E23000012,Humberside,2025-04-01,2026-03-31,1186,275400,mid-2024,nearest 100,4.3064476890062133,3405,312,Published annual CSP total; monthly completeness not independently verified,CRIME-ONS-2026-CSP,https://www.ons.gov.uk/file?uri=/peoplepopulationandcommunity/crimeandjustice/datasets/policeforceareadatatables/yearendingmarch2026/pfatablesyemarch2026.xlsx,2026-09-05,Table C2!N158; Table C4!G158; Table C4!P158,27d7884ef0e07dad01e602e48a430871ea2db1f558dbaa496e1f1f22e06c307f,4.306,9.163,count / CSP population rounded to nearest 100 * 1000; rate rounded to 3 decimals,Research only; safety pending ASB and comparability review,
hull-kingston-upon-hull,asb,E06000010,E22000134,"Kingston upon Hull, City of",,ONS YE March 2026 C1/C2/C4; exact boundary vintage not stated,Source C2 LA name matches canonical localAuthority; CSP proxy for the place.,,,,,,,,,,,,,,,,,,,,,Research only; safety pending ASB and comparability review,No verified compatible CSP ASB numerator acquired; ONS appendix D4/D5 are national totals
ipswich,violence_against_person,E07000202,E22000273,Ipswich,,ONS YE March 2026 C1/C2/C4; exact boundary vintage not stated,Source C2 LA name matches canonical localAuthority; CSP proxy for the place.,E23000025,Suffolk,2025-04-01,2026-03-31,4850,140300,mid-2024,nearest 100,34.57518855953348,18203,239,Published annual CSP total; monthly completeness not independently verified,CRIME-ONS-2026-CSP,https://www.ons.gov.uk/file?uri=/peoplepopulationandcommunity/crimeandjustice/datasets/policeforceareadatatables/yearendingmarch2026/pfatablesyemarch2026.xlsx,2026-09-05,Table C2!H324; Table C4!G324; Table C4!J324,27d7884ef0e07dad01e602e48a430871ea2db1f558dbaa496e1f1f22e06c307f,34.569,1.313,count / CSP population rounded to nearest 100 * 1000; rate rounded to 3 decimals,Research only; safety pending ASB and comparability review,
ipswich,sexual_offences,E07000202,E22000273,Ipswich,,ONS YE March 2026 C1/C2/C4; exact boundary vintage not stated,Source C2 LA name matches canonical localAuthority; CSP proxy for the place.,E23000025,Suffolk,2025-04-01,2026-03-31,658,140300,mid-2024,nearest 100,4.6908193963243372,2654,66,Published annual CSP total; monthly completeness not independently verified,CRIME-ONS-2026-CSP,https://www.ons.gov.uk/file?uri=/peoplepopulationandcommunity/crimeandjustice/datasets/policeforceareadatatables/yearendingmarch2026/pfatablesyemarch2026.xlsx,2026-09-05,Table C2!N324; Table C4!G324; Table C4!P324,27d7884ef0e07dad01e602e48a430871ea2db1f558dbaa496e1f1f22e06c307f,4.690,2.487,count / CSP population rounded to nearest 100 * 1000; rate rounded to 3 decimals,Research only; safety pending ASB and comparability review,
ipswich,asb,E07000202,E22000273,Ipswich,,ONS YE March 2026 C1/C2/C4; exact boundary vintage not stated,Source C2 LA name matches canonical localAuthority; CSP proxy for the place.,,,,,,,,,,,,,,,,,,,,,Research only; safety pending ASB and comparability review,No verified compatible CSP ASB numerator acquired; ONS appendix D4/D5 are national totals
kettering,violence_against_person,E06000061,E22000236,Kettering,,ONS YE March 2026 C1/C2/C4; exact boundary vintage not stated,"C1/C2: named CSP covers part of the current LA; use its own C4 population, not whole LA.",E23000022,Northamptonshire,2025-04-01,2026-03-31,3309,110100,mid-2024,nearest 100,30.051493492929861,22501,172,Published annual CSP total; monthly completeness not independently verified,CRIME-ONS-2026-CSP,https://www.ons.gov.uk/file?uri=/peoplepopulationandcommunity/crimeandjustice/datasets/policeforceareadatatables/yearendingmarch2026/pfatablesyemarch2026.xlsx,2026-09-05,Table C2!H278; Table C4!G278; Table C4!J278,27d7884ef0e07dad01e602e48a430871ea2db1f558dbaa496e1f1f22e06c307f,30.054,0.764,count / CSP population rounded to nearest 100 * 1000; rate rounded to 3 decimals,Research only; safety pending ASB and comparability review,
kettering,sexual_offences,E06000061,E22000236,Kettering,,ONS YE March 2026 C1/C2/C4; exact boundary vintage not stated,"C1/C2: named CSP covers part of the current LA; use its own C4 population, not whole LA.",E23000022,Northamptonshire,2025-04-01,2026-03-31,439,110100,mid-2024,nearest 100,3.9868859605307372,3069,68,Published annual CSP total; monthly completeness not independently verified,CRIME-ONS-2026-CSP,https://www.ons.gov.uk/file?uri=/peoplepopulationandcommunity/crimeandjustice/datasets/policeforceareadatatables/yearendingmarch2026/pfatablesyemarch2026.xlsx,2026-09-05,Table C2!N278; Table C4!G278; Table C4!P278,27d7884ef0e07dad01e602e48a430871ea2db1f558dbaa496e1f1f22e06c307f,3.987,2.216,count / CSP population rounded to nearest 100 * 1000; rate rounded to 3 decimals,Research only; safety pending ASB and comparability review,
kettering,asb,E06000061,E22000236,Kettering,,ONS YE March 2026 C1/C2/C4; exact boundary vintage not stated,"C1/C2: named CSP covers part of the current LA; use its own C4 population, not whole LA.",,,,,,,,,,,,,,,,,,,,,Research only; safety pending ASB and comparability review,No verified compatible CSP ASB numerator acquired; ONS appendix D4/D5 are national totals
lancaster,violence_against_person,E07000121,E22000156,Lancaster,,ONS YE March 2026 C1/C2/C4; exact boundary vintage not stated,Source C2 LA name matches canonical localAuthority; CSP proxy for the place.,E23000003,Lancashire,2025-04-01,2026-03-31,4313,145000,mid-2024,nearest 100,29.743596816683446,56236,980,Published annual CSP total; monthly completeness not independently verified,CRIME-ONS-2026-CSP,https://www.ons.gov.uk/file?uri=/peoplepopulationandcommunity/crimeandjustice/datasets/policeforceareadatatables/yearendingmarch2026/pfatablesyemarch2026.xlsx,2026-09-05,Table C2!H183; Table C4!G183; Table C4!J183,27d7884ef0e07dad01e602e48a430871ea2db1f558dbaa496e1f1f22e06c307f,29.745,1.743,count / CSP population rounded to nearest 100 * 1000; rate rounded to 3 decimals,Research only; safety pending ASB and comparability review,
lancaster,sexual_offences,E07000121,E22000156,Lancaster,,ONS YE March 2026 C1/C2/C4; exact boundary vintage not stated,Source C2 LA name matches canonical localAuthority; CSP proxy for the place.,E23000003,Lancashire,2025-04-01,2026-03-31,461,145000,mid-2024,nearest 100,3.1791787926016855,5950,183,Published annual CSP total; monthly completeness not independently verified,CRIME-ONS-2026-CSP,https://www.ons.gov.uk/file?uri=/peoplepopulationandcommunity/crimeandjustice/datasets/policeforceareadatatables/yearendingmarch2026/pfatablesyemarch2026.xlsx,2026-09-05,Table C2!N183; Table C4!G183; Table C4!P183,27d7884ef0e07dad01e602e48a430871ea2db1f558dbaa496e1f1f22e06c307f,3.179,3.076,count / CSP population rounded to nearest 100 * 1000; rate rounded to 3 decimals,Research only; safety pending ASB and comparability review,
lancaster,asb,E07000121,E22000156,Lancaster,,ONS YE March 2026 C1/C2/C4; exact boundary vintage not stated,Source C2 LA name matches canonical localAuthority; CSP proxy for the place.,,,,,,,,,,,,,,,,,,,,,Research only; safety pending ASB and comparability review,No verified compatible CSP ASB numerator acquired; ONS appendix D4/D5 are national totals
leeds,violence_against_person,E08000035,E22000345,Leeds,,ONS YE March 2026 C1/C2/C4; exact boundary vintage not stated,Source C2 LA name matches canonical localAuthority; CSP proxy for the place.,E23000010,West Yorkshire,2025-04-01,2026-03-31,37929,845200,mid-2024,nearest 100,44.876353099720895,111552,6,Published annual CSP total; monthly completeness not independently verified,CRIME-ONS-2026-CSP,https://www.ons.gov.uk/file?uri=/peoplepopulationandcommunity/crimeandjustice/datasets/policeforceareadatatables/yearendingmarch2026/pfatablesyemarch2026.xlsx,2026-09-05,Table C2!H401; Table C4!G401; Table C4!J401,27d7884ef0e07dad01e602e48a430871ea2db1f558dbaa496e1f1f22e06c307f,44.876,0.005,count / CSP population rounded to nearest 100 * 1000; rate rounded to 3 decimals,Research only; safety pending ASB and comparability review,
leeds,sexual_offences,E08000035,E22000345,Leeds,,ONS YE March 2026 C1/C2/C4; exact boundary vintage not stated,Source C2 LA name matches canonical localAuthority; CSP proxy for the place.,E23000010,West Yorkshire,2025-04-01,2026-03-31,3697,845200,mid-2024,nearest 100,4.3741695644406162,10639,6,Published annual CSP total; monthly completeness not independently verified,CRIME-ONS-2026-CSP,https://www.ons.gov.uk/file?uri=/peoplepopulationandcommunity/crimeandjustice/datasets/policeforceareadatatables/yearendingmarch2026/pfatablesyemarch2026.xlsx,2026-09-05,Table C2!N401; Table C4!G401; Table C4!P401,27d7884ef0e07dad01e602e48a430871ea2db1f558dbaa496e1f1f22e06c307f,4.374,0.056,count / CSP population rounded to nearest 100 * 1000; rate rounded to 3 decimals,Research only; safety pending ASB and comparability review,
leeds,asb,E08000035,E22000345,Leeds,,ONS YE March 2026 C1/C2/C4; exact boundary vintage not stated,Source C2 LA name matches canonical localAuthority; CSP proxy for the place.,,,,,,,,,,,,,,,,,,,,,Research only; safety pending ASB and comparability review,No verified compatible CSP ASB numerator acquired; ONS appendix D4/D5 are national totals
leicester,violence_against_person,E06000016,E22000168,Leicester,,ONS YE March 2026 C1/C2/C4; exact boundary vintage not stated,Source C2 LA name matches canonical localAuthority; CSP proxy for the place.,E23000021,Leicestershire,2025-04-01,2026-03-31,15637,388300,mid-2024,nearest 100,40.265432035184936,33355,668,Published annual CSP total; monthly completeness not independently verified,CRIME-ONS-2026-CSP,https://www.ons.gov.uk/file?uri=/peoplepopulationandcommunity/crimeandjustice/datasets/policeforceareadatatables/yearendingmarch2026/pfatablesyemarch2026.xlsx,2026-09-05,Table C2!H197; Table C4!G197; Table C4!J197,27d7884ef0e07dad01e602e48a430871ea2db1f558dbaa496e1f1f22e06c307f,40.270,2.003,count / CSP population rounded to nearest 100 * 1000; rate rounded to 3 decimals,Research only; safety pending ASB and comparability review,
leicester,sexual_offences,E06000016,E22000168,Leicester,,ONS YE March 2026 C1/C2/C4; exact boundary vintage not stated,Source C2 LA name matches canonical localAuthority; CSP proxy for the place.,E23000021,Leicestershire,2025-04-01,2026-03-31,1669,388300,mid-2024,nearest 100,4.2976917609978678,3948,160,Published annual CSP total; monthly completeness not independently verified,CRIME-ONS-2026-CSP,https://www.ons.gov.uk/file?uri=/peoplepopulationandcommunity/crimeandjustice/datasets/policeforceareadatatables/yearendingmarch2026/pfatablesyemarch2026.xlsx,2026-09-05,Table C2!N197; Table C4!G197; Table C4!P197,27d7884ef0e07dad01e602e48a430871ea2db1f558dbaa496e1f1f22e06c307f,4.298,4.053,count / CSP population rounded to nearest 100 * 1000; rate rounded to 3 decimals,Research only; safety pending ASB and comparability review,
leicester,asb,E06000016,E22000168,Leicester,,ONS YE March 2026 C1/C2/C4; exact boundary vintage not stated,Source C2 LA name matches canonical localAuthority; CSP proxy for the place.,,,,,,,,,,,,,,,,,,,,,Research only; safety pending ASB and comparability review,No verified compatible CSP ASB numerator acquired; ONS appendix D4/D5 are national totals
lincoln,violence_against_person,E07000138,E22000175,Lincoln,,ONS YE March 2026 C1/C2/C4; exact boundary vintage not stated,Source C2 LA name matches canonical localAuthority; CSP proxy for the place.,E23000020,Lincolnshire,2025-04-01,2026-03-31,4549,105100,mid-2024,nearest 100,43.276823258557378,22114,22,Published annual CSP total; monthly completeness not independently verified,CRIME-ONS-2026-CSP,https://www.ons.gov.uk/file?uri=/peoplepopulationandcommunity/crimeandjustice/datasets/policeforceareadatatables/yearendingmarch2026/pfatablesyemarch2026.xlsx,2026-09-05,Table C2!H206; Table C4!G206; Table C4!J206,27d7884ef0e07dad01e602e48a430871ea2db1f558dbaa496e1f1f22e06c307f,43.283,0.099,count / CSP population rounded to nearest 100 * 1000; rate rounded to 3 decimals,Research only; safety pending ASB and comparability review,
lincoln,sexual_offences,E07000138,E22000175,Lincoln,,ONS YE March 2026 C1/C2/C4; exact boundary vintage not stated,Source C2 LA name matches canonical localAuthority; CSP proxy for the place.,E23000020,Lincolnshire,2025-04-01,2026-03-31,628,105100,mid-2024,nearest 100,5.9744658180641972,2796,14,Published annual CSP total; monthly completeness not independently verified,CRIME-ONS-2026-CSP,https://www.ons.gov.uk/file?uri=/peoplepopulationandcommunity/crimeandjustice/datasets/policeforceareadatatables/yearendingmarch2026/pfatablesyemarch2026.xlsx,2026-09-05,Table C2!N206; Table C4!G206; Table C4!P206,27d7884ef0e07dad01e602e48a430871ea2db1f558dbaa496e1f1f22e06c307f,5.975,0.501,count / CSP population rounded to nearest 100 * 1000; rate rounded to 3 decimals,Research only; safety pending ASB and comparability review,
lincoln,asb,E07000138,E22000175,Lincoln,,ONS YE March 2026 C1/C2/C4; exact boundary vintage not stated,Source C2 LA name matches canonical localAuthority; CSP proxy for the place.,,,,,,,,,,,,,,,,,,,,,Research only; safety pending ASB and comparability review,No verified compatible CSP ASB numerator acquired; ONS appendix D4/D5 are national totals
liverpool,violence_against_person,E08000012,E22000182,Liverpool,,ONS YE March 2026 C1/C2/C4; exact boundary vintage not stated,Source C2 LA name matches canonical localAuthority; CSP proxy for the place.,E23000004,Merseyside,2025-04-01,2026-03-31,23213,509000,mid-2024,nearest 100,45.608602623776676,55326,71,Published annual CSP total; monthly completeness not independently verified,CRIME-ONS-2026-CSP,https://www.ons.gov.uk/file?uri=/peoplepopulationandcommunity/crimeandjustice/datasets/policeforceareadatatables/yearendingmarch2026/pfatablesyemarch2026.xlsx,2026-09-05,Table C2!H214; Table C4!G214; Table C4!J214,27d7884ef0e07dad01e602e48a430871ea2db1f558dbaa496e1f1f22e06c307f,45.605,0.128,count / CSP population rounded to nearest 100 * 1000; rate rounded to 3 decimals,Research only; safety pending ASB and comparability review,
liverpool,sexual_offences,E08000012,E22000182,Liverpool,,ONS YE March 2026 C1/C2/C4; exact boundary vintage not stated,Source C2 LA name matches canonical localAuthority; CSP proxy for the place.,E23000004,Merseyside,2025-04-01,2026-03-31,2109,509000,mid-2024,nearest 100,4.1437359640522553,4984,56,Published annual CSP total; monthly completeness not independently verified,CRIME-ONS-2026-CSP,https://www.ons.gov.uk/file?uri=/peoplepopulationandcommunity/crimeandjustice/datasets/policeforceareadatatables/yearendingmarch2026/pfatablesyemarch2026.xlsx,2026-09-05,Table C2!N214; Table C4!G214; Table C4!P214,27d7884ef0e07dad01e602e48a430871ea2db1f558dbaa496e1f1f22e06c307f,4.143,1.124,count / CSP population rounded to nearest 100 * 1000; rate rounded to 3 decimals,Research only; safety pending ASB and comparability review,
liverpool,asb,E08000012,E22000182,Liverpool,,ONS YE March 2026 C1/C2/C4; exact boundary vintage not stated,Source C2 LA name matches canonical localAuthority; CSP proxy for the place.,,,,,,,,,,,,,,,,,,,,,Research only; safety pending ASB and comparability review,No verified compatible CSP ASB numerator acquired; ONS appendix D4/D5 are national totals
loughborough,violence_against_person,E07000130,E22000165,Charnwood,,ONS YE March 2026 C1/C2/C4; exact boundary vintage not stated,Source C2 LA name matches canonical localAuthority; CSP proxy for the place.,E23000021,Leicestershire,2025-04-01,2026-03-31,4532,188400,mid-2024,nearest 100,24.05711707407702,33355,668,Published annual CSP total; monthly completeness not independently verified,CRIME-ONS-2026-CSP,https://www.ons.gov.uk/file?uri=/peoplepopulationandcommunity/crimeandjustice/datasets/policeforceareadatatables/yearendingmarch2026/pfatablesyemarch2026.xlsx,2026-09-05,Table C2!H194; Table C4!G194; Table C4!J194,27d7884ef0e07dad01e602e48a430871ea2db1f558dbaa496e1f1f22e06c307f,24.055,2.003,count / CSP population rounded to nearest 100 * 1000; rate rounded to 3 decimals,Research only; safety pending ASB and comparability review,
loughborough,sexual_offences,E07000130,E22000165,Charnwood,,ONS YE March 2026 C1/C2/C4; exact boundary vintage not stated,Source C2 LA name matches canonical localAuthority; CSP proxy for the place.,E23000021,Leicestershire,2025-04-01,2026-03-31,534,188400,mid-2024,nearest 100,2.8346205908113702,3948,160,Published annual CSP total; monthly completeness not independently verified,CRIME-ONS-2026-CSP,https://www.ons.gov.uk/file?uri=/peoplepopulationandcommunity/crimeandjustice/datasets/policeforceareadatatables/yearendingmarch2026/pfatablesyemarch2026.xlsx,2026-09-05,Table C2!N194; Table C4!G194; Table C4!P194,27d7884ef0e07dad01e602e48a430871ea2db1f558dbaa496e1f1f22e06c307f,2.834,4.053,count / CSP population rounded to nearest 100 * 1000; rate rounded to 3 decimals,Research only; safety pending ASB and comparability review,
loughborough,asb,E07000130,E22000165,Charnwood,,ONS YE March 2026 C1/C2/C4; exact boundary vintage not stated,Source C2 LA name matches canonical localAuthority; CSP proxy for the place.,,,,,,,,,,,,,,,,,,,,,Research only; safety pending ASB and comparability review,No verified compatible CSP ASB numerator acquired; ONS appendix D4/D5 are national totals
manchester,violence_against_person,E08000003,E22000101,Manchester,,ONS YE March 2026 C1/C2/C4; exact boundary vintage not stated,Source C2 LA name matches canonical localAuthority; CSP proxy for the place.,E23000005,Greater Manchester,2025-04-01,2026-03-31,30605,589700,mid-2024,nearest 100,51.901911238489326,125640,205,Published annual CSP total; monthly completeness not independently verified,CRIME-ONS-2026-CSP,https://www.ons.gov.uk/file?uri=/peoplepopulationandcommunity/crimeandjustice/datasets/policeforceareadatatables/yearendingmarch2026/pfatablesyemarch2026.xlsx,2026-09-05,Table C2!H113; Table C4!G113; Table C4!J113,27d7884ef0e07dad01e602e48a430871ea2db1f558dbaa496e1f1f22e06c307f,51.899,0.163,count / CSP population rounded to nearest 100 * 1000; rate rounded to 3 decimals,Research only; safety pending ASB and comparability review,
manchester,sexual_offences,E08000003,E22000101,Manchester,,ONS YE March 2026 C1/C2/C4; exact boundary vintage not stated,Source C2 LA name matches canonical localAuthority; CSP proxy for the place.,E23000005,Greater Manchester,2025-04-01,2026-03-31,3323,589700,mid-2024,nearest 100,5.635355368256822,12751,23,Published annual CSP total; monthly completeness not independently verified,CRIME-ONS-2026-CSP,https://www.ons.gov.uk/file?uri=/peoplepopulationandcommunity/crimeandjustice/datasets/policeforceareadatatables/yearendingmarch2026/pfatablesyemarch2026.xlsx,2026-09-05,Table C2!N113; Table C4!G113; Table C4!P113,27d7884ef0e07dad01e602e48a430871ea2db1f558dbaa496e1f1f22e06c307f,5.635,0.180,count / CSP population rounded to nearest 100 * 1000; rate rounded to 3 decimals,Research only; safety pending ASB and comparability review,
manchester,asb,E08000003,E22000101,Manchester,,ONS YE March 2026 C1/C2/C4; exact boundary vintage not stated,Source C2 LA name matches canonical localAuthority; CSP proxy for the place.,,,,,,,,,,,,,,,,,,,,,Research only; safety pending ASB and comparability review,No verified compatible CSP ASB numerator acquired; ONS appendix D4/D5 are national totals
merthyr-tydfil,violence_against_person,W06000024,W14000023,Cwm Taf,,ONS YE March 2026 C1/C2/C4; exact boundary vintage not stated,C1: combined CSP includes this LA and other LAs; use whole CSP numerator and population.,W15000003,South Wales,2025-04-01,2026-03-31,10255,301800,mid-2024,nearest 100,33.977655260158507,41549,290,Published annual CSP total; monthly completeness not independently verified,CRIME-ONS-2026-CSP,https://www.ons.gov.uk/file?uri=/peoplepopulationandcommunity/crimeandjustice/datasets/policeforceareadatatables/yearendingmarch2026/pfatablesyemarch2026.xlsx,2026-09-05,Table C2!H301; Table C4!G301; Table C4!J301,27d7884ef0e07dad01e602e48a430871ea2db1f558dbaa496e1f1f22e06c307f,33.979,0.698,count / CSP population rounded to nearest 100 * 1000; rate rounded to 3 decimals,Research only; safety pending ASB and comparability review,
merthyr-tydfil,sexual_offences,W06000024,W14000023,Cwm Taf,,ONS YE March 2026 C1/C2/C4; exact boundary vintage not stated,C1: combined CSP includes this LA and other LAs; use whole CSP numerator and population.,W15000003,South Wales,2025-04-01,2026-03-31,1068,301800,mid-2024,nearest 100,3.5385797969623876,4678,55,Published annual CSP total; monthly completeness not independently verified,CRIME-ONS-2026-CSP,https://www.ons.gov.uk/file?uri=/peoplepopulationandcommunity/crimeandjustice/datasets/policeforceareadatatables/yearendingmarch2026/pfatablesyemarch2026.xlsx,2026-09-05,Table C2!N301; Table C4!G301; Table C4!P301,27d7884ef0e07dad01e602e48a430871ea2db1f558dbaa496e1f1f22e06c307f,3.539,1.176,count / CSP population rounded to nearest 100 * 1000; rate rounded to 3 decimals,Research only; safety pending ASB and comparability review,
merthyr-tydfil,asb,W06000024,W14000023,Cwm Taf,,ONS YE March 2026 C1/C2/C4; exact boundary vintage not stated,C1: combined CSP includes this LA and other LAs; use whole CSP numerator and population.,,,,,,,,,,,,,,,,,,,,,Research only; safety pending ASB and comparability review,No verified compatible CSP ASB numerator acquired; ONS appendix D4/D5 are national totals
middlesbrough,violence_against_person,E06000002,E22000029,Middlesbrough,,ONS YE March 2026 C1/C2/C4; exact boundary vintage not stated,Source C2 LA name matches canonical localAuthority; CSP proxy for the place.,E23000013,Cleveland,2025-04-01,2026-03-31,8336,156200,mid-2024,nearest 100,53.380805706930673,26600,5,Published annual CSP total; monthly completeness not independently verified,CRIME-ONS-2026-CSP,https://www.ons.gov.uk/file?uri=/peoplepopulationandcommunity/crimeandjustice/datasets/policeforceareadatatables/yearendingmarch2026/pfatablesyemarch2026.xlsx,2026-09-05,Table C2!H38; Table C4!G38; Table C4!J38,27d7884ef0e07dad01e602e48a430871ea2db1f558dbaa496e1f1f22e06c307f,53.367,0.019,count / CSP population rounded to nearest 100 * 1000; rate rounded to 3 decimals,Research only; safety pending ASB and comparability review,
middlesbrough,sexual_offences,E06000002,E22000029,Middlesbrough,,ONS YE March 2026 C1/C2/C4; exact boundary vintage not stated,Source C2 LA name matches canonical localAuthority; CSP proxy for the place.,E23000013,Cleveland,2025-04-01,2026-03-31,856,156200,mid-2024,nearest 100,5.4815222750878903,3025,4,Published annual CSP total; monthly completeness not independently verified,CRIME-ONS-2026-CSP,https://www.ons.gov.uk/file?uri=/peoplepopulationandcommunity/crimeandjustice/datasets/policeforceareadatatables/yearendingmarch2026/pfatablesyemarch2026.xlsx,2026-09-05,Table C2!N38; Table C4!G38; Table C4!P38,27d7884ef0e07dad01e602e48a430871ea2db1f558dbaa496e1f1f22e06c307f,5.480,0.132,count / CSP population rounded to nearest 100 * 1000; rate rounded to 3 decimals,Research only; safety pending ASB and comparability review,
middlesbrough,asb,E06000002,E22000029,Middlesbrough,,ONS YE March 2026 C1/C2/C4; exact boundary vintage not stated,Source C2 LA name matches canonical localAuthority; CSP proxy for the place.,,,,,,,,,,,,,,,,,,,,,Research only; safety pending ASB and comparability review,No verified compatible CSP ASB numerator acquired; ONS appendix D4/D5 are national totals
neath,violence_against_person,W06000012,W14000012,Neath Port Talbot,,ONS YE March 2026 C1/C2/C4; exact boundary vintage not stated,Source C2 LA name matches canonical localAuthority; CSP proxy for the place.,W15000003,South Wales,2025-04-01,2026-03-31,4473,143200,mid-2024,nearest 100,31.225348868054926,41549,290,Published annual CSP total; monthly completeness not independently verified,CRIME-ONS-2026-CSP,https://www.ons.gov.uk/file?uri=/peoplepopulationandcommunity/crimeandjustice/datasets/policeforceareadatatables/yearendingmarch2026/pfatablesyemarch2026.xlsx,2026-09-05,Table C2!H302; Table C4!G302; Table C4!J302,27d7884ef0e07dad01e602e48a430871ea2db1f558dbaa496e1f1f22e06c307f,31.236,0.698,count / CSP population rounded to nearest 100 * 1000; rate rounded to 3 decimals,Research only; safety pending ASB and comparability review,
neath,sexual_offences,W06000012,W14000012,Neath Port Talbot,,ONS YE March 2026 C1/C2/C4; exact boundary vintage not stated,Source C2 LA name matches canonical localAuthority; CSP proxy for the place.,W15000003,South Wales,2025-04-01,2026-03-31,499,143200,mid-2024,nearest 100,3.4834449106101961,4678,55,Published annual CSP total; monthly completeness not independently verified,CRIME-ONS-2026-CSP,https://www.ons.gov.uk/file?uri=/peoplepopulationandcommunity/crimeandjustice/datasets/policeforceareadatatables/yearendingmarch2026/pfatablesyemarch2026.xlsx,2026-09-05,Table C2!N302; Table C4!G302; Table C4!P302,27d7884ef0e07dad01e602e48a430871ea2db1f558dbaa496e1f1f22e06c307f,3.485,1.176,count / CSP population rounded to nearest 100 * 1000; rate rounded to 3 decimals,Research only; safety pending ASB and comparability review,
neath,asb,W06000012,W14000012,Neath Port Talbot,,ONS YE March 2026 C1/C2/C4; exact boundary vintage not stated,Source C2 LA name matches canonical localAuthority; CSP proxy for the place.,,,,,,,,,,,,,,,,,,,,,Research only; safety pending ASB and comparability review,No verified compatible CSP ASB numerator acquired; ONS appendix D4/D5 are national totals
newcastle-upon-tyne,violence_against_person,E08000021,E22000245,Newcastle upon Tyne,,ONS YE March 2026 C1/C2/C4; exact boundary vintage not stated,Source C2 LA name matches canonical localAuthority; CSP proxy for the place.,E23000007,Northumbria,2025-04-01,2026-03-31,11744,320600,mid-2024,nearest 100,36.630744997738645,49092,695,Published annual CSP total; monthly completeness not independently verified,CRIME-ONS-2026-CSP,https://www.ons.gov.uk/file?uri=/peoplepopulationandcommunity/crimeandjustice/datasets/policeforceareadatatables/yearendingmarch2026/pfatablesyemarch2026.xlsx,2026-09-05,Table C2!H284; Table C4!G284; Table C4!J284,27d7884ef0e07dad01e602e48a430871ea2db1f558dbaa496e1f1f22e06c307f,36.631,1.416,count / CSP population rounded to nearest 100 * 1000; rate rounded to 3 decimals,Research only; safety pending ASB and comparability review,
newcastle-upon-tyne,sexual_offences,E08000021,E22000245,Newcastle upon Tyne,,ONS YE March 2026 C1/C2/C4; exact boundary vintage not stated,Source C2 LA name matches canonical localAuthority; CSP proxy for the place.,E23000007,Northumbria,2025-04-01,2026-03-31,1447,320600,mid-2024,nearest 100,4.5133419628514844,5861,110,Published annual CSP total; monthly completeness not independently verified,CRIME-ONS-2026-CSP,https://www.ons.gov.uk/file?uri=/peoplepopulationandcommunity/crimeandjustice/datasets/policeforceareadatatables/yearendingmarch2026/pfatablesyemarch2026.xlsx,2026-09-05,Table C2!N284; Table C4!G284; Table C4!P284,27d7884ef0e07dad01e602e48a430871ea2db1f558dbaa496e1f1f22e06c307f,4.513,1.877,count / CSP population rounded to nearest 100 * 1000; rate rounded to 3 decimals,Research only; safety pending ASB and comparability review,
newcastle-upon-tyne,asb,E08000021,E22000245,Newcastle upon Tyne,,ONS YE March 2026 C1/C2/C4; exact boundary vintage not stated,Source C2 LA name matches canonical localAuthority; CSP proxy for the place.,,,,,,,,,,,,,,,,,,,,,Research only; safety pending ASB and comparability review,No verified compatible CSP ASB numerator acquired; ONS appendix D4/D5 are national totals
newport,violence_against_person,W06000022,W14000022,Newport,,ONS YE March 2026 C1/C2/C4; exact boundary vintage not stated,Source C2 LA name matches canonical localAuthority; CSP proxy for the place.,W15000002,Gwent,2025-04-01,2026-03-31,6911,167900,mid-2024,nearest 100,41.161650754322537,22424,0,Published annual CSP total; monthly completeness not independently verified,CRIME-ONS-2026-CSP,https://www.ons.gov.uk/file?uri=/peoplepopulationandcommunity/crimeandjustice/datasets/policeforceareadatatables/yearendingmarch2026/pfatablesyemarch2026.xlsx,2026-09-05,Table C2!H127; Table C4!G127; Table C4!J127,27d7884ef0e07dad01e602e48a430871ea2db1f558dbaa496e1f1f22e06c307f,41.161,0.000,count / CSP population rounded to nearest 100 * 1000; rate rounded to 3 decimals,Research only; safety pending ASB and comparability review,
newport,sexual_offences,W06000022,W14000022,Newport,,ONS YE March 2026 C1/C2/C4; exact boundary vintage not stated,Source C2 LA name matches canonical localAuthority; CSP proxy for the place.,W15000002,Gwent,2025-04-01,2026-03-31,662,167900,mid-2024,nearest 100,3.9428465922965588,2338,0,Published annual CSP total; monthly completeness not independently verified,CRIME-ONS-2026-CSP,https://www.ons.gov.uk/file?uri=/peoplepopulationandcommunity/crimeandjustice/datasets/policeforceareadatatables/yearendingmarch2026/pfatablesyemarch2026.xlsx,2026-09-05,Table C2!N127; Table C4!G127; Table C4!P127,27d7884ef0e07dad01e602e48a430871ea2db1f558dbaa496e1f1f22e06c307f,3.943,0.000,count / CSP population rounded to nearest 100 * 1000; rate rounded to 3 decimals,Research only; safety pending ASB and comparability review,
newport,asb,W06000022,W14000022,Newport,,ONS YE March 2026 C1/C2/C4; exact boundary vintage not stated,Source C2 LA name matches canonical localAuthority; CSP proxy for the place.,,,,,,,,,,,,,,,,,,,,,Research only; safety pending ASB and comparability review,No verified compatible CSP ASB numerator acquired; ONS appendix D4/D5 are national totals
northampton,violence_against_person,E06000062,E22000237,Northampton,,ONS YE March 2026 C1/C2/C4; exact boundary vintage not stated,"C1/C2: named CSP covers part of the current LA; use its own C4 population, not whole LA.",E23000022,Northamptonshire,2025-04-01,2026-03-31,8796,248500,mid-2024,nearest 100,35.401791823296925,22501,172,Published annual CSP total; monthly completeness not independently verified,CRIME-ONS-2026-CSP,https://www.ons.gov.uk/file?uri=/peoplepopulationandcommunity/crimeandjustice/datasets/policeforceareadatatables/yearendingmarch2026/pfatablesyemarch2026.xlsx,2026-09-05,Table C2!H279; Table C4!G279; Table C4!J279,27d7884ef0e07dad01e602e48a430871ea2db1f558dbaa496e1f1f22e06c307f,35.396,0.764,count / CSP population rounded to nearest 100 * 1000; rate rounded to 3 decimals,Research only; safety pending ASB and comparability review,
northampton,sexual_offences,E06000062,E22000237,Northampton,,ONS YE March 2026 C1/C2/C4; exact boundary vintage not stated,"C1/C2: named CSP covers part of the current LA; use its own C4 population, not whole LA.",E23000022,Northamptonshire,2025-04-01,2026-03-31,1193,248500,mid-2024,nearest 100,4.8015390683484798,3069,68,Published annual CSP total; monthly completeness not independently verified,CRIME-ONS-2026-CSP,https://www.ons.gov.uk/file?uri=/peoplepopulationandcommunity/crimeandjustice/datasets/policeforceareadatatables/yearendingmarch2026/pfatablesyemarch2026.xlsx,2026-09-05,Table C2!N279; Table C4!G279; Table C4!P279,27d7884ef0e07dad01e602e48a430871ea2db1f558dbaa496e1f1f22e06c307f,4.801,2.216,count / CSP population rounded to nearest 100 * 1000; rate rounded to 3 decimals,Research only; safety pending ASB and comparability review,
northampton,asb,E06000062,E22000237,Northampton,,ONS YE March 2026 C1/C2/C4; exact boundary vintage not stated,"C1/C2: named CSP covers part of the current LA; use its own C4 population, not whole LA.",,,,,,,,,,,,,,,,,,,,,Research only; safety pending ASB and comparability review,No verified compatible CSP ASB numerator acquired; ONS appendix D4/D5 are national totals
norwich,violence_against_person,E07000148,E22000223,Norwich,,ONS YE March 2026 C1/C2/C4; exact boundary vintage not stated,Source C2 LA name matches canonical localAuthority; CSP proxy for the place.,E23000024,Norfolk,2025-04-01,2026-03-31,5908,147200,mid-2024,nearest 100,40.140778084276612,24620,269,Published annual CSP total; monthly completeness not independently verified,CRIME-ONS-2026-CSP,https://www.ons.gov.uk/file?uri=/peoplepopulationandcommunity/crimeandjustice/datasets/policeforceareadatatables/yearendingmarch2026/pfatablesyemarch2026.xlsx,2026-09-05,Table C2!H259; Table C4!G259; Table C4!J259,27d7884ef0e07dad01e602e48a430871ea2db1f558dbaa496e1f1f22e06c307f,40.136,1.093,count / CSP population rounded to nearest 100 * 1000; rate rounded to 3 decimals,Research only; safety pending ASB and comparability review,
norwich,sexual_offences,E07000148,E22000223,Norwich,,ONS YE March 2026 C1/C2/C4; exact boundary vintage not stated,Source C2 LA name matches canonical localAuthority; CSP proxy for the place.,E23000024,Norfolk,2025-04-01,2026-03-31,873,147200,mid-2024,nearest 100,5.9314318326969335,3355,49,Published annual CSP total; monthly completeness not independently verified,CRIME-ONS-2026-CSP,https://www.ons.gov.uk/file?uri=/peoplepopulationandcommunity/crimeandjustice/datasets/policeforceareadatatables/yearendingmarch2026/pfatablesyemarch2026.xlsx,2026-09-05,Table C2!N259; Table C4!G259; Table C4!P259,27d7884ef0e07dad01e602e48a430871ea2db1f558dbaa496e1f1f22e06c307f,5.931,1.461,count / CSP population rounded to nearest 100 * 1000; rate rounded to 3 decimals,Research only; safety pending ASB and comparability review,
norwich,asb,E07000148,E22000223,Norwich,,ONS YE March 2026 C1/C2/C4; exact boundary vintage not stated,Source C2 LA name matches canonical localAuthority; CSP proxy for the place.,,,,,,,,,,,,,,,,,,,,,Research only; safety pending ASB and comparability review,No verified compatible CSP ASB numerator acquired; ONS appendix D4/D5 are national totals
nottingham,violence_against_person,E06000018,E22000257,Nottingham,,ONS YE March 2026 C1/C2/C4; exact boundary vintage not stated,Source C2 LA name matches canonical localAuthority; CSP proxy for the place.,E23000019,Nottinghamshire,2025-04-01,2026-03-31,13695,331100,mid-2024,nearest 100,41.364999682853231,35528,470,Published annual CSP total; monthly completeness not independently verified,CRIME-ONS-2026-CSP,https://www.ons.gov.uk/file?uri=/peoplepopulationandcommunity/crimeandjustice/datasets/policeforceareadatatables/yearendingmarch2026/pfatablesyemarch2026.xlsx,2026-09-05,Table C2!H295; Table C4!G295; Table C4!J295,27d7884ef0e07dad01e602e48a430871ea2db1f558dbaa496e1f1f22e06c307f,41.362,1.323,count / CSP population rounded to nearest 100 * 1000; rate rounded to 3 decimals,Research only; safety pending ASB and comparability review,
nottingham,sexual_offences,E06000018,E22000257,Nottingham,,ONS YE March 2026 C1/C2/C4; exact boundary vintage not stated,Source C2 LA name matches canonical localAuthority; CSP proxy for the place.,E23000019,Nottinghamshire,2025-04-01,2026-03-31,1706,331100,mid-2024,nearest 100,5.1528798436617462,4447,106,Published annual CSP total; monthly completeness not independently verified,CRIME-ONS-2026-CSP,https://www.ons.gov.uk/file?uri=/peoplepopulationandcommunity/crimeandjustice/datasets/policeforceareadatatables/yearendingmarch2026/pfatablesyemarch2026.xlsx,2026-09-05,Table C2!N295; Table C4!G295; Table C4!P295,27d7884ef0e07dad01e602e48a430871ea2db1f558dbaa496e1f1f22e06c307f,5.153,2.384,count / CSP population rounded to nearest 100 * 1000; rate rounded to 3 decimals,Research only; safety pending ASB and comparability review,
nottingham,asb,E06000018,E22000257,Nottingham,,ONS YE March 2026 C1/C2/C4; exact boundary vintage not stated,Source C2 LA name matches canonical localAuthority; CSP proxy for the place.,,,,,,,,,,,,,,,,,,,,,Research only; safety pending ASB and comparability review,No verified compatible CSP ASB numerator acquired; ONS appendix D4/D5 are national totals
peterborough,violence_against_person,E06000031,E22000017,Peterborough,,ONS YE March 2026 C1/C2/C4; exact boundary vintage not stated,Source C2 LA name matches canonical localAuthority; CSP proxy for the place.,E23000023,Cambridgeshire,2025-04-01,2026-03-31,9793,223700,mid-2024,nearest 100,43.786188549328202,26485,382,Published annual CSP total; monthly completeness not independently verified,CRIME-ONS-2026-CSP,https://www.ons.gov.uk/file?uri=/peoplepopulationandcommunity/crimeandjustice/datasets/policeforceareadatatables/yearendingmarch2026/pfatablesyemarch2026.xlsx,2026-09-05,Table C2!H26; Table C4!G26; Table C4!J26,27d7884ef0e07dad01e602e48a430871ea2db1f558dbaa496e1f1f22e06c307f,43.777,1.442,count / CSP population rounded to nearest 100 * 1000; rate rounded to 3 decimals,Research only; safety pending ASB and comparability review,
peterborough,sexual_offences,E06000031,E22000017,Peterborough,,ONS YE March 2026 C1/C2/C4; exact boundary vintage not stated,Source C2 LA name matches canonical localAuthority; CSP proxy for the place.,E23000023,Cambridgeshire,2025-04-01,2026-03-31,983,223700,mid-2024,nearest 100,4.3951621917685717,3087,188,Published annual CSP total; monthly completeness not independently verified,CRIME-ONS-2026-CSP,https://www.ons.gov.uk/file?uri=/peoplepopulationandcommunity/crimeandjustice/datasets/policeforceareadatatables/yearendingmarch2026/pfatablesyemarch2026.xlsx,2026-09-05,Table C2!N26; Table C4!G26; Table C4!P26,27d7884ef0e07dad01e602e48a430871ea2db1f558dbaa496e1f1f22e06c307f,4.394,6.090,count / CSP population rounded to nearest 100 * 1000; rate rounded to 3 decimals,Research only; safety pending ASB and comparability review,
peterborough,asb,E06000031,E22000017,Peterborough,,ONS YE March 2026 C1/C2/C4; exact boundary vintage not stated,Source C2 LA name matches canonical localAuthority; CSP proxy for the place.,,,,,,,,,,,,,,,,,,,,,Research only; safety pending ASB and comparability review,No verified compatible CSP ASB numerator acquired; ONS appendix D4/D5 are national totals
plymouth,violence_against_person,E06000026,E22000056,Plymouth,,ONS YE March 2026 C1/C2/C4; exact boundary vintage not stated,Source C2 LA name matches canonical localAuthority; CSP proxy for the place.,E23000035,Devon and Cornwall,2025-04-01,2026-03-31,11713,272100,mid-2024,nearest 100,43.05189530520056,56685,1,Published annual CSP total; monthly completeness not independently verified,CRIME-ONS-2026-CSP,https://www.ons.gov.uk/file?uri=/peoplepopulationandcommunity/crimeandjustice/datasets/policeforceareadatatables/yearendingmarch2026/pfatablesyemarch2026.xlsx,2026-09-05,Table C2!H67; Table C4!G67; Table C4!J67,27d7884ef0e07dad01e602e48a430871ea2db1f558dbaa496e1f1f22e06c307f,43.047,0.002,count / CSP population rounded to nearest 100 * 1000; rate rounded to 3 decimals,Research only; safety pending ASB and comparability review,
plymouth,sexual_offences,E06000026,E22000056,Plymouth,,ONS YE March 2026 C1/C2/C4; exact boundary vintage not stated,Source C2 LA name matches canonical localAuthority; CSP proxy for the place.,E23000035,Devon and Cornwall,2025-04-01,2026-03-31,1379,272100,mid-2024,nearest 100,5.0686044246453994,6678,2,Published annual CSP total; monthly completeness not independently verified,CRIME-ONS-2026-CSP,https://www.ons.gov.uk/file?uri=/peoplepopulationandcommunity/crimeandjustice/datasets/policeforceareadatatables/yearendingmarch2026/pfatablesyemarch2026.xlsx,2026-09-05,Table C2!N67; Table C4!G67; Table C4!P67,27d7884ef0e07dad01e602e48a430871ea2db1f558dbaa496e1f1f22e06c307f,5.068,0.030,count / CSP population rounded to nearest 100 * 1000; rate rounded to 3 decimals,Research only; safety pending ASB and comparability review,
plymouth,asb,E06000026,E22000056,Plymouth,,ONS YE March 2026 C1/C2/C4; exact boundary vintage not stated,Source C2 LA name matches canonical localAuthority; CSP proxy for the place.,,,,,,,,,,,,,,,,,,,,,Research only; safety pending ASB and comparability review,No verified compatible CSP ASB numerator acquired; ONS appendix D4/D5 are national totals
portsmouth,violence_against_person,E06000044,E22000118,Portsmouth,,ONS YE March 2026 C1/C2/C4; exact boundary vintage not stated,Source C2 LA name matches canonical localAuthority; CSP proxy for the place.,E23000030,Hampshire,2025-04-01,2026-03-31,9595,214300,mid-2024,nearest 100,44.769294656146627,62298,1322,Published annual CSP total; monthly completeness not independently verified,CRIME-ONS-2026-CSP,https://www.ons.gov.uk/file?uri=/peoplepopulationandcommunity/crimeandjustice/datasets/policeforceareadatatables/yearendingmarch2026/pfatablesyemarch2026.xlsx,2026-09-05,Table C2!H139; Table C4!G139; Table C4!J139,27d7884ef0e07dad01e602e48a430871ea2db1f558dbaa496e1f1f22e06c307f,44.774,2.122,count / CSP population rounded to nearest 100 * 1000; rate rounded to 3 decimals,Research only; safety pending ASB and comparability review,
portsmouth,sexual_offences,E06000044,E22000118,Portsmouth,,ONS YE March 2026 C1/C2/C4; exact boundary vintage not stated,Source C2 LA name matches canonical localAuthority; CSP proxy for the place.,E23000030,Hampshire,2025-04-01,2026-03-31,1045,214300,mid-2024,nearest 100,4.875863774431811,7120,281,Published annual CSP total; monthly completeness not independently verified,CRIME-ONS-2026-CSP,https://www.ons.gov.uk/file?uri=/peoplepopulationandcommunity/crimeandjustice/datasets/policeforceareadatatables/yearendingmarch2026/pfatablesyemarch2026.xlsx,2026-09-05,Table C2!N139; Table C4!G139; Table C4!P139,27d7884ef0e07dad01e602e48a430871ea2db1f558dbaa496e1f1f22e06c307f,4.876,3.947,count / CSP population rounded to nearest 100 * 1000; rate rounded to 3 decimals,Research only; safety pending ASB and comparability review,
portsmouth,asb,E06000044,E22000118,Portsmouth,,ONS YE March 2026 C1/C2/C4; exact boundary vintage not stated,Source C2 LA name matches canonical localAuthority; CSP proxy for the place.,,,,,,,,,,,,,,,,,,,,,Research only; safety pending ASB and comparability review,No verified compatible CSP ASB numerator acquired; ONS appendix D4/D5 are national totals
preston,violence_against_person,E07000123,E22000158,Preston,,ONS YE March 2026 C1/C2/C4; exact boundary vintage not stated,Source C2 LA name matches canonical localAuthority; CSP proxy for the place.,E23000003,Lancashire,2025-04-01,2026-03-31,6419,162900,mid-2024,nearest 100,39.413252775321737,56236,980,Published annual CSP total; monthly completeness not independently verified,CRIME-ONS-2026-CSP,https://www.ons.gov.uk/file?uri=/peoplepopulationandcommunity/crimeandjustice/datasets/policeforceareadatatables/yearendingmarch2026/pfatablesyemarch2026.xlsx,2026-09-05,Table C2!H185; Table C4!G185; Table C4!J185,27d7884ef0e07dad01e602e48a430871ea2db1f558dbaa496e1f1f22e06c307f,39.405,1.743,count / CSP population rounded to nearest 100 * 1000; rate rounded to 3 decimals,Research only; safety pending ASB and comparability review,
preston,sexual_offences,E07000123,E22000158,Preston,,ONS YE March 2026 C1/C2/C4; exact boundary vintage not stated,Source C2 LA name matches canonical localAuthority; CSP proxy for the place.,E23000003,Lancashire,2025-04-01,2026-03-31,705,162900,mid-2024,nearest 100,4.3287651046271733,5950,183,Published annual CSP total; monthly completeness not independently verified,CRIME-ONS-2026-CSP,https://www.ons.gov.uk/file?uri=/peoplepopulationandcommunity/crimeandjustice/datasets/policeforceareadatatables/yearendingmarch2026/pfatablesyemarch2026.xlsx,2026-09-05,Table C2!N185; Table C4!G185; Table C4!P185,27d7884ef0e07dad01e602e48a430871ea2db1f558dbaa496e1f1f22e06c307f,4.328,3.076,count / CSP population rounded to nearest 100 * 1000; rate rounded to 3 decimals,Research only; safety pending ASB and comparability review,
preston,asb,E07000123,E22000158,Preston,,ONS YE March 2026 C1/C2/C4; exact boundary vintage not stated,Source C2 LA name matches canonical localAuthority; CSP proxy for the place.,,,,,,,,,,,,,,,,,,,,,Research only; safety pending ASB and comparability review,No verified compatible CSP ASB numerator acquired; ONS appendix D4/D5 are national totals
rotherham,violence_against_person,E08000018,E22000261,Rotherham,,ONS YE March 2026 C1/C2/C4; exact boundary vintage not stated,Source C2 LA name matches canonical localAuthority; CSP proxy for the place.,E23000011,South Yorkshire,2025-04-01,2026-03-31,10269,276600,mid-2024,nearest 100,37.126484571304616,54042,641,Published annual CSP total; monthly completeness not independently verified,CRIME-ONS-2026-CSP,https://www.ons.gov.uk/file?uri=/peoplepopulationandcommunity/crimeandjustice/datasets/policeforceareadatatables/yearendingmarch2026/pfatablesyemarch2026.xlsx,2026-09-05,Table C2!H309; Table C4!G309; Table C4!J309,27d7884ef0e07dad01e602e48a430871ea2db1f558dbaa496e1f1f22e06c307f,37.126,1.186,count / CSP population rounded to nearest 100 * 1000; rate rounded to 3 decimals,Research only; safety pending ASB and comparability review,
rotherham,sexual_offences,E08000018,E22000261,Rotherham,,ONS YE March 2026 C1/C2/C4; exact boundary vintage not stated,Source C2 LA name matches canonical localAuthority; CSP proxy for the place.,E23000011,South Yorkshire,2025-04-01,2026-03-31,1028,276600,mid-2024,nearest 100,3.7166253909145142,5705,389,Published annual CSP total; monthly completeness not independently verified,CRIME-ONS-2026-CSP,https://www.ons.gov.uk/file?uri=/peoplepopulationandcommunity/crimeandjustice/datasets/policeforceareadatatables/yearendingmarch2026/pfatablesyemarch2026.xlsx,2026-09-05,Table C2!N309; Table C4!G309; Table C4!P309,27d7884ef0e07dad01e602e48a430871ea2db1f558dbaa496e1f1f22e06c307f,3.717,6.819,count / CSP population rounded to nearest 100 * 1000; rate rounded to 3 decimals,Research only; safety pending ASB and comparability review,
rotherham,asb,E08000018,E22000261,Rotherham,,ONS YE March 2026 C1/C2/C4; exact boundary vintage not stated,Source C2 LA name matches canonical localAuthority; CSP proxy for the place.,,,,,,,,,,,,,,,,,,,,,Research only; safety pending ASB and comparability review,No verified compatible CSP ASB numerator acquired; ONS appendix D4/D5 are national totals
salford,violence_against_person,E08000006,E22000104,Salford,,ONS YE March 2026 C1/C2/C4; exact boundary vintage not stated,Source C2 LA name matches canonical localAuthority; CSP proxy for the place.,E23000005,Greater Manchester,2025-04-01,2026-03-31,12349,294300,mid-2024,nearest 100,41.953741829399213,125640,205,Published annual CSP total; monthly completeness not independently verified,CRIME-ONS-2026-CSP,https://www.ons.gov.uk/file?uri=/peoplepopulationandcommunity/crimeandjustice/datasets/policeforceareadatatables/yearendingmarch2026/pfatablesyemarch2026.xlsx,2026-09-05,Table C2!H117; Table C4!G117; Table C4!J117,27d7884ef0e07dad01e602e48a430871ea2db1f558dbaa496e1f1f22e06c307f,41.961,0.163,count / CSP population rounded to nearest 100 * 1000; rate rounded to 3 decimals,Research only; safety pending ASB and comparability review,
salford,sexual_offences,E08000006,E22000104,Salford,,ONS YE March 2026 C1/C2/C4; exact boundary vintage not stated,Source C2 LA name matches canonical localAuthority; CSP proxy for the place.,E23000005,Greater Manchester,2025-04-01,2026-03-31,1261,294300,mid-2024,nearest 100,4.2840447361626373,12751,23,Published annual CSP total; monthly completeness not independently verified,CRIME-ONS-2026-CSP,https://www.ons.gov.uk/file?uri=/peoplepopulationandcommunity/crimeandjustice/datasets/policeforceareadatatables/yearendingmarch2026/pfatablesyemarch2026.xlsx,2026-09-05,Table C2!N117; Table C4!G117; Table C4!P117,27d7884ef0e07dad01e602e48a430871ea2db1f558dbaa496e1f1f22e06c307f,4.285,0.180,count / CSP population rounded to nearest 100 * 1000; rate rounded to 3 decimals,Research only; safety pending ASB and comparability review,
salford,asb,E08000006,E22000104,Salford,,ONS YE March 2026 C1/C2/C4; exact boundary vintage not stated,Source C2 LA name matches canonical localAuthority; CSP proxy for the place.,,,,,,,,,,,,,,,,,,,,,Research only; safety pending ASB and comparability review,No verified compatible CSP ASB numerator acquired; ONS appendix D4/D5 are national totals
sheffield,violence_against_person,E08000019,E22000262,Sheffield,,ONS YE March 2026 C1/C2/C4; exact boundary vintage not stated,Source C2 LA name matches canonical localAuthority; CSP proxy for the place.,E23000011,South Yorkshire,2025-04-01,2026-03-31,20012,582500,mid-2024,nearest 100,34.355777665997707,54042,641,Published annual CSP total; monthly completeness not independently verified,CRIME-ONS-2026-CSP,https://www.ons.gov.uk/file?uri=/peoplepopulationandcommunity/crimeandjustice/datasets/policeforceareadatatables/yearendingmarch2026/pfatablesyemarch2026.xlsx,2026-09-05,Table C2!H310; Table C4!G310; Table C4!J310,27d7884ef0e07dad01e602e48a430871ea2db1f558dbaa496e1f1f22e06c307f,34.355,1.186,count / CSP population rounded to nearest 100 * 1000; rate rounded to 3 decimals,Research only; safety pending ASB and comparability review,
sheffield,sexual_offences,E08000019,E22000262,Sheffield,,ONS YE March 2026 C1/C2/C4; exact boundary vintage not stated,Source C2 LA name matches canonical localAuthority; CSP proxy for the place.,E23000011,South Yorkshire,2025-04-01,2026-03-31,2057,582500,mid-2024,nearest 100,3.5313729092023425,5705,389,Published annual CSP total; monthly completeness not independently verified,CRIME-ONS-2026-CSP,https://www.ons.gov.uk/file?uri=/peoplepopulationandcommunity/crimeandjustice/datasets/policeforceareadatatables/yearendingmarch2026/pfatablesyemarch2026.xlsx,2026-09-05,Table C2!N310; Table C4!G310; Table C4!P310,27d7884ef0e07dad01e602e48a430871ea2db1f558dbaa496e1f1f22e06c307f,3.531,6.819,count / CSP population rounded to nearest 100 * 1000; rate rounded to 3 decimals,Research only; safety pending ASB and comparability review,
sheffield,asb,E08000019,E22000262,Sheffield,,ONS YE March 2026 C1/C2/C4; exact boundary vintage not stated,Source C2 LA name matches canonical localAuthority; CSP proxy for the place.,,,,,,,,,,,,,,,,,,,,,Research only; safety pending ASB and comparability review,No verified compatible CSP ASB numerator acquired; ONS appendix D4/D5 are national totals
shrewsbury,violence_against_person,E06000051,E22000360,Shropshire,,ONS YE March 2026 C1/C2/C4; exact boundary vintage not stated,Source C2 LA name matches canonical localAuthority; CSP proxy for the place.,E23000016,West Mercia,2025-04-01,2026-03-31,6962,332500,mid-2024,nearest 100,20.941180009324569,33286,308,Published annual CSP total; monthly completeness not independently verified,CRIME-ONS-2026-CSP,https://www.ons.gov.uk/file?uri=/peoplepopulationandcommunity/crimeandjustice/datasets/policeforceareadatatables/yearendingmarch2026/pfatablesyemarch2026.xlsx,2026-09-05,Table C2!H384; Table C4!G384; Table C4!J384,27d7884ef0e07dad01e602e48a430871ea2db1f558dbaa496e1f1f22e06c307f,20.938,0.925,count / CSP population rounded to nearest 100 * 1000; rate rounded to 3 decimals,Research only; safety pending ASB and comparability review,
shrewsbury,sexual_offences,E06000051,E22000360,Shropshire,,ONS YE March 2026 C1/C2/C4; exact boundary vintage not stated,Source C2 LA name matches canonical localAuthority; CSP proxy for the place.,E23000016,West Mercia,2025-04-01,2026-03-31,866,332500,mid-2024,nearest 100,2.6048638161555702,4063,54,Published annual CSP total; monthly completeness not independently verified,CRIME-ONS-2026-CSP,https://www.ons.gov.uk/file?uri=/peoplepopulationandcommunity/crimeandjustice/datasets/policeforceareadatatables/yearendingmarch2026/pfatablesyemarch2026.xlsx,2026-09-05,Table C2!N384; Table C4!G384; Table C4!P384,27d7884ef0e07dad01e602e48a430871ea2db1f558dbaa496e1f1f22e06c307f,2.605,1.329,count / CSP population rounded to nearest 100 * 1000; rate rounded to 3 decimals,Research only; safety pending ASB and comparability review,
shrewsbury,asb,E06000051,E22000360,Shropshire,,ONS YE March 2026 C1/C2/C4; exact boundary vintage not stated,Source C2 LA name matches canonical localAuthority; CSP proxy for the place.,,,,,,,,,,,,,,,,,,,,,Research only; safety pending ASB and comparability review,No verified compatible CSP ASB numerator acquired; ONS appendix D4/D5 are national totals
st-helens,violence_against_person,E08000013,E22000184,St. Helens,,ONS YE March 2026 C1/C2/C4; exact boundary vintage not stated,Source C2 LA name matches canonical localAuthority; CSP proxy for the place.,E23000004,Merseyside,2025-04-01,2026-03-31,6834,188900,mid-2024,nearest 100,36.185342659416186,55326,71,Published annual CSP total; monthly completeness not independently verified,CRIME-ONS-2026-CSP,https://www.ons.gov.uk/file?uri=/peoplepopulationandcommunity/crimeandjustice/datasets/policeforceareadatatables/yearendingmarch2026/pfatablesyemarch2026.xlsx,2026-09-05,Table C2!H216; Table C4!G216; Table C4!J216,27d7884ef0e07dad01e602e48a430871ea2db1f558dbaa496e1f1f22e06c307f,36.178,0.128,count / CSP population rounded to nearest 100 * 1000; rate rounded to 3 decimals,Research only; safety pending ASB and comparability review,
st-helens,sexual_offences,E08000013,E22000184,St. Helens,,ONS YE March 2026 C1/C2/C4; exact boundary vintage not stated,Source C2 LA name matches canonical localAuthority; CSP proxy for the place.,E23000004,Merseyside,2025-04-01,2026-03-31,635,188900,mid-2024,nearest 100,3.3622611338497626,4984,56,Published annual CSP total; monthly completeness not independently verified,CRIME-ONS-2026-CSP,https://www.ons.gov.uk/file?uri=/peoplepopulationandcommunity/crimeandjustice/datasets/policeforceareadatatables/yearendingmarch2026/pfatablesyemarch2026.xlsx,2026-09-05,Table C2!N216; Table C4!G216; Table C4!P216,27d7884ef0e07dad01e602e48a430871ea2db1f558dbaa496e1f1f22e06c307f,3.362,1.124,count / CSP population rounded to nearest 100 * 1000; rate rounded to 3 decimals,Research only; safety pending ASB and comparability review,
st-helens,asb,E08000013,E22000184,St. Helens,,ONS YE March 2026 C1/C2/C4; exact boundary vintage not stated,Source C2 LA name matches canonical localAuthority; CSP proxy for the place.,,,,,,,,,,,,,,,,,,,,,Research only; safety pending ASB and comparability review,No verified compatible CSP ASB numerator acquired; ONS appendix D4/D5 are national totals
stafford,violence_against_person,E07000197,E22000268,Stafford,,ONS YE March 2026 C1/C2/C4; exact boundary vintage not stated,Source C2 LA name matches canonical localAuthority; CSP proxy for the place.,E23000015,Staffordshire,2025-04-01,2026-03-31,3958,141600,mid-2024,nearest 100,27.960665743592642,37896,450,Published annual CSP total; monthly completeness not independently verified,CRIME-ONS-2026-CSP,https://www.ons.gov.uk/file?uri=/peoplepopulationandcommunity/crimeandjustice/datasets/policeforceareadatatables/yearendingmarch2026/pfatablesyemarch2026.xlsx,2026-09-05,Table C2!H318; Table C4!G318; Table C4!J318,27d7884ef0e07dad01e602e48a430871ea2db1f558dbaa496e1f1f22e06c307f,27.952,1.187,count / CSP population rounded to nearest 100 * 1000; rate rounded to 3 decimals,Research only; safety pending ASB and comparability review,
stafford,sexual_offences,E07000197,E22000268,Stafford,,ONS YE March 2026 C1/C2/C4; exact boundary vintage not stated,Source C2 LA name matches canonical localAuthority; CSP proxy for the place.,E23000015,Staffordshire,2025-04-01,2026-03-31,520,141600,mid-2024,nearest 100,3.6734578541354659,4261,76,Published annual CSP total; monthly completeness not independently verified,CRIME-ONS-2026-CSP,https://www.ons.gov.uk/file?uri=/peoplepopulationandcommunity/crimeandjustice/datasets/policeforceareadatatables/yearendingmarch2026/pfatablesyemarch2026.xlsx,2026-09-05,Table C2!N318; Table C4!G318; Table C4!P318,27d7884ef0e07dad01e602e48a430871ea2db1f558dbaa496e1f1f22e06c307f,3.672,1.784,count / CSP population rounded to nearest 100 * 1000; rate rounded to 3 decimals,Research only; safety pending ASB and comparability review,
stafford,asb,E07000197,E22000268,Stafford,,ONS YE March 2026 C1/C2/C4; exact boundary vintage not stated,Source C2 LA name matches canonical localAuthority; CSP proxy for the place.,,,,,,,,,,,,,,,,,,,,,Research only; safety pending ASB and comparability review,No verified compatible CSP ASB numerator acquired; ONS appendix D4/D5 are national totals
stockport,violence_against_person,E08000007,E22000105,Stockport,,ONS YE March 2026 C1/C2/C4; exact boundary vintage not stated,Source C2 LA name matches canonical localAuthority; CSP proxy for the place.,E23000005,Greater Manchester,2025-04-01,2026-03-31,8888,303900,mid-2024,nearest 100,29.243672041825558,125640,205,Published annual CSP total; monthly completeness not independently verified,CRIME-ONS-2026-CSP,https://www.ons.gov.uk/file?uri=/peoplepopulationandcommunity/crimeandjustice/datasets/policeforceareadatatables/yearendingmarch2026/pfatablesyemarch2026.xlsx,2026-09-05,Table C2!H118; Table C4!G118; Table C4!J118,27d7884ef0e07dad01e602e48a430871ea2db1f558dbaa496e1f1f22e06c307f,29.246,0.163,count / CSP population rounded to nearest 100 * 1000; rate rounded to 3 decimals,Research only; safety pending ASB and comparability review,
stockport,sexual_offences,E08000007,E22000105,Stockport,,ONS YE March 2026 C1/C2/C4; exact boundary vintage not stated,Source C2 LA name matches canonical localAuthority; CSP proxy for the place.,E23000005,Greater Manchester,2025-04-01,2026-03-31,943,303900,mid-2024,nearest 100,3.1026983275699256,12751,23,Published annual CSP total; monthly completeness not independently verified,CRIME-ONS-2026-CSP,https://www.ons.gov.uk/file?uri=/peoplepopulationandcommunity/crimeandjustice/datasets/policeforceareadatatables/yearendingmarch2026/pfatablesyemarch2026.xlsx,2026-09-05,Table C2!N118; Table C4!G118; Table C4!P118,27d7884ef0e07dad01e602e48a430871ea2db1f558dbaa496e1f1f22e06c307f,3.103,0.180,count / CSP population rounded to nearest 100 * 1000; rate rounded to 3 decimals,Research only; safety pending ASB and comparability review,
stockport,asb,E08000007,E22000105,Stockport,,ONS YE March 2026 C1/C2/C4; exact boundary vintage not stated,Source C2 LA name matches canonical localAuthority; CSP proxy for the place.,,,,,,,,,,,,,,,,,,,,,Research only; safety pending ASB and comparability review,No verified compatible CSP ASB numerator acquired; ONS appendix D4/D5 are national totals
stockton-on-tees,violence_against_person,E06000004,E22000030,Stockton-on-Tees,,ONS YE March 2026 C1/C2/C4; exact boundary vintage not stated,Source C2 LA name matches canonical localAuthority; CSP proxy for the place.,E23000013,Cleveland,2025-04-01,2026-03-31,8316,206800,mid-2024,nearest 100,40.212765957446805,26600,5,Published annual CSP total; monthly completeness not independently verified,CRIME-ONS-2026-CSP,https://www.ons.gov.uk/file?uri=/peoplepopulationandcommunity/crimeandjustice/datasets/policeforceareadatatables/yearendingmarch2026/pfatablesyemarch2026.xlsx,2026-09-05,Table C2!H40; Table C4!G40; Table C4!J40,27d7884ef0e07dad01e602e48a430871ea2db1f558dbaa496e1f1f22e06c307f,40.213,0.019,count / CSP population rounded to nearest 100 * 1000; rate rounded to 3 decimals,Research only; safety pending ASB and comparability review,
stockton-on-tees,sexual_offences,E06000004,E22000030,Stockton-on-Tees,,ONS YE March 2026 C1/C2/C4; exact boundary vintage not stated,Source C2 LA name matches canonical localAuthority; CSP proxy for the place.,E23000013,Cleveland,2025-04-01,2026-03-31,995,206800,mid-2024,nearest 100,4.8114119922630563,3025,4,Published annual CSP total; monthly completeness not independently verified,CRIME-ONS-2026-CSP,https://www.ons.gov.uk/file?uri=/peoplepopulationandcommunity/crimeandjustice/datasets/policeforceareadatatables/yearendingmarch2026/pfatablesyemarch2026.xlsx,2026-09-05,Table C2!N40; Table C4!G40; Table C4!P40,27d7884ef0e07dad01e602e48a430871ea2db1f558dbaa496e1f1f22e06c307f,4.811,0.132,count / CSP population rounded to nearest 100 * 1000; rate rounded to 3 decimals,Research only; safety pending ASB and comparability review,
stockton-on-tees,asb,E06000004,E22000030,Stockton-on-Tees,,ONS YE March 2026 C1/C2/C4; exact boundary vintage not stated,Source C2 LA name matches canonical localAuthority; CSP proxy for the place.,,,,,,,,,,,,,,,,,,,,,Research only; safety pending ASB and comparability review,No verified compatible CSP ASB numerator acquired; ONS appendix D4/D5 are national totals
stoke-on-trent,violence_against_person,E06000021,E22000270,Stoke-on-Trent,,ONS YE March 2026 C1/C2/C4; exact boundary vintage not stated,Source C2 LA name matches canonical localAuthority; CSP proxy for the place.,E23000015,Staffordshire,2025-04-01,2026-03-31,12188,270400,mid-2024,nearest 100,45.069797540907828,37896,450,Published annual CSP total; monthly completeness not independently verified,CRIME-ONS-2026-CSP,https://www.ons.gov.uk/file?uri=/peoplepopulationandcommunity/crimeandjustice/datasets/policeforceareadatatables/yearendingmarch2026/pfatablesyemarch2026.xlsx,2026-09-05,Table C2!H320; Table C4!G320; Table C4!J320,27d7884ef0e07dad01e602e48a430871ea2db1f558dbaa496e1f1f22e06c307f,45.074,1.187,count / CSP population rounded to nearest 100 * 1000; rate rounded to 3 decimals,Research only; safety pending ASB and comparability review,
stoke-on-trent,sexual_offences,E06000021,E22000270,Stoke-on-Trent,,ONS YE March 2026 C1/C2/C4; exact boundary vintage not stated,Source C2 LA name matches canonical localAuthority; CSP proxy for the place.,E23000015,Staffordshire,2025-04-01,2026-03-31,1362,270400,mid-2024,nearest 100,5.0365165942497923,4261,76,Published annual CSP total; monthly completeness not independently verified,CRIME-ONS-2026-CSP,https://www.ons.gov.uk/file?uri=/peoplepopulationandcommunity/crimeandjustice/datasets/policeforceareadatatables/yearendingmarch2026/pfatablesyemarch2026.xlsx,2026-09-05,Table C2!N320; Table C4!G320; Table C4!P320,27d7884ef0e07dad01e602e48a430871ea2db1f558dbaa496e1f1f22e06c307f,5.037,1.784,count / CSP population rounded to nearest 100 * 1000; rate rounded to 3 decimals,Research only; safety pending ASB and comparability review,
stoke-on-trent,asb,E06000021,E22000270,Stoke-on-Trent,,ONS YE March 2026 C1/C2/C4; exact boundary vintage not stated,Source C2 LA name matches canonical localAuthority; CSP proxy for the place.,,,,,,,,,,,,,,,,,,,,,Research only; safety pending ASB and comparability review,No verified compatible CSP ASB numerator acquired; ONS appendix D4/D5 are national totals
sunderland,violence_against_person,E08000024,E22000248,Sunderland,,ONS YE March 2026 C1/C2/C4; exact boundary vintage not stated,Source C2 LA name matches canonical localAuthority; CSP proxy for the place.,E23000007,Northumbria,2025-04-01,2026-03-31,9679,288600,mid-2024,nearest 100,33.537071301358949,49092,695,Published annual CSP total; monthly completeness not independently verified,CRIME-ONS-2026-CSP,https://www.ons.gov.uk/file?uri=/peoplepopulationandcommunity/crimeandjustice/datasets/policeforceareadatatables/yearendingmarch2026/pfatablesyemarch2026.xlsx,2026-09-05,Table C2!H288; Table C4!G288; Table C4!J288,27d7884ef0e07dad01e602e48a430871ea2db1f558dbaa496e1f1f22e06c307f,33.538,1.416,count / CSP population rounded to nearest 100 * 1000; rate rounded to 3 decimals,Research only; safety pending ASB and comparability review,
sunderland,sexual_offences,E08000024,E22000248,Sunderland,,ONS YE March 2026 C1/C2/C4; exact boundary vintage not stated,Source C2 LA name matches canonical localAuthority; CSP proxy for the place.,E23000007,Northumbria,2025-04-01,2026-03-31,1140,288600,mid-2024,nearest 100,3.9500218290680023,5861,110,Published annual CSP total; monthly completeness not independently verified,CRIME-ONS-2026-CSP,https://www.ons.gov.uk/file?uri=/peoplepopulationandcommunity/crimeandjustice/datasets/policeforceareadatatables/yearendingmarch2026/pfatablesyemarch2026.xlsx,2026-09-05,Table C2!N288; Table C4!G288; Table C4!P288,27d7884ef0e07dad01e602e48a430871ea2db1f558dbaa496e1f1f22e06c307f,3.950,1.877,count / CSP population rounded to nearest 100 * 1000; rate rounded to 3 decimals,Research only; safety pending ASB and comparability review,
sunderland,asb,E08000024,E22000248,Sunderland,,ONS YE March 2026 C1/C2/C4; exact boundary vintage not stated,Source C2 LA name matches canonical localAuthority; CSP proxy for the place.,,,,,,,,,,,,,,,,,,,,,Research only; safety pending ASB and comparability review,No verified compatible CSP ASB numerator acquired; ONS appendix D4/D5 are national totals
swansea,violence_against_person,W06000011,W14000011,Swansea,,ONS YE March 2026 C1/C2/C4; exact boundary vintage not stated,Source C2 LA name matches canonical localAuthority; CSP proxy for the place.,W15000003,South Wales,2025-04-01,2026-03-31,7316,251300,mid-2024,nearest 100,29.11215102027823,41549,290,Published annual CSP total; monthly completeness not independently verified,CRIME-ONS-2026-CSP,https://www.ons.gov.uk/file?uri=/peoplepopulationandcommunity/crimeandjustice/datasets/policeforceareadatatables/yearendingmarch2026/pfatablesyemarch2026.xlsx,2026-09-05,Table C2!H303; Table C4!G303; Table C4!J303,27d7884ef0e07dad01e602e48a430871ea2db1f558dbaa496e1f1f22e06c307f,29.113,0.698,count / CSP population rounded to nearest 100 * 1000; rate rounded to 3 decimals,Research only; safety pending ASB and comparability review,
swansea,sexual_offences,W06000011,W14000011,Swansea,,ONS YE March 2026 C1/C2/C4; exact boundary vintage not stated,Source C2 LA name matches canonical localAuthority; CSP proxy for the place.,W15000003,South Wales,2025-04-01,2026-03-31,877,251300,mid-2024,nearest 100,3.4897972177124119,4678,55,Published annual CSP total; monthly completeness not independently verified,CRIME-ONS-2026-CSP,https://www.ons.gov.uk/file?uri=/peoplepopulationandcommunity/crimeandjustice/datasets/policeforceareadatatables/yearendingmarch2026/pfatablesyemarch2026.xlsx,2026-09-05,Table C2!N303; Table C4!G303; Table C4!P303,27d7884ef0e07dad01e602e48a430871ea2db1f558dbaa496e1f1f22e06c307f,3.490,1.176,count / CSP population rounded to nearest 100 * 1000; rate rounded to 3 decimals,Research only; safety pending ASB and comparability review,
swansea,asb,W06000011,W14000011,Swansea,,ONS YE March 2026 C1/C2/C4; exact boundary vintage not stated,Source C2 LA name matches canonical localAuthority; CSP proxy for the place.,,,,,,,,,,,,,,,,,,,,,Research only; safety pending ASB and comparability review,No verified compatible CSP ASB numerator acquired; ONS appendix D4/D5 are national totals
swindon,violence_against_person,E06000030,E22000350,Swindon,,ONS YE March 2026 C1/C2/C4; exact boundary vintage not stated,Source C2 LA name matches canonical localAuthority; CSP proxy for the place.,E23000038,Wiltshire ,2025-04-01,2026-03-31,7039,243900,mid-2024,nearest 100,28.863147104049204,17873,100,Published annual CSP total; monthly completeness not independently verified,CRIME-ONS-2026-CSP,https://www.ons.gov.uk/file?uri=/peoplepopulationandcommunity/crimeandjustice/datasets/policeforceareadatatables/yearendingmarch2026/pfatablesyemarch2026.xlsx,2026-09-05,Table C2!H405; Table C4!G405; Table C4!J405,27d7884ef0e07dad01e602e48a430871ea2db1f558dbaa496e1f1f22e06c307f,28.860,0.560,count / CSP population rounded to nearest 100 * 1000; rate rounded to 3 decimals,Research only; safety pending ASB and comparability review,
swindon,sexual_offences,E06000030,E22000350,Swindon,,ONS YE March 2026 C1/C2/C4; exact boundary vintage not stated,Source C2 LA name matches canonical localAuthority; CSP proxy for the place.,E23000038,Wiltshire ,2025-04-01,2026-03-31,889,243900,mid-2024,nearest 100,3.6453100973859556,2417,99,Published annual CSP total; monthly completeness not independently verified,CRIME-ONS-2026-CSP,https://www.ons.gov.uk/file?uri=/peoplepopulationandcommunity/crimeandjustice/datasets/policeforceareadatatables/yearendingmarch2026/pfatablesyemarch2026.xlsx,2026-09-05,Table C2!N405; Table C4!G405; Table C4!P405,27d7884ef0e07dad01e602e48a430871ea2db1f558dbaa496e1f1f22e06c307f,3.645,4.096,count / CSP population rounded to nearest 100 * 1000; rate rounded to 3 decimals,Research only; safety pending ASB and comparability review,
swindon,asb,E06000030,E22000350,Swindon,,ONS YE March 2026 C1/C2/C4; exact boundary vintage not stated,Source C2 LA name matches canonical localAuthority; CSP proxy for the place.,,,,,,,,,,,,,,,,,,,,,Research only; safety pending ASB and comparability review,No verified compatible CSP ASB numerator acquired; ONS appendix D4/D5 are national totals
telford,violence_against_person,E06000020,E22000333,Telford and Wrekin,,ONS YE March 2026 C1/C2/C4; exact boundary vintage not stated,Source C2 LA name matches canonical localAuthority; CSP proxy for the place.,E23000016,West Mercia,2025-04-01,2026-03-31,6254,196000,mid-2024,nearest 100,31.915979423532296,33286,308,Published annual CSP total; monthly completeness not independently verified,CRIME-ONS-2026-CSP,https://www.ons.gov.uk/file?uri=/peoplepopulationandcommunity/crimeandjustice/datasets/policeforceareadatatables/yearendingmarch2026/pfatablesyemarch2026.xlsx,2026-09-05,Table C2!H386; Table C4!G386; Table C4!J386,27d7884ef0e07dad01e602e48a430871ea2db1f558dbaa496e1f1f22e06c307f,31.908,0.925,count / CSP population rounded to nearest 100 * 1000; rate rounded to 3 decimals,Research only; safety pending ASB and comparability review,
telford,sexual_offences,E06000020,E22000333,Telford and Wrekin,,ONS YE March 2026 C1/C2/C4; exact boundary vintage not stated,Source C2 LA name matches canonical localAuthority; CSP proxy for the place.,E23000016,West Mercia,2025-04-01,2026-03-31,764,196000,mid-2024,nearest 100,3.8989140197599412,4063,54,Published annual CSP total; monthly completeness not independently verified,CRIME-ONS-2026-CSP,https://www.ons.gov.uk/file?uri=/peoplepopulationandcommunity/crimeandjustice/datasets/policeforceareadatatables/yearendingmarch2026/pfatablesyemarch2026.xlsx,2026-09-05,Table C2!N386; Table C4!G386; Table C4!P386,27d7884ef0e07dad01e602e48a430871ea2db1f558dbaa496e1f1f22e06c307f,3.898,1.329,count / CSP population rounded to nearest 100 * 1000; rate rounded to 3 decimals,Research only; safety pending ASB and comparability review,
telford,asb,E06000020,E22000333,Telford and Wrekin,,ONS YE March 2026 C1/C2/C4; exact boundary vintage not stated,Source C2 LA name matches canonical localAuthority; CSP proxy for the place.,,,,,,,,,,,,,,,,,,,,,Research only; safety pending ASB and comparability review,No verified compatible CSP ASB numerator acquired; ONS appendix D4/D5 are national totals
torbay,violence_against_person,E06000027,E22000060,Torbay,,ONS YE March 2026 C1/C2/C4; exact boundary vintage not stated,Source C2 LA name matches canonical localAuthority; CSP proxy for the place.,E23000035,Devon and Cornwall,2025-04-01,2026-03-31,6177,140100,mid-2024,nearest 100,44.081754991935824,56685,1,Published annual CSP total; monthly completeness not independently verified,CRIME-ONS-2026-CSP,https://www.ons.gov.uk/file?uri=/peoplepopulationandcommunity/crimeandjustice/datasets/policeforceareadatatables/yearendingmarch2026/pfatablesyemarch2026.xlsx,2026-09-05,Table C2!H69; Table C4!G69; Table C4!J69,27d7884ef0e07dad01e602e48a430871ea2db1f558dbaa496e1f1f22e06c307f,44.090,0.002,count / CSP population rounded to nearest 100 * 1000; rate rounded to 3 decimals,Research only; safety pending ASB and comparability review,
torbay,sexual_offences,E06000027,E22000060,Torbay,,ONS YE March 2026 C1/C2/C4; exact boundary vintage not stated,Source C2 LA name matches canonical localAuthority; CSP proxy for the place.,E23000035,Devon and Cornwall,2025-04-01,2026-03-31,627,140100,mid-2024,nearest 100,4.4745443386666288,6678,2,Published annual CSP total; monthly completeness not independently verified,CRIME-ONS-2026-CSP,https://www.ons.gov.uk/file?uri=/peoplepopulationandcommunity/crimeandjustice/datasets/policeforceareadatatables/yearendingmarch2026/pfatablesyemarch2026.xlsx,2026-09-05,Table C2!N69; Table C4!G69; Table C4!P69,27d7884ef0e07dad01e602e48a430871ea2db1f558dbaa496e1f1f22e06c307f,4.475,0.030,count / CSP population rounded to nearest 100 * 1000; rate rounded to 3 decimals,Research only; safety pending ASB and comparability review,
torbay,asb,E06000027,E22000060,Torbay,,ONS YE March 2026 C1/C2/C4; exact boundary vintage not stated,Source C2 LA name matches canonical localAuthority; CSP proxy for the place.,,,,,,,,,,,,,,,,,,,,,Research only; safety pending ASB and comparability review,No verified compatible CSP ASB numerator acquired; ONS appendix D4/D5 are national totals
wakefield,violence_against_person,E08000036,E22000346,Wakefield,,ONS YE March 2026 C1/C2/C4; exact boundary vintage not stated,Source C2 LA name matches canonical localAuthority; CSP proxy for the place.,E23000010,West Yorkshire,2025-04-01,2026-03-31,17533,367700,mid-2024,nearest 100,47.687303150141702,111552,6,Published annual CSP total; monthly completeness not independently verified,CRIME-ONS-2026-CSP,https://www.ons.gov.uk/file?uri=/peoplepopulationandcommunity/crimeandjustice/datasets/policeforceareadatatables/yearendingmarch2026/pfatablesyemarch2026.xlsx,2026-09-05,Table C2!H403; Table C4!G403; Table C4!J403,27d7884ef0e07dad01e602e48a430871ea2db1f558dbaa496e1f1f22e06c307f,47.683,0.005,count / CSP population rounded to nearest 100 * 1000; rate rounded to 3 decimals,Research only; safety pending ASB and comparability review,
wakefield,sexual_offences,E08000036,E22000346,Wakefield,,ONS YE March 2026 C1/C2/C4; exact boundary vintage not stated,Source C2 LA name matches canonical localAuthority; CSP proxy for the place.,E23000010,West Yorkshire,2025-04-01,2026-03-31,1612,367700,mid-2024,nearest 100,4.3844141149847955,10639,6,Published annual CSP total; monthly completeness not independently verified,CRIME-ONS-2026-CSP,https://www.ons.gov.uk/file?uri=/peoplepopulationandcommunity/crimeandjustice/datasets/policeforceareadatatables/yearendingmarch2026/pfatablesyemarch2026.xlsx,2026-09-05,Table C2!N403; Table C4!G403; Table C4!P403,27d7884ef0e07dad01e602e48a430871ea2db1f558dbaa496e1f1f22e06c307f,4.384,0.056,count / CSP population rounded to nearest 100 * 1000; rate rounded to 3 decimals,Research only; safety pending ASB and comparability review,
wakefield,asb,E08000036,E22000346,Wakefield,,ONS YE March 2026 C1/C2/C4; exact boundary vintage not stated,Source C2 LA name matches canonical localAuthority; CSP proxy for the place.,,,,,,,,,,,,,,,,,,,,,Research only; safety pending ASB and comparability review,No verified compatible CSP ASB numerator acquired; ONS appendix D4/D5 are national totals
walsall,violence_against_person,E08000030,E22000340,Walsall,,ONS YE March 2026 C1/C2/C4; exact boundary vintage not stated,Source C2 LA name matches canonical localAuthority; CSP proxy for the place.,E23000014,West Midlands,2025-04-01,2026-03-31,10522,295700,mid-2024,nearest 100,35.586009104498814,120341,1301,Published annual CSP total; monthly completeness not independently verified,CRIME-ONS-2026-CSP,https://www.ons.gov.uk/file?uri=/peoplepopulationandcommunity/crimeandjustice/datasets/policeforceareadatatables/yearendingmarch2026/pfatablesyemarch2026.xlsx,2026-09-05,Table C2!H395; Table C4!G395; Table C4!J395,27d7884ef0e07dad01e602e48a430871ea2db1f558dbaa496e1f1f22e06c307f,35.583,1.081,count / CSP population rounded to nearest 100 * 1000; rate rounded to 3 decimals,Research only; safety pending ASB and comparability review,
walsall,sexual_offences,E08000030,E22000340,Walsall,,ONS YE March 2026 C1/C2/C4; exact boundary vintage not stated,Source C2 LA name matches canonical localAuthority; CSP proxy for the place.,E23000014,West Midlands,2025-04-01,2026-03-31,1002,295700,mid-2024,nearest 100,3.3888216235228863,12069,233,Published annual CSP total; monthly completeness not independently verified,CRIME-ONS-2026-CSP,https://www.ons.gov.uk/file?uri=/peoplepopulationandcommunity/crimeandjustice/datasets/policeforceareadatatables/yearendingmarch2026/pfatablesyemarch2026.xlsx,2026-09-05,Table C2!N395; Table C4!G395; Table C4!P395,27d7884ef0e07dad01e602e48a430871ea2db1f558dbaa496e1f1f22e06c307f,3.389,1.931,count / CSP population rounded to nearest 100 * 1000; rate rounded to 3 decimals,Research only; safety pending ASB and comparability review,
walsall,asb,E08000030,E22000340,Walsall,,ONS YE March 2026 C1/C2/C4; exact boundary vintage not stated,Source C2 LA name matches canonical localAuthority; CSP proxy for the place.,,,,,,,,,,,,,,,,,,,,,Research only; safety pending ASB and comparability review,No verified compatible CSP ASB numerator acquired; ONS appendix D4/D5 are national totals
warrington,violence_against_person,E06000007,E22000026,Warrington,,ONS YE March 2026 C1/C2/C4; exact boundary vintage not stated,Source C2 LA name matches canonical localAuthority; CSP proxy for the place.,E23000006,Cheshire,2025-04-01,2026-03-31,6799,215400,mid-2024,nearest 100,31.565850012303205,34480,77,Published annual CSP total; monthly completeness not independently verified,CRIME-ONS-2026-CSP,https://www.ons.gov.uk/file?uri=/peoplepopulationandcommunity/crimeandjustice/datasets/policeforceareadatatables/yearendingmarch2026/pfatablesyemarch2026.xlsx,2026-09-05,Table C2!H34; Table C4!G34; Table C4!J34,27d7884ef0e07dad01e602e48a430871ea2db1f558dbaa496e1f1f22e06c307f,31.565,0.223,count / CSP population rounded to nearest 100 * 1000; rate rounded to 3 decimals,Research only; safety pending ASB and comparability review,
warrington,sexual_offences,E06000007,E22000026,Warrington,,ONS YE March 2026 C1/C2/C4; exact boundary vintage not stated,Source C2 LA name matches canonical localAuthority; CSP proxy for the place.,E23000006,Cheshire,2025-04-01,2026-03-31,789,215400,mid-2024,nearest 100,3.6631057007952981,4133,65,Published annual CSP total; monthly completeness not independently verified,CRIME-ONS-2026-CSP,https://www.ons.gov.uk/file?uri=/peoplepopulationandcommunity/crimeandjustice/datasets/policeforceareadatatables/yearendingmarch2026/pfatablesyemarch2026.xlsx,2026-09-05,Table C2!N34; Table C4!G34; Table C4!P34,27d7884ef0e07dad01e602e48a430871ea2db1f558dbaa496e1f1f22e06c307f,3.663,1.573,count / CSP population rounded to nearest 100 * 1000; rate rounded to 3 decimals,Research only; safety pending ASB and comparability review,
warrington,asb,E06000007,E22000026,Warrington,,ONS YE March 2026 C1/C2/C4; exact boundary vintage not stated,Source C2 LA name matches canonical localAuthority; CSP proxy for the place.,,,,,,,,,,,,,,,,,,,,,Research only; safety pending ASB and comparability review,No verified compatible CSP ASB numerator acquired; ONS appendix D4/D5 are national totals
wigan,violence_against_person,E08000010,E22000108,Wigan,,ONS YE March 2026 C1/C2/C4; exact boundary vintage not stated,Source C2 LA name matches canonical localAuthority; CSP proxy for the place.,E23000005,Greater Manchester,2025-04-01,2026-03-31,13720,344900,mid-2024,nearest 100,39.777109027548263,125640,205,Published annual CSP total; monthly completeness not independently verified,CRIME-ONS-2026-CSP,https://www.ons.gov.uk/file?uri=/peoplepopulationandcommunity/crimeandjustice/datasets/policeforceareadatatables/yearendingmarch2026/pfatablesyemarch2026.xlsx,2026-09-05,Table C2!H122; Table C4!G122; Table C4!J122,27d7884ef0e07dad01e602e48a430871ea2db1f558dbaa496e1f1f22e06c307f,39.780,0.163,count / CSP population rounded to nearest 100 * 1000; rate rounded to 3 decimals,Research only; safety pending ASB and comparability review,
wigan,sexual_offences,E08000010,E22000108,Wigan,,ONS YE March 2026 C1/C2/C4; exact boundary vintage not stated,Source C2 LA name matches canonical localAuthority; CSP proxy for the place.,E23000005,Greater Manchester,2025-04-01,2026-03-31,1236,344900,mid-2024,nearest 100,3.5834188599161547,12751,23,Published annual CSP total; monthly completeness not independently verified,CRIME-ONS-2026-CSP,https://www.ons.gov.uk/file?uri=/peoplepopulationandcommunity/crimeandjustice/datasets/policeforceareadatatables/yearendingmarch2026/pfatablesyemarch2026.xlsx,2026-09-05,Table C2!N122; Table C4!G122; Table C4!P122,27d7884ef0e07dad01e602e48a430871ea2db1f558dbaa496e1f1f22e06c307f,3.584,0.180,count / CSP population rounded to nearest 100 * 1000; rate rounded to 3 decimals,Research only; safety pending ASB and comparability review,
wigan,asb,E08000010,E22000108,Wigan,,ONS YE March 2026 C1/C2/C4; exact boundary vintage not stated,Source C2 LA name matches canonical localAuthority; CSP proxy for the place.,,,,,,,,,,,,,,,,,,,,,Research only; safety pending ASB and comparability review,No verified compatible CSP ASB numerator acquired; ONS appendix D4/D5 are national totals
wolverhampton,violence_against_person,E08000031,E22000341,Wolverhampton,,ONS YE March 2026 C1/C2/C4; exact boundary vintage not stated,Source C2 LA name matches canonical localAuthority; CSP proxy for the place.,E23000014,West Midlands,2025-04-01,2026-03-31,10861,281300,mid-2024,nearest 100,38.616751584883254,120341,1301,Published annual CSP total; monthly completeness not independently verified,CRIME-ONS-2026-CSP,https://www.ons.gov.uk/file?uri=/peoplepopulationandcommunity/crimeandjustice/datasets/policeforceareadatatables/yearendingmarch2026/pfatablesyemarch2026.xlsx,2026-09-05,Table C2!H396; Table C4!G396; Table C4!J396,27d7884ef0e07dad01e602e48a430871ea2db1f558dbaa496e1f1f22e06c307f,38.610,1.081,count / CSP population rounded to nearest 100 * 1000; rate rounded to 3 decimals,Research only; safety pending ASB and comparability review,
wolverhampton,sexual_offences,E08000031,E22000341,Wolverhampton,,ONS YE March 2026 C1/C2/C4; exact boundary vintage not stated,Source C2 LA name matches canonical localAuthority; CSP proxy for the place.,E23000014,West Midlands,2025-04-01,2026-03-31,993,281300,mid-2024,nearest 100,3.5306541132298195,12069,233,Published annual CSP total; monthly completeness not independently verified,CRIME-ONS-2026-CSP,https://www.ons.gov.uk/file?uri=/peoplepopulationandcommunity/crimeandjustice/datasets/policeforceareadatatables/yearendingmarch2026/pfatablesyemarch2026.xlsx,2026-09-05,Table C2!N396; Table C4!G396; Table C4!P396,27d7884ef0e07dad01e602e48a430871ea2db1f558dbaa496e1f1f22e06c307f,3.530,1.931,count / CSP population rounded to nearest 100 * 1000; rate rounded to 3 decimals,Research only; safety pending ASB and comparability review,
wolverhampton,asb,E08000031,E22000341,Wolverhampton,,ONS YE March 2026 C1/C2/C4; exact boundary vintage not stated,Source C2 LA name matches canonical localAuthority; CSP proxy for the place.,,,,,,,,,,,,,,,,,,,,,Research only; safety pending ASB and comparability review,No verified compatible CSP ASB numerator acquired; ONS appendix D4/D5 are national totals
worcester,violence_against_person,E07000237,E22000332,South Worcester,,ONS YE March 2026 C1/C2/C4; exact boundary vintage not stated,C1: combined CSP includes this LA and other LAs; use whole CSP numerator and population.,E23000016,West Mercia,2025-04-01,2026-03-31,8245,327900,mid-2024,nearest 100,25.143711022673561,33286,308,Published annual CSP total; monthly completeness not independently verified,CRIME-ONS-2026-CSP,https://www.ons.gov.uk/file?uri=/peoplepopulationandcommunity/crimeandjustice/datasets/policeforceareadatatables/yearendingmarch2026/pfatablesyemarch2026.xlsx,2026-09-05,Table C2!H385; Table C4!G385; Table C4!J385,27d7884ef0e07dad01e602e48a430871ea2db1f558dbaa496e1f1f22e06c307f,25.145,0.925,count / CSP population rounded to nearest 100 * 1000; rate rounded to 3 decimals,Research only; safety pending ASB and comparability review,
worcester,sexual_offences,E07000237,E22000332,South Worcester,,ONS YE March 2026 C1/C2/C4; exact boundary vintage not stated,C1: combined CSP includes this LA and other LAs; use whole CSP numerator and population.,E23000016,West Mercia,2025-04-01,2026-03-31,915,327900,mid-2024,nearest 100,2.7903572572160469,4063,54,Published annual CSP total; monthly completeness not independently verified,CRIME-ONS-2026-CSP,https://www.ons.gov.uk/file?uri=/peoplepopulationandcommunity/crimeandjustice/datasets/policeforceareadatatables/yearendingmarch2026/pfatablesyemarch2026.xlsx,2026-09-05,Table C2!N385; Table C4!G385; Table C4!P385,27d7884ef0e07dad01e602e48a430871ea2db1f558dbaa496e1f1f22e06c307f,2.790,1.329,count / CSP population rounded to nearest 100 * 1000; rate rounded to 3 decimals,Research only; safety pending ASB and comparability review,
worcester,asb,E07000237,E22000332,South Worcester,,ONS YE March 2026 C1/C2/C4; exact boundary vintage not stated,C1: combined CSP includes this LA and other LAs; use whole CSP numerator and population.,,,,,,,,,,,,,,,,,,,,,Research only; safety pending ASB and comparability review,No verified compatible CSP ASB numerator acquired; ONS appendix D4/D5 are national totals
wrexham,violence_against_person,W06000006,W14000006,Wrexham,,ONS YE March 2026 C1/C2/C4; exact boundary vintage not stated,Source C2 LA name matches canonical localAuthority; CSP proxy for the place.,W15000001,North Wales,2025-04-01,2026-03-31,4845,138200,mid-2024,nearest 100,35.046475460233644,23879,12,Published annual CSP total; monthly completeness not independently verified,CRIME-ONS-2026-CSP,https://www.ons.gov.uk/file?uri=/peoplepopulationandcommunity/crimeandjustice/datasets/policeforceareadatatables/yearendingmarch2026/pfatablesyemarch2026.xlsx,2026-09-05,Table C2!H269; Table C4!G269; Table C4!J269,27d7884ef0e07dad01e602e48a430871ea2db1f558dbaa496e1f1f22e06c307f,35.058,0.050,count / CSP population rounded to nearest 100 * 1000; rate rounded to 3 decimals,Research only; safety pending ASB and comparability review,
wrexham,sexual_offences,W06000006,W14000006,Wrexham,,ONS YE March 2026 C1/C2/C4; exact boundary vintage not stated,Source C2 LA name matches canonical localAuthority; CSP proxy for the place.,W15000001,North Wales,2025-04-01,2026-03-31,511,138200,mid-2024,nearest 100,3.6963362146913088,2582,5,Published annual CSP total; monthly completeness not independently verified,CRIME-ONS-2026-CSP,https://www.ons.gov.uk/file?uri=/peoplepopulationandcommunity/crimeandjustice/datasets/policeforceareadatatables/yearendingmarch2026/pfatablesyemarch2026.xlsx,2026-09-05,Table C2!N269; Table C4!G269; Table C4!P269,27d7884ef0e07dad01e602e48a430871ea2db1f558dbaa496e1f1f22e06c307f,3.698,0.194,count / CSP population rounded to nearest 100 * 1000; rate rounded to 3 decimals,Research only; safety pending ASB and comparability review,
wrexham,asb,W06000006,W14000006,Wrexham,,ONS YE March 2026 C1/C2/C4; exact boundary vintage not stated,Source C2 LA name matches canonical localAuthority; CSP proxy for the place.,,,,,,,,,,,,,,,,,,,,,Research only; safety pending ASB and comparability review,No verified compatible CSP ASB numerator acquired; ONS appendix D4/D5 are national totals
