location_id,scenario,pillar_weights,q20,q40,q60,q80,scenario_index_0_100,scenario_score,baseline_score,absolute_band_change,changes_more_than_one_band
bangor,leave_out_air,air=0.000000;quiet=33.333333;green=33.333333;housing_environment=33.333333,35.135333,46.381333,54.314333,63.896667,38.730333,2,4,2,true
barnsley,leave_out_air,air=0.000000;quiet=33.333333;green=33.333333;housing_environment=33.333333,35.135333,46.381333,54.314333,63.896667,62.714333,4,4,0,false
bath,leave_out_air,air=0.000000;quiet=33.333333;green=33.333333;housing_environment=33.333333,35.135333,46.381333,54.314333,63.896667,54.459333,4,4,0,false
birmingham,leave_out_air,air=0.000000;quiet=33.333333;green=33.333333;housing_environment=33.333333,35.135333,46.381333,54.314333,63.896667,35.135333,2,1,1,false
blackburn,leave_out_air,air=0.000000;quiet=33.333333;green=33.333333;housing_environment=33.333333,35.135333,46.381333,54.314333,63.896667,30.621667,1,2,1,false
blackpool,leave_out_air,air=0.000000;quiet=33.333333;green=33.333333;housing_environment=33.333333,35.135333,46.381333,54.314333,63.896667,33.996333,1,3,2,true
bolton,leave_out_air,air=0.000000;quiet=33.333333;green=33.333333;housing_environment=33.333333,35.135333,46.381333,54.314333,63.896667,43.470667,2,2,0,false
bournemouth-poole,leave_out_air,air=0.000000;quiet=33.333333;green=33.333333;housing_environment=33.333333,35.135333,46.381333,54.314333,63.896667,58.582667,4,5,1,false
bradford,leave_out_air,air=0.000000;quiet=33.333333;green=33.333333;housing_environment=33.333333,35.135333,46.381333,54.314333,63.896667,41.336000,2,2,0,false
bridgend,leave_out_air,air=0.000000;quiet=33.333333;green=33.333333;housing_environment=33.333333,35.135333,46.381333,54.314333,63.896667,67.461000,5,5,0,false
brighton-hove,leave_out_air,air=0.000000;quiet=33.333333;green=33.333333;housing_environment=33.333333,35.135333,46.381333,54.314333,63.896667,43.274667,2,3,1,false
bristol,leave_out_air,air=0.000000;quiet=33.333333;green=33.333333;housing_environment=33.333333,35.135333,46.381333,54.314333,63.896667,69.059667,5,5,0,false
burford,leave_out_air,air=0.000000;quiet=33.333333;green=33.333333;housing_environment=33.333333,35.135333,46.381333,54.314333,63.896667,13.743333,1,1,0,false
burnley,leave_out_air,air=0.000000;quiet=33.333333;green=33.333333;housing_environment=33.333333,35.135333,46.381333,54.314333,63.896667,34.482333,1,2,1,false
burton-on-trent,leave_out_air,air=0.000000;quiet=33.333333;green=33.333333;housing_environment=33.333333,35.135333,46.381333,54.314333,63.896667,32.223000,1,2,1,false
cambridge,leave_out_air,air=0.000000;quiet=33.333333;green=33.333333;housing_environment=33.333333,35.135333,46.381333,54.314333,63.896667,70.689000,5,5,0,false
cardiff,leave_out_air,air=0.000000;quiet=33.333333;green=33.333333;housing_environment=33.333333,35.135333,46.381333,54.314333,63.896667,66.829333,5,5,0,false
cheltenham,leave_out_air,air=0.000000;quiet=33.333333;green=33.333333;housing_environment=33.333333,35.135333,46.381333,54.314333,63.896667,64.526667,5,5,0,false
chepstow,leave_out_air,air=0.000000;quiet=33.333333;green=33.333333;housing_environment=33.333333,35.135333,46.381333,54.314333,63.896667,79.550333,5,5,0,false
chester,leave_out_air,air=0.000000;quiet=33.333333;green=33.333333;housing_environment=33.333333,35.135333,46.381333,54.314333,63.896667,49.684000,3,4,1,false
chesterfield,leave_out_air,air=0.000000;quiet=33.333333;green=33.333333;housing_environment=33.333333,35.135333,46.381333,54.314333,63.896667,45.688667,2,3,1,false
colchester,leave_out_air,air=0.000000;quiet=33.333333;green=33.333333;housing_environment=33.333333,35.135333,46.381333,54.314333,63.896667,68.713000,5,4,1,false
coventry,leave_out_air,air=0.000000;quiet=33.333333;green=33.333333;housing_environment=33.333333,35.135333,46.381333,54.314333,63.896667,46.945000,3,2,1,false
darlington,leave_out_air,air=0.000000;quiet=33.333333;green=33.333333;housing_environment=33.333333,35.135333,46.381333,54.314333,63.896667,45.666000,2,4,2,true
derby,leave_out_air,air=0.000000;quiet=33.333333;green=33.333333;housing_environment=33.333333,35.135333,46.381333,54.314333,63.896667,54.856000,4,3,1,false
doncaster,leave_out_air,air=0.000000;quiet=33.333333;green=33.333333;housing_environment=33.333333,35.135333,46.381333,54.314333,63.896667,34.694000,1,1,0,false
durham,leave_out_air,air=0.000000;quiet=33.333333;green=33.333333;housing_environment=33.333333,35.135333,46.381333,54.314333,63.896667,43.342000,2,4,2,true
exeter,leave_out_air,air=0.000000;quiet=33.333333;green=33.333333;housing_environment=33.333333,35.135333,46.381333,54.314333,63.896667,71.920667,5,5,0,false
gateshead,leave_out_air,air=0.000000;quiet=33.333333;green=33.333333;housing_environment=33.333333,35.135333,46.381333,54.314333,63.896667,55.202667,4,4,0,false
gloucester,leave_out_air,air=0.000000;quiet=33.333333;green=33.333333;housing_environment=33.333333,35.135333,46.381333,54.314333,63.896667,72.478333,5,5,0,false
halifax,leave_out_air,air=0.000000;quiet=33.333333;green=33.333333;housing_environment=33.333333,35.135333,46.381333,54.314333,63.896667,24.531667,1,1,0,false
hartlepool,leave_out_air,air=0.000000;quiet=33.333333;green=33.333333;housing_environment=33.333333,35.135333,46.381333,54.314333,63.896667,53.324667,3,4,1,false
hay-on-wye,leave_out_air,air=0.000000;quiet=33.333333;green=33.333333;housing_environment=33.333333,35.135333,46.381333,54.314333,63.896667,45.259333,2,4,2,true
huddersfield,leave_out_air,air=0.000000;quiet=33.333333;green=33.333333;housing_environment=33.333333,35.135333,46.381333,54.314333,63.896667,37.888667,2,2,0,false
hull-kingston-upon-hull,leave_out_air,air=0.000000;quiet=33.333333;green=33.333333;housing_environment=33.333333,35.135333,46.381333,54.314333,63.896667,66.793333,5,4,1,false
ipswich,leave_out_air,air=0.000000;quiet=33.333333;green=33.333333;housing_environment=33.333333,35.135333,46.381333,54.314333,63.896667,46.340333,2,2,0,false
kettering,leave_out_air,air=0.000000;quiet=33.333333;green=33.333333;housing_environment=33.333333,35.135333,46.381333,54.314333,63.896667,59.908667,4,4,0,false
lancaster,leave_out_air,air=0.000000;quiet=33.333333;green=33.333333;housing_environment=33.333333,35.135333,46.381333,54.314333,63.896667,46.428667,3,4,1,false
leeds,leave_out_air,air=0.000000;quiet=33.333333;green=33.333333;housing_environment=33.333333,35.135333,46.381333,54.314333,63.896667,46.381333,3,2,1,false
leicester,leave_out_air,air=0.000000;quiet=33.333333;green=33.333333;housing_environment=33.333333,35.135333,46.381333,54.314333,63.896667,59.148000,4,3,1,false
lincoln,leave_out_air,air=0.000000;quiet=33.333333;green=33.333333;housing_environment=33.333333,35.135333,46.381333,54.314333,63.896667,60.651667,4,4,0,false
liverpool,leave_out_air,air=0.000000;quiet=33.333333;green=33.333333;housing_environment=33.333333,35.135333,46.381333,54.314333,63.896667,60.888667,4,4,0,false
llanelli,leave_out_air,air=0.000000;quiet=33.333333;green=33.333333;housing_environment=33.333333,35.135333,46.381333,54.314333,63.896667,32.637333,1,3,2,true
loughborough,leave_out_air,air=0.000000;quiet=33.333333;green=33.333333;housing_environment=33.333333,35.135333,46.381333,54.314333,63.896667,55.533000,4,3,1,false
luton,leave_out_air,air=0.000000;quiet=33.333333;green=33.333333;housing_environment=33.333333,35.135333,46.381333,54.314333,63.896667,34.272333,1,1,0,false
manchester,leave_out_air,air=0.000000;quiet=33.333333;green=33.333333;housing_environment=33.333333,35.135333,46.381333,54.314333,63.896667,54.290000,3,2,1,false
merthyr-tydfil,leave_out_air,air=0.000000;quiet=33.333333;green=33.333333;housing_environment=33.333333,35.135333,46.381333,54.314333,63.896667,51.328667,3,4,1,false
middlesbrough,leave_out_air,air=0.000000;quiet=33.333333;green=33.333333;housing_environment=33.333333,35.135333,46.381333,54.314333,63.896667,56.473667,4,4,0,false
milton-keynes,leave_out_air,air=0.000000;quiet=33.333333;green=33.333333;housing_environment=33.333333,35.135333,46.381333,54.314333,63.896667,93.988000,5,5,0,false
narberth,leave_out_air,air=0.000000;quiet=33.333333;green=33.333333;housing_environment=33.333333,35.135333,46.381333,54.314333,63.896667,48.657333,3,4,1,false
neath,leave_out_air,air=0.000000;quiet=33.333333;green=33.333333;housing_environment=33.333333,35.135333,46.381333,54.314333,63.896667,36.801000,2,3,1,false
newbridge,leave_out_air,air=0.000000;quiet=33.333333;green=33.333333;housing_environment=33.333333,35.135333,46.381333,54.314333,63.896667,32.433000,1,3,2,true
newcastle-upon-tyne,leave_out_air,air=0.000000;quiet=33.333333;green=33.333333;housing_environment=33.333333,35.135333,46.381333,54.314333,63.896667,62.030667,4,4,0,false
newport,leave_out_air,air=0.000000;quiet=33.333333;green=33.333333;housing_environment=33.333333,35.135333,46.381333,54.314333,63.896667,60.159000,4,4,0,false
northampton,leave_out_air,air=0.000000;quiet=33.333333;green=33.333333;housing_environment=33.333333,35.135333,46.381333,54.314333,63.896667,72.841000,5,4,1,false
norwich,leave_out_air,air=0.000000;quiet=33.333333;green=33.333333;housing_environment=33.333333,35.135333,46.381333,54.314333,63.896667,59.723000,4,4,0,false
nottingham,leave_out_air,air=0.000000;quiet=33.333333;green=33.333333;housing_environment=33.333333,35.135333,46.381333,54.314333,63.896667,56.049333,4,3,1,false
oxford,leave_out_air,air=0.000000;quiet=33.333333;green=33.333333;housing_environment=33.333333,35.135333,46.381333,54.314333,63.896667,64.984667,5,4,1,false
peterborough,leave_out_air,air=0.000000;quiet=33.333333;green=33.333333;housing_environment=33.333333,35.135333,46.381333,54.314333,63.896667,75.739000,5,5,0,false
plymouth,leave_out_air,air=0.000000;quiet=33.333333;green=33.333333;housing_environment=33.333333,35.135333,46.381333,54.314333,63.896667,72.872000,5,5,0,false
portsmouth,leave_out_air,air=0.000000;quiet=33.333333;green=33.333333;housing_environment=33.333333,35.135333,46.381333,54.314333,63.896667,42.368333,2,2,0,false
preston,leave_out_air,air=0.000000;quiet=33.333333;green=33.333333;housing_environment=33.333333,35.135333,46.381333,54.314333,63.896667,41.949667,2,3,1,false
reading,leave_out_air,air=0.000000;quiet=33.333333;green=33.333333;housing_environment=33.333333,35.135333,46.381333,54.314333,63.896667,44.775667,2,3,1,false
rhyl,leave_out_air,air=0.000000;quiet=33.333333;green=33.333333;housing_environment=33.333333,35.135333,46.381333,54.314333,63.896667,41.170333,2,4,2,true
rotherham,leave_out_air,air=0.000000;quiet=33.333333;green=33.333333;housing_environment=33.333333,35.135333,46.381333,54.314333,63.896667,42.482667,2,2,0,false
rye,leave_out_air,air=0.000000;quiet=33.333333;green=33.333333;housing_environment=33.333333,35.135333,46.381333,54.314333,63.896667,34.626000,1,3,2,true
salford,leave_out_air,air=0.000000;quiet=33.333333;green=33.333333;housing_environment=33.333333,35.135333,46.381333,54.314333,63.896667,61.337333,4,3,1,false
sheffield,leave_out_air,air=0.000000;quiet=33.333333;green=33.333333;housing_environment=33.333333,35.135333,46.381333,54.314333,63.896667,59.068667,4,3,1,false
shrewsbury,leave_out_air,air=0.000000;quiet=33.333333;green=33.333333;housing_environment=33.333333,35.135333,46.381333,54.314333,63.896667,59.942333,4,5,1,false
southampton,leave_out_air,air=0.000000;quiet=33.333333;green=33.333333;housing_environment=33.333333,35.135333,46.381333,54.314333,63.896667,49.916000,3,3,0,false
southend-on-sea,leave_out_air,air=0.000000;quiet=33.333333;green=33.333333;housing_environment=33.333333,35.135333,46.381333,54.314333,63.896667,24.970333,1,1,0,false
st-helens,leave_out_air,air=0.000000;quiet=33.333333;green=33.333333;housing_environment=33.333333,35.135333,46.381333,54.314333,63.896667,63.986667,5,4,1,false
stafford,leave_out_air,air=0.000000;quiet=33.333333;green=33.333333;housing_environment=33.333333,35.135333,46.381333,54.314333,63.896667,35.428000,2,2,0,false
stockport,leave_out_air,air=0.000000;quiet=33.333333;green=33.333333;housing_environment=33.333333,35.135333,46.381333,54.314333,63.896667,44.340000,2,2,0,false
stockton-on-tees,leave_out_air,air=0.000000;quiet=33.333333;green=33.333333;housing_environment=33.333333,35.135333,46.381333,54.314333,63.896667,55.737000,4,4,0,false
stoke-on-trent,leave_out_air,air=0.000000;quiet=33.333333;green=33.333333;housing_environment=33.333333,35.135333,46.381333,54.314333,63.896667,56.215000,4,3,1,false
sunderland,leave_out_air,air=0.000000;quiet=33.333333;green=33.333333;housing_environment=33.333333,35.135333,46.381333,54.314333,63.896667,33.005333,1,2,1,false
swansea,leave_out_air,air=0.000000;quiet=33.333333;green=33.333333;housing_environment=33.333333,35.135333,46.381333,54.314333,63.896667,54.223333,3,5,2,true
swindon,leave_out_air,air=0.000000;quiet=33.333333;green=33.333333;housing_environment=33.333333,35.135333,46.381333,54.314333,63.896667,91.067667,5,5,0,false
telford,leave_out_air,air=0.000000;quiet=33.333333;green=33.333333;housing_environment=33.333333,35.135333,46.381333,54.314333,63.896667,78.535333,5,5,0,false
tenby,leave_out_air,air=0.000000;quiet=33.333333;green=33.333333;housing_environment=33.333333,35.135333,46.381333,54.314333,63.896667,28.254333,1,3,2,true
torbay,leave_out_air,air=0.000000;quiet=33.333333;green=33.333333;housing_environment=33.333333,35.135333,46.381333,54.314333,63.896667,51.369000,3,4,1,false
wakefield,leave_out_air,air=0.000000;quiet=33.333333;green=33.333333;housing_environment=33.333333,35.135333,46.381333,54.314333,63.896667,52.808000,3,3,0,false
walsall,leave_out_air,air=0.000000;quiet=33.333333;green=33.333333;housing_environment=33.333333,35.135333,46.381333,54.314333,63.896667,23.948667,1,1,0,false
warrington,leave_out_air,air=0.000000;quiet=33.333333;green=33.333333;housing_environment=33.333333,35.135333,46.381333,54.314333,63.896667,63.747667,4,4,0,false
wigan,leave_out_air,air=0.000000;quiet=33.333333;green=33.333333;housing_environment=33.333333,35.135333,46.381333,54.314333,63.896667,49.799667,3,3,0,false
wolverhampton,leave_out_air,air=0.000000;quiet=33.333333;green=33.333333;housing_environment=33.333333,35.135333,46.381333,54.314333,63.896667,36.598333,2,1,1,false
worcester,leave_out_air,air=0.000000;quiet=33.333333;green=33.333333;housing_environment=33.333333,35.135333,46.381333,54.314333,63.896667,42.196333,2,3,1,false
wrexham,leave_out_air,air=0.000000;quiet=33.333333;green=33.333333;housing_environment=33.333333,35.135333,46.381333,54.314333,63.896667,75.828000,5,5,0,false
york,leave_out_air,air=0.000000;quiet=33.333333;green=33.333333;housing_environment=33.333333,35.135333,46.381333,54.314333,63.896667,67.977667,5,5,0,false
bangor,leave_out_quiet,air=33.333333;quiet=0.000000;green=33.333333;housing_environment=33.333333,36.345333,46.230000,53.421667,62.775000,59.923333,4,4,0,false
barnsley,leave_out_quiet,air=33.333333;quiet=0.000000;green=33.333333;housing_environment=33.333333,36.345333,46.230000,53.421667,62.775000,60.832333,4,4,0,false
bath,leave_out_quiet,air=33.333333;quiet=0.000000;green=33.333333;housing_environment=33.333333,36.345333,46.230000,53.421667,62.775000,52.868333,3,4,1,false
birmingham,leave_out_quiet,air=33.333333;quiet=0.000000;green=33.333333;housing_environment=33.333333,36.345333,46.230000,53.421667,62.775000,29.465000,1,1,0,false
blackburn,leave_out_quiet,air=33.333333;quiet=0.000000;green=33.333333;housing_environment=33.333333,36.345333,46.230000,53.421667,62.775000,39.331000,2,2,0,false
blackpool,leave_out_quiet,air=33.333333;quiet=0.000000;green=33.333333;housing_environment=33.333333,36.345333,46.230000,53.421667,62.775000,41.360000,2,3,1,false
bolton,leave_out_quiet,air=33.333333;quiet=0.000000;green=33.333333;housing_environment=33.333333,36.345333,46.230000,53.421667,62.775000,44.477667,2,2,0,false
bournemouth-poole,leave_out_quiet,air=33.333333;quiet=0.000000;green=33.333333;housing_environment=33.333333,36.345333,46.230000,53.421667,62.775000,57.360667,4,5,1,false
bradford,leave_out_quiet,air=33.333333;quiet=0.000000;green=33.333333;housing_environment=33.333333,36.345333,46.230000,53.421667,62.775000,31.436333,1,2,1,false
bridgend,leave_out_quiet,air=33.333333;quiet=0.000000;green=33.333333;housing_environment=33.333333,36.345333,46.230000,53.421667,62.775000,68.344000,5,5,0,false
brighton-hove,leave_out_quiet,air=33.333333;quiet=0.000000;green=33.333333;housing_environment=33.333333,36.345333,46.230000,53.421667,62.775000,45.474667,2,3,1,false
bristol,leave_out_quiet,air=33.333333;quiet=0.000000;green=33.333333;housing_environment=33.333333,36.345333,46.230000,53.421667,62.775000,58.809333,4,5,1,false
burford,leave_out_quiet,air=33.333333;quiet=0.000000;green=33.333333;housing_environment=33.333333,36.345333,46.230000,53.421667,62.775000,34.896667,1,1,0,false
burnley,leave_out_quiet,air=33.333333;quiet=0.000000;green=33.333333;housing_environment=33.333333,36.345333,46.230000,53.421667,62.775000,55.598667,4,2,2,true
burton-on-trent,leave_out_quiet,air=33.333333;quiet=0.000000;green=33.333333;housing_environment=33.333333,36.345333,46.230000,53.421667,62.775000,40.974000,2,2,0,false
cambridge,leave_out_quiet,air=33.333333;quiet=0.000000;green=33.333333;housing_environment=33.333333,36.345333,46.230000,53.421667,62.775000,63.855000,5,5,0,false
cardiff,leave_out_quiet,air=33.333333;quiet=0.000000;green=33.333333;housing_environment=33.333333,36.345333,46.230000,53.421667,62.775000,68.126333,5,5,0,false
cheltenham,leave_out_quiet,air=33.333333;quiet=0.000000;green=33.333333;housing_environment=33.333333,36.345333,46.230000,53.421667,62.775000,59.169333,4,5,1,false
chepstow,leave_out_quiet,air=33.333333;quiet=0.000000;green=33.333333;housing_environment=33.333333,36.345333,46.230000,53.421667,62.775000,79.002333,5,5,0,false
chester,leave_out_quiet,air=33.333333;quiet=0.000000;green=33.333333;housing_environment=33.333333,36.345333,46.230000,53.421667,62.775000,64.181000,5,4,1,false
chesterfield,leave_out_quiet,air=33.333333;quiet=0.000000;green=33.333333;housing_environment=33.333333,36.345333,46.230000,53.421667,62.775000,48.154000,3,3,0,false
colchester,leave_out_quiet,air=33.333333;quiet=0.000000;green=33.333333;housing_environment=33.333333,36.345333,46.230000,53.421667,62.775000,69.044333,5,4,1,false
coventry,leave_out_quiet,air=33.333333;quiet=0.000000;green=33.333333;housing_environment=33.333333,36.345333,46.230000,53.421667,62.775000,41.338333,2,2,0,false
darlington,leave_out_quiet,air=33.333333;quiet=0.000000;green=33.333333;housing_environment=33.333333,36.345333,46.230000,53.421667,62.775000,57.172000,4,4,0,false
derby,leave_out_quiet,air=33.333333;quiet=0.000000;green=33.333333;housing_environment=33.333333,36.345333,46.230000,53.421667,62.775000,36.919667,2,3,1,false
doncaster,leave_out_quiet,air=33.333333;quiet=0.000000;green=33.333333;housing_environment=33.333333,36.345333,46.230000,53.421667,62.775000,27.110333,1,1,0,false
durham,leave_out_quiet,air=33.333333;quiet=0.000000;green=33.333333;housing_environment=33.333333,36.345333,46.230000,53.421667,62.775000,61.447000,4,4,0,false
exeter,leave_out_quiet,air=33.333333;quiet=0.000000;green=33.333333;housing_environment=33.333333,36.345333,46.230000,53.421667,62.775000,72.049000,5,5,0,false
gateshead,leave_out_quiet,air=33.333333;quiet=0.000000;green=33.333333;housing_environment=33.333333,36.345333,46.230000,53.421667,62.775000,66.516000,5,4,1,false
gloucester,leave_out_quiet,air=33.333333;quiet=0.000000;green=33.333333;housing_environment=33.333333,36.345333,46.230000,53.421667,62.775000,63.617000,5,5,0,false
halifax,leave_out_quiet,air=33.333333;quiet=0.000000;green=33.333333;housing_environment=33.333333,36.345333,46.230000,53.421667,62.775000,35.604000,1,1,0,false
hartlepool,leave_out_quiet,air=33.333333;quiet=0.000000;green=33.333333;housing_environment=33.333333,36.345333,46.230000,53.421667,62.775000,56.106333,4,4,0,false
hay-on-wye,leave_out_quiet,air=33.333333;quiet=0.000000;green=33.333333;housing_environment=33.333333,36.345333,46.230000,53.421667,62.775000,60.872667,4,4,0,false
huddersfield,leave_out_quiet,air=33.333333;quiet=0.000000;green=33.333333;housing_environment=33.333333,36.345333,46.230000,53.421667,62.775000,38.462000,2,2,0,false
hull-kingston-upon-hull,leave_out_quiet,air=33.333333;quiet=0.000000;green=33.333333;housing_environment=33.333333,36.345333,46.230000,53.421667,62.775000,46.368333,3,4,1,false
ipswich,leave_out_quiet,air=33.333333;quiet=0.000000;green=33.333333;housing_environment=33.333333,36.345333,46.230000,53.421667,62.775000,44.852333,2,2,0,false
kettering,leave_out_quiet,air=33.333333;quiet=0.000000;green=33.333333;housing_environment=33.333333,36.345333,46.230000,53.421667,62.775000,47.610000,3,4,1,false
lancaster,leave_out_quiet,air=33.333333;quiet=0.000000;green=33.333333;housing_environment=33.333333,36.345333,46.230000,53.421667,62.775000,69.319000,5,4,1,false
leeds,leave_out_quiet,air=33.333333;quiet=0.000000;green=33.333333;housing_environment=33.333333,36.345333,46.230000,53.421667,62.775000,40.151000,2,2,0,false
leicester,leave_out_quiet,air=33.333333;quiet=0.000000;green=33.333333;housing_environment=33.333333,36.345333,46.230000,53.421667,62.775000,38.688000,2,3,1,false
lincoln,leave_out_quiet,air=33.333333;quiet=0.000000;green=33.333333;housing_environment=33.333333,36.345333,46.230000,53.421667,62.775000,48.856667,3,4,1,false
liverpool,leave_out_quiet,air=33.333333;quiet=0.000000;green=33.333333;housing_environment=33.333333,36.345333,46.230000,53.421667,62.775000,55.968667,4,4,0,false
llanelli,leave_out_quiet,air=33.333333;quiet=0.000000;green=33.333333;housing_environment=33.333333,36.345333,46.230000,53.421667,62.775000,57.512333,4,3,1,false
loughborough,leave_out_quiet,air=33.333333;quiet=0.000000;green=33.333333;housing_environment=33.333333,36.345333,46.230000,53.421667,62.775000,45.235000,2,3,1,false
luton,leave_out_quiet,air=33.333333;quiet=0.000000;green=33.333333;housing_environment=33.333333,36.345333,46.230000,53.421667,62.775000,34.497000,1,1,0,false
manchester,leave_out_quiet,air=33.333333;quiet=0.000000;green=33.333333;housing_environment=33.333333,36.345333,46.230000,53.421667,62.775000,51.671000,3,2,1,false
merthyr-tydfil,leave_out_quiet,air=33.333333;quiet=0.000000;green=33.333333;housing_environment=33.333333,36.345333,46.230000,53.421667,62.775000,70.366000,5,4,1,false
middlesbrough,leave_out_quiet,air=33.333333;quiet=0.000000;green=33.333333;housing_environment=33.333333,36.345333,46.230000,53.421667,62.775000,56.782333,4,4,0,false
milton-keynes,leave_out_quiet,air=33.333333;quiet=0.000000;green=33.333333;housing_environment=33.333333,36.345333,46.230000,53.421667,62.775000,80.165667,5,5,0,false
narberth,leave_out_quiet,air=33.333333;quiet=0.000000;green=33.333333;housing_environment=33.333333,36.345333,46.230000,53.421667,62.775000,78.042000,5,4,1,false
neath,leave_out_quiet,air=33.333333;quiet=0.000000;green=33.333333;housing_environment=33.333333,36.345333,46.230000,53.421667,62.775000,59.180000,4,3,1,false
newbridge,leave_out_quiet,air=33.333333;quiet=0.000000;green=33.333333;housing_environment=33.333333,36.345333,46.230000,53.421667,62.775000,54.915333,4,3,1,false
newcastle-upon-tyne,leave_out_quiet,air=33.333333;quiet=0.000000;green=33.333333;housing_environment=33.333333,36.345333,46.230000,53.421667,62.775000,69.816000,5,4,1,false
newport,leave_out_quiet,air=33.333333;quiet=0.000000;green=33.333333;housing_environment=33.333333,36.345333,46.230000,53.421667,62.775000,70.240667,5,4,1,false
northampton,leave_out_quiet,air=33.333333;quiet=0.000000;green=33.333333;housing_environment=33.333333,36.345333,46.230000,53.421667,62.775000,58.989333,4,4,0,false
norwich,leave_out_quiet,air=33.333333;quiet=0.000000;green=33.333333;housing_environment=33.333333,36.345333,46.230000,53.421667,62.775000,47.256333,3,4,1,false
nottingham,leave_out_quiet,air=33.333333;quiet=0.000000;green=33.333333;housing_environment=33.333333,36.345333,46.230000,53.421667,62.775000,43.735000,2,3,1,false
oxford,leave_out_quiet,air=33.333333;quiet=0.000000;green=33.333333;housing_environment=33.333333,36.345333,46.230000,53.421667,62.775000,62.106667,4,4,0,false
peterborough,leave_out_quiet,air=33.333333;quiet=0.000000;green=33.333333;housing_environment=33.333333,36.345333,46.230000,53.421667,62.775000,71.200333,5,5,0,false
plymouth,leave_out_quiet,air=33.333333;quiet=0.000000;green=33.333333;housing_environment=33.333333,36.345333,46.230000,53.421667,62.775000,69.493000,5,5,0,false
portsmouth,leave_out_quiet,air=33.333333;quiet=0.000000;green=33.333333;housing_environment=33.333333,36.345333,46.230000,53.421667,62.775000,44.646667,2,2,0,false
preston,leave_out_quiet,air=33.333333;quiet=0.000000;green=33.333333;housing_environment=33.333333,36.345333,46.230000,53.421667,62.775000,54.787000,4,3,1,false
reading,leave_out_quiet,air=33.333333;quiet=0.000000;green=33.333333;housing_environment=33.333333,36.345333,46.230000,53.421667,62.775000,45.155667,2,3,1,false
rhyl,leave_out_quiet,air=33.333333;quiet=0.000000;green=33.333333;housing_environment=33.333333,36.345333,46.230000,53.421667,62.775000,49.412667,3,4,1,false
rotherham,leave_out_quiet,air=33.333333;quiet=0.000000;green=33.333333;housing_environment=33.333333,36.345333,46.230000,53.421667,62.775000,31.629667,1,2,1,false
rye,leave_out_quiet,air=33.333333;quiet=0.000000;green=33.333333;housing_environment=33.333333,36.345333,46.230000,53.421667,62.775000,53.516667,4,3,1,false
salford,leave_out_quiet,air=33.333333;quiet=0.000000;green=33.333333;housing_environment=33.333333,36.345333,46.230000,53.421667,62.775000,61.487000,4,3,1,false
sheffield,leave_out_quiet,air=33.333333;quiet=0.000000;green=33.333333;housing_environment=33.333333,36.345333,46.230000,53.421667,62.775000,49.538333,3,3,0,false
shrewsbury,leave_out_quiet,air=33.333333;quiet=0.000000;green=33.333333;housing_environment=33.333333,36.345333,46.230000,53.421667,62.775000,70.775667,5,5,0,false
southampton,leave_out_quiet,air=33.333333;quiet=0.000000;green=33.333333;housing_environment=33.333333,36.345333,46.230000,53.421667,62.775000,53.421667,4,3,1,false
southend-on-sea,leave_out_quiet,air=33.333333;quiet=0.000000;green=33.333333;housing_environment=33.333333,36.345333,46.230000,53.421667,62.775000,22.212000,1,1,0,false
st-helens,leave_out_quiet,air=33.333333;quiet=0.000000;green=33.333333;housing_environment=33.333333,36.345333,46.230000,53.421667,62.775000,58.163667,4,4,0,false
stafford,leave_out_quiet,air=33.333333;quiet=0.000000;green=33.333333;housing_environment=33.333333,36.345333,46.230000,53.421667,62.775000,48.094000,3,2,1,false
stockport,leave_out_quiet,air=33.333333;quiet=0.000000;green=33.333333;housing_environment=33.333333,36.345333,46.230000,53.421667,62.775000,46.516667,3,2,1,false
stockton-on-tees,leave_out_quiet,air=33.333333;quiet=0.000000;green=33.333333;housing_environment=33.333333,36.345333,46.230000,53.421667,62.775000,55.068667,4,4,0,false
stoke-on-trent,leave_out_quiet,air=33.333333;quiet=0.000000;green=33.333333;housing_environment=33.333333,36.345333,46.230000,53.421667,62.775000,56.705667,4,3,1,false
sunderland,leave_out_quiet,air=33.333333;quiet=0.000000;green=33.333333;housing_environment=33.333333,36.345333,46.230000,53.421667,62.775000,46.815333,3,2,1,false
swansea,leave_out_quiet,air=33.333333;quiet=0.000000;green=33.333333;housing_environment=33.333333,36.345333,46.230000,53.421667,62.775000,61.294000,4,5,1,false
swindon,leave_out_quiet,air=33.333333;quiet=0.000000;green=33.333333;housing_environment=33.333333,36.345333,46.230000,53.421667,62.775000,81.171667,5,5,0,false
telford,leave_out_quiet,air=33.333333;quiet=0.000000;green=33.333333;housing_environment=33.333333,36.345333,46.230000,53.421667,62.775000,82.915667,5,5,0,false
tenby,leave_out_quiet,air=33.333333;quiet=0.000000;green=33.333333;housing_environment=33.333333,36.345333,46.230000,53.421667,62.775000,56.303000,4,3,1,false
torbay,leave_out_quiet,air=33.333333;quiet=0.000000;green=33.333333;housing_environment=33.333333,36.345333,46.230000,53.421667,62.775000,50.690667,3,4,1,false
wakefield,leave_out_quiet,air=33.333333;quiet=0.000000;green=33.333333;housing_environment=33.333333,36.345333,46.230000,53.421667,62.775000,52.675667,3,3,0,false
walsall,leave_out_quiet,air=33.333333;quiet=0.000000;green=33.333333;housing_environment=33.333333,36.345333,46.230000,53.421667,62.775000,23.208333,1,1,0,false
warrington,leave_out_quiet,air=33.333333;quiet=0.000000;green=33.333333;housing_environment=33.333333,36.345333,46.230000,53.421667,62.775000,69.727667,5,4,1,false
wigan,leave_out_quiet,air=33.333333;quiet=0.000000;green=33.333333;housing_environment=33.333333,36.345333,46.230000,53.421667,62.775000,47.919667,3,3,0,false
wolverhampton,leave_out_quiet,air=33.333333;quiet=0.000000;green=33.333333;housing_environment=33.333333,36.345333,46.230000,53.421667,62.775000,27.130000,1,1,0,false
worcester,leave_out_quiet,air=33.333333;quiet=0.000000;green=33.333333;housing_environment=33.333333,36.345333,46.230000,53.421667,62.775000,47.971333,3,3,0,false
wrexham,leave_out_quiet,air=33.333333;quiet=0.000000;green=33.333333;housing_environment=33.333333,36.345333,46.230000,53.421667,62.775000,76.757000,5,5,0,false
york,leave_out_quiet,air=33.333333;quiet=0.000000;green=33.333333;housing_environment=33.333333,36.345333,46.230000,53.421667,62.775000,67.460667,5,5,0,false
bangor,leave_out_green,air=33.333333;quiet=33.333333;green=0.000000;housing_environment=33.333333,31.432000,43.644000,55.817667,67.656667,63.296667,4,4,0,false
barnsley,leave_out_green,air=33.333333;quiet=33.333333;green=0.000000;housing_environment=33.333333,31.432000,43.644000,55.817667,67.656667,48.761333,3,4,1,false
bath,leave_out_green,air=33.333333;quiet=33.333333;green=0.000000;housing_environment=33.333333,31.432000,43.644000,55.817667,67.656667,60.333000,4,4,0,false
birmingham,leave_out_green,air=33.333333;quiet=33.333333;green=0.000000;housing_environment=33.333333,31.432000,43.644000,55.817667,67.656667,22.400667,1,1,0,false
blackburn,leave_out_green,air=33.333333;quiet=33.333333;green=0.000000;housing_environment=33.333333,31.432000,43.644000,55.817667,67.656667,45.057000,3,2,1,false
blackpool,leave_out_green,air=33.333333;quiet=33.333333;green=0.000000;housing_environment=33.333333,31.432000,43.644000,55.817667,67.656667,55.438333,3,3,0,false
bolton,leave_out_green,air=33.333333;quiet=33.333333;green=0.000000;housing_environment=33.333333,31.432000,43.644000,55.817667,67.656667,36.057000,2,2,0,false
bournemouth-poole,leave_out_green,air=33.333333;quiet=33.333333;green=0.000000;housing_environment=33.333333,31.432000,43.644000,55.817667,67.656667,70.812667,5,5,0,false
bradford,leave_out_green,air=33.333333;quiet=33.333333;green=0.000000;housing_environment=33.333333,31.432000,43.644000,55.817667,67.656667,29.779333,1,2,1,false
bridgend,leave_out_green,air=33.333333;quiet=33.333333;green=0.000000;housing_environment=33.333333,31.432000,43.644000,55.817667,67.656667,91.450333,5,5,0,false
brighton-hove,leave_out_green,air=33.333333;quiet=33.333333;green=0.000000;housing_environment=33.333333,31.432000,43.644000,55.817667,67.656667,53.815333,3,3,0,false
bristol,leave_out_green,air=33.333333;quiet=33.333333;green=0.000000;housing_environment=33.333333,31.432000,43.644000,55.817667,67.656667,57.662667,4,5,1,false
burford,leave_out_green,air=33.333333;quiet=33.333333;green=0.000000;housing_environment=33.333333,31.432000,43.644000,55.817667,67.656667,36.257000,2,1,1,false
burnley,leave_out_green,air=33.333333;quiet=33.333333;green=0.000000;housing_environment=33.333333,31.432000,43.644000,55.817667,67.656667,30.463333,1,2,1,false
burton-on-trent,leave_out_green,air=33.333333;quiet=33.333333;green=0.000000;housing_environment=33.333333,31.432000,43.644000,55.817667,67.656667,42.450333,2,2,0,false
cambridge,leave_out_green,air=33.333333;quiet=33.333333;green=0.000000;housing_environment=33.333333,31.432000,43.644000,55.817667,67.656667,68.069667,5,5,0,false
cardiff,leave_out_green,air=33.333333;quiet=33.333333;green=0.000000;housing_environment=33.333333,31.432000,43.644000,55.817667,67.656667,61.581333,4,5,1,false
cheltenham,leave_out_green,air=33.333333;quiet=33.333333;green=0.000000;housing_environment=33.333333,31.432000,43.644000,55.817667,67.656667,71.540667,5,5,0,false
chepstow,leave_out_green,air=33.333333;quiet=33.333333;green=0.000000;housing_environment=33.333333,31.432000,43.644000,55.817667,67.656667,92.357000,5,5,0,false
chester,leave_out_green,air=33.333333;quiet=33.333333;green=0.000000;housing_environment=33.333333,31.432000,43.644000,55.817667,67.656667,58.702000,4,4,0,false
chesterfield,leave_out_green,air=33.333333;quiet=33.333333;green=0.000000;housing_environment=33.333333,31.432000,43.644000,55.817667,67.656667,47.221000,3,3,0,false
colchester,leave_out_green,air=33.333333;quiet=33.333333;green=0.000000;housing_environment=33.333333,31.432000,43.644000,55.817667,67.656667,60.484333,4,4,0,false
coventry,leave_out_green,air=33.333333;quiet=33.333333;green=0.000000;housing_environment=33.333333,31.432000,43.644000,55.817667,67.656667,39.704333,2,2,0,false
darlington,leave_out_green,air=33.333333;quiet=33.333333;green=0.000000;housing_environment=33.333333,31.432000,43.644000,55.817667,67.656667,53.915000,3,4,1,false
derby,leave_out_green,air=33.333333;quiet=33.333333;green=0.000000;housing_environment=33.333333,31.432000,43.644000,55.817667,67.656667,48.426667,3,3,0,false
doncaster,leave_out_green,air=33.333333;quiet=33.333333;green=0.000000;housing_environment=33.333333,31.432000,43.644000,55.817667,67.656667,37.334333,2,1,1,false
durham,leave_out_green,air=33.333333;quiet=33.333333;green=0.000000;housing_environment=33.333333,31.432000,43.644000,55.817667,67.656667,67.287000,4,4,0,false
exeter,leave_out_green,air=33.333333;quiet=33.333333;green=0.000000;housing_environment=33.333333,31.432000,43.644000,55.817667,67.656667,85.377667,5,5,0,false
gateshead,leave_out_green,air=33.333333;quiet=33.333333;green=0.000000;housing_environment=33.333333,31.432000,43.644000,55.817667,67.656667,42.982333,2,4,2,true
gloucester,leave_out_green,air=33.333333;quiet=33.333333;green=0.000000;housing_environment=33.333333,31.432000,43.644000,55.817667,67.656667,68.468667,5,5,0,false
halifax,leave_out_green,air=33.333333;quiet=33.333333;green=0.000000;housing_environment=33.333333,31.432000,43.644000,55.817667,67.656667,33.993333,2,1,1,false
hartlepool,leave_out_green,air=33.333333;quiet=33.333333;green=0.000000;housing_environment=33.333333,31.432000,43.644000,55.817667,67.656667,72.399000,5,4,1,false
hay-on-wye,leave_out_green,air=33.333333;quiet=33.333333;green=0.000000;housing_environment=33.333333,31.432000,43.644000,55.817667,67.656667,56.281333,4,4,0,false
huddersfield,leave_out_green,air=33.333333;quiet=33.333333;green=0.000000;housing_environment=33.333333,31.432000,43.644000,55.817667,67.656667,33.549000,2,2,0,false
hull-kingston-upon-hull,leave_out_green,air=33.333333;quiet=33.333333;green=0.000000;housing_environment=33.333333,31.432000,43.644000,55.817667,67.656667,62.361000,4,4,0,false
ipswich,leave_out_green,air=33.333333;quiet=33.333333;green=0.000000;housing_environment=33.333333,31.432000,43.644000,55.817667,67.656667,45.004333,3,2,1,false
kettering,leave_out_green,air=33.333333;quiet=33.333333;green=0.000000;housing_environment=33.333333,31.432000,43.644000,55.817667,67.656667,52.491000,3,4,1,false
lancaster,leave_out_green,air=33.333333;quiet=33.333333;green=0.000000;housing_environment=33.333333,31.432000,43.644000,55.817667,67.656667,48.387000,3,4,1,false
leeds,leave_out_green,air=33.333333;quiet=33.333333;green=0.000000;housing_environment=33.333333,31.432000,43.644000,55.817667,67.656667,33.851000,2,2,0,false
leicester,leave_out_green,air=33.333333;quiet=33.333333;green=0.000000;housing_environment=33.333333,31.432000,43.644000,55.817667,67.656667,41.436667,2,3,1,false
lincoln,leave_out_green,air=33.333333;quiet=33.333333;green=0.000000;housing_environment=33.333333,31.432000,43.644000,55.817667,67.656667,62.103000,4,4,0,false
liverpool,leave_out_green,air=33.333333;quiet=33.333333;green=0.000000;housing_environment=33.333333,31.432000,43.644000,55.817667,67.656667,48.932333,3,4,1,false
llanelli,leave_out_green,air=33.333333;quiet=33.333333;green=0.000000;housing_environment=33.333333,31.432000,43.644000,55.817667,67.656667,49.363000,3,3,0,false
loughborough,leave_out_green,air=33.333333;quiet=33.333333;green=0.000000;housing_environment=33.333333,31.432000,43.644000,55.817667,67.656667,62.104333,4,3,1,false
luton,leave_out_green,air=33.333333;quiet=33.333333;green=0.000000;housing_environment=33.333333,31.432000,43.644000,55.817667,67.656667,27.857000,1,1,0,false
manchester,leave_out_green,air=33.333333;quiet=33.333333;green=0.000000;housing_environment=33.333333,31.432000,43.644000,55.817667,67.656667,40.312000,2,2,0,false
merthyr-tydfil,leave_out_green,air=33.333333;quiet=33.333333;green=0.000000;housing_environment=33.333333,31.432000,43.644000,55.817667,67.656667,63.131000,4,4,0,false
middlesbrough,leave_out_green,air=33.333333;quiet=33.333333;green=0.000000;housing_environment=33.333333,31.432000,43.644000,55.817667,67.656667,57.106000,4,4,0,false
milton-keynes,leave_out_green,air=33.333333;quiet=33.333333;green=0.000000;housing_environment=33.333333,31.432000,43.644000,55.817667,67.656667,75.899000,5,5,0,false
narberth,leave_out_green,air=33.333333;quiet=33.333333;green=0.000000;housing_environment=33.333333,31.432000,43.644000,55.817667,67.656667,63.677000,4,4,0,false
neath,leave_out_green,air=33.333333;quiet=33.333333;green=0.000000;housing_environment=33.333333,31.432000,43.644000,55.817667,67.656667,55.787667,3,3,0,false
newbridge,leave_out_green,air=33.333333;quiet=33.333333;green=0.000000;housing_environment=33.333333,31.432000,43.644000,55.817667,67.656667,43.114000,2,3,1,false
newcastle-upon-tyne,leave_out_green,air=33.333333;quiet=33.333333;green=0.000000;housing_environment=33.333333,31.432000,43.644000,55.817667,67.656667,50.154333,3,4,1,false
newport,leave_out_green,air=33.333333;quiet=33.333333;green=0.000000;housing_environment=33.333333,31.432000,43.644000,55.817667,67.656667,60.795333,4,4,0,false
northampton,leave_out_green,air=33.333333;quiet=33.333333;green=0.000000;housing_environment=33.333333,31.432000,43.644000,55.817667,67.656667,61.365333,4,4,0,false
norwich,leave_out_green,air=33.333333;quiet=33.333333;green=0.000000;housing_environment=33.333333,31.432000,43.644000,55.817667,67.656667,64.147333,4,4,0,false
nottingham,leave_out_green,air=33.333333;quiet=33.333333;green=0.000000;housing_environment=33.333333,31.432000,43.644000,55.817667,67.656667,42.976333,2,3,1,false
oxford,leave_out_green,air=33.333333;quiet=33.333333;green=0.000000;housing_environment=33.333333,31.432000,43.644000,55.817667,67.656667,58.855667,4,4,0,false
peterborough,leave_out_green,air=33.333333;quiet=33.333333;green=0.000000;housing_environment=33.333333,31.432000,43.644000,55.817667,67.656667,61.393667,4,5,1,false
plymouth,leave_out_green,air=33.333333;quiet=33.333333;green=0.000000;housing_environment=33.333333,31.432000,43.644000,55.817667,67.656667,81.675333,5,5,0,false
portsmouth,leave_out_green,air=33.333333;quiet=33.333333;green=0.000000;housing_environment=33.333333,31.432000,43.644000,55.817667,67.656667,46.067667,3,2,1,false
preston,leave_out_green,air=33.333333;quiet=33.333333;green=0.000000;housing_environment=33.333333,31.432000,43.644000,55.817667,67.656667,43.484333,2,3,1,false
reading,leave_out_green,air=33.333333;quiet=33.333333;green=0.000000;housing_environment=33.333333,31.432000,43.644000,55.817667,67.656667,50.505000,3,3,0,false
rhyl,leave_out_green,air=33.333333;quiet=33.333333;green=0.000000;housing_environment=33.333333,31.432000,43.644000,55.817667,67.656667,64.841667,4,4,0,false
rotherham,leave_out_green,air=33.333333;quiet=33.333333;green=0.000000;housing_environment=33.333333,31.432000,43.644000,55.817667,67.656667,36.597000,2,2,0,false
rye,leave_out_green,air=33.333333;quiet=33.333333;green=0.000000;housing_environment=33.333333,31.432000,43.644000,55.817667,67.656667,44.197000,3,3,0,false
salford,leave_out_green,air=33.333333;quiet=33.333333;green=0.000000;housing_environment=33.333333,31.432000,43.644000,55.817667,67.656667,40.929000,2,3,1,false
sheffield,leave_out_green,air=33.333333;quiet=33.333333;green=0.000000;housing_environment=33.333333,31.432000,43.644000,55.817667,67.656667,47.716333,3,3,0,false
shrewsbury,leave_out_green,air=33.333333;quiet=33.333333;green=0.000000;housing_environment=33.333333,31.432000,43.644000,55.817667,67.656667,73.012000,5,5,0,false
southampton,leave_out_green,air=33.333333;quiet=33.333333;green=0.000000;housing_environment=33.333333,31.432000,43.644000,55.817667,67.656667,50.535000,3,3,0,false
southend-on-sea,leave_out_green,air=33.333333;quiet=33.333333;green=0.000000;housing_environment=33.333333,31.432000,43.644000,55.817667,67.656667,31.967667,2,1,1,false
st-helens,leave_out_green,air=33.333333;quiet=33.333333;green=0.000000;housing_environment=33.333333,31.432000,43.644000,55.817667,67.656667,50.572667,3,4,1,false
stafford,leave_out_green,air=33.333333;quiet=33.333333;green=0.000000;housing_environment=33.333333,31.432000,43.644000,55.817667,67.656667,50.848333,3,2,1,false
stockport,leave_out_green,air=33.333333;quiet=33.333333;green=0.000000;housing_environment=33.333333,31.432000,43.644000,55.817667,67.656667,23.019333,1,2,1,false
stockton-on-tees,leave_out_green,air=33.333333;quiet=33.333333;green=0.000000;housing_environment=33.333333,31.432000,43.644000,55.817667,67.656667,67.134000,4,4,0,false
stoke-on-trent,leave_out_green,air=33.333333;quiet=33.333333;green=0.000000;housing_environment=33.333333,31.432000,43.644000,55.817667,67.656667,38.494333,2,3,1,false
sunderland,leave_out_green,air=33.333333;quiet=33.333333;green=0.000000;housing_environment=33.333333,31.432000,43.644000,55.817667,67.656667,46.332000,3,2,1,false
swansea,leave_out_green,air=33.333333;quiet=33.333333;green=0.000000;housing_environment=33.333333,31.432000,43.644000,55.817667,67.656667,68.500000,5,5,0,false
swindon,leave_out_green,air=33.333333;quiet=33.333333;green=0.000000;housing_environment=33.333333,31.432000,43.644000,55.817667,67.656667,80.934333,5,5,0,false
telford,leave_out_green,air=33.333333;quiet=33.333333;green=0.000000;housing_environment=33.333333,31.432000,43.644000,55.817667,67.656667,79.529000,5,5,0,false
tenby,leave_out_green,air=33.333333;quiet=33.333333;green=0.000000;housing_environment=33.333333,31.432000,43.644000,55.817667,67.656667,45.961667,3,3,0,false
torbay,leave_out_green,air=33.333333;quiet=33.333333;green=0.000000;housing_environment=33.333333,31.432000,43.644000,55.817667,67.656667,68.777000,5,4,1,false
wakefield,leave_out_green,air=33.333333;quiet=33.333333;green=0.000000;housing_environment=33.333333,31.432000,43.644000,55.817667,67.656667,41.025333,2,3,1,false
walsall,leave_out_green,air=33.333333;quiet=33.333333;green=0.000000;housing_environment=33.333333,31.432000,43.644000,55.817667,67.656667,12.968000,1,1,0,false
warrington,leave_out_green,air=33.333333;quiet=33.333333;green=0.000000;housing_environment=33.333333,31.432000,43.644000,55.817667,67.656667,51.799333,3,4,1,false
wigan,leave_out_green,air=33.333333;quiet=33.333333;green=0.000000;housing_environment=33.333333,31.432000,43.644000,55.817667,67.656667,48.582333,3,3,0,false
wolverhampton,leave_out_green,air=33.333333;quiet=33.333333;green=0.000000;housing_environment=33.333333,31.432000,43.644000,55.817667,67.656667,37.096667,2,1,1,false
worcester,leave_out_green,air=33.333333;quiet=33.333333;green=0.000000;housing_environment=33.333333,31.432000,43.644000,55.817667,67.656667,58.890333,4,3,1,false
wrexham,leave_out_green,air=33.333333;quiet=33.333333;green=0.000000;housing_environment=33.333333,31.432000,43.644000,55.817667,67.656667,74.999667,5,5,0,false
york,leave_out_green,air=33.333333;quiet=33.333333;green=0.000000;housing_environment=33.333333,31.432000,43.644000,55.817667,67.656667,71.489333,5,5,0,false
bangor,leave_out_housing_environment,air=33.333333;quiet=33.333333;green=33.333333;housing_environment=0.000000,33.482333,45.994000,55.155000,64.492333,52.382667,3,4,1,false
barnsley,leave_out_housing_environment,air=33.333333;quiet=33.333333;green=33.333333;housing_environment=0.000000,33.482333,45.994000,55.155000,64.492333,60.763000,4,4,0,false
bath,leave_out_housing_environment,air=33.333333;quiet=33.333333;green=33.333333;housing_environment=0.000000,33.482333,45.994000,55.155000,64.492333,70.672333,5,4,1,false
birmingham,leave_out_housing_environment,air=33.333333;quiet=33.333333;green=33.333333;housing_environment=0.000000,33.482333,45.994000,55.155000,64.492333,37.269000,2,1,1,false
blackburn,leave_out_housing_environment,air=33.333333;quiet=33.333333;green=33.333333;housing_environment=0.000000,33.482333,45.994000,55.155000,64.492333,48.734333,3,2,1,false
blackpool,leave_out_housing_environment,air=33.333333;quiet=33.333333;green=33.333333;housing_environment=0.000000,33.482333,45.994000,55.155000,64.492333,62.242333,4,3,1,false
bolton,leave_out_housing_environment,air=33.333333;quiet=33.333333;green=33.333333;housing_environment=0.000000,33.482333,45.994000,55.155000,64.492333,47.005667,3,2,1,false
bournemouth-poole,leave_out_housing_environment,air=33.333333;quiet=33.333333;green=33.333333;housing_environment=0.000000,33.482333,45.994000,55.155000,64.492333,66.199000,5,5,0,false
bradford,leave_out_housing_environment,air=33.333333;quiet=33.333333;green=33.333333;housing_environment=0.000000,33.482333,45.994000,55.155000,64.492333,48.991333,3,2,1,false
bridgend,leave_out_housing_environment,air=33.333333;quiet=33.333333;green=33.333333;housing_environment=0.000000,33.482333,45.994000,55.155000,64.492333,64.889667,5,5,0,false
brighton-hove,leave_out_housing_environment,air=33.333333;quiet=33.333333;green=33.333333;housing_environment=0.000000,33.482333,45.994000,55.155000,64.492333,48.286333,3,3,0,false
bristol,leave_out_housing_environment,air=33.333333;quiet=33.333333;green=33.333333;housing_environment=0.000000,33.482333,45.994000,55.155000,64.492333,70.028333,5,5,0,false
burford,leave_out_housing_environment,air=33.333333;quiet=33.333333;green=33.333333;housing_environment=0.000000,33.482333,45.994000,55.155000,64.492333,41.894000,2,1,1,false
burnley,leave_out_housing_environment,air=33.333333;quiet=33.333333;green=33.333333;housing_environment=0.000000,33.482333,45.994000,55.155000,64.492333,56.507667,4,2,2,true
burton-on-trent,leave_out_housing_environment,air=33.333333;quiet=33.333333;green=33.333333;housing_environment=0.000000,33.482333,45.994000,55.155000,64.492333,38.766667,2,2,0,false
cambridge,leave_out_housing_environment,air=33.333333;quiet=33.333333;green=33.333333;housing_environment=0.000000,33.482333,45.994000,55.155000,64.492333,54.750333,3,5,2,true
cardiff,leave_out_housing_environment,air=33.333333;quiet=33.333333;green=33.333333;housing_environment=0.000000,33.482333,45.994000,55.155000,64.492333,59.175000,4,5,1,false
cheltenham,leave_out_housing_environment,air=33.333333;quiet=33.333333;green=33.333333;housing_environment=0.000000,33.482333,45.994000,55.155000,64.492333,68.885333,5,5,0,false
chepstow,leave_out_housing_environment,air=33.333333;quiet=33.333333;green=33.333333;housing_environment=0.000000,33.482333,45.994000,55.155000,64.492333,76.359333,5,5,0,false
chester,leave_out_housing_environment,air=33.333333;quiet=33.333333;green=33.333333;housing_environment=0.000000,33.482333,45.994000,55.155000,64.492333,51.168000,3,4,1,false
chesterfield,leave_out_housing_environment,air=33.333333;quiet=33.333333;green=33.333333;housing_environment=0.000000,33.482333,45.994000,55.155000,64.492333,52.853333,3,3,0,false
colchester,leave_out_housing_environment,air=33.333333;quiet=33.333333;green=33.333333;housing_environment=0.000000,33.482333,45.994000,55.155000,64.492333,53.467333,3,4,1,false
coventry,leave_out_housing_environment,air=33.333333;quiet=33.333333;green=33.333333;housing_environment=0.000000,33.482333,45.994000,55.155000,64.492333,43.956333,2,2,0,false
darlington,leave_out_housing_environment,air=33.333333;quiet=33.333333;green=33.333333;housing_environment=0.000000,33.482333,45.994000,55.155000,64.492333,65.999000,5,4,1,false
derby,leave_out_housing_environment,air=33.333333;quiet=33.333333;green=33.333333;housing_environment=0.000000,33.482333,45.994000,55.155000,64.492333,54.789667,3,3,0,false
doncaster,leave_out_housing_environment,air=33.333333;quiet=33.333333;green=33.333333;housing_environment=0.000000,33.482333,45.994000,55.155000,64.492333,33.938333,2,1,1,false
durham,leave_out_housing_environment,air=33.333333;quiet=33.333333;green=33.333333;housing_environment=0.000000,33.482333,45.994000,55.155000,64.492333,42.491000,2,4,2,true
exeter,leave_out_housing_environment,air=33.333333;quiet=33.333333;green=33.333333;housing_environment=0.000000,33.482333,45.994000,55.155000,64.492333,74.416667,5,5,0,false
gateshead,leave_out_housing_environment,air=33.333333;quiet=33.333333;green=33.333333;housing_environment=0.000000,33.482333,45.994000,55.155000,64.492333,53.510000,3,4,1,false
gloucester,leave_out_housing_environment,air=33.333333;quiet=33.333333;green=33.333333;housing_environment=0.000000,33.482333,45.994000,55.155000,64.492333,76.760000,5,5,0,false
halifax,leave_out_housing_environment,air=33.333333;quiet=33.333333;green=33.333333;housing_environment=0.000000,33.482333,45.994000,55.155000,64.492333,44.577000,2,1,1,false
hartlepool,leave_out_housing_environment,air=33.333333;quiet=33.333333;green=33.333333;housing_environment=0.000000,33.482333,45.994000,55.155000,64.492333,63.653000,4,4,0,false
hay-on-wye,leave_out_housing_environment,air=33.333333;quiet=33.333333;green=33.333333;housing_environment=0.000000,33.482333,45.994000,55.155000,64.492333,72.593667,5,4,1,false
huddersfield,leave_out_housing_environment,air=33.333333;quiet=33.333333;green=33.333333;housing_environment=0.000000,33.482333,45.994000,55.155000,64.492333,47.452333,3,2,1,false
hull-kingston-upon-hull,leave_out_housing_environment,air=33.333333;quiet=33.333333;green=33.333333;housing_environment=0.000000,33.482333,45.994000,55.155000,64.492333,60.644333,4,4,0,false
ipswich,leave_out_housing_environment,air=33.333333;quiet=33.333333;green=33.333333;housing_environment=0.000000,33.482333,45.994000,55.155000,64.492333,42.013000,2,2,0,false
kettering,leave_out_housing_environment,air=33.333333;quiet=33.333333;green=33.333333;housing_environment=0.000000,33.482333,45.994000,55.155000,64.492333,56.756333,4,4,0,false
lancaster,leave_out_housing_environment,air=33.333333;quiet=33.333333;green=33.333333;housing_environment=0.000000,33.482333,45.994000,55.155000,64.492333,63.395333,4,4,0,false
leeds,leave_out_housing_environment,air=33.333333;quiet=33.333333;green=33.333333;housing_environment=0.000000,33.482333,45.994000,55.155000,64.492333,43.164667,2,2,0,false
leicester,leave_out_housing_environment,air=33.333333;quiet=33.333333;green=33.333333;housing_environment=0.000000,33.482333,45.994000,55.155000,64.492333,58.606333,4,3,1,false
lincoln,leave_out_housing_environment,air=33.333333;quiet=33.333333;green=33.333333;housing_environment=0.000000,33.482333,45.994000,55.155000,64.492333,49.089667,3,4,1,false
liverpool,leave_out_housing_environment,air=33.333333;quiet=33.333333;green=33.333333;housing_environment=0.000000,33.482333,45.994000,55.155000,64.492333,54.909333,3,4,1,false
llanelli,leave_out_housing_environment,air=33.333333;quiet=33.333333;green=33.333333;housing_environment=0.000000,33.482333,45.994000,55.155000,64.492333,55.882333,4,3,1,false
loughborough,leave_out_housing_environment,air=33.333333;quiet=33.333333;green=33.333333;housing_environment=0.000000,33.482333,45.994000,55.155000,64.492333,48.183667,3,3,0,false
luton,leave_out_housing_environment,air=33.333333;quiet=33.333333;green=33.333333;housing_environment=0.000000,33.482333,45.994000,55.155000,64.492333,34.272667,2,1,1,false
manchester,leave_out_housing_environment,air=33.333333;quiet=33.333333;green=33.333333;housing_environment=0.000000,33.482333,45.994000,55.155000,64.492333,32.397000,1,2,1,false
merthyr-tydfil,leave_out_housing_environment,air=33.333333;quiet=33.333333;green=33.333333;housing_environment=0.000000,33.482333,45.994000,55.155000,64.492333,64.446333,4,4,0,false
middlesbrough,leave_out_housing_environment,air=33.333333;quiet=33.333333;green=33.333333;housing_environment=0.000000,33.482333,45.994000,55.155000,64.492333,63.398000,4,4,0,false
milton-keynes,leave_out_housing_environment,air=33.333333;quiet=33.333333;green=33.333333;housing_environment=0.000000,33.482333,45.994000,55.155000,64.492333,76.058333,5,5,0,false
narberth,leave_out_housing_environment,air=33.333333;quiet=33.333333;green=33.333333;housing_environment=0.000000,33.482333,45.994000,55.155000,64.492333,55.244667,4,4,0,false
neath,leave_out_housing_environment,air=33.333333;quiet=33.333333;green=33.333333;housing_environment=0.000000,33.482333,45.994000,55.155000,64.492333,51.911333,3,3,0,false
newbridge,leave_out_housing_environment,air=33.333333;quiet=33.333333;green=33.333333;housing_environment=0.000000,33.482333,45.994000,55.155000,64.492333,52.129667,3,3,0,false
newcastle-upon-tyne,leave_out_housing_environment,air=33.333333;quiet=33.333333;green=33.333333;housing_environment=0.000000,33.482333,45.994000,55.155000,64.492333,53.340000,3,4,1,false
newport,leave_out_housing_environment,air=33.333333;quiet=33.333333;green=33.333333;housing_environment=0.000000,33.482333,45.994000,55.155000,64.492333,50.612000,3,4,1,false
northampton,leave_out_housing_environment,air=33.333333;quiet=33.333333;green=33.333333;housing_environment=0.000000,33.482333,45.994000,55.155000,64.492333,57.167333,4,4,0,false
norwich,leave_out_housing_environment,air=33.333333;quiet=33.333333;green=33.333333;housing_environment=0.000000,33.482333,45.994000,55.155000,64.492333,51.301333,3,4,1,false
nottingham,leave_out_housing_environment,air=33.333333;quiet=33.333333;green=33.333333;housing_environment=0.000000,33.482333,45.994000,55.155000,64.492333,47.242333,3,3,0,false
oxford,leave_out_housing_environment,air=33.333333;quiet=33.333333;green=33.333333;housing_environment=0.000000,33.482333,45.994000,55.155000,64.492333,55.155000,4,4,0,false
peterborough,leave_out_housing_environment,air=33.333333;quiet=33.333333;green=33.333333;housing_environment=0.000000,33.482333,45.994000,55.155000,64.492333,59.012000,4,5,1,false
plymouth,leave_out_housing_environment,air=33.333333;quiet=33.333333;green=33.333333;housing_environment=0.000000,33.482333,45.994000,55.155000,64.492333,78.175667,5,5,0,false
portsmouth,leave_out_housing_environment,air=33.333333;quiet=33.333333;green=33.333333;housing_environment=0.000000,33.482333,45.994000,55.155000,64.492333,41.471333,2,2,0,false
preston,leave_out_housing_environment,air=33.333333;quiet=33.333333;green=33.333333;housing_environment=0.000000,33.482333,45.994000,55.155000,64.492333,50.394000,3,3,0,false
reading,leave_out_housing_environment,air=33.333333;quiet=33.333333;green=33.333333;housing_environment=0.000000,33.482333,45.994000,55.155000,64.492333,40.547667,2,3,1,false
rhyl,leave_out_housing_environment,air=33.333333;quiet=33.333333;green=33.333333;housing_environment=0.000000,33.482333,45.994000,55.155000,64.492333,65.184333,5,4,1,false
rotherham,leave_out_housing_environment,air=33.333333;quiet=33.333333;green=33.333333;housing_environment=0.000000,33.482333,45.994000,55.155000,64.492333,42.125667,2,2,0,false
rye,leave_out_housing_environment,air=33.333333;quiet=33.333333;green=33.333333;housing_environment=0.000000,33.482333,45.994000,55.155000,64.492333,53.164333,3,3,0,false
salford,leave_out_housing_environment,air=33.333333;quiet=33.333333;green=33.333333;housing_environment=0.000000,33.482333,45.994000,55.155000,64.492333,32.786667,1,3,2,true
sheffield,leave_out_housing_environment,air=33.333333;quiet=33.333333;green=33.333333;housing_environment=0.000000,33.482333,45.994000,55.155000,64.492333,57.581667,4,3,1,false
shrewsbury,leave_out_housing_environment,air=33.333333;quiet=33.333333;green=33.333333;housing_environment=0.000000,33.482333,45.994000,55.155000,64.492333,64.510000,5,5,0,false
southampton,leave_out_housing_environment,air=33.333333;quiet=33.333333;green=33.333333;housing_environment=0.000000,33.482333,45.994000,55.155000,64.492333,45.889333,2,3,1,false
southend-on-sea,leave_out_housing_environment,air=33.333333;quiet=33.333333;green=33.333333;housing_environment=0.000000,33.482333,45.994000,55.155000,64.492333,36.724000,2,1,1,false
st-helens,leave_out_housing_environment,air=33.333333;quiet=33.333333;green=33.333333;housing_environment=0.000000,33.482333,45.994000,55.155000,64.492333,62.095000,4,4,0,false
stafford,leave_out_housing_environment,air=33.333333;quiet=33.333333;green=33.333333;housing_environment=0.000000,33.482333,45.994000,55.155000,64.492333,38.759667,2,2,0,false
stockport,leave_out_housing_environment,air=33.333333;quiet=33.333333;green=33.333333;housing_environment=0.000000,33.482333,45.994000,55.155000,64.492333,44.114000,2,2,0,false
stockton-on-tees,leave_out_housing_environment,air=33.333333;quiet=33.333333;green=33.333333;housing_environment=0.000000,33.482333,45.994000,55.155000,64.492333,63.308333,4,4,0,false
stoke-on-trent,leave_out_housing_environment,air=33.333333;quiet=33.333333;green=33.333333;housing_environment=0.000000,33.482333,45.994000,55.155000,64.492333,59.801000,4,3,1,false
sunderland,leave_out_housing_environment,air=33.333333;quiet=33.333333;green=33.333333;housing_environment=0.000000,33.482333,45.994000,55.155000,64.492333,39.568333,2,2,0,false
swansea,leave_out_housing_environment,air=33.333333;quiet=33.333333;green=33.333333;housing_environment=0.000000,33.482333,45.994000,55.155000,64.492333,70.761667,5,5,0,false
swindon,leave_out_housing_environment,air=33.333333;quiet=33.333333;green=33.333333;housing_environment=0.000000,33.482333,45.994000,55.155000,64.492333,81.966333,5,5,0,false
telford,leave_out_housing_environment,air=33.333333;quiet=33.333333;green=33.333333;housing_environment=0.000000,33.482333,45.994000,55.155000,64.492333,74.992000,5,5,0,false
tenby,leave_out_housing_environment,air=33.333333;quiet=33.333333;green=33.333333;housing_environment=0.000000,33.482333,45.994000,55.155000,64.492333,53.998000,3,3,0,false
torbay,leave_out_housing_environment,air=33.333333;quiet=33.333333;green=33.333333;housing_environment=0.000000,33.482333,45.994000,55.155000,64.492333,76.561333,5,4,1,false
wakefield,leave_out_housing_environment,air=33.333333;quiet=33.333333;green=33.333333;housing_environment=0.000000,33.482333,45.994000,55.155000,64.492333,45.023000,2,3,1,false
walsall,leave_out_housing_environment,air=33.333333;quiet=33.333333;green=33.333333;housing_environment=0.000000,33.482333,45.994000,55.155000,64.492333,23.079000,1,1,0,false
warrington,leave_out_housing_environment,air=33.333333;quiet=33.333333;green=33.333333;housing_environment=0.000000,33.482333,45.994000,55.155000,64.492333,56.559333,4,4,0,false
wigan,leave_out_housing_environment,air=33.333333;quiet=33.333333;green=33.333333;housing_environment=0.000000,33.482333,45.994000,55.155000,64.492333,55.060333,3,3,0,false
wolverhampton,leave_out_housing_environment,air=33.333333;quiet=33.333333;green=33.333333;housing_environment=0.000000,33.482333,45.994000,55.155000,64.492333,42.607000,2,1,1,false
worcester,leave_out_housing_environment,air=33.333333;quiet=33.333333;green=33.333333;housing_environment=0.000000,33.482333,45.994000,55.155000,64.492333,50.136000,3,3,0,false
wrexham,leave_out_housing_environment,air=33.333333;quiet=33.333333;green=33.333333;housing_environment=0.000000,33.482333,45.994000,55.155000,64.492333,81.073333,5,5,0,false
york,leave_out_housing_environment,air=33.333333;quiet=33.333333;green=33.333333;housing_environment=0.000000,33.482333,45.994000,55.155000,64.492333,70.444333,5,5,0,false
bangor,air_-10pp,air=15.000000;quiet=28.333333;green=28.333333;housing_environment=28.333333,36.693950,45.045900,53.947250,63.060300,47.642083,3,4,1,false
barnsley,air_-10pp,air=15.000000;quiet=28.333333;green=28.333333;housing_environment=28.333333,36.693950,45.045900,53.947250,63.060300,60.046383,4,4,0,false
bath,air_-10pp,air=15.000000;quiet=28.333333;green=28.333333;housing_environment=28.333333,36.693950,45.045900,53.947250,63.060300,57.533683,4,4,0,false
birmingham,air_-10pp,air=15.000000;quiet=28.333333;green=28.333333;housing_environment=28.333333,36.693950,45.045900,53.947250,63.060300,32.694633,1,1,0,false
blackburn,air_-10pp,air=15.000000;quiet=28.333333;green=28.333333;housing_environment=28.333333,36.693950,45.045900,53.947250,63.060300,36.810267,2,2,0,false
blackpool,air_-10pp,air=15.000000;quiet=28.333333;green=28.333333;housing_environment=28.333333,36.693950,45.045900,53.947250,63.060300,42.554083,2,3,1,false
bolton,air_-10pp,air=15.000000;quiet=28.333333;green=28.333333;housing_environment=28.333333,36.693950,45.045900,53.947250,63.060300,43.039917,2,2,0,false
bournemouth-poole,air_-10pp,air=15.000000;quiet=28.333333;green=28.333333;housing_environment=28.333333,36.693950,45.045900,53.947250,63.060300,61.376317,4,5,1,false
bradford,air_-10pp,air=15.000000;quiet=28.333333;green=28.333333;housing_environment=28.333333,36.693950,45.045900,53.947250,63.060300,39.265850,2,2,0,false
bridgend,air_-10pp,air=15.000000;quiet=28.333333;green=28.333333;housing_environment=28.333333,36.693950,45.045900,53.947250,63.060300,70.806150,5,5,0,false
brighton-hove,air_-10pp,air=15.000000;quiet=28.333333;green=28.333333;housing_environment=28.333333,36.693950,45.045900,53.947250,63.060300,45.937517,3,3,0,false
bristol,air_-10pp,air=15.000000;quiet=28.333333;green=28.333333;housing_environment=28.333333,36.693950,45.045900,53.947250,63.060300,65.957867,5,5,0,false
burford,air_-10pp,air=15.000000;quiet=28.333333;green=28.333333;housing_environment=28.333333,36.693950,45.045900,53.947250,63.060300,24.515983,1,1,0,false
burnley,air_-10pp,air=15.000000;quiet=28.333333;green=28.333333;housing_environment=28.333333,36.693950,45.045900,53.947250,63.060300,40.350733,2,2,0,false
burton-on-trent,air_-10pp,air=15.000000;quiet=28.333333;green=28.333333;housing_environment=28.333333,36.693950,45.045900,53.947250,63.060300,36.051300,1,2,1,false
cambridge,air_-10pp,air=15.000000;quiet=28.333333;green=28.333333;housing_environment=28.333333,36.693950,45.045900,53.947250,63.060300,66.880200,5,5,0,false
cardiff,air_-10pp,air=15.000000;quiet=28.333333;green=28.333333;housing_environment=28.333333,36.693950,45.045900,53.947250,63.060300,65.088533,5,5,0,false
cheltenham,air_-10pp,air=15.000000;quiet=28.333333;green=28.333333;housing_environment=28.333333,36.693950,45.045900,53.947250,63.060300,65.428967,5,5,0,false
chepstow,air_-10pp,air=15.000000;quiet=28.333333;green=28.333333;housing_environment=28.333333,36.693950,45.045900,53.947250,63.060300,80.910483,5,5,0,false
chester,air_-10pp,air=15.000000;quiet=28.333333;green=28.333333;housing_environment=28.333333,36.693950,45.045900,53.947250,63.060300,53.433850,3,4,1,false
chesterfield,air_-10pp,air=15.000000;quiet=28.333333;green=28.333333;housing_environment=28.333333,36.693950,45.045900,53.947250,63.060300,47.363017,3,3,0,false
colchester,air_-10pp,air=15.000000;quiet=28.333333;green=28.333333;housing_environment=28.333333,36.693950,45.045900,53.947250,63.060300,65.241550,5,4,1,false
coventry,air_-10pp,air=15.000000;quiet=28.333333;green=28.333333;housing_environment=28.333333,36.693950,45.045900,53.947250,63.060300,44.569600,2,2,0,false
darlington,air_-10pp,air=15.000000;quiet=28.333333;green=28.333333;housing_environment=28.333333,36.693950,45.045900,53.947250,63.060300,51.679200,3,4,1,false
derby,air_-10pp,air=15.000000;quiet=28.333333;green=28.333333;housing_environment=28.333333,36.693950,45.045900,53.947250,63.060300,51.191200,3,3,0,false
doncaster,air_-10pp,air=15.000000;quiet=28.333333;green=28.333333;housing_environment=28.333333,36.693950,45.045900,53.947250,63.060300,33.839150,1,1,0,false
durham,air_-10pp,air=15.000000;quiet=28.333333;green=28.333333;housing_environment=28.333333,36.693950,45.045900,53.947250,63.060300,49.521850,3,4,1,false
exeter,air_-10pp,air=15.000000;quiet=28.333333;green=28.333333;housing_environment=28.333333,36.693950,45.045900,53.947250,63.060300,74.332867,5,5,0,false
gateshead,air_-10pp,air=15.000000;quiet=28.333333;green=28.333333;housing_environment=28.333333,36.693950,45.045900,53.947250,63.060300,54.812717,4,4,0,false
gloucester,air_-10pp,air=15.000000;quiet=28.333333;green=28.333333;housing_environment=28.333333,36.693950,45.045900,53.947250,63.060300,71.189933,5,5,0,false
halifax,air_-10pp,air=15.000000;quiet=28.333333;green=28.333333;housing_environment=28.333333,36.693950,45.045900,53.947250,63.060300,30.618567,1,1,0,false
hartlepool,air_-10pp,air=15.000000;quiet=28.333333;green=28.333333;housing_environment=28.333333,36.693950,45.045900,53.947250,63.060300,58.152317,4,4,0,false
hay-on-wye,air_-10pp,air=15.000000;quiet=28.333333;green=28.333333;housing_environment=28.333333,36.693950,45.045900,53.947250,63.060300,53.354783,3,4,1,false
huddersfield,air_-10pp,air=15.000000;quiet=28.333333;green=28.333333;housing_environment=28.333333,36.693950,45.045900,53.947250,63.060300,38.758267,2,2,0,false
hull-kingston-upon-hull,air_-10pp,air=15.000000;quiet=28.333333;green=28.333333;housing_environment=28.333333,36.693950,45.045900,53.947250,63.060300,62.142383,4,4,0,false
ipswich,air_-10pp,air=15.000000;quiet=28.333333;green=28.333333;housing_environment=28.333333,36.693950,45.045900,53.947250,63.060300,45.267633,3,2,1,false
kettering,air_-10pp,air=15.000000;quiet=28.333333;green=28.333333;housing_environment=28.333333,36.693950,45.045900,53.947250,63.060300,56.478367,4,4,0,false
lancaster,air_-10pp,air=15.000000;quiet=28.333333;green=28.333333;housing_environment=28.333333,36.693950,45.045900,53.947250,63.060300,52.700967,3,4,1,false
leeds,air_-10pp,air=15.000000;quiet=28.333333;green=28.333333;housing_environment=28.333333,36.693950,45.045900,53.947250,63.060300,43.084733,2,2,0,false
leicester,air_-10pp,air=15.000000;quiet=28.333333;green=28.333333;housing_environment=28.333333,36.693950,45.045900,53.947250,63.060300,53.341050,3,3,0,false
lincoln,air_-10pp,air=15.000000;quiet=28.333333;green=28.333333;housing_environment=28.333333,36.693950,45.045900,53.947250,63.060300,57.365817,4,4,0,false
liverpool,air_-10pp,air=15.000000;quiet=28.333333;green=28.333333;housing_environment=28.333333,36.693950,45.045900,53.947250,63.060300,57.460317,4,4,0,false
llanelli,air_-10pp,air=15.000000;quiet=28.333333;green=28.333333;housing_environment=28.333333,36.693950,45.045900,53.947250,63.060300,42.364183,2,3,1,false
loughborough,air_-10pp,air=15.000000;quiet=28.333333;green=28.333333;housing_environment=28.333333,36.693950,45.045900,53.947250,63.060300,53.871600,3,3,0,false
luton,air_-10pp,air=15.000000;quiet=28.333333;green=28.333333;housing_environment=28.333333,36.693950,45.045900,53.947250,63.060300,33.343783,1,1,0,false
manchester,air_-10pp,air=15.000000;quiet=28.333333;green=28.333333;housing_environment=28.333333,36.693950,45.045900,53.947250,63.060300,48.516500,3,2,1,false
merthyr-tydfil,air_-10pp,air=15.000000;quiet=28.333333;green=28.333333;housing_environment=28.333333,36.693950,45.045900,53.947250,63.060300,57.922267,4,4,0,false
middlesbrough,air_-10pp,air=15.000000;quiet=28.333333;green=28.333333;housing_environment=28.333333,36.693950,45.045900,53.947250,63.060300,57.653467,4,4,0,false
milton-keynes,air_-10pp,air=15.000000;quiet=28.333333;green=28.333333;housing_environment=28.333333,36.693950,45.045900,53.947250,63.060300,86.511850,5,5,0,false
narberth,air_-10pp,air=15.000000;quiet=28.333333;green=28.333333;housing_environment=28.333333,36.693950,45.045900,53.947250,63.060300,56.306083,4,4,0,false
neath,air_-10pp,air=15.000000;quiet=28.333333;green=28.333333;housing_environment=28.333333,36.693950,45.045900,53.947250,63.060300,45.272400,3,3,0,false
newbridge,air_-10pp,air=15.000000;quiet=28.333333;green=28.333333;housing_environment=28.333333,36.693950,45.045900,53.947250,63.060300,40.362000,2,3,1,false
newcastle-upon-tyne,air_-10pp,air=15.000000;quiet=28.333333;green=28.333333;housing_environment=28.333333,36.693950,45.045900,53.947250,63.060300,60.113417,4,4,0,false
newport,air_-10pp,air=15.000000;quiet=28.333333;green=28.333333;housing_environment=28.333333,36.693950,45.045900,53.947250,63.060300,60.334650,4,4,0,false
northampton,air_-10pp,air=15.000000;quiet=28.333333;green=28.333333;housing_environment=28.333333,36.693950,45.045900,53.947250,63.060300,66.690850,5,4,1,false
norwich,air_-10pp,air=15.000000;quiet=28.333333;green=28.333333;housing_environment=28.333333,36.693950,45.045900,53.947250,63.060300,57.253400,4,4,0,false
nottingham,air_-10pp,air=15.000000;quiet=28.333333;green=28.333333;housing_environment=28.333333,36.693950,45.045900,53.947250,63.060300,50.920183,3,3,0,false
oxford,air_-10pp,air=15.000000;quiet=28.333333;green=28.333333;housing_environment=28.333333,36.693950,45.045900,53.947250,63.060300,62.159167,4,4,0,false
peterborough,air_-10pp,air=15.000000;quiet=28.333333;green=28.333333;housing_environment=28.333333,36.693950,45.045900,53.947250,63.060300,70.397350,5,5,0,false
plymouth,air_-10pp,air=15.000000;quiet=28.333333;green=28.333333;housing_environment=28.333333,36.693950,45.045900,53.947250,63.060300,74.481200,5,5,0,false
portsmouth,air_-10pp,air=15.000000;quiet=28.333333;green=28.333333;housing_environment=28.333333,36.693950,45.045900,53.947250,63.060300,43.130433,2,2,0,false
preston,air_-10pp,air=15.000000;quiet=28.333333;green=28.333333;housing_environment=28.333333,36.693950,45.045900,53.947250,63.060300,45.372117,3,3,0,false
reading,air_-10pp,air=15.000000;quiet=28.333333;green=28.333333;housing_environment=28.333333,36.693950,45.045900,53.947250,63.060300,45.057867,3,3,0,false
rhyl,air_-10pp,air=15.000000;quiet=28.333333;green=28.333333;housing_environment=28.333333,36.693950,45.045900,53.947250,63.060300,49.559483,3,4,1,false
rotherham,air_-10pp,air=15.000000;quiet=28.333333;green=28.333333;housing_environment=28.333333,36.693950,45.045900,53.947250,63.060300,39.918317,2,2,0,false
rye,air_-10pp,air=15.000000;quiet=28.333333;green=28.333333;housing_environment=28.333333,36.693950,45.045900,53.947250,63.060300,41.676000,2,3,1,false
salford,air_-10pp,air=15.000000;quiet=28.333333;green=28.333333;housing_environment=28.333333,36.693950,45.045900,53.947250,63.060300,54.015933,4,3,1,false
sheffield,air_-10pp,air=15.000000;quiet=28.333333;green=28.333333;housing_environment=28.333333,36.693950,45.045900,53.947250,63.060300,55.713217,4,3,1,false
shrewsbury,air_-10pp,air=15.000000;quiet=28.333333;green=28.333333;housing_environment=28.333333,36.693950,45.045900,53.947250,63.060300,64.212933,5,5,0,false
southampton,air_-10pp,air=15.000000;quiet=28.333333;green=28.333333;housing_environment=28.333333,36.693950,45.045900,53.947250,63.060300,49.930700,3,3,0,false
southend-on-sea,air_-10pp,air=15.000000;quiet=28.333333;green=28.333333;housing_environment=28.333333,36.693950,45.045900,53.947250,63.060300,27.369233,1,1,0,false
st-helens,air_-10pp,air=15.000000;quiet=28.333333;green=28.333333;housing_environment=28.333333,36.693950,45.045900,53.947250,63.060300,60.817367,4,4,0,false
stafford,air_-10pp,air=15.000000;quiet=28.333333;green=28.333333;housing_environment=28.333333,36.693950,45.045900,53.947250,63.060300,40.140700,2,2,0,false
stockport,air_-10pp,air=15.000000;quiet=28.333333;green=28.333333;housing_environment=28.333333,36.693950,45.045900,53.947250,63.060300,41.434500,2,2,0,false
stockton-on-tees,air_-10pp,air=15.000000;quiet=28.333333;green=28.333333;housing_environment=28.333333,36.693950,45.045900,53.947250,63.060300,58.482000,4,4,0,false
stoke-on-trent,air_-10pp,air=15.000000;quiet=28.333333;green=28.333333;housing_environment=28.333333,36.693950,45.045900,53.947250,63.060300,54.168400,4,3,1,false
sunderland,air_-10pp,air=15.000000;quiet=28.333333;green=28.333333;housing_environment=28.333333,36.693950,45.045900,53.947250,63.060300,38.060283,2,2,0,false
swansea,air_-10pp,air=15.000000;quiet=28.333333;green=28.333333;housing_environment=28.333333,36.693950,45.045900,53.947250,63.060300,59.906183,4,5,1,false
swindon,air_-10pp,air=15.000000;quiet=28.333333;green=28.333333;housing_environment=28.333333,36.693950,45.045900,53.947250,63.060300,86.698067,5,5,0,false
telford,air_-10pp,air=15.000000;quiet=28.333333;green=28.333333;housing_environment=28.333333,36.693950,45.045900,53.947250,63.060300,78.809933,5,5,0,false
tenby,air_-10pp,air=15.000000;quiet=28.333333;green=28.333333;housing_environment=28.333333,36.693950,45.045900,53.947250,63.060300,38.979283,2,3,1,false
torbay,air_-10pp,air=15.000000;quiet=28.333333;green=28.333333;housing_environment=28.333333,36.693950,45.045900,53.947250,63.060300,57.657300,4,4,0,false
wakefield,air_-10pp,air=15.000000;quiet=28.333333;green=28.333333;housing_environment=28.333333,36.693950,45.045900,53.947250,63.060300,49.853000,3,3,0,false
walsall,air_-10pp,air=15.000000;quiet=28.333333;green=28.333333;housing_environment=28.333333,36.693950,45.045900,53.947250,63.060300,22.060067,1,1,0,false
warrington,air_-10pp,air=15.000000;quiet=28.333333;green=28.333333;housing_environment=28.333333,36.693950,45.045900,53.947250,63.060300,61.774167,4,4,0,false
wigan,air_-10pp,air=15.000000;quiet=28.333333;green=28.333333;housing_environment=28.333333,36.693950,45.045900,53.947250,63.060300,50.124167,3,3,0,false
wolverhampton,air_-10pp,air=15.000000;quiet=28.333333;green=28.333333;housing_environment=28.333333,36.693950,45.045900,53.947250,63.060300,36.154133,1,1,0,false
worcester,air_-10pp,air=15.000000;quiet=28.333333;green=28.333333;housing_environment=28.333333,36.693950,45.045900,53.947250,63.060300,46.757633,3,3,0,false
wrexham,air_-10pp,air=15.000000;quiet=28.333333;green=28.333333;housing_environment=28.333333,36.693950,45.045900,53.947250,63.060300,76.629900,5,5,0,false
york,air_-10pp,air=15.000000;quiet=28.333333;green=28.333333;housing_environment=28.333333,36.693950,45.045900,53.947250,63.060300,68.796867,5,5,0,false
bangor,air_+10pp,air=35.000000;quiet=21.666667;green=21.666667;housing_environment=21.666667,35.561867,45.013933,54.272583,63.275150,59.524417,4,4,0,false
barnsley,air_+10pp,air=35.000000;quiet=21.666667;green=21.666667;housing_environment=21.666667,35.561867,45.013933,54.272583,63.275150,56.489117,4,4,0,false
bath,air_+10pp,air=35.000000;quiet=21.666667;green=21.666667;housing_environment=21.666667,35.561867,45.013933,54.272583,63.275150,61.632817,4,4,0,false
birmingham,air_+10pp,air=35.000000;quiet=21.666667;green=21.666667;housing_environment=21.666667,35.561867,45.013933,54.272583,63.275150,29.440367,1,1,0,false
blackburn,air_+10pp,air=35.000000;quiet=21.666667;green=21.666667;housing_environment=21.666667,35.561867,45.013933,54.272583,63.275150,45.061733,3,2,1,false
blackpool,air_+10pp,air=35.000000;quiet=21.666667;green=21.666667;housing_environment=21.666667,35.561867,45.013933,54.272583,63.275150,53.964417,3,3,0,false
bolton,air_+10pp,air=35.000000;quiet=21.666667;green=21.666667;housing_environment=21.666667,35.561867,45.013933,54.272583,63.275150,42.465583,2,2,0,false
bournemouth-poole,air_+10pp,air=35.000000;quiet=21.666667;green=21.666667;housing_environment=21.666667,35.561867,45.013933,54.272583,63.275150,65.101183,5,5,0,false
bradford,air_+10pp,air=35.000000;quiet=21.666667;green=21.666667;housing_environment=21.666667,35.561867,45.013933,54.272583,63.275150,36.505650,2,2,0,false
bridgend,air_+10pp,air=35.000000;quiet=21.666667;green=21.666667;housing_environment=21.666667,35.561867,45.013933,54.272583,63.275150,75.266350,5,5,0,false
brighton-hove,air_+10pp,air=35.000000;quiet=21.666667;green=21.666667;housing_environment=21.666667,35.561867,45.013933,54.272583,63.275150,49.487983,3,3,0,false
bristol,air_+10pp,air=35.000000;quiet=21.666667;green=21.666667;housing_environment=21.666667,35.561867,45.013933,54.272583,63.275150,61.822133,4,5,1,false
burford,air_+10pp,air=35.000000;quiet=21.666667;green=21.666667;housing_environment=21.666667,35.561867,45.013933,54.272583,63.275150,38.879517,2,1,1,false
burnley,air_+10pp,air=35.000000;quiet=21.666667;green=21.666667;housing_environment=21.666667,35.561867,45.013933,54.272583,63.275150,48.175267,3,2,1,false
burton-on-trent,air_+10pp,air=35.000000;quiet=21.666667;green=21.666667;housing_environment=21.666667,35.561867,45.013933,54.272583,63.275150,41.155700,2,2,0,false
cambridge,air_+10pp,air=35.000000;quiet=21.666667;green=21.666667;housing_environment=21.666667,35.561867,45.013933,54.272583,63.275150,61.801800,4,5,1,false
cardiff,air_+10pp,air=35.000000;quiet=21.666667;green=21.666667;housing_environment=21.666667,35.561867,45.013933,54.272583,63.275150,62.767467,4,5,1,false
cheltenham,air_+10pp,air=35.000000;quiet=21.666667;green=21.666667;housing_environment=21.666667,35.561867,45.013933,54.272583,63.275150,66.632033,5,5,0,false
chepstow,air_+10pp,air=35.000000;quiet=21.666667;green=21.666667;housing_environment=21.666667,35.561867,45.013933,54.272583,63.275150,82.724017,5,5,0,false
chester,air_+10pp,air=35.000000;quiet=21.666667;green=21.666667;housing_environment=21.666667,35.561867,45.013933,54.272583,63.275150,58.433650,4,4,0,false
chesterfield,air_+10pp,air=35.000000;quiet=21.666667;green=21.666667;housing_environment=21.666667,35.561867,45.013933,54.272583,63.275150,49.595483,3,3,0,false
colchester,air_+10pp,air=35.000000;quiet=21.666667;green=21.666667;housing_environment=21.666667,35.561867,45.013933,54.272583,63.275150,60.612950,4,4,0,false
coventry,air_+10pp,air=35.000000;quiet=21.666667;green=21.666667;housing_environment=21.666667,35.561867,45.013933,54.272583,63.275150,41.402400,2,2,0,false
darlington,air_+10pp,air=35.000000;quiet=21.666667;green=21.666667;housing_environment=21.666667,35.561867,45.013933,54.272583,63.275150,59.696800,4,4,0,false
derby,air_+10pp,air=35.000000;quiet=21.666667;green=21.666667;housing_environment=21.666667,35.561867,45.013933,54.272583,63.275150,46.304800,3,3,0,false
doncaster,air_+10pp,air=35.000000;quiet=21.666667;green=21.666667;housing_environment=21.666667,35.561867,45.013933,54.272583,63.275150,32.699350,1,1,0,false
durham,air_+10pp,air=35.000000;quiet=21.666667;green=21.666667;housing_environment=21.666667,35.561867,45.013933,54.272583,63.275150,57.761650,4,4,0,false
exeter,air_+10pp,air=35.000000;quiet=21.666667;green=21.666667;housing_environment=21.666667,35.561867,45.013933,54.272583,63.275150,77.549133,5,5,0,false
gateshead,air_+10pp,air=35.000000;quiet=21.666667;green=21.666667;housing_environment=21.666667,35.561867,45.013933,54.272583,63.275150,54.292783,4,4,0,false
gloucester,air_+10pp,air=35.000000;quiet=21.666667;green=21.666667;housing_environment=21.666667,35.561867,45.013933,54.272583,63.275150,69.472067,5,5,0,false
halifax,air_+10pp,air=35.000000;quiet=21.666667;green=21.666667;housing_environment=21.666667,35.561867,45.013933,54.272583,63.275150,38.734433,2,1,1,false
hartlepool,air_+10pp,air=35.000000;quiet=21.666667;green=21.666667;housing_environment=21.666667,35.561867,45.013933,54.272583,63.275150,64.589183,5,4,1,false
hay-on-wye,air_+10pp,air=35.000000;quiet=21.666667;green=21.666667;housing_environment=21.666667,35.561867,45.013933,54.272583,63.275150,64.148717,5,4,1,false
huddersfield,air_+10pp,air=35.000000;quiet=21.666667;green=21.666667;housing_environment=21.666667,35.561867,45.013933,54.272583,63.275150,39.917733,2,2,0,false
hull-kingston-upon-hull,air_+10pp,air=35.000000;quiet=21.666667;green=21.666667;housing_environment=21.666667,35.561867,45.013933,54.272583,63.275150,55.941117,4,4,0,false
ipswich,air_+10pp,air=35.000000;quiet=21.666667;green=21.666667;housing_environment=21.666667,35.561867,45.013933,54.272583,63.275150,43.837367,2,2,0,false
kettering,air_+10pp,air=35.000000;quiet=21.666667;green=21.666667;housing_environment=21.666667,35.561867,45.013933,54.272583,63.275150,51.904633,3,4,1,false
lancaster,air_+10pp,air=35.000000;quiet=21.666667;green=21.666667;housing_environment=21.666667,35.561867,45.013933,54.272583,63.275150,61.064033,4,4,0,false
leeds,air_+10pp,air=35.000000;quiet=21.666667;green=21.666667;housing_environment=21.666667,35.561867,45.013933,54.272583,63.275150,38.689267,2,2,0,false
leicester,air_+10pp,air=35.000000;quiet=21.666667;green=21.666667;housing_environment=21.666667,35.561867,45.013933,54.272583,63.275150,45.598450,3,3,0,false
lincoln,air_+10pp,air=35.000000;quiet=21.666667;green=21.666667;housing_environment=21.666667,35.561867,45.013933,54.272583,63.275150,52.984683,3,4,1,false
liverpool,air_+10pp,air=35.000000;quiet=21.666667;green=21.666667;housing_environment=21.666667,35.561867,45.013933,54.272583,63.275150,52.889183,3,4,1,false
llanelli,air_+10pp,air=35.000000;quiet=21.666667;green=21.666667;housing_environment=21.666667,35.561867,45.013933,54.272583,63.275150,55.333317,4,3,1,false
loughborough,air_+10pp,air=35.000000;quiet=21.666667;green=21.666667;housing_environment=21.666667,35.561867,45.013933,54.272583,63.275150,51.656400,3,3,0,false
luton,air_+10pp,air=35.000000;quiet=21.666667;green=21.666667;housing_environment=21.666667,35.561867,45.013933,54.272583,63.275150,32.105717,1,1,0,false
manchester,air_+10pp,air=35.000000;quiet=21.666667;green=21.666667;housing_environment=21.666667,35.561867,45.013933,54.272583,63.275150,40.818500,2,2,0,false
merthyr-tydfil,air_+10pp,air=35.000000;quiet=21.666667;green=21.666667;housing_environment=21.666667,35.561867,45.013933,54.272583,63.275150,66.713733,5,4,1,false
middlesbrough,air_+10pp,air=35.000000;quiet=21.666667;green=21.666667;housing_environment=21.666667,35.561867,45.013933,54.272583,63.275150,59.226533,4,4,0,false
milton-keynes,air_+10pp,air=35.000000;quiet=21.666667;green=21.666667;housing_environment=21.666667,35.561867,45.013933,54.272583,63.275150,76.543650,5,5,0,false
narberth,air_+10pp,air=35.000000;quiet=21.666667;green=21.666667;housing_environment=21.666667,35.561867,45.013933,54.272583,63.275150,66.504417,5,4,1,false
neath,air_+10pp,air=35.000000;quiet=21.666667;green=21.666667;housing_environment=21.666667,35.561867,45.013933,54.272583,63.275150,56.567600,4,3,1,false
newbridge,air_+10pp,air=35.000000;quiet=21.666667;green=21.666667;housing_environment=21.666667,35.561867,45.013933,54.272583,63.275150,50.934000,3,3,0,false
newcastle-upon-tyne,air_+10pp,air=35.000000;quiet=21.666667;green=21.666667;housing_environment=21.666667,35.561867,45.013933,54.272583,63.275150,57.557083,4,4,0,false
newport,air_+10pp,air=35.000000;quiet=21.666667;green=21.666667;housing_environment=21.666667,35.561867,45.013933,54.272583,63.275150,60.568850,4,4,0,false
northampton,air_+10pp,air=35.000000;quiet=21.666667;green=21.666667;housing_environment=21.666667,35.561867,45.013933,54.272583,63.275150,58.490650,4,4,0,false
norwich,air_+10pp,air=35.000000;quiet=21.666667;green=21.666667;housing_environment=21.666667,35.561867,45.013933,54.272583,63.275150,53.960600,3,4,1,false
nottingham,air_+10pp,air=35.000000;quiet=21.666667;green=21.666667;housing_environment=21.666667,35.561867,45.013933,54.272583,63.275150,44.081317,2,3,1,false
oxford,air_+10pp,air=35.000000;quiet=21.666667;green=21.666667;housing_environment=21.666667,35.561867,45.013933,54.272583,63.275150,58.391833,4,4,0,false
peterborough,air_+10pp,air=35.000000;quiet=21.666667;green=21.666667;housing_environment=21.666667,35.561867,45.013933,54.272583,63.275150,63.275150,5,5,0,false
plymouth,air_+10pp,air=35.000000;quiet=21.666667;green=21.666667;housing_environment=21.666667,35.561867,45.013933,54.272583,63.275150,76.626800,5,5,0,false
portsmouth,air_+10pp,air=35.000000;quiet=21.666667;green=21.666667;housing_environment=21.666667,35.561867,45.013933,54.272583,63.275150,44.146567,2,2,0,false
preston,air_+10pp,air=35.000000;quiet=21.666667;green=21.666667;housing_environment=21.666667,35.561867,45.013933,54.272583,63.275150,49.935383,3,3,0,false
reading,air_+10pp,air=35.000000;quiet=21.666667;green=21.666667;housing_environment=21.666667,35.561867,45.013933,54.272583,63.275150,45.434133,3,3,0,false
rhyl,air_+10pp,air=35.000000;quiet=21.666667;green=21.666667;housing_environment=21.666667,35.561867,45.013933,54.272583,63.275150,60.745017,4,4,0,false
rotherham,air_+10pp,air=35.000000;quiet=21.666667;green=21.666667;housing_environment=21.666667,35.561867,45.013933,54.272583,63.275150,36.499183,2,2,0,false
rye,air_+10pp,air=35.000000;quiet=21.666667;green=21.666667;housing_environment=21.666667,35.561867,45.013933,54.272583,63.275150,51.076000,3,3,0,false
salford,air_+10pp,air=35.000000;quiet=21.666667;green=21.666667;housing_environment=21.666667,35.561867,45.013933,54.272583,63.275150,44.254067,2,3,1,false
sheffield,air_+10pp,air=35.000000;quiet=21.666667;green=21.666667;housing_environment=21.666667,35.561867,45.013933,54.272583,63.275150,51.239283,3,3,0,false
shrewsbury,air_+10pp,air=35.000000;quiet=21.666667;green=21.666667;housing_environment=21.666667,35.561867,45.013933,54.272583,63.275150,69.907067,5,5,0,false
southampton,air_+10pp,air=35.000000;quiet=21.666667;green=21.666667;housing_environment=21.666667,35.561867,45.013933,54.272583,63.275150,49.950300,3,3,0,false
southend-on-sea,air_+10pp,air=35.000000;quiet=21.666667;green=21.666667;housing_environment=21.666667,35.561867,45.013933,54.272583,63.275150,30.567767,1,1,0,false
st-helens,air_+10pp,air=35.000000;quiet=21.666667;green=21.666667;housing_environment=21.666667,35.561867,45.013933,54.272583,63.275150,56.591633,4,4,0,false
stafford,air_+10pp,air=35.000000;quiet=21.666667;green=21.666667;housing_environment=21.666667,35.561867,45.013933,54.272583,63.275150,46.424300,3,2,1,false
stockport,air_+10pp,air=35.000000;quiet=21.666667;green=21.666667;housing_environment=21.666667,35.561867,45.013933,54.272583,63.275150,37.560500,2,2,0,false
stockton-on-tees,air_+10pp,air=35.000000;quiet=21.666667;green=21.666667;housing_environment=21.666667,35.561867,45.013933,54.272583,63.275150,62.142000,4,4,0,false
stoke-on-trent,air_+10pp,air=35.000000;quiet=21.666667;green=21.666667;housing_environment=21.666667,35.561867,45.013933,54.272583,63.275150,51.439600,3,3,0,false
sunderland,air_+10pp,air=35.000000;quiet=21.666667;green=21.666667;housing_environment=21.666667,35.561867,45.013933,54.272583,63.275150,44.800217,2,2,0,false
swansea,air_+10pp,air=35.000000;quiet=21.666667;green=21.666667;housing_environment=21.666667,35.561867,45.013933,54.272583,63.275150,67.483317,5,5,0,false
swindon,air_+10pp,air=35.000000;quiet=21.666667;green=21.666667;housing_environment=21.666667,35.561867,45.013933,54.272583,63.275150,80.871933,5,5,0,false
telford,air_+10pp,air=35.000000;quiet=21.666667;green=21.666667;housing_environment=21.666667,35.561867,45.013933,54.272583,63.275150,79.176067,5,5,0,false
tenby,air_+10pp,air=35.000000;quiet=21.666667;green=21.666667;housing_environment=21.666667,35.561867,45.013933,54.272583,63.275150,53.279217,3,3,0,false
torbay,air_+10pp,air=35.000000;quiet=21.666667;green=21.666667;housing_environment=21.666667,35.561867,45.013933,54.272583,63.275150,66.041700,5,4,1,false
wakefield,air_+10pp,air=35.000000;quiet=21.666667;green=21.666667;housing_environment=21.666667,35.561867,45.013933,54.272583,63.275150,45.913000,3,3,0,false
walsall,air_+10pp,air=35.000000;quiet=21.666667;green=21.666667;housing_environment=21.666667,35.561867,45.013933,54.272583,63.275150,19.541933,1,1,0,false
warrington,air_+10pp,air=35.000000;quiet=21.666667;green=21.666667;housing_environment=21.666667,35.561867,45.013933,54.272583,63.275150,59.142833,4,4,0,false
wigan,air_+10pp,air=35.000000;quiet=21.666667;green=21.666667;housing_environment=21.666667,35.561867,45.013933,54.272583,63.275150,50.556833,3,3,0,false
wolverhampton,air_+10pp,air=35.000000;quiet=21.666667;green=21.666667;housing_environment=21.666667,35.561867,45.013933,54.272583,63.275150,35.561867,2,1,1,false
worcester,air_+10pp,air=35.000000;quiet=21.666667;green=21.666667;housing_environment=21.666667,35.561867,45.013933,54.272583,63.275150,52.839367,3,3,0,false
wrexham,air_+10pp,air=35.000000;quiet=21.666667;green=21.666667;housing_environment=21.666667,35.561867,45.013933,54.272583,63.275150,77.699100,5,5,0,false
york,air_+10pp,air=35.000000;quiet=21.666667;green=21.666667;housing_environment=21.666667,35.561867,45.013933,54.272583,63.275150,69.889133,5,5,0,false
bangor,quiet_-10pp,air=28.333333;quiet=15.000000;green=28.333333;housing_environment=28.333333,38.305167,45.174250,53.618250,63.126200,56.119283,4,4,0,false
barnsley,quiet_-10pp,air=28.333333;quiet=15.000000;green=28.333333;housing_environment=28.333333,38.305167,45.174250,53.618250,63.126200,59.293583,4,4,0,false
bath,quiet_-10pp,air=28.333333;quiet=15.000000;green=28.333333;housing_environment=28.333333,38.305167,45.174250,53.618250,63.126200,56.897283,4,4,0,false
birmingham,quiet_-10pp,air=28.333333;quiet=15.000000;green=28.333333;housing_environment=28.333333,38.305167,45.174250,53.618250,63.126200,30.426500,1,1,0,false
blackburn,quiet_-10pp,air=28.333333;quiet=15.000000;green=28.333333;housing_environment=28.333333,38.305167,45.174250,53.618250,63.126200,40.294000,2,2,0,false
blackpool,quiet_-10pp,air=28.333333;quiet=15.000000;green=28.333333;housing_environment=28.333333,38.305167,45.174250,53.618250,63.126200,45.499550,3,3,0,false
bolton,quiet_-10pp,air=28.333333;quiet=15.000000;green=28.333333;housing_environment=28.333333,38.305167,45.174250,53.618250,63.126200,43.442717,2,2,0,false
bournemouth-poole,quiet_-10pp,air=28.333333;quiet=15.000000;green=28.333333;housing_environment=28.333333,38.305167,45.174250,53.618250,63.126200,60.887517,4,5,1,false
bradford,quiet_-10pp,air=28.333333;quiet=15.000000;green=28.333333;housing_environment=28.333333,38.305167,45.174250,53.618250,63.126200,35.305983,1,2,1,false
bridgend,quiet_-10pp,air=28.333333;quiet=15.000000;green=28.333333;housing_environment=28.333333,38.305167,45.174250,53.618250,63.126200,71.159350,5,5,0,false
brighton-hove,quiet_-10pp,air=28.333333;quiet=15.000000;green=28.333333;housing_environment=28.333333,38.305167,45.174250,53.618250,63.126200,46.817517,3,3,0,false
bristol,quiet_-10pp,air=28.333333;quiet=15.000000;green=28.333333;housing_environment=28.333333,38.305167,45.174250,53.618250,63.126200,61.857733,4,5,1,false
burford,quiet_-10pp,air=28.333333;quiet=15.000000;green=28.333333;housing_environment=28.333333,38.305167,45.174250,53.618250,63.126200,32.977317,1,1,0,false
burnley,quiet_-10pp,air=28.333333;quiet=15.000000;green=28.333333;housing_environment=28.333333,38.305167,45.174250,53.618250,63.126200,48.797267,3,2,1,false
burton-on-trent,quiet_-10pp,air=28.333333;quiet=15.000000;green=28.333333;housing_environment=28.333333,38.305167,45.174250,53.618250,63.126200,39.551700,2,2,0,false
cambridge,quiet_-10pp,air=28.333333;quiet=15.000000;green=28.333333;housing_environment=28.333333,38.305167,45.174250,53.618250,63.126200,64.146600,5,5,0,false
cardiff,quiet_-10pp,air=28.333333;quiet=15.000000;green=28.333333;housing_environment=28.333333,38.305167,45.174250,53.618250,63.126200,65.607333,5,5,0,false
cheltenham,quiet_-10pp,air=28.333333;quiet=15.000000;green=28.333333;housing_environment=28.333333,38.305167,45.174250,53.618250,63.126200,63.286033,5,5,0,false
chepstow,quiet_-10pp,air=28.333333;quiet=15.000000;green=28.333333;housing_environment=28.333333,38.305167,45.174250,53.618250,63.126200,80.691283,5,5,0,false
chester,quiet_-10pp,air=28.333333;quiet=15.000000;green=28.333333;housing_environment=28.333333,38.305167,45.174250,53.618250,63.126200,59.232650,4,4,0,false
chesterfield,quiet_-10pp,air=28.333333;quiet=15.000000;green=28.333333;housing_environment=28.333333,38.305167,45.174250,53.618250,63.126200,48.349150,3,3,0,false
colchester,quiet_-10pp,air=28.333333;quiet=15.000000;green=28.333333;housing_environment=28.333333,38.305167,45.174250,53.618250,63.126200,65.374083,5,4,1,false
coventry,quiet_-10pp,air=28.333333;quiet=15.000000;green=28.333333;housing_environment=28.333333,38.305167,45.174250,53.618250,63.126200,42.326933,2,2,0,false
darlington,quiet_-10pp,air=28.333333;quiet=15.000000;green=28.333333;housing_environment=28.333333,38.305167,45.174250,53.618250,63.126200,56.281600,4,4,0,false
derby,quiet_-10pp,air=28.333333;quiet=15.000000;green=28.333333;housing_environment=28.333333,38.305167,45.174250,53.618250,63.126200,44.016667,2,3,1,false
doncaster,quiet_-10pp,air=28.333333;quiet=15.000000;green=28.333333;housing_environment=28.333333,38.305167,45.174250,53.618250,63.126200,30.805683,1,1,0,false
durham,quiet_-10pp,air=28.333333;quiet=15.000000;green=28.333333;housing_environment=28.333333,38.305167,45.174250,53.618250,63.126200,56.763850,4,4,0,false
exeter,quiet_-10pp,air=28.333333;quiet=15.000000;green=28.333333;housing_environment=28.333333,38.305167,45.174250,53.618250,63.126200,74.384200,5,5,0,false
gateshead,quiet_-10pp,air=28.333333;quiet=15.000000;green=28.333333;housing_environment=28.333333,38.305167,45.174250,53.618250,63.126200,59.338050,4,4,0,false
gloucester,quiet_-10pp,air=28.333333;quiet=15.000000;green=28.333333;housing_environment=28.333333,38.305167,45.174250,53.618250,63.126200,67.645400,5,5,0,false
halifax,quiet_-10pp,air=28.333333;quiet=15.000000;green=28.333333;housing_environment=28.333333,38.305167,45.174250,53.618250,63.126200,35.047500,1,1,0,false
hartlepool,quiet_-10pp,air=28.333333;quiet=15.000000;green=28.333333;housing_environment=28.333333,38.305167,45.174250,53.618250,63.126200,59.264983,4,4,0,false
hay-on-wye,quiet_-10pp,air=28.333333;quiet=15.000000;green=28.333333;housing_environment=28.333333,38.305167,45.174250,53.618250,63.126200,59.600117,4,4,0,false
huddersfield,quiet_-10pp,air=28.333333;quiet=15.000000;green=28.333333;housing_environment=28.333333,38.305167,45.174250,53.618250,63.126200,38.987600,2,2,0,false
hull-kingston-upon-hull,quiet_-10pp,air=28.333333;quiet=15.000000;green=28.333333;housing_environment=28.333333,38.305167,45.174250,53.618250,63.126200,53.972383,4,4,0,false
ipswich,quiet_-10pp,air=28.333333;quiet=15.000000;green=28.333333;housing_environment=28.333333,38.305167,45.174250,53.618250,63.126200,44.672433,2,2,0,false
kettering,quiet_-10pp,air=28.333333;quiet=15.000000;green=28.333333;housing_environment=28.333333,38.305167,45.174250,53.618250,63.126200,51.558900,3,4,1,false
lancaster,quiet_-10pp,air=28.333333;quiet=15.000000;green=28.333333;housing_environment=28.333333,38.305167,45.174250,53.618250,63.126200,61.857100,4,4,0,false
leeds,quiet_-10pp,air=28.333333;quiet=15.000000;green=28.333333;housing_environment=28.333333,38.305167,45.174250,53.618250,63.126200,40.592600,2,2,0,false
leicester,quiet_-10pp,air=28.333333;quiet=15.000000;green=28.333333;housing_environment=28.333333,38.305167,45.174250,53.618250,63.126200,45.157050,2,3,1,false
lincoln,quiet_-10pp,air=28.333333;quiet=15.000000;green=28.333333;housing_environment=28.333333,38.305167,45.174250,53.618250,63.126200,52.647817,3,4,1,false
liverpool,quiet_-10pp,air=28.333333;quiet=15.000000;green=28.333333;housing_environment=28.333333,38.305167,45.174250,53.618250,63.126200,55.492317,4,4,0,false
llanelli,quiet_-10pp,air=28.333333;quiet=15.000000;green=28.333333;housing_environment=28.333333,38.305167,45.174250,53.618250,63.126200,52.314183,3,3,0,false
loughborough,quiet_-10pp,air=28.333333;quiet=15.000000;green=28.333333;housing_environment=28.333333,38.305167,45.174250,53.618250,63.126200,49.752400,3,3,0,false
luton,quiet_-10pp,air=28.333333;quiet=15.000000;green=28.333333;housing_environment=28.333333,38.305167,45.174250,53.618250,63.126200,33.433650,1,1,0,false
manchester,quiet_-10pp,air=28.333333;quiet=15.000000;green=28.333333;housing_environment=28.333333,38.305167,45.174250,53.618250,63.126200,47.468900,3,2,1,false
merthyr-tydfil,quiet_-10pp,air=28.333333;quiet=15.000000;green=28.333333;housing_environment=28.333333,38.305167,45.174250,53.618250,63.126200,65.537200,5,4,1,false
middlesbrough,quiet_-10pp,air=28.333333;quiet=15.000000;green=28.333333;housing_environment=28.333333,38.305167,45.174250,53.618250,63.126200,57.776933,4,4,0,false
milton-keynes,quiet_-10pp,air=28.333333;quiet=15.000000;green=28.333333;housing_environment=28.333333,38.305167,45.174250,53.618250,63.126200,80.982917,5,5,0,false
narberth,quiet_-10pp,air=28.333333;quiet=15.000000;green=28.333333;housing_environment=28.333333,38.305167,45.174250,53.618250,63.126200,68.059950,5,4,1,false
neath,quiet_-10pp,air=28.333333;quiet=15.000000;green=28.333333;housing_environment=28.333333,38.305167,45.174250,53.618250,63.126200,54.224000,4,3,1,false
newbridge,quiet_-10pp,air=28.333333;quiet=15.000000;green=28.333333;housing_environment=28.333333,38.305167,45.174250,53.618250,63.126200,49.354933,3,3,0,false
newcastle-upon-tyne,quiet_-10pp,air=28.333333;quiet=15.000000;green=28.333333;housing_environment=28.333333,38.305167,45.174250,53.618250,63.126200,63.227550,5,4,1,false
newport,quiet_-10pp,air=28.333333;quiet=15.000000;green=28.333333;housing_environment=28.333333,38.305167,45.174250,53.618250,63.126200,64.367317,5,4,1,false
northampton,quiet_-10pp,air=28.333333;quiet=15.000000;green=28.333333;housing_environment=28.333333,38.305167,45.174250,53.618250,63.126200,61.150183,4,4,0,false
norwich,quiet_-10pp,air=28.333333;quiet=15.000000;green=28.333333;housing_environment=28.333333,38.305167,45.174250,53.618250,63.126200,52.266733,3,4,1,false
nottingham,quiet_-10pp,air=28.333333;quiet=15.000000;green=28.333333;housing_environment=28.333333,38.305167,45.174250,53.618250,63.126200,45.994450,3,3,0,false
oxford,quiet_-10pp,air=28.333333;quiet=15.000000;green=28.333333;housing_environment=28.333333,38.305167,45.174250,53.618250,63.126200,61.007967,4,4,0,false
peterborough,quiet_-10pp,air=28.333333;quiet=15.000000;green=28.333333;housing_environment=28.333333,38.305167,45.174250,53.618250,63.126200,68.581883,5,5,0,false
plymouth,quiet_-10pp,air=28.333333;quiet=15.000000;green=28.333333;housing_environment=28.333333,38.305167,45.174250,53.618250,63.126200,73.129600,5,5,0,false
portsmouth,quiet_-10pp,air=28.333333;quiet=15.000000;green=28.333333;housing_environment=28.333333,38.305167,45.174250,53.618250,63.126200,44.041767,2,2,0,false
preston,quiet_-10pp,air=28.333333;quiet=15.000000;green=28.333333;housing_environment=28.333333,38.305167,45.174250,53.618250,63.126200,50.507050,3,3,0,false
reading,quiet_-10pp,air=28.333333;quiet=15.000000;green=28.333333;housing_environment=28.333333,38.305167,45.174250,53.618250,63.126200,45.209867,3,3,0,false
rhyl,quiet_-10pp,air=28.333333;quiet=15.000000;green=28.333333;housing_environment=28.333333,38.305167,45.174250,53.618250,63.126200,52.856417,3,4,1,false
rotherham,quiet_-10pp,air=28.333333;quiet=15.000000;green=28.333333;housing_environment=28.333333,38.305167,45.174250,53.618250,63.126200,35.577117,1,2,1,false
rye,quiet_-10pp,air=28.333333;quiet=15.000000;green=28.333333;housing_environment=28.333333,38.305167,45.174250,53.618250,63.126200,49.232267,3,3,0,false
salford,quiet_-10pp,air=28.333333;quiet=15.000000;green=28.333333;housing_environment=28.333333,38.305167,45.174250,53.618250,63.126200,54.075800,4,3,1,false
sheffield,quiet_-10pp,air=28.333333;quiet=15.000000;green=28.333333;housing_environment=28.333333,38.305167,45.174250,53.618250,63.126200,51.901083,3,3,0,false
shrewsbury,quiet_-10pp,air=28.333333;quiet=15.000000;green=28.333333;housing_environment=28.333333,38.305167,45.174250,53.618250,63.126200,68.546267,5,5,0,false
southampton,quiet_-10pp,air=28.333333;quiet=15.000000;green=28.333333;housing_environment=28.333333,38.305167,45.174250,53.618250,63.126200,51.332967,3,3,0,false
southend-on-sea,quiet_-10pp,air=28.333333;quiet=15.000000;green=28.333333;housing_environment=28.333333,38.305167,45.174250,53.618250,63.126200,26.265900,1,1,0,false
st-helens,quiet_-10pp,air=28.333333;quiet=15.000000;green=28.333333;housing_environment=28.333333,38.305167,45.174250,53.618250,63.126200,58.488167,4,4,0,false
stafford,quiet_-10pp,air=28.333333;quiet=15.000000;green=28.333333;housing_environment=28.333333,38.305167,45.174250,53.618250,63.126200,45.207100,3,2,1,false
stockport,quiet_-10pp,air=28.333333;quiet=15.000000;green=28.333333;housing_environment=28.333333,38.305167,45.174250,53.618250,63.126200,42.305167,2,2,0,false
stockton-on-tees,quiet_-10pp,air=28.333333;quiet=15.000000;green=28.333333;housing_environment=28.333333,38.305167,45.174250,53.618250,63.126200,58.214667,4,4,0,false
stoke-on-trent,quiet_-10pp,air=28.333333;quiet=15.000000;green=28.333333;housing_environment=28.333333,38.305167,45.174250,53.618250,63.126200,54.364667,4,3,1,false
sunderland,quiet_-10pp,air=28.333333;quiet=15.000000;green=28.333333;housing_environment=28.333333,38.305167,45.174250,53.618250,63.126200,43.584283,2,2,0,false
swansea,quiet_-10pp,air=28.333333;quiet=15.000000;green=28.333333;housing_environment=28.333333,38.305167,45.174250,53.618250,63.126200,62.734450,4,5,1,false
swindon,quiet_-10pp,air=28.333333;quiet=15.000000;green=28.333333;housing_environment=28.333333,38.305167,45.174250,53.618250,63.126200,82.739667,5,5,0,false
telford,quiet_-10pp,air=28.333333;quiet=15.000000;green=28.333333;housing_environment=28.333333,38.305167,45.174250,53.618250,63.126200,80.562067,5,5,0,false
tenby,quiet_-10pp,air=28.333333;quiet=15.000000;green=28.333333;housing_environment=28.333333,38.305167,45.174250,53.618250,63.126200,50.198750,3,3,0,false
torbay,quiet_-10pp,air=28.333333;quiet=15.000000;green=28.333333;housing_environment=28.333333,38.305167,45.174250,53.618250,63.126200,57.385967,4,4,0,false
wakefield,quiet_-10pp,air=28.333333;quiet=15.000000;green=28.333333;housing_environment=28.333333,38.305167,45.174250,53.618250,63.126200,49.800067,3,3,0,false
walsall,quiet_-10pp,air=28.333333;quiet=15.000000;green=28.333333;housing_environment=28.333333,38.305167,45.174250,53.618250,63.126200,21.763933,1,1,0,false
warrington,quiet_-10pp,air=28.333333;quiet=15.000000;green=28.333333;housing_environment=28.333333,38.305167,45.174250,53.618250,63.126200,64.166167,5,4,1,false
wigan,quiet_-10pp,air=28.333333;quiet=15.000000;green=28.333333;housing_environment=28.333333,38.305167,45.174250,53.618250,63.126200,49.372167,3,3,0,false
wolverhampton,quiet_-10pp,air=28.333333;quiet=15.000000;green=28.333333;housing_environment=28.333333,38.305167,45.174250,53.618250,63.126200,32.366800,1,1,0,false
worcester,quiet_-10pp,air=28.333333;quiet=15.000000;green=28.333333;housing_environment=28.333333,38.305167,45.174250,53.618250,63.126200,49.067633,3,3,0,false
wrexham,quiet_-10pp,air=28.333333;quiet=15.000000;green=28.333333;housing_environment=28.333333,38.305167,45.174250,53.618250,63.126200,77.001500,5,5,0,false
york,quiet_-10pp,air=28.333333;quiet=15.000000;green=28.333333;housing_environment=28.333333,38.305167,45.174250,53.618250,63.126200,68.590067,5,5,0,false
bangor,quiet_+10pp,air=21.666667;quiet=35.000000;green=21.666667;housing_environment=21.666667,35.351483,44.218600,54.730550,64.159250,51.047217,3,4,1,false
barnsley,quiet_+10pp,air=21.666667;quiet=35.000000;green=21.666667;housing_environment=21.666667,35.351483,44.218600,54.730550,64.159250,57.241917,4,4,0,false
bath,quiet_+10pp,air=21.666667;quiet=35.000000;green=21.666667;housing_environment=21.666667,35.351483,44.218600,54.730550,64.159250,62.269217,4,4,0,false
birmingham,quiet_+10pp,air=21.666667;quiet=35.000000;green=21.666667;housing_environment=21.666667,35.351483,44.218600,54.730550,64.159250,31.708500,1,1,0,false
blackburn,quiet_+10pp,air=21.666667;quiet=35.000000;green=21.666667;housing_environment=21.666667,35.351483,44.218600,54.730550,64.159250,41.578000,2,2,0,false
blackpool,quiet_+10pp,air=21.666667;quiet=35.000000;green=21.666667;housing_environment=21.666667,35.351483,44.218600,54.730550,64.159250,51.018950,3,3,0,false
bolton,quiet_+10pp,air=21.666667;quiet=35.000000;green=21.666667;housing_environment=21.666667,35.351483,44.218600,54.730550,64.159250,42.062783,2,2,0,false
bournemouth-poole,quiet_+10pp,air=21.666667;quiet=35.000000;green=21.666667;housing_environment=21.666667,35.351483,44.218600,54.730550,64.159250,65.589983,5,5,0,false
bradford,quiet_+10pp,air=21.666667;quiet=35.000000;green=21.666667;housing_environment=21.666667,35.351483,44.218600,54.730550,64.159250,40.465517,2,2,0,false
bridgend,quiet_+10pp,air=21.666667;quiet=35.000000;green=21.666667;housing_environment=21.666667,35.351483,44.218600,54.730550,64.159250,74.913150,5,5,0,false
brighton-hove,quiet_+10pp,air=21.666667;quiet=35.000000;green=21.666667;housing_environment=21.666667,35.351483,44.218600,54.730550,64.159250,48.607983,3,3,0,false
bristol,quiet_+10pp,air=21.666667;quiet=35.000000;green=21.666667;housing_environment=21.666667,35.351483,44.218600,54.730550,64.159250,65.922267,5,5,0,false
burford,quiet_+10pp,air=21.666667;quiet=35.000000;green=21.666667;housing_environment=21.666667,35.351483,44.218600,54.730550,64.159250,30.418183,1,1,0,false
burnley,quiet_+10pp,air=21.666667;quiet=35.000000;green=21.666667;housing_environment=21.666667,35.351483,44.218600,54.730550,64.159250,39.728733,2,2,0,false
burton-on-trent,quiet_+10pp,air=21.666667;quiet=35.000000;green=21.666667;housing_environment=21.666667,35.351483,44.218600,54.730550,64.159250,37.655300,2,2,0,false
cambridge,quiet_+10pp,air=21.666667;quiet=35.000000;green=21.666667;housing_environment=21.666667,35.351483,44.218600,54.730550,64.159250,64.535400,5,5,0,false
cardiff,quiet_+10pp,air=21.666667;quiet=35.000000;green=21.666667;housing_environment=21.666667,35.351483,44.218600,54.730550,64.159250,62.248667,4,5,1,false
cheltenham,quiet_+10pp,air=21.666667;quiet=35.000000;green=21.666667;housing_environment=21.666667,35.351483,44.218600,54.730550,64.159250,68.774967,5,5,0,false
chepstow,quiet_+10pp,air=21.666667;quiet=35.000000;green=21.666667;housing_environment=21.666667,35.351483,44.218600,54.730550,64.159250,82.943217,5,5,0,false
chester,quiet_+10pp,air=21.666667;quiet=35.000000;green=21.666667;housing_environment=21.666667,35.351483,44.218600,54.730550,64.159250,52.634850,3,4,1,false
chesterfield,quiet_+10pp,air=21.666667;quiet=35.000000;green=21.666667;housing_environment=21.666667,35.351483,44.218600,54.730550,64.159250,48.609350,3,3,0,false
colchester,quiet_+10pp,air=21.666667;quiet=35.000000;green=21.666667;housing_environment=21.666667,35.351483,44.218600,54.730550,64.159250,60.480417,4,4,0,false
coventry,quiet_+10pp,air=21.666667;quiet=35.000000;green=21.666667;housing_environment=21.666667,35.351483,44.218600,54.730550,64.159250,43.645067,2,2,0,false
darlington,quiet_+10pp,air=21.666667;quiet=35.000000;green=21.666667;housing_environment=21.666667,35.351483,44.218600,54.730550,64.159250,55.094400,4,4,0,false
derby,quiet_+10pp,air=21.666667;quiet=35.000000;green=21.666667;housing_environment=21.666667,35.351483,44.218600,54.730550,64.159250,53.479333,3,3,0,false
doncaster,quiet_+10pp,air=21.666667;quiet=35.000000;green=21.666667;housing_environment=21.666667,35.351483,44.218600,54.730550,64.159250,35.732817,2,1,1,false
durham,quiet_+10pp,air=21.666667;quiet=35.000000;green=21.666667;housing_environment=21.666667,35.351483,44.218600,54.730550,64.159250,50.519650,3,4,1,false
exeter,quiet_+10pp,air=21.666667;quiet=35.000000;green=21.666667;housing_environment=21.666667,35.351483,44.218600,54.730550,64.159250,77.497800,5,5,0,false
gateshead,quiet_+10pp,air=21.666667;quiet=35.000000;green=21.666667;housing_environment=21.666667,35.351483,44.218600,54.730550,64.159250,49.767450,3,4,1,false
gloucester,quiet_+10pp,air=21.666667;quiet=35.000000;green=21.666667;housing_environment=21.666667,35.351483,44.218600,54.730550,64.159250,73.016600,5,5,0,false
halifax,quiet_+10pp,air=21.666667;quiet=35.000000;green=21.666667;housing_environment=21.666667,35.351483,44.218600,54.730550,64.159250,34.305500,1,1,0,false
hartlepool,quiet_+10pp,air=21.666667;quiet=35.000000;green=21.666667;housing_environment=21.666667,35.351483,44.218600,54.730550,64.159250,63.476517,4,4,0,false
hay-on-wye,quiet_+10pp,air=21.666667;quiet=35.000000;green=21.666667;housing_environment=21.666667,35.351483,44.218600,54.730550,64.159250,57.903383,4,4,0,false
huddersfield,quiet_+10pp,air=21.666667;quiet=35.000000;green=21.666667;housing_environment=21.666667,35.351483,44.218600,54.730550,64.159250,39.688400,2,2,0,false
hull-kingston-upon-hull,quiet_+10pp,air=21.666667;quiet=35.000000;green=21.666667;housing_environment=21.666667,35.351483,44.218600,54.730550,64.159250,64.111117,4,4,0,false
ipswich,quiet_+10pp,air=21.666667;quiet=35.000000;green=21.666667;housing_environment=21.666667,35.351483,44.218600,54.730550,64.159250,44.432567,3,2,1,false
kettering,quiet_+10pp,air=21.666667;quiet=35.000000;green=21.666667;housing_environment=21.666667,35.351483,44.218600,54.730550,64.159250,56.824100,4,4,0,false
lancaster,quiet_+10pp,air=21.666667;quiet=35.000000;green=21.666667;housing_environment=21.666667,35.351483,44.218600,54.730550,64.159250,51.907900,3,4,1,false
leeds,quiet_+10pp,air=21.666667;quiet=35.000000;green=21.666667;housing_environment=21.666667,35.351483,44.218600,54.730550,64.159250,41.181400,2,2,0,false
leicester,quiet_+10pp,air=21.666667;quiet=35.000000;green=21.666667;housing_environment=21.666667,35.351483,44.218600,54.730550,64.159250,53.782450,3,3,0,false
lincoln,quiet_+10pp,air=21.666667;quiet=35.000000;green=21.666667;housing_environment=21.666667,35.351483,44.218600,54.730550,64.159250,57.702683,4,4,0,false
liverpool,quiet_+10pp,air=21.666667;quiet=35.000000;green=21.666667;housing_environment=21.666667,35.351483,44.218600,54.730550,64.159250,54.857183,4,4,0,false
llanelli,quiet_+10pp,air=21.666667;quiet=35.000000;green=21.666667;housing_environment=21.666667,35.351483,44.218600,54.730550,64.159250,45.383317,3,3,0,false
loughborough,quiet_+10pp,air=21.666667;quiet=35.000000;green=21.666667;housing_environment=21.666667,35.351483,44.218600,54.730550,64.159250,55.775600,4,3,1,false
luton,quiet_+10pp,air=21.666667;quiet=35.000000;green=21.666667;housing_environment=21.666667,35.351483,44.218600,54.730550,64.159250,32.015850,1,1,0,false
manchester,quiet_+10pp,air=21.666667;quiet=35.000000;green=21.666667;housing_environment=21.666667,35.351483,44.218600,54.730550,64.159250,41.866100,2,2,0,false
merthyr-tydfil,quiet_+10pp,air=21.666667;quiet=35.000000;green=21.666667;housing_environment=21.666667,35.351483,44.218600,54.730550,64.159250,59.098800,4,4,0,false
middlesbrough,quiet_+10pp,air=21.666667;quiet=35.000000;green=21.666667;housing_environment=21.666667,35.351483,44.218600,54.730550,64.159250,59.103067,4,4,0,false
milton-keynes,quiet_+10pp,air=21.666667;quiet=35.000000;green=21.666667;housing_environment=21.666667,35.351483,44.218600,54.730550,64.159250,82.072583,5,5,0,false
narberth,quiet_+10pp,air=21.666667;quiet=35.000000;green=21.666667;housing_environment=21.666667,35.351483,44.218600,54.730550,64.159250,54.750550,4,4,0,false
neath,quiet_+10pp,air=21.666667;quiet=35.000000;green=21.666667;housing_environment=21.666667,35.351483,44.218600,54.730550,64.159250,47.616000,3,3,0,false
newbridge,quiet_+10pp,air=21.666667;quiet=35.000000;green=21.666667;housing_environment=21.666667,35.351483,44.218600,54.730550,64.159250,41.941067,2,3,1,false
newcastle-upon-tyne,quiet_+10pp,air=21.666667;quiet=35.000000;green=21.666667;housing_environment=21.666667,35.351483,44.218600,54.730550,64.159250,54.442950,3,4,1,false
newport,quiet_+10pp,air=21.666667;quiet=35.000000;green=21.666667;housing_environment=21.666667,35.351483,44.218600,54.730550,64.159250,56.536183,4,4,0,false
northampton,quiet_+10pp,air=21.666667;quiet=35.000000;green=21.666667;housing_environment=21.666667,35.351483,44.218600,54.730550,64.159250,64.031317,4,4,0,false
norwich,quiet_+10pp,air=21.666667;quiet=35.000000;green=21.666667;housing_environment=21.666667,35.351483,44.218600,54.730550,64.159250,58.947267,4,4,0,false
nottingham,quiet_+10pp,air=21.666667;quiet=35.000000;green=21.666667;housing_environment=21.666667,35.351483,44.218600,54.730550,64.159250,49.007050,3,3,0,false
oxford,quiet_+10pp,air=21.666667;quiet=35.000000;green=21.666667;housing_environment=21.666667,35.351483,44.218600,54.730550,64.159250,59.543033,4,4,0,false
peterborough,quiet_+10pp,air=21.666667;quiet=35.000000;green=21.666667;housing_environment=21.666667,35.351483,44.218600,54.730550,64.159250,65.090617,5,5,0,false
plymouth,quiet_+10pp,air=21.666667;quiet=35.000000;green=21.666667;housing_environment=21.666667,35.351483,44.218600,54.730550,64.159250,77.978400,5,5,0,false
portsmouth,quiet_+10pp,air=21.666667;quiet=35.000000;green=21.666667;housing_environment=21.666667,35.351483,44.218600,54.730550,64.159250,43.235233,2,2,0,false
preston,quiet_+10pp,air=21.666667;quiet=35.000000;green=21.666667;housing_environment=21.666667,35.351483,44.218600,54.730550,64.159250,44.800450,3,3,0,false
reading,quiet_+10pp,air=21.666667;quiet=35.000000;green=21.666667;housing_environment=21.666667,35.351483,44.218600,54.730550,64.159250,45.282133,3,3,0,false
rhyl,quiet_+10pp,air=21.666667;quiet=35.000000;green=21.666667;housing_environment=21.666667,35.351483,44.218600,54.730550,64.159250,57.448083,4,4,0,false
rotherham,quiet_+10pp,air=21.666667;quiet=35.000000;green=21.666667;housing_environment=21.666667,35.351483,44.218600,54.730550,64.159250,40.840383,2,2,0,false
rye,quiet_+10pp,air=21.666667;quiet=35.000000;green=21.666667;housing_environment=21.666667,35.351483,44.218600,54.730550,64.159250,43.519733,2,3,1,false
salford,quiet_+10pp,air=21.666667;quiet=35.000000;green=21.666667;housing_environment=21.666667,35.351483,44.218600,54.730550,64.159250,44.194200,2,3,1,false
sheffield,quiet_+10pp,air=21.666667;quiet=35.000000;green=21.666667;housing_environment=21.666667,35.351483,44.218600,54.730550,64.159250,55.051417,4,3,1,false
shrewsbury,quiet_+10pp,air=21.666667;quiet=35.000000;green=21.666667;housing_environment=21.666667,35.351483,44.218600,54.730550,64.159250,65.573733,5,5,0,false
southampton,quiet_+10pp,air=21.666667;quiet=35.000000;green=21.666667;housing_environment=21.666667,35.351483,44.218600,54.730550,64.159250,48.548033,3,3,0,false
southend-on-sea,quiet_+10pp,air=21.666667;quiet=35.000000;green=21.666667;housing_environment=21.666667,35.351483,44.218600,54.730550,64.159250,31.671100,1,1,0,false
st-helens,quiet_+10pp,air=21.666667;quiet=35.000000;green=21.666667;housing_environment=21.666667,35.351483,44.218600,54.730550,64.159250,58.920833,4,4,0,false
stafford,quiet_+10pp,air=21.666667;quiet=35.000000;green=21.666667;housing_environment=21.666667,35.351483,44.218600,54.730550,64.159250,41.357900,2,2,0,false
stockport,quiet_+10pp,air=21.666667;quiet=35.000000;green=21.666667;housing_environment=21.666667,35.351483,44.218600,54.730550,64.159250,36.689833,2,2,0,false
stockton-on-tees,quiet_+10pp,air=21.666667;quiet=35.000000;green=21.666667;housing_environment=21.666667,35.351483,44.218600,54.730550,64.159250,62.409333,4,4,0,false
stoke-on-trent,quiet_+10pp,air=21.666667;quiet=35.000000;green=21.666667;housing_environment=21.666667,35.351483,44.218600,54.730550,64.159250,51.243333,3,3,0,false
sunderland,quiet_+10pp,air=21.666667;quiet=35.000000;green=21.666667;housing_environment=21.666667,35.351483,44.218600,54.730550,64.159250,39.276217,2,2,0,false
swansea,quiet_+10pp,air=21.666667;quiet=35.000000;green=21.666667;housing_environment=21.666667,35.351483,44.218600,54.730550,64.159250,64.655050,5,5,0,false
swindon,quiet_+10pp,air=21.666667;quiet=35.000000;green=21.666667;housing_environment=21.666667,35.351483,44.218600,54.730550,64.159250,84.830333,5,5,0,false
telford,quiet_+10pp,air=21.666667;quiet=35.000000;green=21.666667;housing_environment=21.666667,35.351483,44.218600,54.730550,64.159250,77.423933,5,5,0,false
tenby,quiet_+10pp,air=21.666667;quiet=35.000000;green=21.666667;housing_environment=21.666667,35.351483,44.218600,54.730550,64.159250,42.059750,2,3,1,false
torbay,quiet_+10pp,air=21.666667;quiet=35.000000;green=21.666667;housing_environment=21.666667,35.351483,44.218600,54.730550,64.159250,66.313033,5,4,1,false
wakefield,quiet_+10pp,air=21.666667;quiet=35.000000;green=21.666667;housing_environment=21.666667,35.351483,44.218600,54.730550,64.159250,45.965933,3,3,0,false
walsall,quiet_+10pp,air=21.666667;quiet=35.000000;green=21.666667;housing_environment=21.666667,35.351483,44.218600,54.730550,64.159250,19.838067,1,1,0,false
warrington,quiet_+10pp,air=21.666667;quiet=35.000000;green=21.666667;housing_environment=21.666667,35.351483,44.218600,54.730550,64.159250,56.750833,4,4,0,false
wigan,quiet_+10pp,air=21.666667;quiet=35.000000;green=21.666667;housing_environment=21.666667,35.351483,44.218600,54.730550,64.159250,51.308833,3,3,0,false
wolverhampton,quiet_+10pp,air=21.666667;quiet=35.000000;green=21.666667;housing_environment=21.666667,35.351483,44.218600,54.730550,64.159250,39.349200,2,1,1,false
worcester,quiet_+10pp,air=21.666667;quiet=35.000000;green=21.666667;housing_environment=21.666667,35.351483,44.218600,54.730550,64.159250,50.529367,3,3,0,false
wrexham,quiet_+10pp,air=21.666667;quiet=35.000000;green=21.666667;housing_environment=21.666667,35.351483,44.218600,54.730550,64.159250,77.327500,5,5,0,false
york,quiet_+10pp,air=21.666667;quiet=35.000000;green=21.666667;housing_environment=21.666667,35.351483,44.218600,54.730550,64.159250,70.095933,5,5,0,false
bangor,green_-10pp,air=28.333333;quiet=28.333333;green=15.000000;housing_environment=28.333333,34.895283,44.610167,54.324033,64.367650,57.468617,4,4,0,false
barnsley,green_-10pp,air=28.333333;quiet=28.333333;green=15.000000;housing_environment=28.333333,34.895283,44.610167,54.324033,64.367650,54.465183,4,4,0,false
bath,green_-10pp,air=28.333333;quiet=28.333333;green=15.000000;housing_environment=28.333333,34.895283,44.610167,54.324033,64.367650,59.883150,4,4,0,false
birmingham,green_-10pp,air=28.333333;quiet=28.333333;green=15.000000;housing_environment=28.333333,34.895283,44.610167,54.324033,64.367650,27.600767,1,1,0,false
blackburn,green_-10pp,air=28.333333;quiet=28.333333;green=15.000000;housing_environment=28.333333,34.895283,44.610167,54.324033,64.367650,42.584400,2,2,0,false
blackpool,green_-10pp,air=28.333333;quiet=28.333333;green=15.000000;housing_environment=28.333333,34.895283,44.610167,54.324033,64.367650,51.130883,3,3,0,false
bolton,green_-10pp,air=28.333333;quiet=28.333333;green=15.000000;housing_environment=28.333333,34.895283,44.610167,54.324033,64.367650,40.074450,2,2,0,false
bournemouth-poole,green_-10pp,air=28.333333;quiet=28.333333;green=15.000000;housing_environment=28.333333,34.895283,44.610167,54.324033,64.367650,66.268317,5,5,0,false
bradford,green_-10pp,air=28.333333;quiet=28.333333;green=15.000000;housing_environment=28.333333,34.895283,44.610167,54.324033,64.367650,34.643183,1,2,1,false
bridgend,green_-10pp,air=28.333333;quiet=28.333333;green=15.000000;housing_environment=28.333333,34.895283,44.610167,54.324033,64.367650,80.401883,5,5,0,false
brighton-hove,green_-10pp,air=28.333333;quiet=28.333333;green=15.000000;housing_environment=28.333333,34.895283,44.610167,54.324033,64.367650,50.153783,3,3,0,false
bristol,green_-10pp,air=28.333333;quiet=28.333333;green=15.000000;housing_environment=28.333333,34.895283,44.610167,54.324033,64.367650,61.399067,4,5,1,false
burford,green_-10pp,air=28.333333;quiet=28.333333;green=15.000000;housing_environment=28.333333,34.895283,44.610167,54.324033,64.367650,33.521450,1,1,0,false
burnley,green_-10pp,air=28.333333;quiet=28.333333;green=15.000000;housing_environment=28.333333,34.895283,44.610167,54.324033,64.367650,38.743133,2,2,0,false
burton-on-trent,green_-10pp,air=28.333333;quiet=28.333333;green=15.000000;housing_environment=28.333333,34.895283,44.610167,54.324033,64.367650,40.142233,2,2,0,false
cambridge,green_-10pp,air=28.333333;quiet=28.333333;green=15.000000;housing_environment=28.333333,34.895283,44.610167,54.324033,64.367650,65.832467,5,5,0,false
cardiff,green_-10pp,air=28.333333;quiet=28.333333;green=15.000000;housing_environment=28.333333,34.895283,44.610167,54.324033,64.367650,62.989333,4,5,1,false
cheltenham,green_-10pp,air=28.333333;quiet=28.333333;green=15.000000;housing_environment=28.333333,34.895283,44.610167,54.324033,64.367650,68.234567,5,5,0,false
chepstow,green_-10pp,air=28.333333;quiet=28.333333;green=15.000000;housing_environment=28.333333,34.895283,44.610167,54.324033,64.367650,86.033150,5,5,0,false
chester,green_-10pp,air=28.333333;quiet=28.333333;green=15.000000;housing_environment=28.333333,34.895283,44.610167,54.324033,64.367650,57.041050,4,4,0,false
chesterfield,green_-10pp,air=28.333333;quiet=28.333333;green=15.000000;housing_environment=28.333333,34.895283,44.610167,54.324033,64.367650,47.975950,3,3,0,false
colchester,green_-10pp,air=28.333333;quiet=28.333333;green=15.000000;housing_environment=28.333333,34.895283,44.610167,54.324033,64.367650,61.950083,4,4,0,false
coventry,green_-10pp,air=28.333333;quiet=28.333333;green=15.000000;housing_environment=28.333333,34.895283,44.610167,54.324033,64.367650,41.673333,2,2,0,false
darlington,green_-10pp,air=28.333333;quiet=28.333333;green=15.000000;housing_environment=28.333333,34.895283,44.610167,54.324033,64.367650,54.978800,4,4,0,false
derby,green_-10pp,air=28.333333;quiet=28.333333;green=15.000000;housing_environment=28.333333,34.895283,44.610167,54.324033,64.367650,48.619467,3,3,0,false
doncaster,green_-10pp,air=28.333333;quiet=28.333333;green=15.000000;housing_environment=28.333333,34.895283,44.610167,54.324033,64.367650,34.895283,2,1,1,false
durham,green_-10pp,air=28.333333;quiet=28.333333;green=15.000000;housing_environment=28.333333,34.895283,44.610167,54.324033,64.367650,59.099850,4,4,0,false
exeter,green_-10pp,air=28.333333;quiet=28.333333;green=15.000000;housing_environment=28.333333,34.895283,44.610167,54.324033,64.367650,79.715667,5,5,0,false
gateshead,green_-10pp,air=28.333333;quiet=28.333333;green=15.000000;housing_environment=28.333333,34.895283,44.610167,54.324033,64.367650,49.924583,3,4,1,false
gloucester,green_-10pp,air=28.333333;quiet=28.333333;green=15.000000;housing_environment=28.333333,34.895283,44.610167,54.324033,64.367650,69.586067,5,5,0,false
halifax,green_-10pp,air=28.333333;quiet=28.333333;green=15.000000;housing_environment=28.333333,34.895283,44.610167,54.324033,64.367650,34.403233,1,1,0,false
hartlepool,green_-10pp,air=28.333333;quiet=28.333333;green=15.000000;housing_environment=28.333333,34.895283,44.610167,54.324033,64.367650,65.782050,5,4,1,false
hay-on-wye,green_-10pp,air=28.333333;quiet=28.333333;green=15.000000;housing_environment=28.333333,34.895283,44.610167,54.324033,64.367650,57.763583,4,4,0,false
huddersfield,green_-10pp,air=28.333333;quiet=28.333333;green=15.000000;housing_environment=28.333333,34.895283,44.610167,54.324033,64.367650,37.022400,2,2,0,false
hull-kingston-upon-hull,green_-10pp,air=28.333333;quiet=28.333333;green=15.000000;housing_environment=28.333333,34.895283,44.610167,54.324033,64.367650,60.369450,4,4,0,false
ipswich,green_-10pp,air=28.333333;quiet=28.333333;green=15.000000;housing_environment=28.333333,34.895283,44.610167,54.324033,64.367650,44.733233,3,2,1,false
kettering,green_-10pp,air=28.333333;quiet=28.333333;green=15.000000;housing_environment=28.333333,34.895283,44.610167,54.324033,64.367650,53.511300,3,4,1,false
lancaster,green_-10pp,air=28.333333;quiet=28.333333;green=15.000000;housing_environment=28.333333,34.895283,44.610167,54.324033,64.367650,53.484300,3,4,1,false
leeds,green_-10pp,air=28.333333;quiet=28.333333;green=15.000000;housing_environment=28.333333,34.895283,44.610167,54.324033,64.367650,38.072600,2,2,0,false
leicester,green_-10pp,air=28.333333;quiet=28.333333;green=15.000000;housing_environment=28.333333,34.895283,44.610167,54.324033,64.367650,46.256517,3,3,0,false
lincoln,green_-10pp,air=28.333333;quiet=28.333333;green=15.000000;housing_environment=28.333333,34.895283,44.610167,54.324033,64.367650,57.946350,4,4,0,false
liverpool,green_-10pp,air=28.333333;quiet=28.333333;green=15.000000;housing_environment=28.333333,34.895283,44.610167,54.324033,64.367650,52.677783,3,4,1,false
llanelli,green_-10pp,air=28.333333;quiet=28.333333;green=15.000000;housing_environment=28.333333,34.895283,44.610167,54.324033,64.367650,49.054450,3,3,0,false
loughborough,green_-10pp,air=28.333333;quiet=28.333333;green=15.000000;housing_environment=28.333333,34.895283,44.610167,54.324033,64.367650,56.500133,4,3,1,false
luton,green_-10pp,air=28.333333;quiet=28.333333;green=15.000000;housing_environment=28.333333,34.895283,44.610167,54.324033,64.367650,30.777650,1,1,0,false
manchester,green_-10pp,air=28.333333;quiet=28.333333;green=15.000000;housing_environment=28.333333,34.895283,44.610167,54.324033,64.367650,42.925300,2,2,0,false
merthyr-tydfil,green_-10pp,air=28.333333;quiet=28.333333;green=15.000000;housing_environment=28.333333,34.895283,44.610167,54.324033,64.367650,62.643200,4,4,0,false
middlesbrough,green_-10pp,air=28.333333;quiet=28.333333;green=15.000000;housing_environment=28.333333,34.895283,44.610167,54.324033,64.367650,57.906400,4,4,0,false
milton-keynes,green_-10pp,air=28.333333;quiet=28.333333;green=15.000000;housing_environment=28.333333,34.895283,44.610167,54.324033,64.367650,79.276250,5,5,0,false
narberth,green_-10pp,air=28.333333;quiet=28.333333;green=15.000000;housing_environment=28.333333,34.895283,44.610167,54.324033,64.367650,62.313950,4,4,0,false
neath,green_-10pp,air=28.333333;quiet=28.333333;green=15.000000;housing_environment=28.333333,34.895283,44.610167,54.324033,64.367650,52.867067,3,3,0,false
newbridge,green_-10pp,air=28.333333;quiet=28.333333;green=15.000000;housing_environment=28.333333,34.895283,44.610167,54.324033,64.367650,44.634400,3,3,0,false
newcastle-upon-tyne,green_-10pp,air=28.333333;quiet=28.333333;green=15.000000;housing_environment=28.333333,34.895283,44.610167,54.324033,64.367650,55.362883,4,4,0,false
newport,green_-10pp,air=28.333333;quiet=28.333333;green=15.000000;housing_environment=28.333333,34.895283,44.610167,54.324033,64.367650,60.589183,4,4,0,false
northampton,green_-10pp,air=28.333333;quiet=28.333333;green=15.000000;housing_environment=28.333333,34.895283,44.610167,54.324033,64.367650,62.100583,4,4,0,false
norwich,green_-10pp,air=28.333333;quiet=28.333333;green=15.000000;housing_environment=28.333333,34.895283,44.610167,54.324033,64.367650,59.023133,4,4,0,false
nottingham,green_-10pp,air=28.333333;quiet=28.333333;green=15.000000;housing_environment=28.333333,34.895283,44.610167,54.324033,64.367650,45.690983,3,3,0,false
oxford,green_-10pp,air=28.333333;quiet=28.333333;green=15.000000;housing_environment=28.333333,34.895283,44.610167,54.324033,64.367650,59.707567,4,4,0,false
peterborough,green_-10pp,air=28.333333;quiet=28.333333;green=15.000000;housing_environment=28.333333,34.895283,44.610167,54.324033,64.367650,64.659217,5,5,0,false
plymouth,green_-10pp,air=28.333333;quiet=28.333333;green=15.000000;housing_environment=28.333333,34.895283,44.610167,54.324033,64.367650,78.002533,5,5,0,false
portsmouth,green_-10pp,air=28.333333;quiet=28.333333;green=15.000000;housing_environment=28.333333,34.895283,44.610167,54.324033,64.367650,44.610167,3,2,1,false
preston,green_-10pp,air=28.333333;quiet=28.333333;green=15.000000;housing_environment=28.333333,34.895283,44.610167,54.324033,64.367650,45.985983,3,3,0,false
reading,green_-10pp,air=28.333333;quiet=28.333333;green=15.000000;housing_environment=28.333333,34.895283,44.610167,54.324033,64.367650,47.349600,3,3,0,false
rhyl,green_-10pp,air=28.333333;quiet=28.333333;green=15.000000;housing_environment=28.333333,34.895283,44.610167,54.324033,64.367650,59.028017,4,4,0,false
rotherham,green_-10pp,air=28.333333;quiet=28.333333;green=15.000000;housing_environment=28.333333,34.895283,44.610167,54.324033,64.367650,37.564050,2,2,0,false
rye,green_-10pp,air=28.333333;quiet=28.333333;green=15.000000;housing_environment=28.333333,34.895283,44.610167,54.324033,64.367650,45.504400,3,3,0,false
salford,green_-10pp,air=28.333333;quiet=28.333333;green=15.000000;housing_environment=28.333333,34.895283,44.610167,54.324033,64.367650,45.852600,3,3,0,false
sheffield,green_-10pp,air=28.333333;quiet=28.333333;green=15.000000;housing_environment=28.333333,34.895283,44.610167,54.324033,64.367650,51.172283,3,3,0,false
shrewsbury,green_-10pp,air=28.333333;quiet=28.333333;green=15.000000;housing_environment=28.333333,34.895283,44.610167,54.324033,64.367650,69.440800,5,5,0,false
southampton,green_-10pp,air=28.333333;quiet=28.333333;green=15.000000;housing_environment=28.333333,34.895283,44.610167,54.324033,64.367650,50.178300,3,3,0,false
southend-on-sea,green_-10pp,air=28.333333;quiet=28.333333;green=15.000000;housing_environment=28.333333,34.895283,44.610167,54.324033,64.367650,30.168167,1,1,0,false
st-helens,green_-10pp,air=28.333333;quiet=28.333333;green=15.000000;housing_environment=28.333333,34.895283,44.610167,54.324033,64.367650,55.451767,4,4,0,false
stafford,green_-10pp,air=28.333333;quiet=28.333333;green=15.000000;housing_environment=28.333333,34.895283,44.610167,54.324033,64.367650,46.308833,3,2,1,false
stockport,green_-10pp,air=28.333333;quiet=28.333333;green=15.000000;housing_environment=28.333333,34.895283,44.610167,54.324033,64.367650,32.906233,1,2,1,false
stockton-on-tees,green_-10pp,air=28.333333;quiet=28.333333;green=15.000000;housing_environment=28.333333,34.895283,44.610167,54.324033,64.367650,63.040800,4,4,0,false
stoke-on-trent,green_-10pp,air=28.333333;quiet=28.333333;green=15.000000;housing_environment=28.333333,34.895283,44.610167,54.324033,64.367650,47.080133,3,3,0,false
sunderland,green_-10pp,air=28.333333;quiet=28.333333;green=15.000000;housing_environment=28.333333,34.895283,44.610167,54.324033,64.367650,43.390950,2,2,0,false
swansea,green_-10pp,air=28.333333;quiet=28.333333;green=15.000000;housing_environment=28.333333,34.895283,44.610167,54.324033,64.367650,65.616850,5,5,0,false
swindon,green_-10pp,air=28.333333;quiet=28.333333;green=15.000000;housing_environment=28.333333,34.895283,44.610167,54.324033,64.367650,82.644733,5,5,0,false
telford,green_-10pp,air=28.333333;quiet=28.333333;green=15.000000;housing_environment=28.333333,34.895283,44.610167,54.324033,64.367650,79.207400,5,5,0,false
tenby,green_-10pp,air=28.333333;quiet=28.333333;green=15.000000;housing_environment=28.333333,34.895283,44.610167,54.324033,64.367650,46.062217,3,3,0,false
torbay,green_-10pp,air=28.333333;quiet=28.333333;green=15.000000;housing_environment=28.333333,34.895283,44.610167,54.324033,64.367650,64.620500,5,4,1,false
wakefield,green_-10pp,air=28.333333;quiet=28.333333;green=15.000000;housing_environment=28.333333,34.895283,44.610167,54.324033,64.367650,45.139933,3,3,0,false
walsall,green_-10pp,air=28.333333;quiet=28.333333;green=15.000000;housing_environment=28.333333,34.895283,44.610167,54.324033,64.367650,17.667800,1,1,0,false
warrington,green_-10pp,air=28.333333;quiet=28.333333;green=15.000000;housing_environment=28.333333,34.895283,44.610167,54.324033,64.367650,56.994833,4,4,0,false
wigan,green_-10pp,air=28.333333;quiet=28.333333;green=15.000000;housing_environment=28.333333,34.895283,44.610167,54.324033,64.367650,49.637233,3,3,0,false
wolverhampton,green_-10pp,air=28.333333;quiet=28.333333;green=15.000000;housing_environment=28.333333,34.895283,44.610167,54.324033,64.367650,36.353467,2,1,1,false
worcester,green_-10pp,air=28.333333;quiet=28.333333;green=15.000000;housing_environment=28.333333,34.895283,44.610167,54.324033,64.367650,53.435233,3,3,0,false
wrexham,green_-10pp,air=28.333333;quiet=28.333333;green=15.000000;housing_environment=28.333333,34.895283,44.610167,54.324033,64.367650,76.298567,5,5,0,false
york,green_-10pp,air=28.333333;quiet=28.333333;green=15.000000;housing_environment=28.333333,34.895283,44.610167,54.324033,64.367650,70.201533,5,5,0,false
bangor,green_+10pp,air=21.666667;quiet=21.666667;green=35.000000;housing_environment=21.666667,38.151217,45.336017,53.479133,62.307617,49.697883,3,4,1,false
barnsley,green_+10pp,air=21.666667;quiet=21.666667;green=35.000000;housing_environment=21.666667,38.151217,45.336017,53.479133,62.307617,62.070317,4,4,0,false
bath,green_+10pp,air=21.666667;quiet=21.666667;green=35.000000;housing_environment=21.666667,38.151217,45.336017,53.479133,62.307617,59.283350,4,4,0,false
birmingham,green_+10pp,air=21.666667;quiet=21.666667;green=35.000000;housing_environment=21.666667,38.151217,45.336017,53.479133,62.307617,34.534233,1,1,0,false
blackburn,green_+10pp,air=21.666667;quiet=21.666667;green=35.000000;housing_environment=21.666667,38.151217,45.336017,53.479133,62.307617,39.287600,2,2,0,false
blackpool,green_+10pp,air=21.666667;quiet=21.666667;green=35.000000;housing_environment=21.666667,38.151217,45.336017,53.479133,62.307617,45.387617,3,3,0,false
bolton,green_+10pp,air=21.666667;quiet=21.666667;green=35.000000;housing_environment=21.666667,38.151217,45.336017,53.479133,62.307617,45.431050,3,2,1,false
bournemouth-poole,green_+10pp,air=21.666667;quiet=21.666667;green=35.000000;housing_environment=21.666667,38.151217,45.336017,53.479133,62.307617,60.209183,4,5,1,false
bradford,green_+10pp,air=21.666667;quiet=21.666667;green=35.000000;housing_environment=21.666667,38.151217,45.336017,53.479133,62.307617,41.128317,2,2,0,false
bridgend,green_+10pp,air=21.666667;quiet=21.666667;green=35.000000;housing_environment=21.666667,38.151217,45.336017,53.479133,62.307617,65.670617,5,5,0,false
brighton-hove,green_+10pp,air=21.666667;quiet=21.666667;green=35.000000;housing_environment=21.666667,38.151217,45.336017,53.479133,62.307617,45.271717,2,3,1,false
bristol,green_+10pp,air=21.666667;quiet=21.666667;green=35.000000;housing_environment=21.666667,38.151217,45.336017,53.479133,62.307617,66.380933,5,5,0,false
burford,green_+10pp,air=21.666667;quiet=21.666667;green=35.000000;housing_environment=21.666667,38.151217,45.336017,53.479133,62.307617,29.874050,1,1,0,false
burnley,green_+10pp,air=21.666667;quiet=21.666667;green=35.000000;housing_environment=21.666667,38.151217,45.336017,53.479133,62.307617,49.782867,3,2,1,false
burton-on-trent,green_+10pp,air=21.666667;quiet=21.666667;green=35.000000;housing_environment=21.666667,38.151217,45.336017,53.479133,62.307617,37.064767,1,2,1,false
cambridge,green_+10pp,air=21.666667;quiet=21.666667;green=35.000000;housing_environment=21.666667,38.151217,45.336017,53.479133,62.307617,62.849533,5,5,0,false
cardiff,green_+10pp,air=21.666667;quiet=21.666667;green=35.000000;housing_environment=21.666667,38.151217,45.336017,53.479133,62.307617,64.866667,5,5,0,false
cheltenham,green_+10pp,air=21.666667;quiet=21.666667;green=35.000000;housing_environment=21.666667,38.151217,45.336017,53.479133,62.307617,63.826433,5,5,0,false
chepstow,green_+10pp,air=21.666667;quiet=21.666667;green=35.000000;housing_environment=21.666667,38.151217,45.336017,53.479133,62.307617,77.601350,5,5,0,false
chester,green_+10pp,air=21.666667;quiet=21.666667;green=35.000000;housing_environment=21.666667,38.151217,45.336017,53.479133,62.307617,54.826450,4,4,0,false
chesterfield,green_+10pp,air=21.666667;quiet=21.666667;green=35.000000;housing_environment=21.666667,38.151217,45.336017,53.479133,62.307617,48.982550,3,3,0,false
colchester,green_+10pp,air=21.666667;quiet=21.666667;green=35.000000;housing_environment=21.666667,38.151217,45.336017,53.479133,62.307617,63.904417,5,4,1,false
coventry,green_+10pp,air=21.666667;quiet=21.666667;green=35.000000;housing_environment=21.666667,38.151217,45.336017,53.479133,62.307617,44.298667,2,2,0,false
darlington,green_+10pp,air=21.666667;quiet=21.666667;green=35.000000;housing_environment=21.666667,38.151217,45.336017,53.479133,62.307617,56.397200,4,4,0,false
derby,green_+10pp,air=21.666667;quiet=21.666667;green=35.000000;housing_environment=21.666667,38.151217,45.336017,53.479133,62.307617,48.876533,3,3,0,false
doncaster,green_+10pp,air=21.666667;quiet=21.666667;green=35.000000;housing_environment=21.666667,38.151217,45.336017,53.479133,62.307617,31.643217,1,1,0,false
durham,green_+10pp,air=21.666667;quiet=21.666667;green=35.000000;housing_environment=21.666667,38.151217,45.336017,53.479133,62.307617,48.183650,3,4,1,false
exeter,green_+10pp,air=21.666667;quiet=21.666667;green=35.000000;housing_environment=21.666667,38.151217,45.336017,53.479133,62.307617,72.166333,5,5,0,false
gateshead,green_+10pp,air=21.666667;quiet=21.666667;green=35.000000;housing_environment=21.666667,38.151217,45.336017,53.479133,62.307617,59.180917,4,4,0,false
gloucester,green_+10pp,air=21.666667;quiet=21.666667;green=35.000000;housing_environment=21.666667,38.151217,45.336017,53.479133,62.307617,71.075933,5,5,0,false
halifax,green_+10pp,air=21.666667;quiet=21.666667;green=35.000000;housing_environment=21.666667,38.151217,45.336017,53.479133,62.307617,34.949767,1,1,0,false
hartlepool,green_+10pp,air=21.666667;quiet=21.666667;green=35.000000;housing_environment=21.666667,38.151217,45.336017,53.479133,62.307617,56.959450,4,4,0,false
hay-on-wye,green_+10pp,air=21.666667;quiet=21.666667;green=35.000000;housing_environment=21.666667,38.151217,45.336017,53.479133,62.307617,59.739917,4,4,0,false
huddersfield,green_+10pp,air=21.666667;quiet=21.666667;green=35.000000;housing_environment=21.666667,38.151217,45.336017,53.479133,62.307617,41.653600,2,2,0,false
hull-kingston-upon-hull,green_+10pp,air=21.666667;quiet=21.666667;green=35.000000;housing_environment=21.666667,38.151217,45.336017,53.479133,62.307617,57.714050,4,4,0,false
ipswich,green_+10pp,air=21.666667;quiet=21.666667;green=35.000000;housing_environment=21.666667,38.151217,45.336017,53.479133,62.307617,44.371767,2,2,0,false
kettering,green_+10pp,air=21.666667;quiet=21.666667;green=35.000000;housing_environment=21.666667,38.151217,45.336017,53.479133,62.307617,54.871700,4,4,0,false
lancaster,green_+10pp,air=21.666667;quiet=21.666667;green=35.000000;housing_environment=21.666667,38.151217,45.336017,53.479133,62.307617,60.280700,4,4,0,false
leeds,green_+10pp,air=21.666667;quiet=21.666667;green=35.000000;housing_environment=21.666667,38.151217,45.336017,53.479133,62.307617,43.701400,2,2,0,false
leicester,green_+10pp,air=21.666667;quiet=21.666667;green=35.000000;housing_environment=21.666667,38.151217,45.336017,53.479133,62.307617,52.682983,3,3,0,false
lincoln,green_+10pp,air=21.666667;quiet=21.666667;green=35.000000;housing_environment=21.666667,38.151217,45.336017,53.479133,62.307617,52.404150,3,4,1,false
liverpool,green_+10pp,air=21.666667;quiet=21.666667;green=35.000000;housing_environment=21.666667,38.151217,45.336017,53.479133,62.307617,57.671717,4,4,0,false
llanelli,green_+10pp,air=21.666667;quiet=21.666667;green=35.000000;housing_environment=21.666667,38.151217,45.336017,53.479133,62.307617,48.643050,3,3,0,false
loughborough,green_+10pp,air=21.666667;quiet=21.666667;green=35.000000;housing_environment=21.666667,38.151217,45.336017,53.479133,62.307617,49.027867,3,3,0,false
luton,green_+10pp,air=21.666667;quiet=21.666667;green=35.000000;housing_environment=21.666667,38.151217,45.336017,53.479133,62.307617,34.671850,1,1,0,false
manchester,green_+10pp,air=21.666667;quiet=21.666667;green=35.000000;housing_environment=21.666667,38.151217,45.336017,53.479133,62.307617,46.409700,3,2,1,false
merthyr-tydfil,green_+10pp,air=21.666667;quiet=21.666667;green=35.000000;housing_environment=21.666667,38.151217,45.336017,53.479133,62.307617,61.992800,4,4,0,false
middlesbrough,green_+10pp,air=21.666667;quiet=21.666667;green=35.000000;housing_environment=21.666667,38.151217,45.336017,53.479133,62.307617,58.973600,4,4,0,false
milton-keynes,green_+10pp,air=21.666667;quiet=21.666667;green=35.000000;housing_environment=21.666667,38.151217,45.336017,53.479133,62.307617,83.779250,5,5,0,false
narberth,green_+10pp,air=21.666667;quiet=21.666667;green=35.000000;housing_environment=21.666667,38.151217,45.336017,53.479133,62.307617,60.496550,4,4,0,false
neath,green_+10pp,air=21.666667;quiet=21.666667;green=35.000000;housing_environment=21.666667,38.151217,45.336017,53.479133,62.307617,48.972933,3,3,0,false
newbridge,green_+10pp,air=21.666667;quiet=21.666667;green=35.000000;housing_environment=21.666667,38.151217,45.336017,53.479133,62.307617,46.661600,3,3,0,false
newcastle-upon-tyne,green_+10pp,air=21.666667;quiet=21.666667;green=35.000000;housing_environment=21.666667,38.151217,45.336017,53.479133,62.307617,62.307617,5,4,1,false
newport,green_+10pp,air=21.666667;quiet=21.666667;green=35.000000;housing_environment=21.666667,38.151217,45.336017,53.479133,62.307617,60.314317,4,4,0,false
northampton,green_+10pp,air=21.666667;quiet=21.666667;green=35.000000;housing_environment=21.666667,38.151217,45.336017,53.479133,62.307617,63.080917,5,4,1,false
norwich,green_+10pp,air=21.666667;quiet=21.666667;green=35.000000;housing_environment=21.666667,38.151217,45.336017,53.479133,62.307617,52.190867,3,4,1,false
nottingham,green_+10pp,air=21.666667;quiet=21.666667;green=35.000000;housing_environment=21.666667,38.151217,45.336017,53.479133,62.307617,49.310517,3,3,0,false
oxford,green_+10pp,air=21.666667;quiet=21.666667;green=35.000000;housing_environment=21.666667,38.151217,45.336017,53.479133,62.307617,60.843433,4,4,0,false
peterborough,green_+10pp,air=21.666667;quiet=21.666667;green=35.000000;housing_environment=21.666667,38.151217,45.336017,53.479133,62.307617,69.013283,5,5,0,false
plymouth,green_+10pp,air=21.666667;quiet=21.666667;green=35.000000;housing_environment=21.666667,38.151217,45.336017,53.479133,62.307617,73.105467,5,5,0,false
portsmouth,green_+10pp,air=21.666667;quiet=21.666667;green=35.000000;housing_environment=21.666667,38.151217,45.336017,53.479133,62.307617,42.666833,2,2,0,false
preston,green_+10pp,air=21.666667;quiet=21.666667;green=35.000000;housing_environment=21.666667,38.151217,45.336017,53.479133,62.307617,49.321517,3,3,0,false
reading,green_+10pp,air=21.666667;quiet=21.666667;green=35.000000;housing_environment=21.666667,38.151217,45.336017,53.479133,62.307617,43.142400,2,3,1,false
rhyl,green_+10pp,air=21.666667;quiet=21.666667;green=35.000000;housing_environment=21.666667,38.151217,45.336017,53.479133,62.307617,51.276483,3,4,1,false
rotherham,green_+10pp,air=21.666667;quiet=21.666667;green=35.000000;housing_environment=21.666667,38.151217,45.336017,53.479133,62.307617,38.853450,2,2,0,false
rye,green_+10pp,air=21.666667;quiet=21.666667;green=35.000000;housing_environment=21.666667,38.151217,45.336017,53.479133,62.307617,47.247600,3,3,0,false
salford,green_+10pp,air=21.666667;quiet=21.666667;green=35.000000;housing_environment=21.666667,38.151217,45.336017,53.479133,62.307617,52.417400,3,3,0,false
sheffield,green_+10pp,air=21.666667;quiet=21.666667;green=35.000000;housing_environment=21.666667,38.151217,45.336017,53.479133,62.307617,55.780217,4,3,1,false
shrewsbury,green_+10pp,air=21.666667;quiet=21.666667;green=35.000000;housing_environment=21.666667,38.151217,45.336017,53.479133,62.307617,64.679200,5,5,0,false
southampton,green_+10pp,air=21.666667;quiet=21.666667;green=35.000000;housing_environment=21.666667,38.151217,45.336017,53.479133,62.307617,49.702700,3,3,0,false
southend-on-sea,green_+10pp,air=21.666667;quiet=21.666667;green=35.000000;housing_environment=21.666667,38.151217,45.336017,53.479133,62.307617,27.768833,1,1,0,false
st-helens,green_+10pp,air=21.666667;quiet=21.666667;green=35.000000;housing_environment=21.666667,38.151217,45.336017,53.479133,62.307617,61.957233,4,4,0,false
stafford,green_+10pp,air=21.666667;quiet=21.666667;green=35.000000;housing_environment=21.666667,38.151217,45.336017,53.479133,62.307617,40.256167,2,2,0,false
stockport,green_+10pp,air=21.666667;quiet=21.666667;green=35.000000;housing_environment=21.666667,38.151217,45.336017,53.479133,62.307617,46.088767,3,2,1,false
stockton-on-tees,green_+10pp,air=21.666667;quiet=21.666667;green=35.000000;housing_environment=21.666667,38.151217,45.336017,53.479133,62.307617,57.583200,4,4,0,false
stoke-on-trent,green_+10pp,air=21.666667;quiet=21.666667;green=35.000000;housing_environment=21.666667,38.151217,45.336017,53.479133,62.307617,58.527867,4,3,1,false
sunderland,green_+10pp,air=21.666667;quiet=21.666667;green=35.000000;housing_environment=21.666667,38.151217,45.336017,53.479133,62.307617,39.469550,2,2,0,false
swansea,green_+10pp,air=21.666667;quiet=21.666667;green=35.000000;housing_environment=21.666667,38.151217,45.336017,53.479133,62.307617,61.772650,4,5,1,false
swindon,green_+10pp,air=21.666667;quiet=21.666667;green=35.000000;housing_environment=21.666667,38.151217,45.336017,53.479133,62.307617,84.925267,5,5,0,false
telford,green_+10pp,air=21.666667;quiet=21.666667;green=35.000000;housing_environment=21.666667,38.151217,45.336017,53.479133,62.307617,78.778600,5,5,0,false
tenby,green_+10pp,air=21.666667;quiet=21.666667;green=35.000000;housing_environment=21.666667,38.151217,45.336017,53.479133,62.307617,46.196283,3,3,0,false
torbay,green_+10pp,air=21.666667;quiet=21.666667;green=35.000000;housing_environment=21.666667,38.151217,45.336017,53.479133,62.307617,59.078500,4,4,0,false
wakefield,green_+10pp,air=21.666667;quiet=21.666667;green=35.000000;housing_environment=21.666667,38.151217,45.336017,53.479133,62.307617,50.626067,3,3,0,false
walsall,green_+10pp,air=21.666667;quiet=21.666667;green=35.000000;housing_environment=21.666667,38.151217,45.336017,53.479133,62.307617,23.934200,1,1,0,false
warrington,green_+10pp,air=21.666667;quiet=21.666667;green=35.000000;housing_environment=21.666667,38.151217,45.336017,53.479133,62.307617,63.922167,5,4,1,false
wigan,green_+10pp,air=21.666667;quiet=21.666667;green=35.000000;housing_environment=21.666667,38.151217,45.336017,53.479133,62.307617,51.043767,3,3,0,false
wolverhampton,green_+10pp,air=21.666667;quiet=21.666667;green=35.000000;housing_environment=21.666667,38.151217,45.336017,53.479133,62.307617,35.362533,1,1,0,false
worcester,green_+10pp,air=21.666667;quiet=21.666667;green=35.000000;housing_environment=21.666667,38.151217,45.336017,53.479133,62.307617,46.161767,3,3,0,false
wrexham,green_+10pp,air=21.666667;quiet=21.666667;green=35.000000;housing_environment=21.666667,38.151217,45.336017,53.479133,62.307617,78.030433,5,5,0,false
york,green_+10pp,air=21.666667;quiet=21.666667;green=35.000000;housing_environment=21.666667,38.151217,45.336017,53.479133,62.307617,68.484467,5,5,0,false
bangor,housing_environment_-10pp,air=28.333333;quiet=28.333333;green=28.333333;housing_environment=15.000000,35.630400,44.453917,54.622117,63.169333,53.103017,3,4,1,false
barnsley,housing_environment_-10pp,air=28.333333;quiet=28.333333;green=28.333333;housing_environment=15.000000,35.630400,44.453917,54.622117,63.169333,59.265850,4,4,0,false
bath,housing_environment_-10pp,air=28.333333;quiet=28.333333;green=28.333333;housing_environment=15.000000,35.630400,44.453917,54.622117,63.169333,64.018883,5,4,1,false
birmingham,housing_environment_-10pp,air=28.333333;quiet=28.333333;green=28.333333;housing_environment=15.000000,35.630400,44.453917,54.622117,63.169333,33.548100,1,1,0,false
blackburn,housing_environment_-10pp,air=28.333333;quiet=28.333333;green=28.333333;housing_environment=15.000000,35.630400,44.453917,54.622117,63.169333,44.055333,2,2,0,false
blackpool,housing_environment_-10pp,air=28.333333;quiet=28.333333;green=28.333333;housing_environment=15.000000,35.630400,44.453917,54.622117,63.169333,53.852483,3,3,0,false
bolton,housing_environment_-10pp,air=28.333333;quiet=28.333333;green=28.333333;housing_environment=15.000000,35.630400,44.453917,54.622117,63.169333,44.453917,3,2,1,false
bournemouth-poole,housing_environment_-10pp,air=28.333333;quiet=28.333333;green=28.333333;housing_environment=15.000000,35.630400,44.453917,54.622117,63.169333,64.422850,5,5,0,false
bradford,housing_environment_-10pp,air=28.333333;quiet=28.333333;green=28.333333;housing_environment=15.000000,35.630400,44.453917,54.622117,63.169333,42.327983,2,2,0,false
bridgend,housing_environment_-10pp,air=28.333333;quiet=28.333333;green=28.333333;housing_environment=15.000000,35.630400,44.453917,54.622117,63.169333,69.777617,5,5,0,false
brighton-hove,housing_environment_-10pp,air=28.333333;quiet=28.333333;green=28.333333;housing_environment=15.000000,35.630400,44.453917,54.622117,63.169333,47.942183,3,3,0,false
bristol,housing_environment_-10pp,air=28.333333;quiet=28.333333;green=28.333333;housing_environment=15.000000,35.630400,44.453917,54.622117,63.169333,66.345333,5,5,0,false
burford,housing_environment_-10pp,air=28.333333;quiet=28.333333;green=28.333333;housing_environment=15.000000,35.630400,44.453917,54.622117,63.169333,35.776250,2,1,1,false
burnley,housing_environment_-10pp,air=28.333333;quiet=28.333333;green=28.333333;housing_environment=15.000000,35.630400,44.453917,54.622117,63.169333,49.160867,3,2,1,false
burton-on-trent,housing_environment_-10pp,air=28.333333;quiet=28.333333;green=28.333333;housing_environment=15.000000,35.630400,44.453917,54.622117,63.169333,38.668767,2,2,0,false
cambridge,housing_environment_-10pp,air=28.333333;quiet=28.333333;green=28.333333;housing_environment=15.000000,35.630400,44.453917,54.622117,63.169333,60.504733,4,5,1,false
cardiff,housing_environment_-10pp,air=28.333333;quiet=28.333333;green=28.333333;housing_environment=15.000000,35.630400,44.453917,54.622117,63.169333,62.026800,4,5,1,false
cheltenham,housing_environment_-10pp,air=28.333333;quiet=28.333333;green=28.333333;housing_environment=15.000000,35.630400,44.453917,54.622117,63.169333,67.172433,5,5,0,false
chepstow,housing_environment_-10pp,air=28.333333;quiet=28.333333;green=28.333333;housing_environment=15.000000,35.630400,44.453917,54.622117,63.169333,79.634083,5,5,0,false
chester,housing_environment_-10pp,air=28.333333;quiet=28.333333;green=28.333333;housing_environment=15.000000,35.630400,44.453917,54.622117,63.169333,54.027450,3,4,1,false
chesterfield,housing_environment_-10pp,air=28.333333;quiet=28.333333;green=28.333333;housing_environment=15.000000,35.630400,44.453917,54.622117,63.169333,50.228883,3,3,0,false
colchester,housing_environment_-10pp,air=28.333333;quiet=28.333333;green=28.333333;housing_environment=15.000000,35.630400,44.453917,54.622117,63.169333,59.143283,4,4,0,false
coventry,housing_environment_-10pp,air=28.333333;quiet=28.333333;green=28.333333;housing_environment=15.000000,35.630400,44.453917,54.622117,63.169333,43.374133,2,2,0,false
darlington,housing_environment_-10pp,air=28.333333;quiet=28.333333;green=28.333333;housing_environment=15.000000,35.630400,44.453917,54.622117,63.169333,59.812400,4,4,0,false
derby,housing_environment_-10pp,air=28.333333;quiet=28.333333;green=28.333333;housing_environment=15.000000,35.630400,44.453917,54.622117,63.169333,51.164667,3,3,0,false
doncaster,housing_environment_-10pp,air=28.333333;quiet=28.333333;green=28.333333;housing_environment=15.000000,35.630400,44.453917,54.622117,63.169333,33.536883,1,1,0,false
durham,housing_environment_-10pp,air=28.333333;quiet=28.333333;green=28.333333;housing_environment=15.000000,35.630400,44.453917,54.622117,63.169333,49.181450,3,4,1,false
exeter,housing_environment_-10pp,air=28.333333;quiet=28.333333;green=28.333333;housing_environment=15.000000,35.630400,44.453917,54.622117,63.169333,75.331267,5,5,0,false
gateshead,housing_environment_-10pp,air=28.333333;quiet=28.333333;green=28.333333;housing_environment=15.000000,35.630400,44.453917,54.622117,63.169333,54.135650,3,4,1,false
gloucester,housing_environment_-10pp,air=28.333333;quiet=28.333333;green=28.333333;housing_environment=15.000000,35.630400,44.453917,54.622117,63.169333,72.902600,5,5,0,false
halifax,housing_environment_-10pp,air=28.333333;quiet=28.333333;green=28.333333;housing_environment=15.000000,35.630400,44.453917,54.622117,63.169333,38.636700,2,1,1,false
hartlepool,housing_environment_-10pp,air=28.333333;quiet=28.333333;green=28.333333;housing_environment=15.000000,35.630400,44.453917,54.622117,63.169333,62.283650,4,4,0,false
hay-on-wye,housing_environment_-10pp,air=28.333333;quiet=28.333333;green=28.333333;housing_environment=15.000000,35.630400,44.453917,54.622117,63.169333,64.288517,5,4,1,false
huddersfield,housing_environment_-10pp,air=28.333333;quiet=28.333333;green=28.333333;housing_environment=15.000000,35.630400,44.453917,54.622117,63.169333,42.583733,2,2,0,false
hull-kingston-upon-hull,housing_environment_-10pp,air=28.333333;quiet=28.333333;green=28.333333;housing_environment=15.000000,35.630400,44.453917,54.622117,63.169333,59.682783,4,4,0,false
ipswich,housing_environment_-10pp,air=28.333333;quiet=28.333333;green=28.333333;housing_environment=15.000000,35.630400,44.453917,54.622117,63.169333,43.536700,2,2,0,false
kettering,housing_environment_-10pp,air=28.333333;quiet=28.333333;green=28.333333;housing_environment=15.000000,35.630400,44.453917,54.622117,63.169333,55.217433,4,4,0,false
lancaster,housing_environment_-10pp,air=28.333333;quiet=28.333333;green=28.333333;housing_environment=15.000000,35.630400,44.453917,54.622117,63.169333,59.487633,4,4,0,false
leeds,housing_environment_-10pp,air=28.333333;quiet=28.333333;green=28.333333;housing_environment=15.000000,35.630400,44.453917,54.622117,63.169333,41.798067,2,2,0,false
leicester,housing_environment_-10pp,air=28.333333;quiet=28.333333;green=28.333333;housing_environment=15.000000,35.630400,44.453917,54.622117,63.169333,53.124383,3,3,0,false
lincoln,housing_environment_-10pp,air=28.333333;quiet=28.333333;green=28.333333;housing_environment=15.000000,35.630400,44.453917,54.622117,63.169333,52.741017,3,4,1,false
liverpool,housing_environment_-10pp,air=28.333333;quiet=28.333333;green=28.333333;housing_environment=15.000000,35.630400,44.453917,54.622117,63.169333,55.068583,4,4,0,false
llanelli,housing_environment_-10pp,air=28.333333;quiet=28.333333;green=28.333333;housing_environment=15.000000,35.630400,44.453917,54.622117,63.169333,51.662183,3,3,0,false
loughborough,housing_environment_-10pp,air=28.333333;quiet=28.333333;green=28.333333;housing_environment=15.000000,35.630400,44.453917,54.622117,63.169333,50.931867,3,3,0,false
luton,housing_environment_-10pp,air=28.333333;quiet=28.333333;green=28.333333;housing_environment=15.000000,35.630400,44.453917,54.622117,63.169333,33.343917,1,1,0,false
manchester,housing_environment_-10pp,air=28.333333;quiet=28.333333;green=28.333333;housing_environment=15.000000,35.630400,44.453917,54.622117,63.169333,39.759300,2,2,0,false
merthyr-tydfil,housing_environment_-10pp,air=28.333333;quiet=28.333333;green=28.333333;housing_environment=15.000000,35.630400,44.453917,54.622117,63.169333,63.169333,5,4,1,false
middlesbrough,housing_environment_-10pp,air=28.333333;quiet=28.333333;green=28.333333;housing_environment=15.000000,35.630400,44.453917,54.622117,63.169333,60.423200,4,4,0,false
milton-keynes,housing_environment_-10pp,air=28.333333;quiet=28.333333;green=28.333333;housing_environment=15.000000,35.630400,44.453917,54.622117,63.169333,79.339983,5,5,0,false
narberth,housing_environment_-10pp,air=28.333333;quiet=28.333333;green=28.333333;housing_environment=15.000000,35.630400,44.453917,54.622117,63.169333,58.941017,4,4,0,false
neath,housing_environment_-10pp,air=28.333333;quiet=28.333333;green=28.333333;housing_environment=15.000000,35.630400,44.453917,54.622117,63.169333,51.316533,3,3,0,false
newbridge,housing_environment_-10pp,air=28.333333;quiet=28.333333;green=28.333333;housing_environment=15.000000,35.630400,44.453917,54.622117,63.169333,48.240667,3,3,0,false
newcastle-upon-tyne,housing_environment_-10pp,air=28.333333;quiet=28.333333;green=28.333333;housing_environment=15.000000,35.630400,44.453917,54.622117,63.169333,56.637150,4,4,0,false
newport,housing_environment_-10pp,air=28.333333;quiet=28.333333;green=28.333333;housing_environment=15.000000,35.630400,44.453917,54.622117,63.169333,56.515850,4,4,0,false
northampton,housing_environment_-10pp,air=28.333333;quiet=28.333333;green=28.333333;housing_environment=15.000000,35.630400,44.453917,54.622117,63.169333,60.421383,4,4,0,false
norwich,housing_environment_-10pp,air=28.333333;quiet=28.333333;green=28.333333;housing_environment=15.000000,35.630400,44.453917,54.622117,63.169333,53.884733,3,4,1,false
nottingham,housing_environment_-10pp,air=28.333333;quiet=28.333333;green=28.333333;housing_environment=15.000000,35.630400,44.453917,54.622117,63.169333,47.397383,3,3,0,false
oxford,housing_environment_-10pp,air=28.333333;quiet=28.333333;green=28.333333;housing_environment=15.000000,35.630400,44.453917,54.622117,63.169333,58.227300,4,4,0,false
peterborough,housing_environment_-10pp,air=28.333333;quiet=28.333333;green=28.333333;housing_environment=15.000000,35.630400,44.453917,54.622117,63.169333,63.706550,5,5,0,false
plymouth,housing_environment_-10pp,air=28.333333;quiet=28.333333;green=28.333333;housing_environment=15.000000,35.630400,44.453917,54.622117,63.169333,76.602667,5,5,0,false
portsmouth,housing_environment_-10pp,air=28.333333;quiet=28.333333;green=28.333333;housing_environment=15.000000,35.630400,44.453917,54.622117,63.169333,42.771633,2,2,0,false
preston,housing_environment_-10pp,air=28.333333;quiet=28.333333;green=28.333333;housing_environment=15.000000,35.630400,44.453917,54.622117,63.169333,48.749850,3,3,0,false
reading,housing_environment_-10pp,air=28.333333;quiet=28.333333;green=28.333333;housing_environment=15.000000,35.630400,44.453917,54.622117,63.169333,43.366667,2,3,1,false
rhyl,housing_environment_-10pp,air=28.333333;quiet=28.333333;green=28.333333;housing_environment=15.000000,35.630400,44.453917,54.622117,63.169333,59.165083,4,4,0,false
rotherham,housing_environment_-10pp,air=28.333333;quiet=28.333333;green=28.333333;housing_environment=15.000000,35.630400,44.453917,54.622117,63.169333,39.775517,2,2,0,false
rye,housing_environment_-10pp,air=28.333333;quiet=28.333333;green=28.333333;housing_environment=15.000000,35.630400,44.453917,54.622117,63.169333,49.091333,3,3,0,false
salford,housing_environment_-10pp,air=28.333333;quiet=28.333333;green=28.333333;housing_environment=15.000000,35.630400,44.453917,54.622117,63.169333,42.595667,2,3,1,false
sheffield,housing_environment_-10pp,air=28.333333;quiet=28.333333;green=28.333333;housing_environment=15.000000,35.630400,44.453917,54.622117,63.169333,55.118417,4,3,1,false
shrewsbury,housing_environment_-10pp,air=28.333333;quiet=28.333333;green=28.333333;housing_environment=15.000000,35.630400,44.453917,54.622117,63.169333,66.040000,5,5,0,false
southampton,housing_environment_-10pp,air=28.333333;quiet=28.333333;green=28.333333;housing_environment=15.000000,35.630400,44.453917,54.622117,63.169333,48.320033,3,3,0,false
southend-on-sea,housing_environment_-10pp,air=28.333333;quiet=28.333333;green=28.333333;housing_environment=15.000000,35.630400,44.453917,54.622117,63.169333,32.070700,1,1,0,false
st-helens,housing_environment_-10pp,air=28.333333;quiet=28.333333;green=28.333333;housing_environment=15.000000,35.630400,44.453917,54.622117,63.169333,60.060700,4,4,0,false
stafford,housing_environment_-10pp,air=28.333333;quiet=28.333333;green=28.333333;housing_environment=15.000000,35.630400,44.453917,54.622117,63.169333,41.473367,2,2,0,false
stockport,housing_environment_-10pp,air=28.333333;quiet=28.333333;green=28.333333;housing_environment=15.000000,35.630400,44.453917,54.622117,63.169333,41.344100,2,2,0,false
stockton-on-tees,housing_environment_-10pp,air=28.333333;quiet=28.333333;green=28.333333;housing_environment=15.000000,35.630400,44.453917,54.622117,63.169333,61.510533,4,4,0,false
stoke-on-trent,housing_environment_-10pp,air=28.333333;quiet=28.333333;green=28.333333;housing_environment=15.000000,35.630400,44.453917,54.622117,63.169333,55.602800,4,3,1,false
sunderland,housing_environment_-10pp,air=28.333333;quiet=28.333333;green=28.333333;housing_environment=15.000000,35.630400,44.453917,54.622117,63.169333,40.685483,2,2,0,false
swansea,housing_environment_-10pp,air=28.333333;quiet=28.333333;green=28.333333;housing_environment=15.000000,35.630400,44.453917,54.622117,63.169333,66.521517,5,5,0,false
swindon,housing_environment_-10pp,air=28.333333;quiet=28.333333;green=28.333333;housing_environment=15.000000,35.630400,44.453917,54.622117,63.169333,83.057533,5,5,0,false
telford,housing_environment_-10pp,air=28.333333;quiet=28.333333;green=28.333333;housing_environment=15.000000,35.630400,44.453917,54.622117,63.169333,77.392600,5,5,0,false
tenby,housing_environment_-10pp,air=28.333333;quiet=28.333333;green=28.333333;housing_environment=15.000000,35.630400,44.453917,54.622117,63.169333,49.276750,3,3,0,false
torbay,housing_environment_-10pp,air=28.333333;quiet=28.333333;green=28.333333;housing_environment=15.000000,35.630400,44.453917,54.622117,63.169333,67.734233,5,4,1,false
wakefield,housing_environment_-10pp,air=28.333333;quiet=28.333333;green=28.333333;housing_environment=15.000000,35.630400,44.453917,54.622117,63.169333,46.739000,3,3,0,false
walsall,housing_environment_-10pp,air=28.333333;quiet=28.333333;green=28.333333;housing_environment=15.000000,35.630400,44.453917,54.622117,63.169333,21.712200,1,1,0,false
warrington,housing_environment_-10pp,air=28.333333;quiet=28.333333;green=28.333333;housing_environment=15.000000,35.630400,44.453917,54.622117,63.169333,58.898833,4,4,0,false
wigan,housing_environment_-10pp,air=28.333333;quiet=28.333333;green=28.333333;housing_environment=15.000000,35.630400,44.453917,54.622117,63.169333,52.228433,3,3,0,false
wolverhampton,housing_environment_-10pp,air=28.333333;quiet=28.333333;green=28.333333;housing_environment=15.000000,35.630400,44.453917,54.622117,63.169333,38.557600,2,1,1,false
worcester,housing_environment_-10pp,air=28.333333;quiet=28.333333;green=28.333333;housing_environment=15.000000,35.630400,44.453917,54.622117,63.169333,49.933500,3,3,0,false
wrexham,housing_environment_-10pp,air=28.333333;quiet=28.333333;green=28.333333;housing_environment=15.000000,35.630400,44.453917,54.622117,63.169333,78.728033,5,5,0,false
york,housing_environment_-10pp,air=28.333333;quiet=28.333333;green=28.333333;housing_environment=15.000000,35.630400,44.453917,54.622117,63.169333,69.783533,5,5,0,false
bangor,housing_environment_+10pp,air=21.666667;quiet=21.666667;green=21.666667;housing_environment=35.000000,36.539883,45.096950,53.920750,64.012750,54.063483,4,4,0,false
barnsley,housing_environment_+10pp,air=21.666667;quiet=21.666667;green=21.666667;housing_environment=35.000000,36.539883,45.096950,53.920750,64.012750,57.269650,4,4,0,false
bath,housing_environment_+10pp,air=21.666667;quiet=21.666667;green=21.666667;housing_environment=35.000000,36.539883,45.096950,53.920750,64.012750,55.147617,4,4,0,false
birmingham,housing_environment_+10pp,air=21.666667;quiet=21.666667;green=21.666667;housing_environment=35.000000,36.539883,45.096950,53.920750,64.012750,28.586900,1,1,0,false
blackburn,housing_environment_+10pp,air=21.666667;quiet=21.666667;green=21.666667;housing_environment=35.000000,36.539883,45.096950,53.920750,64.012750,37.816667,2,2,0,false
blackpool,housing_environment_+10pp,air=21.666667;quiet=21.666667;green=21.666667;housing_environment=35.000000,36.539883,45.096950,53.920750,64.012750,42.666017,2,3,1,false
bolton,housing_environment_+10pp,air=21.666667;quiet=21.666667;green=21.666667;housing_environment=35.000000,36.539883,45.096950,53.920750,64.012750,41.051583,2,2,0,false
bournemouth-poole,housing_environment_+10pp,air=21.666667;quiet=21.666667;green=21.666667;housing_environment=35.000000,36.539883,45.096950,53.920750,64.012750,62.054650,4,5,1,false
bradford,housing_environment_+10pp,air=21.666667;quiet=21.666667;green=21.666667;housing_environment=35.000000,36.539883,45.096950,53.920750,64.012750,33.443517,1,2,1,false
bridgend,housing_environment_+10pp,air=21.666667;quiet=21.666667;green=21.666667;housing_environment=35.000000,36.539883,45.096950,53.920750,64.012750,76.294883,5,5,0,false
brighton-hove,housing_environment_+10pp,air=21.666667;quiet=21.666667;green=21.666667;housing_environment=35.000000,36.539883,45.096950,53.920750,64.012750,47.483317,3,3,0,false
bristol,housing_environment_+10pp,air=21.666667;quiet=21.666667;green=21.666667;housing_environment=35.000000,36.539883,45.096950,53.920750,64.012750,61.434667,4,5,1,false
burford,housing_environment_+10pp,air=21.666667;quiet=21.666667;green=21.666667;housing_environment=35.000000,36.539883,45.096950,53.920750,64.012750,27.619250,1,1,0,false
burnley,housing_environment_+10pp,air=21.666667;quiet=21.666667;green=21.666667;housing_environment=35.000000,36.539883,45.096950,53.920750,64.012750,39.365133,2,2,0,false
burton-on-trent,housing_environment_+10pp,air=21.666667;quiet=21.666667;green=21.666667;housing_environment=35.000000,36.539883,45.096950,53.920750,64.012750,38.538233,2,2,0,false
cambridge,housing_environment_+10pp,air=21.666667;quiet=21.666667;green=21.666667;housing_environment=35.000000,36.539883,45.096950,53.920750,64.012750,68.177267,5,5,0,false
cardiff,housing_environment_+10pp,air=21.666667;quiet=21.666667;green=21.666667;housing_environment=35.000000,36.539883,45.096950,53.920750,64.012750,65.829200,5,5,0,false
cheltenham,housing_environment_+10pp,air=21.666667;quiet=21.666667;green=21.666667;housing_environment=35.000000,36.539883,45.096950,53.920750,64.012750,64.888567,5,5,0,false
chepstow,housing_environment_+10pp,air=21.666667;quiet=21.666667;green=21.666667;housing_environment=35.000000,36.539883,45.096950,53.920750,64.012750,84.000417,5,5,0,false
chester,housing_environment_+10pp,air=21.666667;quiet=21.666667;green=21.666667;housing_environment=35.000000,36.539883,45.096950,53.920750,64.012750,57.840050,4,4,0,false
chesterfield,housing_environment_+10pp,air=21.666667;quiet=21.666667;green=21.666667;housing_environment=35.000000,36.539883,45.096950,53.920750,64.012750,46.729617,3,3,0,false
colchester,housing_environment_+10pp,air=21.666667;quiet=21.666667;green=21.666667;housing_environment=35.000000,36.539883,45.096950,53.920750,64.012750,66.711217,5,4,1,false
coventry,housing_environment_+10pp,air=21.666667;quiet=21.666667;green=21.666667;housing_environment=35.000000,36.539883,45.096950,53.920750,64.012750,42.597867,2,2,0,false
darlington,housing_environment_+10pp,air=21.666667;quiet=21.666667;green=21.666667;housing_environment=35.000000,36.539883,45.096950,53.920750,64.012750,51.563600,3,4,1,false
derby,housing_environment_+10pp,air=21.666667;quiet=21.666667;green=21.666667;housing_environment=35.000000,36.539883,45.096950,53.920750,64.012750,46.331333,3,3,0,false
doncaster,housing_environment_+10pp,air=21.666667;quiet=21.666667;green=21.666667;housing_environment=35.000000,36.539883,45.096950,53.920750,64.012750,33.001617,1,1,0,false
durham,housing_environment_+10pp,air=21.666667;quiet=21.666667;green=21.666667;housing_environment=35.000000,36.539883,45.096950,53.920750,64.012750,58.102050,4,4,0,false
exeter,housing_environment_+10pp,air=21.666667;quiet=21.666667;green=21.666667;housing_environment=35.000000,36.539883,45.096950,53.920750,64.012750,76.550733,5,5,0,false
gateshead,housing_environment_+10pp,air=21.666667;quiet=21.666667;green=21.666667;housing_environment=35.000000,36.539883,45.096950,53.920750,64.012750,54.969850,4,4,0,false
gloucester,housing_environment_+10pp,air=21.666667;quiet=21.666667;green=21.666667;housing_environment=35.000000,36.539883,45.096950,53.920750,64.012750,67.759400,5,5,0,false
halifax,housing_environment_+10pp,air=21.666667;quiet=21.666667;green=21.666667;housing_environment=35.000000,36.539883,45.096950,53.920750,64.012750,30.716300,1,1,0,false
hartlepool,housing_environment_+10pp,air=21.666667;quiet=21.666667;green=21.666667;housing_environment=35.000000,36.539883,45.096950,53.920750,64.012750,60.457850,4,4,0,false
hay-on-wye,housing_environment_+10pp,air=21.666667;quiet=21.666667;green=21.666667;housing_environment=35.000000,36.539883,45.096950,53.920750,64.012750,53.214983,3,4,1,false
huddersfield,housing_environment_+10pp,air=21.666667;quiet=21.666667;green=21.666667;housing_environment=35.000000,36.539883,45.096950,53.920750,64.012750,36.092267,1,2,1,false
hull-kingston-upon-hull,housing_environment_+10pp,air=21.666667;quiet=21.666667;green=21.666667;housing_environment=35.000000,36.539883,45.096950,53.920750,64.012750,58.400717,4,4,0,false
ipswich,housing_environment_+10pp,air=21.666667;quiet=21.666667;green=21.666667;housing_environment=35.000000,36.539883,45.096950,53.920750,64.012750,45.568300,3,2,1,false
kettering,housing_environment_+10pp,air=21.666667;quiet=21.666667;green=21.666667;housing_environment=35.000000,36.539883,45.096950,53.920750,64.012750,53.165567,3,4,1,false
lancaster,housing_environment_+10pp,air=21.666667;quiet=21.666667;green=21.666667;housing_environment=35.000000,36.539883,45.096950,53.920750,64.012750,54.277367,4,4,0,false
leeds,housing_environment_+10pp,air=21.666667;quiet=21.666667;green=21.666667;housing_environment=35.000000,36.539883,45.096950,53.920750,64.012750,39.975933,2,2,0,false
leicester,housing_environment_+10pp,air=21.666667;quiet=21.666667;green=21.666667;housing_environment=35.000000,36.539883,45.096950,53.920750,64.012750,45.815117,3,3,0,false
lincoln,housing_environment_+10pp,air=21.666667;quiet=21.666667;green=21.666667;housing_environment=35.000000,36.539883,45.096950,53.920750,64.012750,57.609483,4,4,0,false
liverpool,housing_environment_+10pp,air=21.666667;quiet=21.666667;green=21.666667;housing_environment=35.000000,36.539883,45.096950,53.920750,64.012750,55.280917,4,4,0,false
llanelli,housing_environment_+10pp,air=21.666667;quiet=21.666667;green=21.666667;housing_environment=35.000000,36.539883,45.096950,53.920750,64.012750,46.035317,3,3,0,false
loughborough,housing_environment_+10pp,air=21.666667;quiet=21.666667;green=21.666667;housing_environment=35.000000,36.539883,45.096950,53.920750,64.012750,54.596133,4,3,1,false
luton,housing_environment_+10pp,air=21.666667;quiet=21.666667;green=21.666667;housing_environment=35.000000,36.539883,45.096950,53.920750,64.012750,32.105583,1,1,0,false
manchester,housing_environment_+10pp,air=21.666667;quiet=21.666667;green=21.666667;housing_environment=35.000000,36.539883,45.096950,53.920750,64.012750,49.575700,3,2,1,false
merthyr-tydfil,housing_environment_+10pp,air=21.666667;quiet=21.666667;green=21.666667;housing_environment=35.000000,36.539883,45.096950,53.920750,64.012750,61.466667,4,4,0,false
middlesbrough,housing_environment_+10pp,air=21.666667;quiet=21.666667;green=21.666667;housing_environment=35.000000,36.539883,45.096950,53.920750,64.012750,56.456800,4,4,0,false
milton-keynes,housing_environment_+10pp,air=21.666667;quiet=21.666667;green=21.666667;housing_environment=35.000000,36.539883,45.096950,53.920750,64.012750,83.715517,5,5,0,false
narberth,housing_environment_+10pp,air=21.666667;quiet=21.666667;green=21.666667;housing_environment=35.000000,36.539883,45.096950,53.920750,64.012750,63.869483,4,4,0,false
neath,housing_environment_+10pp,air=21.666667;quiet=21.666667;green=21.666667;housing_environment=35.000000,36.539883,45.096950,53.920750,64.012750,50.523467,3,3,0,false
newbridge,housing_environment_+10pp,air=21.666667;quiet=21.666667;green=21.666667;housing_environment=35.000000,36.539883,45.096950,53.920750,64.012750,43.055333,2,3,1,false
newcastle-upon-tyne,housing_environment_+10pp,air=21.666667;quiet=21.666667;green=21.666667;housing_environment=35.000000,36.539883,45.096950,53.920750,64.012750,61.033350,4,4,0,false
newport,housing_environment_+10pp,air=21.666667;quiet=21.666667;green=21.666667;housing_environment=35.000000,36.539883,45.096950,53.920750,64.012750,64.387650,5,4,1,false
northampton,housing_environment_+10pp,air=21.666667;quiet=21.666667;green=21.666667;housing_environment=35.000000,36.539883,45.096950,53.920750,64.012750,64.760117,5,4,1,false
norwich,housing_environment_+10pp,air=21.666667;quiet=21.666667;green=21.666667;housing_environment=35.000000,36.539883,45.096950,53.920750,64.012750,57.329267,4,4,0,false
nottingham,housing_environment_+10pp,air=21.666667;quiet=21.666667;green=21.666667;housing_environment=35.000000,36.539883,45.096950,53.920750,64.012750,47.604117,3,3,0,false
oxford,housing_environment_+10pp,air=21.666667;quiet=21.666667;green=21.666667;housing_environment=35.000000,36.539883,45.096950,53.920750,64.012750,62.323700,4,4,0,false
peterborough,housing_environment_+10pp,air=21.666667;quiet=21.666667;green=21.666667;housing_environment=35.000000,36.539883,45.096950,53.920750,64.012750,69.965950,5,5,0,false
plymouth,housing_environment_+10pp,air=21.666667;quiet=21.666667;green=21.666667;housing_environment=35.000000,36.539883,45.096950,53.920750,64.012750,74.505333,5,5,0,false
portsmouth,housing_environment_+10pp,air=21.666667;quiet=21.666667;green=21.666667;housing_environment=35.000000,36.539883,45.096950,53.920750,64.012750,44.505367,2,2,0,false
preston,housing_environment_+10pp,air=21.666667;quiet=21.666667;green=21.666667;housing_environment=35.000000,36.539883,45.096950,53.920750,64.012750,46.557650,3,3,0,false
reading,housing_environment_+10pp,air=21.666667;quiet=21.666667;green=21.666667;housing_environment=35.000000,36.539883,45.096950,53.920750,64.012750,47.125333,3,3,0,false
rhyl,housing_environment_+10pp,air=21.666667;quiet=21.666667;green=21.666667;housing_environment=35.000000,36.539883,45.096950,53.920750,64.012750,51.139417,3,4,1,false
rotherham,housing_environment_+10pp,air=21.666667;quiet=21.666667;green=21.666667;housing_environment=35.000000,36.539883,45.096950,53.920750,64.012750,36.641983,2,2,0,false
rye,housing_environment_+10pp,air=21.666667;quiet=21.666667;green=21.666667;housing_environment=35.000000,36.539883,45.096950,53.920750,64.012750,43.660667,2,3,1,false
salford,housing_environment_+10pp,air=21.666667;quiet=21.666667;green=21.666667;housing_environment=35.000000,36.539883,45.096950,53.920750,64.012750,55.674333,4,3,1,false
sheffield,housing_environment_+10pp,air=21.666667;quiet=21.666667;green=21.666667;housing_environment=35.000000,36.539883,45.096950,53.920750,64.012750,51.834083,3,3,0,false
shrewsbury,housing_environment_+10pp,air=21.666667;quiet=21.666667;green=21.666667;housing_environment=35.000000,36.539883,45.096950,53.920750,64.012750,68.080000,5,5,0,false
southampton,housing_environment_+10pp,air=21.666667;quiet=21.666667;green=21.666667;housing_environment=35.000000,36.539883,45.096950,53.920750,64.012750,51.560967,3,3,0,false
southend-on-sea,housing_environment_+10pp,air=21.666667;quiet=21.666667;green=21.666667;housing_environment=35.000000,36.539883,45.096950,53.920750,64.012750,25.866300,1,1,0,false
st-helens,housing_environment_+10pp,air=21.666667;quiet=21.666667;green=21.666667;housing_environment=35.000000,36.539883,45.096950,53.920750,64.012750,57.348300,4,4,0,false
stafford,housing_environment_+10pp,air=21.666667;quiet=21.666667;green=21.666667;housing_environment=35.000000,36.539883,45.096950,53.920750,64.012750,45.091633,2,2,0,false
stockport,housing_environment_+10pp,air=21.666667;quiet=21.666667;green=21.666667;housing_environment=35.000000,36.539883,45.096950,53.920750,64.012750,37.650900,2,2,0,false
stockton-on-tees,housing_environment_+10pp,air=21.666667;quiet=21.666667;green=21.666667;housing_environment=35.000000,36.539883,45.096950,53.920750,64.012750,59.113467,4,4,0,false
stoke-on-trent,housing_environment_+10pp,air=21.666667;quiet=21.666667;green=21.666667;housing_environment=35.000000,36.539883,45.096950,53.920750,64.012750,50.005200,3,3,0,false
sunderland,housing_environment_+10pp,air=21.666667;quiet=21.666667;green=21.666667;housing_environment=35.000000,36.539883,45.096950,53.920750,64.012750,42.175017,2,2,0,false
swansea,housing_environment_+10pp,air=21.666667;quiet=21.666667;green=21.666667;housing_environment=35.000000,36.539883,45.096950,53.920750,64.012750,60.867983,4,5,1,false
swindon,housing_environment_+10pp,air=21.666667;quiet=21.666667;green=21.666667;housing_environment=35.000000,36.539883,45.096950,53.920750,64.012750,84.512467,5,5,0,false
telford,housing_environment_+10pp,air=21.666667;quiet=21.666667;green=21.666667;housing_environment=35.000000,36.539883,45.096950,53.920750,64.012750,80.593400,5,5,0,false
tenby,housing_environment_+10pp,air=21.666667;quiet=21.666667;green=21.666667;housing_environment=35.000000,36.539883,45.096950,53.920750,64.012750,42.981750,2,3,1,false
torbay,housing_environment_+10pp,air=21.666667;quiet=21.666667;green=21.666667;housing_environment=35.000000,36.539883,45.096950,53.920750,64.012750,55.964767,4,4,0,false
wakefield,housing_environment_+10pp,air=21.666667;quiet=21.666667;green=21.666667;housing_environment=35.000000,36.539883,45.096950,53.920750,64.012750,49.027000,3,3,0,false
walsall,housing_environment_+10pp,air=21.666667;quiet=21.666667;green=21.666667;housing_environment=35.000000,36.539883,45.096950,53.920750,64.012750,19.889800,1,1,0,false
warrington,housing_environment_+10pp,air=21.666667;quiet=21.666667;green=21.666667;housing_environment=35.000000,36.539883,45.096950,53.920750,64.012750,62.018167,4,4,0,false
wigan,housing_environment_+10pp,air=21.666667;quiet=21.666667;green=21.666667;housing_environment=35.000000,36.539883,45.096950,53.920750,64.012750,48.452567,3,3,0,false
wolverhampton,housing_environment_+10pp,air=21.666667;quiet=21.666667;green=21.666667;housing_environment=35.000000,36.539883,45.096950,53.920750,64.012750,33.158400,1,1,0,false
worcester,housing_environment_+10pp,air=21.666667;quiet=21.666667;green=21.666667;housing_environment=35.000000,36.539883,45.096950,53.920750,64.012750,49.663500,3,3,0,false
wrexham,housing_environment_+10pp,air=21.666667;quiet=21.666667;green=21.666667;housing_environment=35.000000,36.539883,45.096950,53.920750,64.012750,75.600967,5,5,0,false
york,housing_environment_+10pp,air=21.666667;quiet=21.666667;green=21.666667;housing_environment=35.000000,36.539883,45.096950,53.920750,64.012750,68.902467,5,5,0,false
