relative_path,original_url,request_query,retrieved_at,data_period,sha256,mime_type,publisher,licence_or_terms,coverage_limitations
transport/bangor__birmingham/request-10.json,https://jpservices.nationalrail.co.uk/journey-planner,"{""destination"":{""crs"":""BHM"",""group"":false},""directTrains"":false,""fareRequestDetails"":{""fareClass"":""ANY"",""passengers"":{""adult"":1,""child"":0},""railcards"":[]},""increasedInterchange"":""ZERO"",""onlySearchForSleeper"":false,""origin"":{""crs"":""BNG"",""group"":false},""outwardTime"":{""travelTime"":""2026-09-11T10:00:00+01:00"",""type"":""DEPART""},""overtakenTrains"":false,""reducedTransferTime"":false,""useAlternativeServices"":false}",2026-09-08T22:55:29+01:00,2026-09-11,35a02452719fd4479b1874ab7b558b2350b43c9fbfa222e9e0bb77b20d369313,application/json,National Rail,National Rail website Terms and Conditions; public Journey Planner snapshot.,Responses are dated planner snapshots. Review must exclude unsuitable non-rail itineraries and select the shortest suitable itinerary within the stated window.
transport/bangor__birmingham/response-10.json,https://jpservices.nationalrail.co.uk/journey-planner,"{""destination"":{""crs"":""BHM"",""group"":false},""directTrains"":false,""fareRequestDetails"":{""fareClass"":""ANY"",""passengers"":{""adult"":1,""child"":0},""railcards"":[]},""increasedInterchange"":""ZERO"",""onlySearchForSleeper"":false,""origin"":{""crs"":""BNG"",""group"":false},""outwardTime"":{""travelTime"":""2026-09-11T10:00:00+01:00"",""type"":""DEPART""},""overtakenTrains"":false,""reducedTransferTime"":false,""useAlternativeServices"":false}",2026-09-08T22:55:29+01:00,2026-09-11,daac40fa7dcb0076bf062a1ad76ebe2651605466274b4bba46bea6f2b8dcd6f6,application/json,National Rail,National Rail website Terms and Conditions; public Journey Planner snapshot.,Responses are dated planner snapshots. Review must exclude unsuitable non-rail itineraries and select the shortest suitable itinerary within the stated window.
transport/bangor__birmingham/request-11.json,https://jpservices.nationalrail.co.uk/journey-planner,"{""destination"":{""crs"":""BHM"",""group"":false},""directTrains"":false,""fareRequestDetails"":{""fareClass"":""ANY"",""passengers"":{""adult"":1,""child"":0},""railcards"":[]},""increasedInterchange"":""ZERO"",""onlySearchForSleeper"":false,""origin"":{""crs"":""BNG"",""group"":false},""outwardTime"":{""travelTime"":""2026-09-11T11:00:00+01:00"",""type"":""DEPART""},""overtakenTrains"":false,""reducedTransferTime"":false,""useAlternativeServices"":false}",2026-09-08T22:55:30+01:00,2026-09-11,c6895f66564ab20537524b7048ae90cdce802504850289db3c1bab51237f87ac,application/json,National Rail,National Rail website Terms and Conditions; public Journey Planner snapshot.,Responses are dated planner snapshots. Review must exclude unsuitable non-rail itineraries and select the shortest suitable itinerary within the stated window.
transport/bangor__birmingham/response-11.json,https://jpservices.nationalrail.co.uk/journey-planner,"{""destination"":{""crs"":""BHM"",""group"":false},""directTrains"":false,""fareRequestDetails"":{""fareClass"":""ANY"",""passengers"":{""adult"":1,""child"":0},""railcards"":[]},""increasedInterchange"":""ZERO"",""onlySearchForSleeper"":false,""origin"":{""crs"":""BNG"",""group"":false},""outwardTime"":{""travelTime"":""2026-09-11T11:00:00+01:00"",""type"":""DEPART""},""overtakenTrains"":false,""reducedTransferTime"":false,""useAlternativeServices"":false}",2026-09-08T22:55:30+01:00,2026-09-11,c8d806cdfc68408fcc9a4386af652317b8bab2116bed56eafe7fb25679331b50,application/json,National Rail,National Rail website Terms and Conditions; public Journey Planner snapshot.,Responses are dated planner snapshots. Review must exclude unsuitable non-rail itineraries and select the shortest suitable itinerary within the stated window.
transport/bangor__birmingham/request-12.json,https://jpservices.nationalrail.co.uk/journey-planner,"{""destination"":{""crs"":""BHM"",""group"":false},""directTrains"":false,""fareRequestDetails"":{""fareClass"":""ANY"",""passengers"":{""adult"":1,""child"":0},""railcards"":[]},""increasedInterchange"":""ZERO"",""onlySearchForSleeper"":false,""origin"":{""crs"":""BNG"",""group"":false},""outwardTime"":{""travelTime"":""2026-09-11T12:00:00+01:00"",""type"":""DEPART""},""overtakenTrains"":false,""reducedTransferTime"":false,""useAlternativeServices"":false}",2026-09-08T22:55:31+01:00,2026-09-11,0ee1dd0e572618cbe77acd110b5aabafa24e6af8d542b6ebf3e6e717dc71f6c9,application/json,National Rail,National Rail website Terms and Conditions; public Journey Planner snapshot.,Responses are dated planner snapshots. Review must exclude unsuitable non-rail itineraries and select the shortest suitable itinerary within the stated window.
transport/bangor__birmingham/response-12.json,https://jpservices.nationalrail.co.uk/journey-planner,"{""destination"":{""crs"":""BHM"",""group"":false},""directTrains"":false,""fareRequestDetails"":{""fareClass"":""ANY"",""passengers"":{""adult"":1,""child"":0},""railcards"":[]},""increasedInterchange"":""ZERO"",""onlySearchForSleeper"":false,""origin"":{""crs"":""BNG"",""group"":false},""outwardTime"":{""travelTime"":""2026-09-11T12:00:00+01:00"",""type"":""DEPART""},""overtakenTrains"":false,""reducedTransferTime"":false,""useAlternativeServices"":false}",2026-09-08T22:55:31+01:00,2026-09-11,a323dc4f2332c7372deba00790c7f4ff0f98cfc1fbf37527fad66ad29eafc589,application/json,National Rail,National Rail website Terms and Conditions; public Journey Planner snapshot.,Responses are dated planner snapshots. Review must exclude unsuitable non-rail itineraries and select the shortest suitable itinerary within the stated window.
transport/bangor__birmingham/request-13.json,https://jpservices.nationalrail.co.uk/journey-planner,"{""destination"":{""crs"":""BHM"",""group"":false},""directTrains"":false,""fareRequestDetails"":{""fareClass"":""ANY"",""passengers"":{""adult"":1,""child"":0},""railcards"":[]},""increasedInterchange"":""ZERO"",""onlySearchForSleeper"":false,""origin"":{""crs"":""BNG"",""group"":false},""outwardTime"":{""travelTime"":""2026-09-11T13:00:00+01:00"",""type"":""DEPART""},""overtakenTrains"":false,""reducedTransferTime"":false,""useAlternativeServices"":false}",2026-09-08T22:55:32+01:00,2026-09-11,be5951a7b53f0373869e00ff3f39f5eedec801faaac4a4c7f67eb0a4fc89516e,application/json,National Rail,National Rail website Terms and Conditions; public Journey Planner snapshot.,Responses are dated planner snapshots. Review must exclude unsuitable non-rail itineraries and select the shortest suitable itinerary within the stated window.
transport/bangor__birmingham/response-13.json,https://jpservices.nationalrail.co.uk/journey-planner,"{""destination"":{""crs"":""BHM"",""group"":false},""directTrains"":false,""fareRequestDetails"":{""fareClass"":""ANY"",""passengers"":{""adult"":1,""child"":0},""railcards"":[]},""increasedInterchange"":""ZERO"",""onlySearchForSleeper"":false,""origin"":{""crs"":""BNG"",""group"":false},""outwardTime"":{""travelTime"":""2026-09-11T13:00:00+01:00"",""type"":""DEPART""},""overtakenTrains"":false,""reducedTransferTime"":false,""useAlternativeServices"":false}",2026-09-08T22:55:32+01:00,2026-09-11,2c6f6fa39e3161129ee248e51c7707d1a0e123964643977a38b108593b59236c,application/json,National Rail,National Rail website Terms and Conditions; public Journey Planner snapshot.,Responses are dated planner snapshots. Review must exclude unsuitable non-rail itineraries and select the shortest suitable itinerary within the stated window.
transport/bangor__birmingham/capture-metadata.json,https://jpservices.nationalrail.co.uk/journey-planner,Direct capture metadata for BNG to BHM.,2026-09-08T22:55:32+01:00,2026-09-11,fe235b54cea3e691da9fa230b4b39b569a510d3c68aa54d2267d064c687255e3,application/json,National Rail,National Rail website Terms and Conditions; public Journey Planner snapshot.,Responses are dated planner snapshots. Review must exclude unsuitable non-rail itineraries and select the shortest suitable itinerary within the stated window.
transport/bangor__london/request-10.json,https://jpservices.nationalrail.co.uk/journey-planner,"{""destination"":{""crs"":""182"",""group"":true},""directTrains"":false,""fareRequestDetails"":{""fareClass"":""ANY"",""passengers"":{""adult"":1,""child"":0},""railcards"":[]},""increasedInterchange"":""ZERO"",""onlySearchForSleeper"":false,""origin"":{""crs"":""BNG"",""group"":false},""outwardTime"":{""travelTime"":""2026-09-11T10:00:00+01:00"",""type"":""DEPART""},""overtakenTrains"":false,""reducedTransferTime"":false,""useAlternativeServices"":false}",2026-09-08T22:55:18+01:00,2026-09-11,ca2655578b7128ad3d03a4ce6f877b5d22000ff526b3deb4d074f8bed97d1105,application/json,National Rail,National Rail website Terms and Conditions; public Journey Planner snapshot.,Responses are dated planner snapshots. Review must exclude unsuitable non-rail itineraries and select the shortest suitable itinerary within the stated window.
transport/bangor__london/response-10.json,https://jpservices.nationalrail.co.uk/journey-planner,"{""destination"":{""crs"":""182"",""group"":true},""directTrains"":false,""fareRequestDetails"":{""fareClass"":""ANY"",""passengers"":{""adult"":1,""child"":0},""railcards"":[]},""increasedInterchange"":""ZERO"",""onlySearchForSleeper"":false,""origin"":{""crs"":""BNG"",""group"":false},""outwardTime"":{""travelTime"":""2026-09-11T10:00:00+01:00"",""type"":""DEPART""},""overtakenTrains"":false,""reducedTransferTime"":false,""useAlternativeServices"":false}",2026-09-08T22:55:18+01:00,2026-09-11,2e62ff2baab479fe704f68388beda55f23ae922a94a1bb3f8288177c2566ea7d,application/json,National Rail,National Rail website Terms and Conditions; public Journey Planner snapshot.,Responses are dated planner snapshots. Review must exclude unsuitable non-rail itineraries and select the shortest suitable itinerary within the stated window.
transport/bangor__london/request-11.json,https://jpservices.nationalrail.co.uk/journey-planner,"{""destination"":{""crs"":""182"",""group"":true},""directTrains"":false,""fareRequestDetails"":{""fareClass"":""ANY"",""passengers"":{""adult"":1,""child"":0},""railcards"":[]},""increasedInterchange"":""ZERO"",""onlySearchForSleeper"":false,""origin"":{""crs"":""BNG"",""group"":false},""outwardTime"":{""travelTime"":""2026-09-11T11:00:00+01:00"",""type"":""DEPART""},""overtakenTrains"":false,""reducedTransferTime"":false,""useAlternativeServices"":false}",2026-09-08T22:55:19+01:00,2026-09-11,fc2d4094caa26ff1bad5275c10e4dc1b9e268b4d6ad174bbe99c568730528936,application/json,National Rail,National Rail website Terms and Conditions; public Journey Planner snapshot.,Responses are dated planner snapshots. Review must exclude unsuitable non-rail itineraries and select the shortest suitable itinerary within the stated window.
transport/bangor__london/response-11.json,https://jpservices.nationalrail.co.uk/journey-planner,"{""destination"":{""crs"":""182"",""group"":true},""directTrains"":false,""fareRequestDetails"":{""fareClass"":""ANY"",""passengers"":{""adult"":1,""child"":0},""railcards"":[]},""increasedInterchange"":""ZERO"",""onlySearchForSleeper"":false,""origin"":{""crs"":""BNG"",""group"":false},""outwardTime"":{""travelTime"":""2026-09-11T11:00:00+01:00"",""type"":""DEPART""},""overtakenTrains"":false,""reducedTransferTime"":false,""useAlternativeServices"":false}",2026-09-08T22:55:19+01:00,2026-09-11,a9cf91885f6315aa6febc8bb8cd421c8aae9bf56445df536b6a5df786de3346f,application/json,National Rail,National Rail website Terms and Conditions; public Journey Planner snapshot.,Responses are dated planner snapshots. Review must exclude unsuitable non-rail itineraries and select the shortest suitable itinerary within the stated window.
transport/bangor__london/request-12.json,https://jpservices.nationalrail.co.uk/journey-planner,"{""destination"":{""crs"":""182"",""group"":true},""directTrains"":false,""fareRequestDetails"":{""fareClass"":""ANY"",""passengers"":{""adult"":1,""child"":0},""railcards"":[]},""increasedInterchange"":""ZERO"",""onlySearchForSleeper"":false,""origin"":{""crs"":""BNG"",""group"":false},""outwardTime"":{""travelTime"":""2026-09-11T12:00:00+01:00"",""type"":""DEPART""},""overtakenTrains"":false,""reducedTransferTime"":false,""useAlternativeServices"":false}",2026-09-08T22:55:20+01:00,2026-09-11,94e88f05f35bfc7ed7f0e8bd6108f8aaf45350b9817718c7ada7e48342dabab9,application/json,National Rail,National Rail website Terms and Conditions; public Journey Planner snapshot.,Responses are dated planner snapshots. Review must exclude unsuitable non-rail itineraries and select the shortest suitable itinerary within the stated window.
transport/bangor__london/response-12.json,https://jpservices.nationalrail.co.uk/journey-planner,"{""destination"":{""crs"":""182"",""group"":true},""directTrains"":false,""fareRequestDetails"":{""fareClass"":""ANY"",""passengers"":{""adult"":1,""child"":0},""railcards"":[]},""increasedInterchange"":""ZERO"",""onlySearchForSleeper"":false,""origin"":{""crs"":""BNG"",""group"":false},""outwardTime"":{""travelTime"":""2026-09-11T12:00:00+01:00"",""type"":""DEPART""},""overtakenTrains"":false,""reducedTransferTime"":false,""useAlternativeServices"":false}",2026-09-08T22:55:20+01:00,2026-09-11,34a77e278f90420b009bc267f033c5b7ac4be763138a661b9a40ed4db26ca26e,application/json,National Rail,National Rail website Terms and Conditions; public Journey Planner snapshot.,Responses are dated planner snapshots. Review must exclude unsuitable non-rail itineraries and select the shortest suitable itinerary within the stated window.
transport/bangor__london/request-13.json,https://jpservices.nationalrail.co.uk/journey-planner,"{""destination"":{""crs"":""182"",""group"":true},""directTrains"":false,""fareRequestDetails"":{""fareClass"":""ANY"",""passengers"":{""adult"":1,""child"":0},""railcards"":[]},""increasedInterchange"":""ZERO"",""onlySearchForSleeper"":false,""origin"":{""crs"":""BNG"",""group"":false},""outwardTime"":{""travelTime"":""2026-09-11T13:00:00+01:00"",""type"":""DEPART""},""overtakenTrains"":false,""reducedTransferTime"":false,""useAlternativeServices"":false}",2026-09-08T22:55:21+01:00,2026-09-11,afe2b0c0b1f5e8a61f0993af9b96a602a9583287c77da6aa9fd2eee33539ac8e,application/json,National Rail,National Rail website Terms and Conditions; public Journey Planner snapshot.,Responses are dated planner snapshots. Review must exclude unsuitable non-rail itineraries and select the shortest suitable itinerary within the stated window.
transport/bangor__london/response-13.json,https://jpservices.nationalrail.co.uk/journey-planner,"{""destination"":{""crs"":""182"",""group"":true},""directTrains"":false,""fareRequestDetails"":{""fareClass"":""ANY"",""passengers"":{""adult"":1,""child"":0},""railcards"":[]},""increasedInterchange"":""ZERO"",""onlySearchForSleeper"":false,""origin"":{""crs"":""BNG"",""group"":false},""outwardTime"":{""travelTime"":""2026-09-11T13:00:00+01:00"",""type"":""DEPART""},""overtakenTrains"":false,""reducedTransferTime"":false,""useAlternativeServices"":false}",2026-09-08T22:55:21+01:00,2026-09-11,9d488c48b47b328036895b56529294c088844a3739c4775e717e578a5f3049d2,application/json,National Rail,National Rail website Terms and Conditions; public Journey Planner snapshot.,Responses are dated planner snapshots. Review must exclude unsuitable non-rail itineraries and select the shortest suitable itinerary within the stated window.
transport/bangor__london/capture-metadata.json,https://jpservices.nationalrail.co.uk/journey-planner,Direct capture metadata for BNG to 182.,2026-09-08T22:55:21+01:00,2026-09-11,5fead2a3f5ac713191bef829459e4b658d5f08cf200beb3997c4175f31d15b20,application/json,National Rail,National Rail website Terms and Conditions; public Journey Planner snapshot.,Responses are dated planner snapshots. Review must exclude unsuitable non-rail itineraries and select the shortest suitable itinerary within the stated window.
transport/barnsley__birmingham/request-10.json,https://jpservices.nationalrail.co.uk/journey-planner,"{""destination"":{""crs"":""BHM"",""group"":false},""directTrains"":false,""fareRequestDetails"":{""fareClass"":""ANY"",""passengers"":{""adult"":1,""child"":0},""railcards"":[]},""increasedInterchange"":""ZERO"",""onlySearchForSleeper"":false,""origin"":{""crs"":""BNY"",""group"":false},""outwardTime"":{""travelTime"":""2026-09-11T10:00:00+01:00"",""type"":""DEPART""},""overtakenTrains"":false,""reducedTransferTime"":false,""useAlternativeServices"":false}",2026-09-08T22:55:09+01:00,2026-09-11,fcaec7de8fde79cf7e2476c61c41a89ccb40264980f8fe9f5176d158f041dcde,application/json,National Rail,National Rail website Terms and Conditions; public Journey Planner snapshot.,Responses are dated planner snapshots. Review must exclude unsuitable non-rail itineraries and select the shortest suitable itinerary within the stated window.
transport/barnsley__birmingham/response-10.json,https://jpservices.nationalrail.co.uk/journey-planner,"{""destination"":{""crs"":""BHM"",""group"":false},""directTrains"":false,""fareRequestDetails"":{""fareClass"":""ANY"",""passengers"":{""adult"":1,""child"":0},""railcards"":[]},""increasedInterchange"":""ZERO"",""onlySearchForSleeper"":false,""origin"":{""crs"":""BNY"",""group"":false},""outwardTime"":{""travelTime"":""2026-09-11T10:00:00+01:00"",""type"":""DEPART""},""overtakenTrains"":false,""reducedTransferTime"":false,""useAlternativeServices"":false}",2026-09-08T22:55:09+01:00,2026-09-11,5fb069a2ff3f91a16ee55bf3cf2832d5e4c0cfdb1ca01b5aa407d63549162df0,application/json,National Rail,National Rail website Terms and Conditions; public Journey Planner snapshot.,Responses are dated planner snapshots. Review must exclude unsuitable non-rail itineraries and select the shortest suitable itinerary within the stated window.
transport/barnsley__birmingham/request-11.json,https://jpservices.nationalrail.co.uk/journey-planner,"{""destination"":{""crs"":""BHM"",""group"":false},""directTrains"":false,""fareRequestDetails"":{""fareClass"":""ANY"",""passengers"":{""adult"":1,""child"":0},""railcards"":[]},""increasedInterchange"":""ZERO"",""onlySearchForSleeper"":false,""origin"":{""crs"":""BNY"",""group"":false},""outwardTime"":{""travelTime"":""2026-09-11T11:00:00+01:00"",""type"":""DEPART""},""overtakenTrains"":false,""reducedTransferTime"":false,""useAlternativeServices"":false}",2026-09-08T22:55:10+01:00,2026-09-11,53602b9f8496e3ac416d77533cc62cbd4e10d88597c21dbfc116cdfe695cddee,application/json,National Rail,National Rail website Terms and Conditions; public Journey Planner snapshot.,Responses are dated planner snapshots. Review must exclude unsuitable non-rail itineraries and select the shortest suitable itinerary within the stated window.
transport/barnsley__birmingham/response-11.json,https://jpservices.nationalrail.co.uk/journey-planner,"{""destination"":{""crs"":""BHM"",""group"":false},""directTrains"":false,""fareRequestDetails"":{""fareClass"":""ANY"",""passengers"":{""adult"":1,""child"":0},""railcards"":[]},""increasedInterchange"":""ZERO"",""onlySearchForSleeper"":false,""origin"":{""crs"":""BNY"",""group"":false},""outwardTime"":{""travelTime"":""2026-09-11T11:00:00+01:00"",""type"":""DEPART""},""overtakenTrains"":false,""reducedTransferTime"":false,""useAlternativeServices"":false}",2026-09-08T22:55:10+01:00,2026-09-11,1fbdb060566297ebf900bddc5d0ebe05238c9cd5d187b7c00ff49994b9ecdfd4,application/json,National Rail,National Rail website Terms and Conditions; public Journey Planner snapshot.,Responses are dated planner snapshots. Review must exclude unsuitable non-rail itineraries and select the shortest suitable itinerary within the stated window.
transport/barnsley__birmingham/request-12.json,https://jpservices.nationalrail.co.uk/journey-planner,"{""destination"":{""crs"":""BHM"",""group"":false},""directTrains"":false,""fareRequestDetails"":{""fareClass"":""ANY"",""passengers"":{""adult"":1,""child"":0},""railcards"":[]},""increasedInterchange"":""ZERO"",""onlySearchForSleeper"":false,""origin"":{""crs"":""BNY"",""group"":false},""outwardTime"":{""travelTime"":""2026-09-11T12:00:00+01:00"",""type"":""DEPART""},""overtakenTrains"":false,""reducedTransferTime"":false,""useAlternativeServices"":false}",2026-09-08T22:55:10+01:00,2026-09-11,67d72898ea72da44d93f86187d510bfa27fe61fb35674663f805b32ae5d9f175,application/json,National Rail,National Rail website Terms and Conditions; public Journey Planner snapshot.,Responses are dated planner snapshots. Review must exclude unsuitable non-rail itineraries and select the shortest suitable itinerary within the stated window.
transport/barnsley__birmingham/response-12.json,https://jpservices.nationalrail.co.uk/journey-planner,"{""destination"":{""crs"":""BHM"",""group"":false},""directTrains"":false,""fareRequestDetails"":{""fareClass"":""ANY"",""passengers"":{""adult"":1,""child"":0},""railcards"":[]},""increasedInterchange"":""ZERO"",""onlySearchForSleeper"":false,""origin"":{""crs"":""BNY"",""group"":false},""outwardTime"":{""travelTime"":""2026-09-11T12:00:00+01:00"",""type"":""DEPART""},""overtakenTrains"":false,""reducedTransferTime"":false,""useAlternativeServices"":false}",2026-09-08T22:55:10+01:00,2026-09-11,7120bdcb4cb4b25271746155499defd0ab3a46558218cdeb46dee61daca4c789,application/json,National Rail,National Rail website Terms and Conditions; public Journey Planner snapshot.,Responses are dated planner snapshots. Review must exclude unsuitable non-rail itineraries and select the shortest suitable itinerary within the stated window.
transport/barnsley__birmingham/request-13.json,https://jpservices.nationalrail.co.uk/journey-planner,"{""destination"":{""crs"":""BHM"",""group"":false},""directTrains"":false,""fareRequestDetails"":{""fareClass"":""ANY"",""passengers"":{""adult"":1,""child"":0},""railcards"":[]},""increasedInterchange"":""ZERO"",""onlySearchForSleeper"":false,""origin"":{""crs"":""BNY"",""group"":false},""outwardTime"":{""travelTime"":""2026-09-11T13:00:00+01:00"",""type"":""DEPART""},""overtakenTrains"":false,""reducedTransferTime"":false,""useAlternativeServices"":false}",2026-09-08T22:55:11+01:00,2026-09-11,f5e19bd12afb9eaca409b0fab687eed2ec9607803d4d32b6ad2d0eaa57e11935,application/json,National Rail,National Rail website Terms and Conditions; public Journey Planner snapshot.,Responses are dated planner snapshots. Review must exclude unsuitable non-rail itineraries and select the shortest suitable itinerary within the stated window.
transport/barnsley__birmingham/response-13.json,https://jpservices.nationalrail.co.uk/journey-planner,"{""destination"":{""crs"":""BHM"",""group"":false},""directTrains"":false,""fareRequestDetails"":{""fareClass"":""ANY"",""passengers"":{""adult"":1,""child"":0},""railcards"":[]},""increasedInterchange"":""ZERO"",""onlySearchForSleeper"":false,""origin"":{""crs"":""BNY"",""group"":false},""outwardTime"":{""travelTime"":""2026-09-11T13:00:00+01:00"",""type"":""DEPART""},""overtakenTrains"":false,""reducedTransferTime"":false,""useAlternativeServices"":false}",2026-09-08T22:55:11+01:00,2026-09-11,7e6e8fb0b09f7153c67a8b1d6775d48309bcf72749545def2d75221ff2cd3306,application/json,National Rail,National Rail website Terms and Conditions; public Journey Planner snapshot.,Responses are dated planner snapshots. Review must exclude unsuitable non-rail itineraries and select the shortest suitable itinerary within the stated window.
transport/barnsley__birmingham/capture-metadata.json,https://jpservices.nationalrail.co.uk/journey-planner,Direct capture metadata for BNY to BHM.,2026-09-08T22:55:11+01:00,2026-09-11,3776a7bf8c743e2427d4c5f8402446b9f2da90b2a048a4b2fe670fa0f572c5de,application/json,National Rail,National Rail website Terms and Conditions; public Journey Planner snapshot.,Responses are dated planner snapshots. Review must exclude unsuitable non-rail itineraries and select the shortest suitable itinerary within the stated window.
transport/barnsley__london/request-10.json,https://jpservices.nationalrail.co.uk/journey-planner,"{""destination"":{""crs"":""182"",""group"":true},""directTrains"":false,""fareRequestDetails"":{""fareClass"":""ANY"",""passengers"":{""adult"":1,""child"":0},""railcards"":[]},""increasedInterchange"":""ZERO"",""onlySearchForSleeper"":false,""origin"":{""crs"":""BNY"",""group"":false},""outwardTime"":{""travelTime"":""2026-09-11T10:00:00+01:00"",""type"":""DEPART""},""overtakenTrains"":false,""reducedTransferTime"":false,""useAlternativeServices"":false}",2026-09-08T22:54:44+01:00,2026-09-11,34f277f023c1e771c09618f17af44465cd0cff5e898845b02add5ee26cc25948,application/json,National Rail,National Rail website Terms and Conditions; public Journey Planner snapshot.,Responses are dated planner snapshots. Review must exclude unsuitable non-rail itineraries and select the shortest suitable itinerary within the stated window.
transport/barnsley__london/response-10.json,https://jpservices.nationalrail.co.uk/journey-planner,"{""destination"":{""crs"":""182"",""group"":true},""directTrains"":false,""fareRequestDetails"":{""fareClass"":""ANY"",""passengers"":{""adult"":1,""child"":0},""railcards"":[]},""increasedInterchange"":""ZERO"",""onlySearchForSleeper"":false,""origin"":{""crs"":""BNY"",""group"":false},""outwardTime"":{""travelTime"":""2026-09-11T10:00:00+01:00"",""type"":""DEPART""},""overtakenTrains"":false,""reducedTransferTime"":false,""useAlternativeServices"":false}",2026-09-08T22:54:44+01:00,2026-09-11,52a7e2ea4098fcbc50b181beb6ea09875d5b0088a00d5cfe8e59ae6bcd38adca,application/json,National Rail,National Rail website Terms and Conditions; public Journey Planner snapshot.,Responses are dated planner snapshots. Review must exclude unsuitable non-rail itineraries and select the shortest suitable itinerary within the stated window.
transport/barnsley__london/request-11.json,https://jpservices.nationalrail.co.uk/journey-planner,"{""destination"":{""crs"":""182"",""group"":true},""directTrains"":false,""fareRequestDetails"":{""fareClass"":""ANY"",""passengers"":{""adult"":1,""child"":0},""railcards"":[]},""increasedInterchange"":""ZERO"",""onlySearchForSleeper"":false,""origin"":{""crs"":""BNY"",""group"":false},""outwardTime"":{""travelTime"":""2026-09-11T11:00:00+01:00"",""type"":""DEPART""},""overtakenTrains"":false,""reducedTransferTime"":false,""useAlternativeServices"":false}",2026-09-08T22:54:45+01:00,2026-09-11,23db3a03cac3f70ee583f7c01fa7643ef98ce9b9cdf81aceabacd190c38c0b53,application/json,National Rail,National Rail website Terms and Conditions; public Journey Planner snapshot.,Responses are dated planner snapshots. Review must exclude unsuitable non-rail itineraries and select the shortest suitable itinerary within the stated window.
transport/barnsley__london/response-11.json,https://jpservices.nationalrail.co.uk/journey-planner,"{""destination"":{""crs"":""182"",""group"":true},""directTrains"":false,""fareRequestDetails"":{""fareClass"":""ANY"",""passengers"":{""adult"":1,""child"":0},""railcards"":[]},""increasedInterchange"":""ZERO"",""onlySearchForSleeper"":false,""origin"":{""crs"":""BNY"",""group"":false},""outwardTime"":{""travelTime"":""2026-09-11T11:00:00+01:00"",""type"":""DEPART""},""overtakenTrains"":false,""reducedTransferTime"":false,""useAlternativeServices"":false}",2026-09-08T22:54:45+01:00,2026-09-11,c301f3141b5f1c725a68b236feda0ebd34d638930cc8810f1b1430248ec13569,application/json,National Rail,National Rail website Terms and Conditions; public Journey Planner snapshot.,Responses are dated planner snapshots. Review must exclude unsuitable non-rail itineraries and select the shortest suitable itinerary within the stated window.
transport/barnsley__london/request-12.json,https://jpservices.nationalrail.co.uk/journey-planner,"{""destination"":{""crs"":""182"",""group"":true},""directTrains"":false,""fareRequestDetails"":{""fareClass"":""ANY"",""passengers"":{""adult"":1,""child"":0},""railcards"":[]},""increasedInterchange"":""ZERO"",""onlySearchForSleeper"":false,""origin"":{""crs"":""BNY"",""group"":false},""outwardTime"":{""travelTime"":""2026-09-11T12:00:00+01:00"",""type"":""DEPART""},""overtakenTrains"":false,""reducedTransferTime"":false,""useAlternativeServices"":false}",2026-09-08T22:54:46+01:00,2026-09-11,015950c722f0f97f8331de89782e0d01ad79ab44957a86a6e99c159a2c3991f3,application/json,National Rail,National Rail website Terms and Conditions; public Journey Planner snapshot.,Responses are dated planner snapshots. Review must exclude unsuitable non-rail itineraries and select the shortest suitable itinerary within the stated window.
transport/barnsley__london/response-12.json,https://jpservices.nationalrail.co.uk/journey-planner,"{""destination"":{""crs"":""182"",""group"":true},""directTrains"":false,""fareRequestDetails"":{""fareClass"":""ANY"",""passengers"":{""adult"":1,""child"":0},""railcards"":[]},""increasedInterchange"":""ZERO"",""onlySearchForSleeper"":false,""origin"":{""crs"":""BNY"",""group"":false},""outwardTime"":{""travelTime"":""2026-09-11T12:00:00+01:00"",""type"":""DEPART""},""overtakenTrains"":false,""reducedTransferTime"":false,""useAlternativeServices"":false}",2026-09-08T22:54:46+01:00,2026-09-11,a26d0d9f546653ab2ec504ea020239ad3bfa5f31eefcb4ef31d8ba35015e3138,application/json,National Rail,National Rail website Terms and Conditions; public Journey Planner snapshot.,Responses are dated planner snapshots. Review must exclude unsuitable non-rail itineraries and select the shortest suitable itinerary within the stated window.
transport/barnsley__london/request-13.json,https://jpservices.nationalrail.co.uk/journey-planner,"{""destination"":{""crs"":""182"",""group"":true},""directTrains"":false,""fareRequestDetails"":{""fareClass"":""ANY"",""passengers"":{""adult"":1,""child"":0},""railcards"":[]},""increasedInterchange"":""ZERO"",""onlySearchForSleeper"":false,""origin"":{""crs"":""BNY"",""group"":false},""outwardTime"":{""travelTime"":""2026-09-11T13:00:00+01:00"",""type"":""DEPART""},""overtakenTrains"":false,""reducedTransferTime"":false,""useAlternativeServices"":false}",2026-09-08T22:54:47+01:00,2026-09-11,53254f3ead8423d250a53572d5dcdc760fd228222ecba8b92e066ae501fbab32,application/json,National Rail,National Rail website Terms and Conditions; public Journey Planner snapshot.,Responses are dated planner snapshots. Review must exclude unsuitable non-rail itineraries and select the shortest suitable itinerary within the stated window.
transport/barnsley__london/response-13.json,https://jpservices.nationalrail.co.uk/journey-planner,"{""destination"":{""crs"":""182"",""group"":true},""directTrains"":false,""fareRequestDetails"":{""fareClass"":""ANY"",""passengers"":{""adult"":1,""child"":0},""railcards"":[]},""increasedInterchange"":""ZERO"",""onlySearchForSleeper"":false,""origin"":{""crs"":""BNY"",""group"":false},""outwardTime"":{""travelTime"":""2026-09-11T13:00:00+01:00"",""type"":""DEPART""},""overtakenTrains"":false,""reducedTransferTime"":false,""useAlternativeServices"":false}",2026-09-08T22:54:47+01:00,2026-09-11,fee83733b8d1e3749d37eaf665ce29d73d8b72591bd8c34fd08ce48ce0db5809,application/json,National Rail,National Rail website Terms and Conditions; public Journey Planner snapshot.,Responses are dated planner snapshots. Review must exclude unsuitable non-rail itineraries and select the shortest suitable itinerary within the stated window.
transport/barnsley__london/capture-metadata.json,https://jpservices.nationalrail.co.uk/journey-planner,Direct capture metadata for BNY to 182.,2026-09-08T22:54:47+01:00,2026-09-11,329d634b7eca659d4b420438a279da2763648abd693c779bbb8427cb7be8a54d,application/json,National Rail,National Rail website Terms and Conditions; public Journey Planner snapshot.,Responses are dated planner snapshots. Review must exclude unsuitable non-rail itineraries and select the shortest suitable itinerary within the stated window.
transport/birmingham__london/request-10.json,https://jpservices.nationalrail.co.uk/journey-planner,"{""destination"":{""crs"":""182"",""group"":true},""directTrains"":false,""fareRequestDetails"":{""fareClass"":""ANY"",""passengers"":{""adult"":1,""child"":0},""railcards"":[]},""increasedInterchange"":""ZERO"",""onlySearchForSleeper"":false,""origin"":{""crs"":""BHM"",""group"":false},""outwardTime"":{""travelTime"":""2026-09-11T10:00:00+01:00"",""type"":""DEPART""},""overtakenTrains"":false,""reducedTransferTime"":false,""useAlternativeServices"":false}",2026-09-08T22:55:40+01:00,2026-09-11,c960c549c7db2655b239899745e7b7cc388053787830eba7d2d3c55e18ec4a5a,application/json,National Rail,National Rail website Terms and Conditions; public Journey Planner snapshot.,Responses are dated planner snapshots. Review must exclude unsuitable non-rail itineraries and select the shortest suitable itinerary within the stated window.
transport/birmingham__london/response-10.json,https://jpservices.nationalrail.co.uk/journey-planner,"{""destination"":{""crs"":""182"",""group"":true},""directTrains"":false,""fareRequestDetails"":{""fareClass"":""ANY"",""passengers"":{""adult"":1,""child"":0},""railcards"":[]},""increasedInterchange"":""ZERO"",""onlySearchForSleeper"":false,""origin"":{""crs"":""BHM"",""group"":false},""outwardTime"":{""travelTime"":""2026-09-11T10:00:00+01:00"",""type"":""DEPART""},""overtakenTrains"":false,""reducedTransferTime"":false,""useAlternativeServices"":false}",2026-09-08T22:55:40+01:00,2026-09-11,323c38464283567e9363e55c8982c9ba33cacac4754982ec7bc25d5c6ddae58f,application/json,National Rail,National Rail website Terms and Conditions; public Journey Planner snapshot.,Responses are dated planner snapshots. Review must exclude unsuitable non-rail itineraries and select the shortest suitable itinerary within the stated window.
transport/birmingham__london/request-11.json,https://jpservices.nationalrail.co.uk/journey-planner,"{""destination"":{""crs"":""182"",""group"":true},""directTrains"":false,""fareRequestDetails"":{""fareClass"":""ANY"",""passengers"":{""adult"":1,""child"":0},""railcards"":[]},""increasedInterchange"":""ZERO"",""onlySearchForSleeper"":false,""origin"":{""crs"":""BHM"",""group"":false},""outwardTime"":{""travelTime"":""2026-09-11T11:00:00+01:00"",""type"":""DEPART""},""overtakenTrains"":false,""reducedTransferTime"":false,""useAlternativeServices"":false}",2026-09-08T22:55:42+01:00,2026-09-11,5dd8f1a1138ccc1ba57244c85f52de4f5adec5ece1aaa325dc8d36ec79c45a1e,application/json,National Rail,National Rail website Terms and Conditions; public Journey Planner snapshot.,Responses are dated planner snapshots. Review must exclude unsuitable non-rail itineraries and select the shortest suitable itinerary within the stated window.
transport/birmingham__london/response-11.json,https://jpservices.nationalrail.co.uk/journey-planner,"{""destination"":{""crs"":""182"",""group"":true},""directTrains"":false,""fareRequestDetails"":{""fareClass"":""ANY"",""passengers"":{""adult"":1,""child"":0},""railcards"":[]},""increasedInterchange"":""ZERO"",""onlySearchForSleeper"":false,""origin"":{""crs"":""BHM"",""group"":false},""outwardTime"":{""travelTime"":""2026-09-11T11:00:00+01:00"",""type"":""DEPART""},""overtakenTrains"":false,""reducedTransferTime"":false,""useAlternativeServices"":false}",2026-09-08T22:55:42+01:00,2026-09-11,c864a7e351162f47b6e4484c25f9e7660c8a63b96c9efda1293e175fb962493a,application/json,National Rail,National Rail website Terms and Conditions; public Journey Planner snapshot.,Responses are dated planner snapshots. Review must exclude unsuitable non-rail itineraries and select the shortest suitable itinerary within the stated window.
transport/birmingham__london/request-12.json,https://jpservices.nationalrail.co.uk/journey-planner,"{""destination"":{""crs"":""182"",""group"":true},""directTrains"":false,""fareRequestDetails"":{""fareClass"":""ANY"",""passengers"":{""adult"":1,""child"":0},""railcards"":[]},""increasedInterchange"":""ZERO"",""onlySearchForSleeper"":false,""origin"":{""crs"":""BHM"",""group"":false},""outwardTime"":{""travelTime"":""2026-09-11T12:00:00+01:00"",""type"":""DEPART""},""overtakenTrains"":false,""reducedTransferTime"":false,""useAlternativeServices"":false}",2026-09-08T22:55:44+01:00,2026-09-11,cd9baf40fafbdb51f7f3e74d9072d80f558c8eb102041310cbfdf7255ea8704d,application/json,National Rail,National Rail website Terms and Conditions; public Journey Planner snapshot.,Responses are dated planner snapshots. Review must exclude unsuitable non-rail itineraries and select the shortest suitable itinerary within the stated window.
transport/birmingham__london/response-12.json,https://jpservices.nationalrail.co.uk/journey-planner,"{""destination"":{""crs"":""182"",""group"":true},""directTrains"":false,""fareRequestDetails"":{""fareClass"":""ANY"",""passengers"":{""adult"":1,""child"":0},""railcards"":[]},""increasedInterchange"":""ZERO"",""onlySearchForSleeper"":false,""origin"":{""crs"":""BHM"",""group"":false},""outwardTime"":{""travelTime"":""2026-09-11T12:00:00+01:00"",""type"":""DEPART""},""overtakenTrains"":false,""reducedTransferTime"":false,""useAlternativeServices"":false}",2026-09-08T22:55:44+01:00,2026-09-11,eed4ca44a0b41493dddfde2a26e0fe605ef10ee40520199c4538ccfb07501769,application/json,National Rail,National Rail website Terms and Conditions; public Journey Planner snapshot.,Responses are dated planner snapshots. Review must exclude unsuitable non-rail itineraries and select the shortest suitable itinerary within the stated window.
transport/birmingham__london/request-13.json,https://jpservices.nationalrail.co.uk/journey-planner,"{""destination"":{""crs"":""182"",""group"":true},""directTrains"":false,""fareRequestDetails"":{""fareClass"":""ANY"",""passengers"":{""adult"":1,""child"":0},""railcards"":[]},""increasedInterchange"":""ZERO"",""onlySearchForSleeper"":false,""origin"":{""crs"":""BHM"",""group"":false},""outwardTime"":{""travelTime"":""2026-09-11T13:00:00+01:00"",""type"":""DEPART""},""overtakenTrains"":false,""reducedTransferTime"":false,""useAlternativeServices"":false}",2026-09-08T22:55:46+01:00,2026-09-11,43957d2b0e97926efadb586afad12eb9b0c4c11d8536ea68583d264b6d795681,application/json,National Rail,National Rail website Terms and Conditions; public Journey Planner snapshot.,Responses are dated planner snapshots. Review must exclude unsuitable non-rail itineraries and select the shortest suitable itinerary within the stated window.
transport/birmingham__london/response-13.json,https://jpservices.nationalrail.co.uk/journey-planner,"{""destination"":{""crs"":""182"",""group"":true},""directTrains"":false,""fareRequestDetails"":{""fareClass"":""ANY"",""passengers"":{""adult"":1,""child"":0},""railcards"":[]},""increasedInterchange"":""ZERO"",""onlySearchForSleeper"":false,""origin"":{""crs"":""BHM"",""group"":false},""outwardTime"":{""travelTime"":""2026-09-11T13:00:00+01:00"",""type"":""DEPART""},""overtakenTrains"":false,""reducedTransferTime"":false,""useAlternativeServices"":false}",2026-09-08T22:55:46+01:00,2026-09-11,53e68c1cf42f897c7b3beaa77bb892833aa37114456aae80492bf1d8562caf05,application/json,National Rail,National Rail website Terms and Conditions; public Journey Planner snapshot.,Responses are dated planner snapshots. Review must exclude unsuitable non-rail itineraries and select the shortest suitable itinerary within the stated window.
transport/birmingham__london/capture-metadata.json,https://jpservices.nationalrail.co.uk/journey-planner,Direct capture metadata for BHM to 182.,2026-09-08T22:55:46+01:00,2026-09-11,fcd4d5af5c8cbbdc0c378e086aa5f2b671158a46fa5d440fb5c69e33a49207a6,application/json,National Rail,National Rail website Terms and Conditions; public Journey Planner snapshot.,Responses are dated planner snapshots. Review must exclude unsuitable non-rail itineraries and select the shortest suitable itinerary within the stated window.
transport/brighton-hove__birmingham/request-10.json,https://jpservices.nationalrail.co.uk/journey-planner,"{""destination"":{""crs"":""BHM"",""group"":false},""directTrains"":false,""fareRequestDetails"":{""fareClass"":""ANY"",""passengers"":{""adult"":1,""child"":0},""railcards"":[]},""increasedInterchange"":""ZERO"",""onlySearchForSleeper"":false,""origin"":{""crs"":""BTN"",""group"":false},""outwardTime"":{""travelTime"":""2026-09-11T10:00:00+01:00"",""type"":""DEPART""},""overtakenTrains"":false,""reducedTransferTime"":false,""useAlternativeServices"":false}",2026-09-08T22:56:03+01:00,2026-09-11,44aba7556072ad114d522cb20163373e29829be7c94a2810ba4e97a545b9f67e,application/json,National Rail,National Rail website Terms and Conditions; public Journey Planner snapshot.,Responses are dated planner snapshots. Review must exclude unsuitable non-rail itineraries and select the shortest suitable itinerary within the stated window.
transport/brighton-hove__birmingham/response-10.json,https://jpservices.nationalrail.co.uk/journey-planner,"{""destination"":{""crs"":""BHM"",""group"":false},""directTrains"":false,""fareRequestDetails"":{""fareClass"":""ANY"",""passengers"":{""adult"":1,""child"":0},""railcards"":[]},""increasedInterchange"":""ZERO"",""onlySearchForSleeper"":false,""origin"":{""crs"":""BTN"",""group"":false},""outwardTime"":{""travelTime"":""2026-09-11T10:00:00+01:00"",""type"":""DEPART""},""overtakenTrains"":false,""reducedTransferTime"":false,""useAlternativeServices"":false}",2026-09-08T22:56:03+01:00,2026-09-11,7456869eb4135954414ed5fb25b1b9cb0a7f25ae4e4ba5642dc398d94114e7e4,application/json,National Rail,National Rail website Terms and Conditions; public Journey Planner snapshot.,Responses are dated planner snapshots. Review must exclude unsuitable non-rail itineraries and select the shortest suitable itinerary within the stated window.
transport/brighton-hove__birmingham/request-11.json,https://jpservices.nationalrail.co.uk/journey-planner,"{""destination"":{""crs"":""BHM"",""group"":false},""directTrains"":false,""fareRequestDetails"":{""fareClass"":""ANY"",""passengers"":{""adult"":1,""child"":0},""railcards"":[]},""increasedInterchange"":""ZERO"",""onlySearchForSleeper"":false,""origin"":{""crs"":""BTN"",""group"":false},""outwardTime"":{""travelTime"":""2026-09-11T11:00:00+01:00"",""type"":""DEPART""},""overtakenTrains"":false,""reducedTransferTime"":false,""useAlternativeServices"":false}",2026-09-08T22:56:04+01:00,2026-09-11,1bee6d77a26c72684791e79c09ede1a1ddc658f9eb63be0c033517678fff1f3c,application/json,National Rail,National Rail website Terms and Conditions; public Journey Planner snapshot.,Responses are dated planner snapshots. Review must exclude unsuitable non-rail itineraries and select the shortest suitable itinerary within the stated window.
transport/brighton-hove__birmingham/response-11.json,https://jpservices.nationalrail.co.uk/journey-planner,"{""destination"":{""crs"":""BHM"",""group"":false},""directTrains"":false,""fareRequestDetails"":{""fareClass"":""ANY"",""passengers"":{""adult"":1,""child"":0},""railcards"":[]},""increasedInterchange"":""ZERO"",""onlySearchForSleeper"":false,""origin"":{""crs"":""BTN"",""group"":false},""outwardTime"":{""travelTime"":""2026-09-11T11:00:00+01:00"",""type"":""DEPART""},""overtakenTrains"":false,""reducedTransferTime"":false,""useAlternativeServices"":false}",2026-09-08T22:56:04+01:00,2026-09-11,dd559255b5d720af03c51a7591fd6050dad3f3dc2678ab353400844cdf8608cc,application/json,National Rail,National Rail website Terms and Conditions; public Journey Planner snapshot.,Responses are dated planner snapshots. Review must exclude unsuitable non-rail itineraries and select the shortest suitable itinerary within the stated window.
transport/brighton-hove__birmingham/request-12.json,https://jpservices.nationalrail.co.uk/journey-planner,"{""destination"":{""crs"":""BHM"",""group"":false},""directTrains"":false,""fareRequestDetails"":{""fareClass"":""ANY"",""passengers"":{""adult"":1,""child"":0},""railcards"":[]},""increasedInterchange"":""ZERO"",""onlySearchForSleeper"":false,""origin"":{""crs"":""BTN"",""group"":false},""outwardTime"":{""travelTime"":""2026-09-11T12:00:00+01:00"",""type"":""DEPART""},""overtakenTrains"":false,""reducedTransferTime"":false,""useAlternativeServices"":false}",2026-09-08T22:56:05+01:00,2026-09-11,48a23e20c7fc365470c9560e402c6cc2c54f84d3af0fe6268a5075131b7ce100,application/json,National Rail,National Rail website Terms and Conditions; public Journey Planner snapshot.,Responses are dated planner snapshots. Review must exclude unsuitable non-rail itineraries and select the shortest suitable itinerary within the stated window.
transport/brighton-hove__birmingham/response-12.json,https://jpservices.nationalrail.co.uk/journey-planner,"{""destination"":{""crs"":""BHM"",""group"":false},""directTrains"":false,""fareRequestDetails"":{""fareClass"":""ANY"",""passengers"":{""adult"":1,""child"":0},""railcards"":[]},""increasedInterchange"":""ZERO"",""onlySearchForSleeper"":false,""origin"":{""crs"":""BTN"",""group"":false},""outwardTime"":{""travelTime"":""2026-09-11T12:00:00+01:00"",""type"":""DEPART""},""overtakenTrains"":false,""reducedTransferTime"":false,""useAlternativeServices"":false}",2026-09-08T22:56:05+01:00,2026-09-11,03cb5f0bc6fa20ba5e8b89450338b22bc7321d3f6e2ada0b4e735505847d2288,application/json,National Rail,National Rail website Terms and Conditions; public Journey Planner snapshot.,Responses are dated planner snapshots. Review must exclude unsuitable non-rail itineraries and select the shortest suitable itinerary within the stated window.
transport/brighton-hove__birmingham/request-13.json,https://jpservices.nationalrail.co.uk/journey-planner,"{""destination"":{""crs"":""BHM"",""group"":false},""directTrains"":false,""fareRequestDetails"":{""fareClass"":""ANY"",""passengers"":{""adult"":1,""child"":0},""railcards"":[]},""increasedInterchange"":""ZERO"",""onlySearchForSleeper"":false,""origin"":{""crs"":""BTN"",""group"":false},""outwardTime"":{""travelTime"":""2026-09-11T13:00:00+01:00"",""type"":""DEPART""},""overtakenTrains"":false,""reducedTransferTime"":false,""useAlternativeServices"":false}",2026-09-08T22:56:06+01:00,2026-09-11,d958c477b2936d8461798c00e4c9b1a66a632439e7488552faa9daab8231e7cc,application/json,National Rail,National Rail website Terms and Conditions; public Journey Planner snapshot.,Responses are dated planner snapshots. Review must exclude unsuitable non-rail itineraries and select the shortest suitable itinerary within the stated window.
transport/brighton-hove__birmingham/response-13.json,https://jpservices.nationalrail.co.uk/journey-planner,"{""destination"":{""crs"":""BHM"",""group"":false},""directTrains"":false,""fareRequestDetails"":{""fareClass"":""ANY"",""passengers"":{""adult"":1,""child"":0},""railcards"":[]},""increasedInterchange"":""ZERO"",""onlySearchForSleeper"":false,""origin"":{""crs"":""BTN"",""group"":false},""outwardTime"":{""travelTime"":""2026-09-11T13:00:00+01:00"",""type"":""DEPART""},""overtakenTrains"":false,""reducedTransferTime"":false,""useAlternativeServices"":false}",2026-09-08T22:56:06+01:00,2026-09-11,eacd5c167c3eb11e263aa7d7e5d0b2c97512a6fd330635bc8889e93932a37515,application/json,National Rail,National Rail website Terms and Conditions; public Journey Planner snapshot.,Responses are dated planner snapshots. Review must exclude unsuitable non-rail itineraries and select the shortest suitable itinerary within the stated window.
transport/brighton-hove__birmingham/capture-metadata.json,https://jpservices.nationalrail.co.uk/journey-planner,Direct capture metadata for BTN to BHM.,2026-09-08T22:56:06+01:00,2026-09-11,12c89eeee55aa05aaaf07da2d0ca087b6fa45194023d088a3ffdeb84731a00fa,application/json,National Rail,National Rail website Terms and Conditions; public Journey Planner snapshot.,Responses are dated planner snapshots. Review must exclude unsuitable non-rail itineraries and select the shortest suitable itinerary within the stated window.
transport/brighton-hove__london/request-10.json,https://jpservices.nationalrail.co.uk/journey-planner,"{""destination"":{""crs"":""182"",""group"":true},""directTrains"":false,""fareRequestDetails"":{""fareClass"":""ANY"",""passengers"":{""adult"":1,""child"":0},""railcards"":[]},""increasedInterchange"":""ZERO"",""onlySearchForSleeper"":false,""origin"":{""crs"":""BTN"",""group"":false},""outwardTime"":{""travelTime"":""2026-09-11T10:00:00+01:00"",""type"":""DEPART""},""overtakenTrains"":false,""reducedTransferTime"":false,""useAlternativeServices"":false}",2026-09-08T22:55:53+01:00,2026-09-11,97832d7585b673b0ca26f7a7b7adc184d58c779b485f6edc4baa948c9a60da5a,application/json,National Rail,National Rail website Terms and Conditions; public Journey Planner snapshot.,Responses are dated planner snapshots. Review must exclude unsuitable non-rail itineraries and select the shortest suitable itinerary within the stated window.
transport/brighton-hove__london/response-10.json,https://jpservices.nationalrail.co.uk/journey-planner,"{""destination"":{""crs"":""182"",""group"":true},""directTrains"":false,""fareRequestDetails"":{""fareClass"":""ANY"",""passengers"":{""adult"":1,""child"":0},""railcards"":[]},""increasedInterchange"":""ZERO"",""onlySearchForSleeper"":false,""origin"":{""crs"":""BTN"",""group"":false},""outwardTime"":{""travelTime"":""2026-09-11T10:00:00+01:00"",""type"":""DEPART""},""overtakenTrains"":false,""reducedTransferTime"":false,""useAlternativeServices"":false}",2026-09-08T22:55:53+01:00,2026-09-11,0a745816686d5c8474c78ae60803ce3cbb40bf0030deef09c98bf8891af66524,application/json,National Rail,National Rail website Terms and Conditions; public Journey Planner snapshot.,Responses are dated planner snapshots. Review must exclude unsuitable non-rail itineraries and select the shortest suitable itinerary within the stated window.
transport/brighton-hove__london/request-11.json,https://jpservices.nationalrail.co.uk/journey-planner,"{""destination"":{""crs"":""182"",""group"":true},""directTrains"":false,""fareRequestDetails"":{""fareClass"":""ANY"",""passengers"":{""adult"":1,""child"":0},""railcards"":[]},""increasedInterchange"":""ZERO"",""onlySearchForSleeper"":false,""origin"":{""crs"":""BTN"",""group"":false},""outwardTime"":{""travelTime"":""2026-09-11T11:00:00+01:00"",""type"":""DEPART""},""overtakenTrains"":false,""reducedTransferTime"":false,""useAlternativeServices"":false}",2026-09-08T22:55:53+01:00,2026-09-11,8fe703a38f99787795c2b8108d3a1b3890131761d93a7eb49a64bb727e84073e,application/json,National Rail,National Rail website Terms and Conditions; public Journey Planner snapshot.,Responses are dated planner snapshots. Review must exclude unsuitable non-rail itineraries and select the shortest suitable itinerary within the stated window.
transport/brighton-hove__london/response-11.json,https://jpservices.nationalrail.co.uk/journey-planner,"{""destination"":{""crs"":""182"",""group"":true},""directTrains"":false,""fareRequestDetails"":{""fareClass"":""ANY"",""passengers"":{""adult"":1,""child"":0},""railcards"":[]},""increasedInterchange"":""ZERO"",""onlySearchForSleeper"":false,""origin"":{""crs"":""BTN"",""group"":false},""outwardTime"":{""travelTime"":""2026-09-11T11:00:00+01:00"",""type"":""DEPART""},""overtakenTrains"":false,""reducedTransferTime"":false,""useAlternativeServices"":false}",2026-09-08T22:55:53+01:00,2026-09-11,79a4ac4c1a28c62a61b51e1d58457242cbaf4909bfd5997c2198dbb21ebc9791,application/json,National Rail,National Rail website Terms and Conditions; public Journey Planner snapshot.,Responses are dated planner snapshots. Review must exclude unsuitable non-rail itineraries and select the shortest suitable itinerary within the stated window.
transport/brighton-hove__london/request-12.json,https://jpservices.nationalrail.co.uk/journey-planner,"{""destination"":{""crs"":""182"",""group"":true},""directTrains"":false,""fareRequestDetails"":{""fareClass"":""ANY"",""passengers"":{""adult"":1,""child"":0},""railcards"":[]},""increasedInterchange"":""ZERO"",""onlySearchForSleeper"":false,""origin"":{""crs"":""BTN"",""group"":false},""outwardTime"":{""travelTime"":""2026-09-11T12:00:00+01:00"",""type"":""DEPART""},""overtakenTrains"":false,""reducedTransferTime"":false,""useAlternativeServices"":false}",2026-09-08T22:55:54+01:00,2026-09-11,fcf9effece8b263c6c791b5537a99d31b635dcf28c22765114f24107530f0d89,application/json,National Rail,National Rail website Terms and Conditions; public Journey Planner snapshot.,Responses are dated planner snapshots. Review must exclude unsuitable non-rail itineraries and select the shortest suitable itinerary within the stated window.
transport/brighton-hove__london/response-12.json,https://jpservices.nationalrail.co.uk/journey-planner,"{""destination"":{""crs"":""182"",""group"":true},""directTrains"":false,""fareRequestDetails"":{""fareClass"":""ANY"",""passengers"":{""adult"":1,""child"":0},""railcards"":[]},""increasedInterchange"":""ZERO"",""onlySearchForSleeper"":false,""origin"":{""crs"":""BTN"",""group"":false},""outwardTime"":{""travelTime"":""2026-09-11T12:00:00+01:00"",""type"":""DEPART""},""overtakenTrains"":false,""reducedTransferTime"":false,""useAlternativeServices"":false}",2026-09-08T22:55:54+01:00,2026-09-11,23a2021532156de7b564243fa4db370256263db5dc3234eec629d7159ffd1d88,application/json,National Rail,National Rail website Terms and Conditions; public Journey Planner snapshot.,Responses are dated planner snapshots. Review must exclude unsuitable non-rail itineraries and select the shortest suitable itinerary within the stated window.
transport/brighton-hove__london/request-13.json,https://jpservices.nationalrail.co.uk/journey-planner,"{""destination"":{""crs"":""182"",""group"":true},""directTrains"":false,""fareRequestDetails"":{""fareClass"":""ANY"",""passengers"":{""adult"":1,""child"":0},""railcards"":[]},""increasedInterchange"":""ZERO"",""onlySearchForSleeper"":false,""origin"":{""crs"":""BTN"",""group"":false},""outwardTime"":{""travelTime"":""2026-09-11T13:00:00+01:00"",""type"":""DEPART""},""overtakenTrains"":false,""reducedTransferTime"":false,""useAlternativeServices"":false}",2026-09-08T22:55:54+01:00,2026-09-11,343119530dc78ebb3b0dd3d5312de497952746e16b55929a0eb88ff4838d1312,application/json,National Rail,National Rail website Terms and Conditions; public Journey Planner snapshot.,Responses are dated planner snapshots. Review must exclude unsuitable non-rail itineraries and select the shortest suitable itinerary within the stated window.
transport/brighton-hove__london/response-13.json,https://jpservices.nationalrail.co.uk/journey-planner,"{""destination"":{""crs"":""182"",""group"":true},""directTrains"":false,""fareRequestDetails"":{""fareClass"":""ANY"",""passengers"":{""adult"":1,""child"":0},""railcards"":[]},""increasedInterchange"":""ZERO"",""onlySearchForSleeper"":false,""origin"":{""crs"":""BTN"",""group"":false},""outwardTime"":{""travelTime"":""2026-09-11T13:00:00+01:00"",""type"":""DEPART""},""overtakenTrains"":false,""reducedTransferTime"":false,""useAlternativeServices"":false}",2026-09-08T22:55:54+01:00,2026-09-11,95334d2a4823a16d1cab32f12b6159021ff42001bc159d9f9f1c3590c7bc3a60,application/json,National Rail,National Rail website Terms and Conditions; public Journey Planner snapshot.,Responses are dated planner snapshots. Review must exclude unsuitable non-rail itineraries and select the shortest suitable itinerary within the stated window.
transport/brighton-hove__london/capture-metadata.json,https://jpservices.nationalrail.co.uk/journey-planner,Direct capture metadata for BTN to 182.,2026-09-08T22:55:54+01:00,2026-09-11,47a88991110c1c54363b5a4b1e15e1b3bd95bad8747c4a7116e8689a1046b21e,application/json,National Rail,National Rail website Terms and Conditions; public Journey Planner snapshot.,Responses are dated planner snapshots. Review must exclude unsuitable non-rail itineraries and select the shortest suitable itinerary within the stated window.
transport/cardiff__birmingham/request-10.json,https://jpservices.nationalrail.co.uk/journey-planner,"{""destination"":{""crs"":""BHM"",""group"":false},""directTrains"":false,""fareRequestDetails"":{""fareClass"":""ANY"",""passengers"":{""adult"":1,""child"":0},""railcards"":[]},""increasedInterchange"":""ZERO"",""onlySearchForSleeper"":false,""origin"":{""crs"":""CDF"",""group"":false},""outwardTime"":{""travelTime"":""2026-09-11T10:00:00+01:00"",""type"":""DEPART""},""overtakenTrains"":false,""reducedTransferTime"":false,""useAlternativeServices"":false}",2026-09-08T22:56:30+01:00,2026-09-11,b40f0336bd8b547ba81ba58baf7f2e464cffcca993951c2a5d242cc32fc9af2e,application/json,National Rail,National Rail website Terms and Conditions; public Journey Planner snapshot.,Responses are dated planner snapshots. Review must exclude unsuitable non-rail itineraries and select the shortest suitable itinerary within the stated window.
transport/cardiff__birmingham/response-10.json,https://jpservices.nationalrail.co.uk/journey-planner,"{""destination"":{""crs"":""BHM"",""group"":false},""directTrains"":false,""fareRequestDetails"":{""fareClass"":""ANY"",""passengers"":{""adult"":1,""child"":0},""railcards"":[]},""increasedInterchange"":""ZERO"",""onlySearchForSleeper"":false,""origin"":{""crs"":""CDF"",""group"":false},""outwardTime"":{""travelTime"":""2026-09-11T10:00:00+01:00"",""type"":""DEPART""},""overtakenTrains"":false,""reducedTransferTime"":false,""useAlternativeServices"":false}",2026-09-08T22:56:30+01:00,2026-09-11,aa163928d0ecb0658a3f11da41ec0753d7a94dbd6858046066679811f1125f69,application/json,National Rail,National Rail website Terms and Conditions; public Journey Planner snapshot.,Responses are dated planner snapshots. Review must exclude unsuitable non-rail itineraries and select the shortest suitable itinerary within the stated window.
transport/cardiff__birmingham/request-11.json,https://jpservices.nationalrail.co.uk/journey-planner,"{""destination"":{""crs"":""BHM"",""group"":false},""directTrains"":false,""fareRequestDetails"":{""fareClass"":""ANY"",""passengers"":{""adult"":1,""child"":0},""railcards"":[]},""increasedInterchange"":""ZERO"",""onlySearchForSleeper"":false,""origin"":{""crs"":""CDF"",""group"":false},""outwardTime"":{""travelTime"":""2026-09-11T11:00:00+01:00"",""type"":""DEPART""},""overtakenTrains"":false,""reducedTransferTime"":false,""useAlternativeServices"":false}",2026-09-08T22:56:30+01:00,2026-09-11,09b38aa57cc2670aaad412d4d1a491da3405a88f8acd365c8e5144f15d3e2728,application/json,National Rail,National Rail website Terms and Conditions; public Journey Planner snapshot.,Responses are dated planner snapshots. Review must exclude unsuitable non-rail itineraries and select the shortest suitable itinerary within the stated window.
transport/cardiff__birmingham/response-11.json,https://jpservices.nationalrail.co.uk/journey-planner,"{""destination"":{""crs"":""BHM"",""group"":false},""directTrains"":false,""fareRequestDetails"":{""fareClass"":""ANY"",""passengers"":{""adult"":1,""child"":0},""railcards"":[]},""increasedInterchange"":""ZERO"",""onlySearchForSleeper"":false,""origin"":{""crs"":""CDF"",""group"":false},""outwardTime"":{""travelTime"":""2026-09-11T11:00:00+01:00"",""type"":""DEPART""},""overtakenTrains"":false,""reducedTransferTime"":false,""useAlternativeServices"":false}",2026-09-08T22:56:30+01:00,2026-09-11,5fad784c6b51882bc63ff3cb9b3422d30f3d6e52fe900225e901db7eb927b355,application/json,National Rail,National Rail website Terms and Conditions; public Journey Planner snapshot.,Responses are dated planner snapshots. Review must exclude unsuitable non-rail itineraries and select the shortest suitable itinerary within the stated window.
transport/cardiff__birmingham/request-12.json,https://jpservices.nationalrail.co.uk/journey-planner,"{""destination"":{""crs"":""BHM"",""group"":false},""directTrains"":false,""fareRequestDetails"":{""fareClass"":""ANY"",""passengers"":{""adult"":1,""child"":0},""railcards"":[]},""increasedInterchange"":""ZERO"",""onlySearchForSleeper"":false,""origin"":{""crs"":""CDF"",""group"":false},""outwardTime"":{""travelTime"":""2026-09-11T12:00:00+01:00"",""type"":""DEPART""},""overtakenTrains"":false,""reducedTransferTime"":false,""useAlternativeServices"":false}",2026-09-08T22:56:31+01:00,2026-09-11,0af2dead71f29f2b467feab6d22c123fd39ac014d7d1358ce6e96d8f3a93c08c,application/json,National Rail,National Rail website Terms and Conditions; public Journey Planner snapshot.,Responses are dated planner snapshots. Review must exclude unsuitable non-rail itineraries and select the shortest suitable itinerary within the stated window.
transport/cardiff__birmingham/response-12.json,https://jpservices.nationalrail.co.uk/journey-planner,"{""destination"":{""crs"":""BHM"",""group"":false},""directTrains"":false,""fareRequestDetails"":{""fareClass"":""ANY"",""passengers"":{""adult"":1,""child"":0},""railcards"":[]},""increasedInterchange"":""ZERO"",""onlySearchForSleeper"":false,""origin"":{""crs"":""CDF"",""group"":false},""outwardTime"":{""travelTime"":""2026-09-11T12:00:00+01:00"",""type"":""DEPART""},""overtakenTrains"":false,""reducedTransferTime"":false,""useAlternativeServices"":false}",2026-09-08T22:56:31+01:00,2026-09-11,b74998e8b36be2d4b83cba7df6ebda6222e02dfa2ce0f227775edbaec94afcec,application/json,National Rail,National Rail website Terms and Conditions; public Journey Planner snapshot.,Responses are dated planner snapshots. Review must exclude unsuitable non-rail itineraries and select the shortest suitable itinerary within the stated window.
transport/cardiff__birmingham/request-13.json,https://jpservices.nationalrail.co.uk/journey-planner,"{""destination"":{""crs"":""BHM"",""group"":false},""directTrains"":false,""fareRequestDetails"":{""fareClass"":""ANY"",""passengers"":{""adult"":1,""child"":0},""railcards"":[]},""increasedInterchange"":""ZERO"",""onlySearchForSleeper"":false,""origin"":{""crs"":""CDF"",""group"":false},""outwardTime"":{""travelTime"":""2026-09-11T13:00:00+01:00"",""type"":""DEPART""},""overtakenTrains"":false,""reducedTransferTime"":false,""useAlternativeServices"":false}",2026-09-08T22:56:32+01:00,2026-09-11,e9025e82cc37ba9ee960d35750e5304a777f9ec845e661a0756966b74bc159fb,application/json,National Rail,National Rail website Terms and Conditions; public Journey Planner snapshot.,Responses are dated planner snapshots. Review must exclude unsuitable non-rail itineraries and select the shortest suitable itinerary within the stated window.
transport/cardiff__birmingham/response-13.json,https://jpservices.nationalrail.co.uk/journey-planner,"{""destination"":{""crs"":""BHM"",""group"":false},""directTrains"":false,""fareRequestDetails"":{""fareClass"":""ANY"",""passengers"":{""adult"":1,""child"":0},""railcards"":[]},""increasedInterchange"":""ZERO"",""onlySearchForSleeper"":false,""origin"":{""crs"":""CDF"",""group"":false},""outwardTime"":{""travelTime"":""2026-09-11T13:00:00+01:00"",""type"":""DEPART""},""overtakenTrains"":false,""reducedTransferTime"":false,""useAlternativeServices"":false}",2026-09-08T22:56:32+01:00,2026-09-11,14a46aca641f9769687ec2b7d4f245d758049213c6ec8dbf62fd322914cb83f7,application/json,National Rail,National Rail website Terms and Conditions; public Journey Planner snapshot.,Responses are dated planner snapshots. Review must exclude unsuitable non-rail itineraries and select the shortest suitable itinerary within the stated window.
transport/cardiff__birmingham/capture-metadata.json,https://jpservices.nationalrail.co.uk/journey-planner,Direct capture metadata for CDF to BHM.,2026-09-08T22:56:32+01:00,2026-09-11,8fb2911892b59e7452e1049d7a4180c1878fa2f8adab7332de6ade82433ea366,application/json,National Rail,National Rail website Terms and Conditions; public Journey Planner snapshot.,Responses are dated planner snapshots. Review must exclude unsuitable non-rail itineraries and select the shortest suitable itinerary within the stated window.
transport/cardiff__london/request-10.json,https://jpservices.nationalrail.co.uk/journey-planner,"{""destination"":{""crs"":""182"",""group"":true},""directTrains"":false,""fareRequestDetails"":{""fareClass"":""ANY"",""passengers"":{""adult"":1,""child"":0},""railcards"":[]},""increasedInterchange"":""ZERO"",""onlySearchForSleeper"":false,""origin"":{""crs"":""CDF"",""group"":false},""outwardTime"":{""travelTime"":""2026-09-11T10:00:00+01:00"",""type"":""DEPART""},""overtakenTrains"":false,""reducedTransferTime"":false,""useAlternativeServices"":false}",2026-09-08T22:56:15+01:00,2026-09-11,47fbe01b0287e9b6513d5f5a1415342b8f0bd2eca59866496832c02a76cc8493,application/json,National Rail,National Rail website Terms and Conditions; public Journey Planner snapshot.,Responses are dated planner snapshots. Review must exclude unsuitable non-rail itineraries and select the shortest suitable itinerary within the stated window.
transport/cardiff__london/response-10.json,https://jpservices.nationalrail.co.uk/journey-planner,"{""destination"":{""crs"":""182"",""group"":true},""directTrains"":false,""fareRequestDetails"":{""fareClass"":""ANY"",""passengers"":{""adult"":1,""child"":0},""railcards"":[]},""increasedInterchange"":""ZERO"",""onlySearchForSleeper"":false,""origin"":{""crs"":""CDF"",""group"":false},""outwardTime"":{""travelTime"":""2026-09-11T10:00:00+01:00"",""type"":""DEPART""},""overtakenTrains"":false,""reducedTransferTime"":false,""useAlternativeServices"":false}",2026-09-08T22:56:15+01:00,2026-09-11,0f01a84ec9cc12b10aaf650988eabb034feda45700619f9345c171d3f8a8b001,application/json,National Rail,National Rail website Terms and Conditions; public Journey Planner snapshot.,Responses are dated planner snapshots. Review must exclude unsuitable non-rail itineraries and select the shortest suitable itinerary within the stated window.
transport/cardiff__london/request-11.json,https://jpservices.nationalrail.co.uk/journey-planner,"{""destination"":{""crs"":""182"",""group"":true},""directTrains"":false,""fareRequestDetails"":{""fareClass"":""ANY"",""passengers"":{""adult"":1,""child"":0},""railcards"":[]},""increasedInterchange"":""ZERO"",""onlySearchForSleeper"":false,""origin"":{""crs"":""CDF"",""group"":false},""outwardTime"":{""travelTime"":""2026-09-11T11:00:00+01:00"",""type"":""DEPART""},""overtakenTrains"":false,""reducedTransferTime"":false,""useAlternativeServices"":false}",2026-09-08T22:56:17+01:00,2026-09-11,888d4742fbfbd2ed33bbd7046f061ebd19241a052f7596cc3f36b8f766c34ee3,application/json,National Rail,National Rail website Terms and Conditions; public Journey Planner snapshot.,Responses are dated planner snapshots. Review must exclude unsuitable non-rail itineraries and select the shortest suitable itinerary within the stated window.
transport/cardiff__london/response-11.json,https://jpservices.nationalrail.co.uk/journey-planner,"{""destination"":{""crs"":""182"",""group"":true},""directTrains"":false,""fareRequestDetails"":{""fareClass"":""ANY"",""passengers"":{""adult"":1,""child"":0},""railcards"":[]},""increasedInterchange"":""ZERO"",""onlySearchForSleeper"":false,""origin"":{""crs"":""CDF"",""group"":false},""outwardTime"":{""travelTime"":""2026-09-11T11:00:00+01:00"",""type"":""DEPART""},""overtakenTrains"":false,""reducedTransferTime"":false,""useAlternativeServices"":false}",2026-09-08T22:56:17+01:00,2026-09-11,42ed3da8b5e14828bd6a966661d11d2a0a1c96fc62a5a8a2d9c34d25afaf10dd,application/json,National Rail,National Rail website Terms and Conditions; public Journey Planner snapshot.,Responses are dated planner snapshots. Review must exclude unsuitable non-rail itineraries and select the shortest suitable itinerary within the stated window.
transport/cardiff__london/request-12.json,https://jpservices.nationalrail.co.uk/journey-planner,"{""destination"":{""crs"":""182"",""group"":true},""directTrains"":false,""fareRequestDetails"":{""fareClass"":""ANY"",""passengers"":{""adult"":1,""child"":0},""railcards"":[]},""increasedInterchange"":""ZERO"",""onlySearchForSleeper"":false,""origin"":{""crs"":""CDF"",""group"":false},""outwardTime"":{""travelTime"":""2026-09-11T12:00:00+01:00"",""type"":""DEPART""},""overtakenTrains"":false,""reducedTransferTime"":false,""useAlternativeServices"":false}",2026-09-08T22:56:18+01:00,2026-09-11,7314c232b4d63acb394dde086e7adf2a0ab5845cb4440b958b728950ace5cd61,application/json,National Rail,National Rail website Terms and Conditions; public Journey Planner snapshot.,Responses are dated planner snapshots. Review must exclude unsuitable non-rail itineraries and select the shortest suitable itinerary within the stated window.
transport/cardiff__london/response-12.json,https://jpservices.nationalrail.co.uk/journey-planner,"{""destination"":{""crs"":""182"",""group"":true},""directTrains"":false,""fareRequestDetails"":{""fareClass"":""ANY"",""passengers"":{""adult"":1,""child"":0},""railcards"":[]},""increasedInterchange"":""ZERO"",""onlySearchForSleeper"":false,""origin"":{""crs"":""CDF"",""group"":false},""outwardTime"":{""travelTime"":""2026-09-11T12:00:00+01:00"",""type"":""DEPART""},""overtakenTrains"":false,""reducedTransferTime"":false,""useAlternativeServices"":false}",2026-09-08T22:56:18+01:00,2026-09-11,43f7ebb79109f4fdfd8ae7dc09eeb6fd145251869917652806e6f4c85343489a,application/json,National Rail,National Rail website Terms and Conditions; public Journey Planner snapshot.,Responses are dated planner snapshots. Review must exclude unsuitable non-rail itineraries and select the shortest suitable itinerary within the stated window.
transport/cardiff__london/request-13.json,https://jpservices.nationalrail.co.uk/journey-planner,"{""destination"":{""crs"":""182"",""group"":true},""directTrains"":false,""fareRequestDetails"":{""fareClass"":""ANY"",""passengers"":{""adult"":1,""child"":0},""railcards"":[]},""increasedInterchange"":""ZERO"",""onlySearchForSleeper"":false,""origin"":{""crs"":""CDF"",""group"":false},""outwardTime"":{""travelTime"":""2026-09-11T13:00:00+01:00"",""type"":""DEPART""},""overtakenTrains"":false,""reducedTransferTime"":false,""useAlternativeServices"":false}",2026-09-08T22:56:19+01:00,2026-09-11,068f54cdddc0facae4b1c29d3786eb6648de0b7133a703e1b20f1a46ac4e8220,application/json,National Rail,National Rail website Terms and Conditions; public Journey Planner snapshot.,Responses are dated planner snapshots. Review must exclude unsuitable non-rail itineraries and select the shortest suitable itinerary within the stated window.
transport/cardiff__london/response-13.json,https://jpservices.nationalrail.co.uk/journey-planner,"{""destination"":{""crs"":""182"",""group"":true},""directTrains"":false,""fareRequestDetails"":{""fareClass"":""ANY"",""passengers"":{""adult"":1,""child"":0},""railcards"":[]},""increasedInterchange"":""ZERO"",""onlySearchForSleeper"":false,""origin"":{""crs"":""CDF"",""group"":false},""outwardTime"":{""travelTime"":""2026-09-11T13:00:00+01:00"",""type"":""DEPART""},""overtakenTrains"":false,""reducedTransferTime"":false,""useAlternativeServices"":false}",2026-09-08T22:56:19+01:00,2026-09-11,4a86e326b0b45d0b200b5050c3668eea769deadc6e1022f0c52281fc7c58bee4,application/json,National Rail,National Rail website Terms and Conditions; public Journey Planner snapshot.,Responses are dated planner snapshots. Review must exclude unsuitable non-rail itineraries and select the shortest suitable itinerary within the stated window.
transport/cardiff__london/capture-metadata.json,https://jpservices.nationalrail.co.uk/journey-planner,Direct capture metadata for CDF to 182.,2026-09-08T22:56:19+01:00,2026-09-11,b12268d604a9b38567998ba9d1ac3ca3286e54398b1bf79efce03c825bc4b531,application/json,National Rail,National Rail website Terms and Conditions; public Journey Planner snapshot.,Responses are dated planner snapshots. Review must exclude unsuitable non-rail itineraries and select the shortest suitable itinerary within the stated window.
transport/leeds__birmingham/request-10.json,https://jpservices.nationalrail.co.uk/journey-planner,"{""destination"":{""crs"":""BHM"",""group"":false},""directTrains"":false,""fareRequestDetails"":{""fareClass"":""ANY"",""passengers"":{""adult"":1,""child"":0},""railcards"":[]},""increasedInterchange"":""ZERO"",""onlySearchForSleeper"":false,""origin"":{""crs"":""LDS"",""group"":false},""outwardTime"":{""travelTime"":""2026-09-11T10:00:00+01:00"",""type"":""DEPART""},""overtakenTrains"":false,""reducedTransferTime"":false,""useAlternativeServices"":false}",2026-09-08T22:56:53+01:00,2026-09-11,4e8a779e1d872028832395e5e2c1714fbc64292da10a072972508f290b2f252d,application/json,National Rail,National Rail website Terms and Conditions; public Journey Planner snapshot.,Responses are dated planner snapshots. Review must exclude unsuitable non-rail itineraries and select the shortest suitable itinerary within the stated window.
transport/leeds__birmingham/response-10.json,https://jpservices.nationalrail.co.uk/journey-planner,"{""destination"":{""crs"":""BHM"",""group"":false},""directTrains"":false,""fareRequestDetails"":{""fareClass"":""ANY"",""passengers"":{""adult"":1,""child"":0},""railcards"":[]},""increasedInterchange"":""ZERO"",""onlySearchForSleeper"":false,""origin"":{""crs"":""LDS"",""group"":false},""outwardTime"":{""travelTime"":""2026-09-11T10:00:00+01:00"",""type"":""DEPART""},""overtakenTrains"":false,""reducedTransferTime"":false,""useAlternativeServices"":false}",2026-09-08T22:56:53+01:00,2026-09-11,02804d9746bc081cdf4b955438f4a01974662a6607329e75ed671a0d0528d86c,application/json,National Rail,National Rail website Terms and Conditions; public Journey Planner snapshot.,Responses are dated planner snapshots. Review must exclude unsuitable non-rail itineraries and select the shortest suitable itinerary within the stated window.
transport/leeds__birmingham/request-11.json,https://jpservices.nationalrail.co.uk/journey-planner,"{""destination"":{""crs"":""BHM"",""group"":false},""directTrains"":false,""fareRequestDetails"":{""fareClass"":""ANY"",""passengers"":{""adult"":1,""child"":0},""railcards"":[]},""increasedInterchange"":""ZERO"",""onlySearchForSleeper"":false,""origin"":{""crs"":""LDS"",""group"":false},""outwardTime"":{""travelTime"":""2026-09-11T11:00:00+01:00"",""type"":""DEPART""},""overtakenTrains"":false,""reducedTransferTime"":false,""useAlternativeServices"":false}",2026-09-08T22:56:54+01:00,2026-09-11,2801abe9894fb06f393f172008583f9490217326b05cf99c5ee53a32cbe580e8,application/json,National Rail,National Rail website Terms and Conditions; public Journey Planner snapshot.,Responses are dated planner snapshots. Review must exclude unsuitable non-rail itineraries and select the shortest suitable itinerary within the stated window.
transport/leeds__birmingham/response-11.json,https://jpservices.nationalrail.co.uk/journey-planner,"{""destination"":{""crs"":""BHM"",""group"":false},""directTrains"":false,""fareRequestDetails"":{""fareClass"":""ANY"",""passengers"":{""adult"":1,""child"":0},""railcards"":[]},""increasedInterchange"":""ZERO"",""onlySearchForSleeper"":false,""origin"":{""crs"":""LDS"",""group"":false},""outwardTime"":{""travelTime"":""2026-09-11T11:00:00+01:00"",""type"":""DEPART""},""overtakenTrains"":false,""reducedTransferTime"":false,""useAlternativeServices"":false}",2026-09-08T22:56:54+01:00,2026-09-11,9313b9ff647d91126d62d46558383056601fb198417ba9a0d569f54b3d221ac0,application/json,National Rail,National Rail website Terms and Conditions; public Journey Planner snapshot.,Responses are dated planner snapshots. Review must exclude unsuitable non-rail itineraries and select the shortest suitable itinerary within the stated window.
transport/leeds__birmingham/request-12.json,https://jpservices.nationalrail.co.uk/journey-planner,"{""destination"":{""crs"":""BHM"",""group"":false},""directTrains"":false,""fareRequestDetails"":{""fareClass"":""ANY"",""passengers"":{""adult"":1,""child"":0},""railcards"":[]},""increasedInterchange"":""ZERO"",""onlySearchForSleeper"":false,""origin"":{""crs"":""LDS"",""group"":false},""outwardTime"":{""travelTime"":""2026-09-11T12:00:00+01:00"",""type"":""DEPART""},""overtakenTrains"":false,""reducedTransferTime"":false,""useAlternativeServices"":false}",2026-09-08T22:56:55+01:00,2026-09-11,83730fae4241f23dff1fcf6a5a076167f7b29fa4cd1465fc77b058c79c737f6b,application/json,National Rail,National Rail website Terms and Conditions; public Journey Planner snapshot.,Responses are dated planner snapshots. Review must exclude unsuitable non-rail itineraries and select the shortest suitable itinerary within the stated window.
transport/leeds__birmingham/response-12.json,https://jpservices.nationalrail.co.uk/journey-planner,"{""destination"":{""crs"":""BHM"",""group"":false},""directTrains"":false,""fareRequestDetails"":{""fareClass"":""ANY"",""passengers"":{""adult"":1,""child"":0},""railcards"":[]},""increasedInterchange"":""ZERO"",""onlySearchForSleeper"":false,""origin"":{""crs"":""LDS"",""group"":false},""outwardTime"":{""travelTime"":""2026-09-11T12:00:00+01:00"",""type"":""DEPART""},""overtakenTrains"":false,""reducedTransferTime"":false,""useAlternativeServices"":false}",2026-09-08T22:56:55+01:00,2026-09-11,bf750ebbd563b0200979e8e3559c38a0717c490101d0a98b540ae2be202323b4,application/json,National Rail,National Rail website Terms and Conditions; public Journey Planner snapshot.,Responses are dated planner snapshots. Review must exclude unsuitable non-rail itineraries and select the shortest suitable itinerary within the stated window.
transport/leeds__birmingham/request-13.json,https://jpservices.nationalrail.co.uk/journey-planner,"{""destination"":{""crs"":""BHM"",""group"":false},""directTrains"":false,""fareRequestDetails"":{""fareClass"":""ANY"",""passengers"":{""adult"":1,""child"":0},""railcards"":[]},""increasedInterchange"":""ZERO"",""onlySearchForSleeper"":false,""origin"":{""crs"":""LDS"",""group"":false},""outwardTime"":{""travelTime"":""2026-09-11T13:00:00+01:00"",""type"":""DEPART""},""overtakenTrains"":false,""reducedTransferTime"":false,""useAlternativeServices"":false}",2026-09-08T22:56:56+01:00,2026-09-11,3df2b8db89473ed729007cb5eb6d8f19db78d7a0d97aba6d9e2ec573a40bd866,application/json,National Rail,National Rail website Terms and Conditions; public Journey Planner snapshot.,Responses are dated planner snapshots. Review must exclude unsuitable non-rail itineraries and select the shortest suitable itinerary within the stated window.
transport/leeds__birmingham/response-13.json,https://jpservices.nationalrail.co.uk/journey-planner,"{""destination"":{""crs"":""BHM"",""group"":false},""directTrains"":false,""fareRequestDetails"":{""fareClass"":""ANY"",""passengers"":{""adult"":1,""child"":0},""railcards"":[]},""increasedInterchange"":""ZERO"",""onlySearchForSleeper"":false,""origin"":{""crs"":""LDS"",""group"":false},""outwardTime"":{""travelTime"":""2026-09-11T13:00:00+01:00"",""type"":""DEPART""},""overtakenTrains"":false,""reducedTransferTime"":false,""useAlternativeServices"":false}",2026-09-08T22:56:56+01:00,2026-09-11,ef9de3c6b84f37cb499a85c5fcb3f605948bab3e4a744e6e6c873e7ef0cf274f,application/json,National Rail,National Rail website Terms and Conditions; public Journey Planner snapshot.,Responses are dated planner snapshots. Review must exclude unsuitable non-rail itineraries and select the shortest suitable itinerary within the stated window.
transport/leeds__birmingham/capture-metadata.json,https://jpservices.nationalrail.co.uk/journey-planner,Direct capture metadata for LDS to BHM.,2026-09-08T22:56:56+01:00,2026-09-11,4333e75dfb202017658e445401582e02104f4e10fe37596697db91ecaccc3b78,application/json,National Rail,National Rail website Terms and Conditions; public Journey Planner snapshot.,Responses are dated planner snapshots. Review must exclude unsuitable non-rail itineraries and select the shortest suitable itinerary within the stated window.
transport/leeds__london/request-10.json,https://jpservices.nationalrail.co.uk/journey-planner,"{""destination"":{""crs"":""182"",""group"":true},""directTrains"":false,""fareRequestDetails"":{""fareClass"":""ANY"",""passengers"":{""adult"":1,""child"":0},""railcards"":[]},""increasedInterchange"":""ZERO"",""onlySearchForSleeper"":false,""origin"":{""crs"":""LDS"",""group"":false},""outwardTime"":{""travelTime"":""2026-09-11T10:00:00+01:00"",""type"":""DEPART""},""overtakenTrains"":false,""reducedTransferTime"":false,""useAlternativeServices"":false}",2026-09-08T22:56:41+01:00,2026-09-11,5c63f46a403a4f76faecc51a9845063f34b9b216929431ace16baeeda714b892,application/json,National Rail,National Rail website Terms and Conditions; public Journey Planner snapshot.,Responses are dated planner snapshots. Review must exclude unsuitable non-rail itineraries and select the shortest suitable itinerary within the stated window.
transport/leeds__london/response-10.json,https://jpservices.nationalrail.co.uk/journey-planner,"{""destination"":{""crs"":""182"",""group"":true},""directTrains"":false,""fareRequestDetails"":{""fareClass"":""ANY"",""passengers"":{""adult"":1,""child"":0},""railcards"":[]},""increasedInterchange"":""ZERO"",""onlySearchForSleeper"":false,""origin"":{""crs"":""LDS"",""group"":false},""outwardTime"":{""travelTime"":""2026-09-11T10:00:00+01:00"",""type"":""DEPART""},""overtakenTrains"":false,""reducedTransferTime"":false,""useAlternativeServices"":false}",2026-09-08T22:56:41+01:00,2026-09-11,f94d0fab61772c99b2568772664b887220307f532cf22eba67ea3da920198697,application/json,National Rail,National Rail website Terms and Conditions; public Journey Planner snapshot.,Responses are dated planner snapshots. Review must exclude unsuitable non-rail itineraries and select the shortest suitable itinerary within the stated window.
transport/leeds__london/request-11.json,https://jpservices.nationalrail.co.uk/journey-planner,"{""destination"":{""crs"":""182"",""group"":true},""directTrains"":false,""fareRequestDetails"":{""fareClass"":""ANY"",""passengers"":{""adult"":1,""child"":0},""railcards"":[]},""increasedInterchange"":""ZERO"",""onlySearchForSleeper"":false,""origin"":{""crs"":""LDS"",""group"":false},""outwardTime"":{""travelTime"":""2026-09-11T11:00:00+01:00"",""type"":""DEPART""},""overtakenTrains"":false,""reducedTransferTime"":false,""useAlternativeServices"":false}",2026-09-08T22:56:42+01:00,2026-09-11,522ac7f347b2eb35a11981e78b4c1d4162aecff49ee775699ac61e0ed59d6a28,application/json,National Rail,National Rail website Terms and Conditions; public Journey Planner snapshot.,Responses are dated planner snapshots. Review must exclude unsuitable non-rail itineraries and select the shortest suitable itinerary within the stated window.
transport/leeds__london/response-11.json,https://jpservices.nationalrail.co.uk/journey-planner,"{""destination"":{""crs"":""182"",""group"":true},""directTrains"":false,""fareRequestDetails"":{""fareClass"":""ANY"",""passengers"":{""adult"":1,""child"":0},""railcards"":[]},""increasedInterchange"":""ZERO"",""onlySearchForSleeper"":false,""origin"":{""crs"":""LDS"",""group"":false},""outwardTime"":{""travelTime"":""2026-09-11T11:00:00+01:00"",""type"":""DEPART""},""overtakenTrains"":false,""reducedTransferTime"":false,""useAlternativeServices"":false}",2026-09-08T22:56:42+01:00,2026-09-11,c903582c06ead2ae9a67764c1dcf82d4e4b69a40523ad12000d5d81c1a339bb7,application/json,National Rail,National Rail website Terms and Conditions; public Journey Planner snapshot.,Responses are dated planner snapshots. Review must exclude unsuitable non-rail itineraries and select the shortest suitable itinerary within the stated window.
transport/leeds__london/request-12.json,https://jpservices.nationalrail.co.uk/journey-planner,"{""destination"":{""crs"":""182"",""group"":true},""directTrains"":false,""fareRequestDetails"":{""fareClass"":""ANY"",""passengers"":{""adult"":1,""child"":0},""railcards"":[]},""increasedInterchange"":""ZERO"",""onlySearchForSleeper"":false,""origin"":{""crs"":""LDS"",""group"":false},""outwardTime"":{""travelTime"":""2026-09-11T12:00:00+01:00"",""type"":""DEPART""},""overtakenTrains"":false,""reducedTransferTime"":false,""useAlternativeServices"":false}",2026-09-08T22:56:44+01:00,2026-09-11,19ad58e9e9bd9680ec82381e1951c5085273eaea213a817b32af1767627dd0bb,application/json,National Rail,National Rail website Terms and Conditions; public Journey Planner snapshot.,Responses are dated planner snapshots. Review must exclude unsuitable non-rail itineraries and select the shortest suitable itinerary within the stated window.
transport/leeds__london/response-12.json,https://jpservices.nationalrail.co.uk/journey-planner,"{""destination"":{""crs"":""182"",""group"":true},""directTrains"":false,""fareRequestDetails"":{""fareClass"":""ANY"",""passengers"":{""adult"":1,""child"":0},""railcards"":[]},""increasedInterchange"":""ZERO"",""onlySearchForSleeper"":false,""origin"":{""crs"":""LDS"",""group"":false},""outwardTime"":{""travelTime"":""2026-09-11T12:00:00+01:00"",""type"":""DEPART""},""overtakenTrains"":false,""reducedTransferTime"":false,""useAlternativeServices"":false}",2026-09-08T22:56:44+01:00,2026-09-11,4017f43701c2b7a710008792208a86e134bf334d751edc079a0ff9af5438335a,application/json,National Rail,National Rail website Terms and Conditions; public Journey Planner snapshot.,Responses are dated planner snapshots. Review must exclude unsuitable non-rail itineraries and select the shortest suitable itinerary within the stated window.
transport/leeds__london/request-13.json,https://jpservices.nationalrail.co.uk/journey-planner,"{""destination"":{""crs"":""182"",""group"":true},""directTrains"":false,""fareRequestDetails"":{""fareClass"":""ANY"",""passengers"":{""adult"":1,""child"":0},""railcards"":[]},""increasedInterchange"":""ZERO"",""onlySearchForSleeper"":false,""origin"":{""crs"":""LDS"",""group"":false},""outwardTime"":{""travelTime"":""2026-09-11T13:00:00+01:00"",""type"":""DEPART""},""overtakenTrains"":false,""reducedTransferTime"":false,""useAlternativeServices"":false}",2026-09-08T22:56:45+01:00,2026-09-11,b05c9e92b24366502dc6544a2aa6155ebfacafc4689651d486ad90223566d80b,application/json,National Rail,National Rail website Terms and Conditions; public Journey Planner snapshot.,Responses are dated planner snapshots. Review must exclude unsuitable non-rail itineraries and select the shortest suitable itinerary within the stated window.
transport/leeds__london/response-13.json,https://jpservices.nationalrail.co.uk/journey-planner,"{""destination"":{""crs"":""182"",""group"":true},""directTrains"":false,""fareRequestDetails"":{""fareClass"":""ANY"",""passengers"":{""adult"":1,""child"":0},""railcards"":[]},""increasedInterchange"":""ZERO"",""onlySearchForSleeper"":false,""origin"":{""crs"":""LDS"",""group"":false},""outwardTime"":{""travelTime"":""2026-09-11T13:00:00+01:00"",""type"":""DEPART""},""overtakenTrains"":false,""reducedTransferTime"":false,""useAlternativeServices"":false}",2026-09-08T22:56:45+01:00,2026-09-11,7e1e645950210e3bf3b4ec6d2c6f4c834bf1ef4a32c2901dec0ab9055098a293,application/json,National Rail,National Rail website Terms and Conditions; public Journey Planner snapshot.,Responses are dated planner snapshots. Review must exclude unsuitable non-rail itineraries and select the shortest suitable itinerary within the stated window.
transport/leeds__london/capture-metadata.json,https://jpservices.nationalrail.co.uk/journey-planner,Direct capture metadata for LDS to 182.,2026-09-08T22:56:45+01:00,2026-09-11,88fe8e1719152bbc3464e25d915c93adab9eccae8281a261d11ac2d788b52e6c,application/json,National Rail,National Rail website Terms and Conditions; public Journey Planner snapshot.,Responses are dated planner snapshots. Review must exclude unsuitable non-rail itineraries and select the shortest suitable itinerary within the stated window.
transport/liverpool__birmingham/request-10.json,https://jpservices.nationalrail.co.uk/journey-planner,"{""destination"":{""crs"":""BHM"",""group"":false},""directTrains"":false,""fareRequestDetails"":{""fareClass"":""ANY"",""passengers"":{""adult"":1,""child"":0},""railcards"":[]},""increasedInterchange"":""ZERO"",""onlySearchForSleeper"":false,""origin"":{""crs"":""LIV"",""group"":false},""outwardTime"":{""travelTime"":""2026-09-11T10:00:00+01:00"",""type"":""DEPART""},""overtakenTrains"":false,""reducedTransferTime"":false,""useAlternativeServices"":false}",2026-09-08T22:57:17+01:00,2026-09-11,a91f09fbc69e8932378985ed2c295a2a8410c7c49d1887b4d5c427700af9180d,application/json,National Rail,National Rail website Terms and Conditions; public Journey Planner snapshot.,Responses are dated planner snapshots. Review must exclude unsuitable non-rail itineraries and select the shortest suitable itinerary within the stated window.
transport/liverpool__birmingham/response-10.json,https://jpservices.nationalrail.co.uk/journey-planner,"{""destination"":{""crs"":""BHM"",""group"":false},""directTrains"":false,""fareRequestDetails"":{""fareClass"":""ANY"",""passengers"":{""adult"":1,""child"":0},""railcards"":[]},""increasedInterchange"":""ZERO"",""onlySearchForSleeper"":false,""origin"":{""crs"":""LIV"",""group"":false},""outwardTime"":{""travelTime"":""2026-09-11T10:00:00+01:00"",""type"":""DEPART""},""overtakenTrains"":false,""reducedTransferTime"":false,""useAlternativeServices"":false}",2026-09-08T22:57:17+01:00,2026-09-11,10a4cb02ece490825e5606c8035c84d2450992400b79c61ecbb3bfc2392d7af5,application/json,National Rail,National Rail website Terms and Conditions; public Journey Planner snapshot.,Responses are dated planner snapshots. Review must exclude unsuitable non-rail itineraries and select the shortest suitable itinerary within the stated window.
transport/liverpool__birmingham/request-11.json,https://jpservices.nationalrail.co.uk/journey-planner,"{""destination"":{""crs"":""BHM"",""group"":false},""directTrains"":false,""fareRequestDetails"":{""fareClass"":""ANY"",""passengers"":{""adult"":1,""child"":0},""railcards"":[]},""increasedInterchange"":""ZERO"",""onlySearchForSleeper"":false,""origin"":{""crs"":""LIV"",""group"":false},""outwardTime"":{""travelTime"":""2026-09-11T11:00:00+01:00"",""type"":""DEPART""},""overtakenTrains"":false,""reducedTransferTime"":false,""useAlternativeServices"":false}",2026-09-08T22:57:18+01:00,2026-09-11,f96e249c77dce9aebdf2ef8af4c187c84eb03c4c4bfb087cf00e4bf5009dd83a,application/json,National Rail,National Rail website Terms and Conditions; public Journey Planner snapshot.,Responses are dated planner snapshots. Review must exclude unsuitable non-rail itineraries and select the shortest suitable itinerary within the stated window.
transport/liverpool__birmingham/response-11.json,https://jpservices.nationalrail.co.uk/journey-planner,"{""destination"":{""crs"":""BHM"",""group"":false},""directTrains"":false,""fareRequestDetails"":{""fareClass"":""ANY"",""passengers"":{""adult"":1,""child"":0},""railcards"":[]},""increasedInterchange"":""ZERO"",""onlySearchForSleeper"":false,""origin"":{""crs"":""LIV"",""group"":false},""outwardTime"":{""travelTime"":""2026-09-11T11:00:00+01:00"",""type"":""DEPART""},""overtakenTrains"":false,""reducedTransferTime"":false,""useAlternativeServices"":false}",2026-09-08T22:57:18+01:00,2026-09-11,e4d84260be5885695f46590d15a94f09f99c34bd00f32eb66686948669f1945b,application/json,National Rail,National Rail website Terms and Conditions; public Journey Planner snapshot.,Responses are dated planner snapshots. Review must exclude unsuitable non-rail itineraries and select the shortest suitable itinerary within the stated window.
transport/liverpool__birmingham/request-12.json,https://jpservices.nationalrail.co.uk/journey-planner,"{""destination"":{""crs"":""BHM"",""group"":false},""directTrains"":false,""fareRequestDetails"":{""fareClass"":""ANY"",""passengers"":{""adult"":1,""child"":0},""railcards"":[]},""increasedInterchange"":""ZERO"",""onlySearchForSleeper"":false,""origin"":{""crs"":""LIV"",""group"":false},""outwardTime"":{""travelTime"":""2026-09-11T12:00:00+01:00"",""type"":""DEPART""},""overtakenTrains"":false,""reducedTransferTime"":false,""useAlternativeServices"":false}",2026-09-08T22:57:18+01:00,2026-09-11,36c0d69498c02b9275a18705c8b1f7782a756be4dc5824187ab24006ba215900,application/json,National Rail,National Rail website Terms and Conditions; public Journey Planner snapshot.,Responses are dated planner snapshots. Review must exclude unsuitable non-rail itineraries and select the shortest suitable itinerary within the stated window.
transport/liverpool__birmingham/response-12.json,https://jpservices.nationalrail.co.uk/journey-planner,"{""destination"":{""crs"":""BHM"",""group"":false},""directTrains"":false,""fareRequestDetails"":{""fareClass"":""ANY"",""passengers"":{""adult"":1,""child"":0},""railcards"":[]},""increasedInterchange"":""ZERO"",""onlySearchForSleeper"":false,""origin"":{""crs"":""LIV"",""group"":false},""outwardTime"":{""travelTime"":""2026-09-11T12:00:00+01:00"",""type"":""DEPART""},""overtakenTrains"":false,""reducedTransferTime"":false,""useAlternativeServices"":false}",2026-09-08T22:57:18+01:00,2026-09-11,a4dcdfb4c301356cf31a87edf3aa318f55c445a34499a4d96b687f95e877ae2f,application/json,National Rail,National Rail website Terms and Conditions; public Journey Planner snapshot.,Responses are dated planner snapshots. Review must exclude unsuitable non-rail itineraries and select the shortest suitable itinerary within the stated window.
transport/liverpool__birmingham/request-13.json,https://jpservices.nationalrail.co.uk/journey-planner,"{""destination"":{""crs"":""BHM"",""group"":false},""directTrains"":false,""fareRequestDetails"":{""fareClass"":""ANY"",""passengers"":{""adult"":1,""child"":0},""railcards"":[]},""increasedInterchange"":""ZERO"",""onlySearchForSleeper"":false,""origin"":{""crs"":""LIV"",""group"":false},""outwardTime"":{""travelTime"":""2026-09-11T13:00:00+01:00"",""type"":""DEPART""},""overtakenTrains"":false,""reducedTransferTime"":false,""useAlternativeServices"":false}",2026-09-08T22:57:19+01:00,2026-09-11,01b8311f760e404256913089ab569d38cb8a200e53ea2a20c7b52801659b517d,application/json,National Rail,National Rail website Terms and Conditions; public Journey Planner snapshot.,Responses are dated planner snapshots. Review must exclude unsuitable non-rail itineraries and select the shortest suitable itinerary within the stated window.
transport/liverpool__birmingham/response-13.json,https://jpservices.nationalrail.co.uk/journey-planner,"{""destination"":{""crs"":""BHM"",""group"":false},""directTrains"":false,""fareRequestDetails"":{""fareClass"":""ANY"",""passengers"":{""adult"":1,""child"":0},""railcards"":[]},""increasedInterchange"":""ZERO"",""onlySearchForSleeper"":false,""origin"":{""crs"":""LIV"",""group"":false},""outwardTime"":{""travelTime"":""2026-09-11T13:00:00+01:00"",""type"":""DEPART""},""overtakenTrains"":false,""reducedTransferTime"":false,""useAlternativeServices"":false}",2026-09-08T22:57:19+01:00,2026-09-11,9432947b30db0454176df3c77e13cbdadd9ee009b5d6c816b30dc4716c7d1249,application/json,National Rail,National Rail website Terms and Conditions; public Journey Planner snapshot.,Responses are dated planner snapshots. Review must exclude unsuitable non-rail itineraries and select the shortest suitable itinerary within the stated window.
transport/liverpool__birmingham/capture-metadata.json,https://jpservices.nationalrail.co.uk/journey-planner,Direct capture metadata for LIV to BHM.,2026-09-08T22:57:19+01:00,2026-09-11,1555338ff39febb4fe675577de30baaefed1e0d72b029e68432d7546c0f9e44b,application/json,National Rail,National Rail website Terms and Conditions; public Journey Planner snapshot.,Responses are dated planner snapshots. Review must exclude unsuitable non-rail itineraries and select the shortest suitable itinerary within the stated window.
transport/liverpool__london/request-10.json,https://jpservices.nationalrail.co.uk/journey-planner,"{""destination"":{""crs"":""182"",""group"":true},""directTrains"":false,""fareRequestDetails"":{""fareClass"":""ANY"",""passengers"":{""adult"":1,""child"":0},""railcards"":[]},""increasedInterchange"":""ZERO"",""onlySearchForSleeper"":false,""origin"":{""crs"":""LIV"",""group"":false},""outwardTime"":{""travelTime"":""2026-09-11T10:00:00+01:00"",""type"":""DEPART""},""overtakenTrains"":false,""reducedTransferTime"":false,""useAlternativeServices"":false}",2026-09-08T22:57:04+01:00,2026-09-11,ff9cd7cbf9c94b6885ce2d3c2a5c7c600fb871b89e92bacc139ccd81a79c4f29,application/json,National Rail,National Rail website Terms and Conditions; public Journey Planner snapshot.,Responses are dated planner snapshots. Review must exclude unsuitable non-rail itineraries and select the shortest suitable itinerary within the stated window.
transport/liverpool__london/response-10.json,https://jpservices.nationalrail.co.uk/journey-planner,"{""destination"":{""crs"":""182"",""group"":true},""directTrains"":false,""fareRequestDetails"":{""fareClass"":""ANY"",""passengers"":{""adult"":1,""child"":0},""railcards"":[]},""increasedInterchange"":""ZERO"",""onlySearchForSleeper"":false,""origin"":{""crs"":""LIV"",""group"":false},""outwardTime"":{""travelTime"":""2026-09-11T10:00:00+01:00"",""type"":""DEPART""},""overtakenTrains"":false,""reducedTransferTime"":false,""useAlternativeServices"":false}",2026-09-08T22:57:04+01:00,2026-09-11,b2cffc9db6b5227aeca4a060d2d2aa3880fbb0e283c606545878395cfbad5ee8,application/json,National Rail,National Rail website Terms and Conditions; public Journey Planner snapshot.,Responses are dated planner snapshots. Review must exclude unsuitable non-rail itineraries and select the shortest suitable itinerary within the stated window.
transport/liverpool__london/request-11.json,https://jpservices.nationalrail.co.uk/journey-planner,"{""destination"":{""crs"":""182"",""group"":true},""directTrains"":false,""fareRequestDetails"":{""fareClass"":""ANY"",""passengers"":{""adult"":1,""child"":0},""railcards"":[]},""increasedInterchange"":""ZERO"",""onlySearchForSleeper"":false,""origin"":{""crs"":""LIV"",""group"":false},""outwardTime"":{""travelTime"":""2026-09-11T11:00:00+01:00"",""type"":""DEPART""},""overtakenTrains"":false,""reducedTransferTime"":false,""useAlternativeServices"":false}",2026-09-08T22:57:06+01:00,2026-09-11,0f14297e4f791b1d54a49197331ec34147b801175a93f68c1cc7c606e687c5a1,application/json,National Rail,National Rail website Terms and Conditions; public Journey Planner snapshot.,Responses are dated planner snapshots. Review must exclude unsuitable non-rail itineraries and select the shortest suitable itinerary within the stated window.
transport/liverpool__london/response-11.json,https://jpservices.nationalrail.co.uk/journey-planner,"{""destination"":{""crs"":""182"",""group"":true},""directTrains"":false,""fareRequestDetails"":{""fareClass"":""ANY"",""passengers"":{""adult"":1,""child"":0},""railcards"":[]},""increasedInterchange"":""ZERO"",""onlySearchForSleeper"":false,""origin"":{""crs"":""LIV"",""group"":false},""outwardTime"":{""travelTime"":""2026-09-11T11:00:00+01:00"",""type"":""DEPART""},""overtakenTrains"":false,""reducedTransferTime"":false,""useAlternativeServices"":false}",2026-09-08T22:57:06+01:00,2026-09-11,70c457c9c634977075767fbdc87ac246934743e00c0fdcd8e4705e28de4c34a6,application/json,National Rail,National Rail website Terms and Conditions; public Journey Planner snapshot.,Responses are dated planner snapshots. Review must exclude unsuitable non-rail itineraries and select the shortest suitable itinerary within the stated window.
transport/liverpool__london/request-12.json,https://jpservices.nationalrail.co.uk/journey-planner,"{""destination"":{""crs"":""182"",""group"":true},""directTrains"":false,""fareRequestDetails"":{""fareClass"":""ANY"",""passengers"":{""adult"":1,""child"":0},""railcards"":[]},""increasedInterchange"":""ZERO"",""onlySearchForSleeper"":false,""origin"":{""crs"":""LIV"",""group"":false},""outwardTime"":{""travelTime"":""2026-09-11T12:00:00+01:00"",""type"":""DEPART""},""overtakenTrains"":false,""reducedTransferTime"":false,""useAlternativeServices"":false}",2026-09-08T22:57:07+01:00,2026-09-11,f4bbc41bdd25ce4e24fd4657689ecb52cd986c88a8b85733fbe4146f0f59df6f,application/json,National Rail,National Rail website Terms and Conditions; public Journey Planner snapshot.,Responses are dated planner snapshots. Review must exclude unsuitable non-rail itineraries and select the shortest suitable itinerary within the stated window.
transport/liverpool__london/response-12.json,https://jpservices.nationalrail.co.uk/journey-planner,"{""destination"":{""crs"":""182"",""group"":true},""directTrains"":false,""fareRequestDetails"":{""fareClass"":""ANY"",""passengers"":{""adult"":1,""child"":0},""railcards"":[]},""increasedInterchange"":""ZERO"",""onlySearchForSleeper"":false,""origin"":{""crs"":""LIV"",""group"":false},""outwardTime"":{""travelTime"":""2026-09-11T12:00:00+01:00"",""type"":""DEPART""},""overtakenTrains"":false,""reducedTransferTime"":false,""useAlternativeServices"":false}",2026-09-08T22:57:07+01:00,2026-09-11,a06234c525b286eb7895b3de009e6b0c78ecb5e34302b72db7fc802ce1b098e1,application/json,National Rail,National Rail website Terms and Conditions; public Journey Planner snapshot.,Responses are dated planner snapshots. Review must exclude unsuitable non-rail itineraries and select the shortest suitable itinerary within the stated window.
transport/liverpool__london/request-13.json,https://jpservices.nationalrail.co.uk/journey-planner,"{""destination"":{""crs"":""182"",""group"":true},""directTrains"":false,""fareRequestDetails"":{""fareClass"":""ANY"",""passengers"":{""adult"":1,""child"":0},""railcards"":[]},""increasedInterchange"":""ZERO"",""onlySearchForSleeper"":false,""origin"":{""crs"":""LIV"",""group"":false},""outwardTime"":{""travelTime"":""2026-09-11T13:00:00+01:00"",""type"":""DEPART""},""overtakenTrains"":false,""reducedTransferTime"":false,""useAlternativeServices"":false}",2026-09-08T22:57:09+01:00,2026-09-11,639455945d5d3afd12bdb8198ae7006ba8547f504ed24d8cf62f52cb8c66d3c8,application/json,National Rail,National Rail website Terms and Conditions; public Journey Planner snapshot.,Responses are dated planner snapshots. Review must exclude unsuitable non-rail itineraries and select the shortest suitable itinerary within the stated window.
transport/liverpool__london/response-13.json,https://jpservices.nationalrail.co.uk/journey-planner,"{""destination"":{""crs"":""182"",""group"":true},""directTrains"":false,""fareRequestDetails"":{""fareClass"":""ANY"",""passengers"":{""adult"":1,""child"":0},""railcards"":[]},""increasedInterchange"":""ZERO"",""onlySearchForSleeper"":false,""origin"":{""crs"":""LIV"",""group"":false},""outwardTime"":{""travelTime"":""2026-09-11T13:00:00+01:00"",""type"":""DEPART""},""overtakenTrains"":false,""reducedTransferTime"":false,""useAlternativeServices"":false}",2026-09-08T22:57:09+01:00,2026-09-11,882b3dbd61f97d0a5c685fa918a4db2c06a1355e8de0e9b13a8b7e313b0aa795,application/json,National Rail,National Rail website Terms and Conditions; public Journey Planner snapshot.,Responses are dated planner snapshots. Review must exclude unsuitable non-rail itineraries and select the shortest suitable itinerary within the stated window.
transport/liverpool__london/capture-metadata.json,https://jpservices.nationalrail.co.uk/journey-planner,Direct capture metadata for LIV to 182.,2026-09-08T22:57:09+01:00,2026-09-11,e3e0588dd2251246cfe7ab9683791bc8aabe8c1f2801aa02e3fd43b3d80a9a96,application/json,National Rail,National Rail website Terms and Conditions; public Journey Planner snapshot.,Responses are dated planner snapshots. Review must exclude unsuitable non-rail itineraries and select the shortest suitable itinerary within the stated window.
transport/manchester__birmingham/request-10.json,https://jpservices.nationalrail.co.uk/journey-planner,"{""destination"":{""crs"":""BHM"",""group"":false},""directTrains"":false,""fareRequestDetails"":{""fareClass"":""ANY"",""passengers"":{""adult"":1,""child"":0},""railcards"":[]},""increasedInterchange"":""ZERO"",""onlySearchForSleeper"":false,""origin"":{""crs"":""MAN"",""group"":false},""outwardTime"":{""travelTime"":""2026-09-11T10:00:00+01:00"",""type"":""DEPART""},""overtakenTrains"":false,""reducedTransferTime"":false,""useAlternativeServices"":false}",2026-09-08T22:57:39+01:00,2026-09-11,1a2e51d94a7328790d4822fbe505fab69144b9035280683ed9655da63150d30f,application/json,National Rail,National Rail website Terms and Conditions; public Journey Planner snapshot.,Responses are dated planner snapshots. Review must exclude unsuitable non-rail itineraries and select the shortest suitable itinerary within the stated window.
transport/manchester__birmingham/response-10.json,https://jpservices.nationalrail.co.uk/journey-planner,"{""destination"":{""crs"":""BHM"",""group"":false},""directTrains"":false,""fareRequestDetails"":{""fareClass"":""ANY"",""passengers"":{""adult"":1,""child"":0},""railcards"":[]},""increasedInterchange"":""ZERO"",""onlySearchForSleeper"":false,""origin"":{""crs"":""MAN"",""group"":false},""outwardTime"":{""travelTime"":""2026-09-11T10:00:00+01:00"",""type"":""DEPART""},""overtakenTrains"":false,""reducedTransferTime"":false,""useAlternativeServices"":false}",2026-09-08T22:57:39+01:00,2026-09-11,c36b3ed554be79014bbcd5b61f85c416d9c1d51b79f94e3f0a736329c1f11e84,application/json,National Rail,National Rail website Terms and Conditions; public Journey Planner snapshot.,Responses are dated planner snapshots. Review must exclude unsuitable non-rail itineraries and select the shortest suitable itinerary within the stated window.
transport/manchester__birmingham/request-11.json,https://jpservices.nationalrail.co.uk/journey-planner,"{""destination"":{""crs"":""BHM"",""group"":false},""directTrains"":false,""fareRequestDetails"":{""fareClass"":""ANY"",""passengers"":{""adult"":1,""child"":0},""railcards"":[]},""increasedInterchange"":""ZERO"",""onlySearchForSleeper"":false,""origin"":{""crs"":""MAN"",""group"":false},""outwardTime"":{""travelTime"":""2026-09-11T11:00:00+01:00"",""type"":""DEPART""},""overtakenTrains"":false,""reducedTransferTime"":false,""useAlternativeServices"":false}",2026-09-08T22:57:40+01:00,2026-09-11,4d675b8647e00c179ddc24074556a88ed237bfcc14e7f8d95363b41bbd713b49,application/json,National Rail,National Rail website Terms and Conditions; public Journey Planner snapshot.,Responses are dated planner snapshots. Review must exclude unsuitable non-rail itineraries and select the shortest suitable itinerary within the stated window.
transport/manchester__birmingham/response-11.json,https://jpservices.nationalrail.co.uk/journey-planner,"{""destination"":{""crs"":""BHM"",""group"":false},""directTrains"":false,""fareRequestDetails"":{""fareClass"":""ANY"",""passengers"":{""adult"":1,""child"":0},""railcards"":[]},""increasedInterchange"":""ZERO"",""onlySearchForSleeper"":false,""origin"":{""crs"":""MAN"",""group"":false},""outwardTime"":{""travelTime"":""2026-09-11T11:00:00+01:00"",""type"":""DEPART""},""overtakenTrains"":false,""reducedTransferTime"":false,""useAlternativeServices"":false}",2026-09-08T22:57:40+01:00,2026-09-11,08ed9830561ff6ec7965dcb71acac1c0bf66c685f247d4cb22f113b9f1d2140b,application/json,National Rail,National Rail website Terms and Conditions; public Journey Planner snapshot.,Responses are dated planner snapshots. Review must exclude unsuitable non-rail itineraries and select the shortest suitable itinerary within the stated window.
transport/manchester__birmingham/request-12.json,https://jpservices.nationalrail.co.uk/journey-planner,"{""destination"":{""crs"":""BHM"",""group"":false},""directTrains"":false,""fareRequestDetails"":{""fareClass"":""ANY"",""passengers"":{""adult"":1,""child"":0},""railcards"":[]},""increasedInterchange"":""ZERO"",""onlySearchForSleeper"":false,""origin"":{""crs"":""MAN"",""group"":false},""outwardTime"":{""travelTime"":""2026-09-11T12:00:00+01:00"",""type"":""DEPART""},""overtakenTrains"":false,""reducedTransferTime"":false,""useAlternativeServices"":false}",2026-09-08T22:57:41+01:00,2026-09-11,70b77f469b2c080ef18a87c918ef74670c0a21ac26e722a52ec851adb7da58bf,application/json,National Rail,National Rail website Terms and Conditions; public Journey Planner snapshot.,Responses are dated planner snapshots. Review must exclude unsuitable non-rail itineraries and select the shortest suitable itinerary within the stated window.
transport/manchester__birmingham/response-12.json,https://jpservices.nationalrail.co.uk/journey-planner,"{""destination"":{""crs"":""BHM"",""group"":false},""directTrains"":false,""fareRequestDetails"":{""fareClass"":""ANY"",""passengers"":{""adult"":1,""child"":0},""railcards"":[]},""increasedInterchange"":""ZERO"",""onlySearchForSleeper"":false,""origin"":{""crs"":""MAN"",""group"":false},""outwardTime"":{""travelTime"":""2026-09-11T12:00:00+01:00"",""type"":""DEPART""},""overtakenTrains"":false,""reducedTransferTime"":false,""useAlternativeServices"":false}",2026-09-08T22:57:41+01:00,2026-09-11,3a0bf702caec9f8e0a90307d94d69105a43589ca925bc2b67e4db3eac3731dea,application/json,National Rail,National Rail website Terms and Conditions; public Journey Planner snapshot.,Responses are dated planner snapshots. Review must exclude unsuitable non-rail itineraries and select the shortest suitable itinerary within the stated window.
transport/manchester__birmingham/request-13.json,https://jpservices.nationalrail.co.uk/journey-planner,"{""destination"":{""crs"":""BHM"",""group"":false},""directTrains"":false,""fareRequestDetails"":{""fareClass"":""ANY"",""passengers"":{""adult"":1,""child"":0},""railcards"":[]},""increasedInterchange"":""ZERO"",""onlySearchForSleeper"":false,""origin"":{""crs"":""MAN"",""group"":false},""outwardTime"":{""travelTime"":""2026-09-11T13:00:00+01:00"",""type"":""DEPART""},""overtakenTrains"":false,""reducedTransferTime"":false,""useAlternativeServices"":false}",2026-09-08T22:57:42+01:00,2026-09-11,a7d0cbae4252db30963953b20c5fedb67520c50de2c87e6a35cc5f97c3be63cf,application/json,National Rail,National Rail website Terms and Conditions; public Journey Planner snapshot.,Responses are dated planner snapshots. Review must exclude unsuitable non-rail itineraries and select the shortest suitable itinerary within the stated window.
transport/manchester__birmingham/response-13.json,https://jpservices.nationalrail.co.uk/journey-planner,"{""destination"":{""crs"":""BHM"",""group"":false},""directTrains"":false,""fareRequestDetails"":{""fareClass"":""ANY"",""passengers"":{""adult"":1,""child"":0},""railcards"":[]},""increasedInterchange"":""ZERO"",""onlySearchForSleeper"":false,""origin"":{""crs"":""MAN"",""group"":false},""outwardTime"":{""travelTime"":""2026-09-11T13:00:00+01:00"",""type"":""DEPART""},""overtakenTrains"":false,""reducedTransferTime"":false,""useAlternativeServices"":false}",2026-09-08T22:57:42+01:00,2026-09-11,638611641dbe05615015701d9d57de52d5da50e2594687744b62df9d4ed7147d,application/json,National Rail,National Rail website Terms and Conditions; public Journey Planner snapshot.,Responses are dated planner snapshots. Review must exclude unsuitable non-rail itineraries and select the shortest suitable itinerary within the stated window.
transport/manchester__birmingham/capture-metadata.json,https://jpservices.nationalrail.co.uk/journey-planner,Direct capture metadata for MAN to BHM.,2026-09-08T22:57:42+01:00,2026-09-11,bed692ed2544fb482607c243fb776fee59145131b608d148b202b3d21d68e91b,application/json,National Rail,National Rail website Terms and Conditions; public Journey Planner snapshot.,Responses are dated planner snapshots. Review must exclude unsuitable non-rail itineraries and select the shortest suitable itinerary within the stated window.
transport/manchester__london/request-10.json,https://jpservices.nationalrail.co.uk/journey-planner,"{""destination"":{""crs"":""182"",""group"":true},""directTrains"":false,""fareRequestDetails"":{""fareClass"":""ANY"",""passengers"":{""adult"":1,""child"":0},""railcards"":[]},""increasedInterchange"":""ZERO"",""onlySearchForSleeper"":false,""origin"":{""crs"":""MAN"",""group"":false},""outwardTime"":{""travelTime"":""2026-09-11T10:00:00+01:00"",""type"":""DEPART""},""overtakenTrains"":false,""reducedTransferTime"":false,""useAlternativeServices"":false}",2026-09-08T22:57:27+01:00,2026-09-11,522f2e4959ffe20faadfc4458775fcaa24c916bee975a17b07aff9a71e2379ff,application/json,National Rail,National Rail website Terms and Conditions; public Journey Planner snapshot.,Responses are dated planner snapshots. Review must exclude unsuitable non-rail itineraries and select the shortest suitable itinerary within the stated window.
transport/manchester__london/response-10.json,https://jpservices.nationalrail.co.uk/journey-planner,"{""destination"":{""crs"":""182"",""group"":true},""directTrains"":false,""fareRequestDetails"":{""fareClass"":""ANY"",""passengers"":{""adult"":1,""child"":0},""railcards"":[]},""increasedInterchange"":""ZERO"",""onlySearchForSleeper"":false,""origin"":{""crs"":""MAN"",""group"":false},""outwardTime"":{""travelTime"":""2026-09-11T10:00:00+01:00"",""type"":""DEPART""},""overtakenTrains"":false,""reducedTransferTime"":false,""useAlternativeServices"":false}",2026-09-08T22:57:27+01:00,2026-09-11,78367e2ad1a574f7391bec54d38e627b693009625f35f962bc1fe662efd1a5f1,application/json,National Rail,National Rail website Terms and Conditions; public Journey Planner snapshot.,Responses are dated planner snapshots. Review must exclude unsuitable non-rail itineraries and select the shortest suitable itinerary within the stated window.
transport/manchester__london/request-11.json,https://jpservices.nationalrail.co.uk/journey-planner,"{""destination"":{""crs"":""182"",""group"":true},""directTrains"":false,""fareRequestDetails"":{""fareClass"":""ANY"",""passengers"":{""adult"":1,""child"":0},""railcards"":[]},""increasedInterchange"":""ZERO"",""onlySearchForSleeper"":false,""origin"":{""crs"":""MAN"",""group"":false},""outwardTime"":{""travelTime"":""2026-09-11T11:00:00+01:00"",""type"":""DEPART""},""overtakenTrains"":false,""reducedTransferTime"":false,""useAlternativeServices"":false}",2026-09-08T22:57:28+01:00,2026-09-11,dbf3d2ebb8587c36a3ef1c38dec6142843abae9de164c42be66704960c8d33c3,application/json,National Rail,National Rail website Terms and Conditions; public Journey Planner snapshot.,Responses are dated planner snapshots. Review must exclude unsuitable non-rail itineraries and select the shortest suitable itinerary within the stated window.
transport/manchester__london/response-11.json,https://jpservices.nationalrail.co.uk/journey-planner,"{""destination"":{""crs"":""182"",""group"":true},""directTrains"":false,""fareRequestDetails"":{""fareClass"":""ANY"",""passengers"":{""adult"":1,""child"":0},""railcards"":[]},""increasedInterchange"":""ZERO"",""onlySearchForSleeper"":false,""origin"":{""crs"":""MAN"",""group"":false},""outwardTime"":{""travelTime"":""2026-09-11T11:00:00+01:00"",""type"":""DEPART""},""overtakenTrains"":false,""reducedTransferTime"":false,""useAlternativeServices"":false}",2026-09-08T22:57:28+01:00,2026-09-11,9319faa6bc18a8293549dfe3113aecb05f752921f32d96152f928cd7da38701c,application/json,National Rail,National Rail website Terms and Conditions; public Journey Planner snapshot.,Responses are dated planner snapshots. Review must exclude unsuitable non-rail itineraries and select the shortest suitable itinerary within the stated window.
transport/manchester__london/request-12.json,https://jpservices.nationalrail.co.uk/journey-planner,"{""destination"":{""crs"":""182"",""group"":true},""directTrains"":false,""fareRequestDetails"":{""fareClass"":""ANY"",""passengers"":{""adult"":1,""child"":0},""railcards"":[]},""increasedInterchange"":""ZERO"",""onlySearchForSleeper"":false,""origin"":{""crs"":""MAN"",""group"":false},""outwardTime"":{""travelTime"":""2026-09-11T12:00:00+01:00"",""type"":""DEPART""},""overtakenTrains"":false,""reducedTransferTime"":false,""useAlternativeServices"":false}",2026-09-08T22:57:30+01:00,2026-09-11,df3c3e425884fa6a387964d4ed86a49c927956b037173e0981cd800951ab5ef5,application/json,National Rail,National Rail website Terms and Conditions; public Journey Planner snapshot.,Responses are dated planner snapshots. Review must exclude unsuitable non-rail itineraries and select the shortest suitable itinerary within the stated window.
transport/manchester__london/response-12.json,https://jpservices.nationalrail.co.uk/journey-planner,"{""destination"":{""crs"":""182"",""group"":true},""directTrains"":false,""fareRequestDetails"":{""fareClass"":""ANY"",""passengers"":{""adult"":1,""child"":0},""railcards"":[]},""increasedInterchange"":""ZERO"",""onlySearchForSleeper"":false,""origin"":{""crs"":""MAN"",""group"":false},""outwardTime"":{""travelTime"":""2026-09-11T12:00:00+01:00"",""type"":""DEPART""},""overtakenTrains"":false,""reducedTransferTime"":false,""useAlternativeServices"":false}",2026-09-08T22:57:30+01:00,2026-09-11,81a62c3c3f0ab2d1febad9402eaac0f9ad8fce795d51f2da637f4c72003ba2cb,application/json,National Rail,National Rail website Terms and Conditions; public Journey Planner snapshot.,Responses are dated planner snapshots. Review must exclude unsuitable non-rail itineraries and select the shortest suitable itinerary within the stated window.
transport/manchester__london/request-13.json,https://jpservices.nationalrail.co.uk/journey-planner,"{""destination"":{""crs"":""182"",""group"":true},""directTrains"":false,""fareRequestDetails"":{""fareClass"":""ANY"",""passengers"":{""adult"":1,""child"":0},""railcards"":[]},""increasedInterchange"":""ZERO"",""onlySearchForSleeper"":false,""origin"":{""crs"":""MAN"",""group"":false},""outwardTime"":{""travelTime"":""2026-09-11T13:00:00+01:00"",""type"":""DEPART""},""overtakenTrains"":false,""reducedTransferTime"":false,""useAlternativeServices"":false}",2026-09-08T22:57:31+01:00,2026-09-11,005a741e5e643c1c7e8ae0f98cc07198ef5fa714ead1f5a8f2d33fe9412d6f93,application/json,National Rail,National Rail website Terms and Conditions; public Journey Planner snapshot.,Responses are dated planner snapshots. Review must exclude unsuitable non-rail itineraries and select the shortest suitable itinerary within the stated window.
transport/manchester__london/response-13.json,https://jpservices.nationalrail.co.uk/journey-planner,"{""destination"":{""crs"":""182"",""group"":true},""directTrains"":false,""fareRequestDetails"":{""fareClass"":""ANY"",""passengers"":{""adult"":1,""child"":0},""railcards"":[]},""increasedInterchange"":""ZERO"",""onlySearchForSleeper"":false,""origin"":{""crs"":""MAN"",""group"":false},""outwardTime"":{""travelTime"":""2026-09-11T13:00:00+01:00"",""type"":""DEPART""},""overtakenTrains"":false,""reducedTransferTime"":false,""useAlternativeServices"":false}",2026-09-08T22:57:31+01:00,2026-09-11,5c16da9311b851a644190c42e62278d6c7147e9dc6092ea7f9e1e755df8b548c,application/json,National Rail,National Rail website Terms and Conditions; public Journey Planner snapshot.,Responses are dated planner snapshots. Review must exclude unsuitable non-rail itineraries and select the shortest suitable itinerary within the stated window.
transport/manchester__london/capture-metadata.json,https://jpservices.nationalrail.co.uk/journey-planner,Direct capture metadata for MAN to 182.,2026-09-08T22:57:31+01:00,2026-09-11,45f623821429c64fdd2ead50622e109a41e16a12d841e5f129569e2f16c7ad6f,application/json,National Rail,National Rail website Terms and Conditions; public Journey Planner snapshot.,Responses are dated planner snapshots. Review must exclude unsuitable non-rail itineraries and select the shortest suitable itinerary within the stated window.
transport/newcastle-upon-tyne__birmingham/request-10.json,https://jpservices.nationalrail.co.uk/journey-planner,"{""destination"":{""crs"":""BHM"",""group"":false},""directTrains"":false,""fareRequestDetails"":{""fareClass"":""ANY"",""passengers"":{""adult"":1,""child"":0},""railcards"":[]},""increasedInterchange"":""ZERO"",""onlySearchForSleeper"":false,""origin"":{""crs"":""NCL"",""group"":false},""outwardTime"":{""travelTime"":""2026-09-11T10:00:00+01:00"",""type"":""DEPART""},""overtakenTrains"":false,""reducedTransferTime"":false,""useAlternativeServices"":false}",2026-09-08T22:58:03+01:00,2026-09-11,c17fe1ce87ca5f48ac42f47930d633ca4ca695eb815bdd8e794dcfe9bfa89587,application/json,National Rail,National Rail website Terms and Conditions; public Journey Planner snapshot.,Responses are dated planner snapshots. Review must exclude unsuitable non-rail itineraries and select the shortest suitable itinerary within the stated window.
transport/newcastle-upon-tyne__birmingham/response-10.json,https://jpservices.nationalrail.co.uk/journey-planner,"{""destination"":{""crs"":""BHM"",""group"":false},""directTrains"":false,""fareRequestDetails"":{""fareClass"":""ANY"",""passengers"":{""adult"":1,""child"":0},""railcards"":[]},""increasedInterchange"":""ZERO"",""onlySearchForSleeper"":false,""origin"":{""crs"":""NCL"",""group"":false},""outwardTime"":{""travelTime"":""2026-09-11T10:00:00+01:00"",""type"":""DEPART""},""overtakenTrains"":false,""reducedTransferTime"":false,""useAlternativeServices"":false}",2026-09-08T22:58:03+01:00,2026-09-11,ec4ff308a3902c3eb6b9f764497cf67c8bbe763a4086833a3808c58f41b66b83,application/json,National Rail,National Rail website Terms and Conditions; public Journey Planner snapshot.,Responses are dated planner snapshots. Review must exclude unsuitable non-rail itineraries and select the shortest suitable itinerary within the stated window.
transport/newcastle-upon-tyne__birmingham/request-11.json,https://jpservices.nationalrail.co.uk/journey-planner,"{""destination"":{""crs"":""BHM"",""group"":false},""directTrains"":false,""fareRequestDetails"":{""fareClass"":""ANY"",""passengers"":{""adult"":1,""child"":0},""railcards"":[]},""increasedInterchange"":""ZERO"",""onlySearchForSleeper"":false,""origin"":{""crs"":""NCL"",""group"":false},""outwardTime"":{""travelTime"":""2026-09-11T11:00:00+01:00"",""type"":""DEPART""},""overtakenTrains"":false,""reducedTransferTime"":false,""useAlternativeServices"":false}",2026-09-08T22:58:03+01:00,2026-09-11,93994bf173c9f710bfdd53a0e89aa74ca43f40fca106b41197e7bede4ab9800f,application/json,National Rail,National Rail website Terms and Conditions; public Journey Planner snapshot.,Responses are dated planner snapshots. Review must exclude unsuitable non-rail itineraries and select the shortest suitable itinerary within the stated window.
transport/newcastle-upon-tyne__birmingham/response-11.json,https://jpservices.nationalrail.co.uk/journey-planner,"{""destination"":{""crs"":""BHM"",""group"":false},""directTrains"":false,""fareRequestDetails"":{""fareClass"":""ANY"",""passengers"":{""adult"":1,""child"":0},""railcards"":[]},""increasedInterchange"":""ZERO"",""onlySearchForSleeper"":false,""origin"":{""crs"":""NCL"",""group"":false},""outwardTime"":{""travelTime"":""2026-09-11T11:00:00+01:00"",""type"":""DEPART""},""overtakenTrains"":false,""reducedTransferTime"":false,""useAlternativeServices"":false}",2026-09-08T22:58:03+01:00,2026-09-11,f9f17c3904e80a9ede5122c667d435285a6a943b19b3c2bea07d66bdb32cc614,application/json,National Rail,National Rail website Terms and Conditions; public Journey Planner snapshot.,Responses are dated planner snapshots. Review must exclude unsuitable non-rail itineraries and select the shortest suitable itinerary within the stated window.
transport/newcastle-upon-tyne__birmingham/request-12.json,https://jpservices.nationalrail.co.uk/journey-planner,"{""destination"":{""crs"":""BHM"",""group"":false},""directTrains"":false,""fareRequestDetails"":{""fareClass"":""ANY"",""passengers"":{""adult"":1,""child"":0},""railcards"":[]},""increasedInterchange"":""ZERO"",""onlySearchForSleeper"":false,""origin"":{""crs"":""NCL"",""group"":false},""outwardTime"":{""travelTime"":""2026-09-11T12:00:00+01:00"",""type"":""DEPART""},""overtakenTrains"":false,""reducedTransferTime"":false,""useAlternativeServices"":false}",2026-09-08T22:58:04+01:00,2026-09-11,43c7434fbc928d2c5c35c9b61b9da9145b94a6b248930da453a5305f29de0226,application/json,National Rail,National Rail website Terms and Conditions; public Journey Planner snapshot.,Responses are dated planner snapshots. Review must exclude unsuitable non-rail itineraries and select the shortest suitable itinerary within the stated window.
transport/newcastle-upon-tyne__birmingham/response-12.json,https://jpservices.nationalrail.co.uk/journey-planner,"{""destination"":{""crs"":""BHM"",""group"":false},""directTrains"":false,""fareRequestDetails"":{""fareClass"":""ANY"",""passengers"":{""adult"":1,""child"":0},""railcards"":[]},""increasedInterchange"":""ZERO"",""onlySearchForSleeper"":false,""origin"":{""crs"":""NCL"",""group"":false},""outwardTime"":{""travelTime"":""2026-09-11T12:00:00+01:00"",""type"":""DEPART""},""overtakenTrains"":false,""reducedTransferTime"":false,""useAlternativeServices"":false}",2026-09-08T22:58:04+01:00,2026-09-11,263ef7e71a273f4c0daa7f080f4017dda7e3ed957d880d4b1e574d9421a49bcd,application/json,National Rail,National Rail website Terms and Conditions; public Journey Planner snapshot.,Responses are dated planner snapshots. Review must exclude unsuitable non-rail itineraries and select the shortest suitable itinerary within the stated window.
transport/newcastle-upon-tyne__birmingham/request-13.json,https://jpservices.nationalrail.co.uk/journey-planner,"{""destination"":{""crs"":""BHM"",""group"":false},""directTrains"":false,""fareRequestDetails"":{""fareClass"":""ANY"",""passengers"":{""adult"":1,""child"":0},""railcards"":[]},""increasedInterchange"":""ZERO"",""onlySearchForSleeper"":false,""origin"":{""crs"":""NCL"",""group"":false},""outwardTime"":{""travelTime"":""2026-09-11T13:00:00+01:00"",""type"":""DEPART""},""overtakenTrains"":false,""reducedTransferTime"":false,""useAlternativeServices"":false}",2026-09-08T22:58:05+01:00,2026-09-11,6f9b1bd3bde942d1423cb8d947170d76b60b58dd6afbfa7b511093d430ffb720,application/json,National Rail,National Rail website Terms and Conditions; public Journey Planner snapshot.,Responses are dated planner snapshots. Review must exclude unsuitable non-rail itineraries and select the shortest suitable itinerary within the stated window.
transport/newcastle-upon-tyne__birmingham/response-13.json,https://jpservices.nationalrail.co.uk/journey-planner,"{""destination"":{""crs"":""BHM"",""group"":false},""directTrains"":false,""fareRequestDetails"":{""fareClass"":""ANY"",""passengers"":{""adult"":1,""child"":0},""railcards"":[]},""increasedInterchange"":""ZERO"",""onlySearchForSleeper"":false,""origin"":{""crs"":""NCL"",""group"":false},""outwardTime"":{""travelTime"":""2026-09-11T13:00:00+01:00"",""type"":""DEPART""},""overtakenTrains"":false,""reducedTransferTime"":false,""useAlternativeServices"":false}",2026-09-08T22:58:05+01:00,2026-09-11,14964ad706512acf9c805f93ddfe18e5c3c1d5d8fdf57025c52ed6acbf470677,application/json,National Rail,National Rail website Terms and Conditions; public Journey Planner snapshot.,Responses are dated planner snapshots. Review must exclude unsuitable non-rail itineraries and select the shortest suitable itinerary within the stated window.
transport/newcastle-upon-tyne__birmingham/capture-metadata.json,https://jpservices.nationalrail.co.uk/journey-planner,Direct capture metadata for NCL to BHM.,2026-09-08T22:58:05+01:00,2026-09-11,c6dc2367ec760abaedff9240737acb30582579a26c5b05d5526f7f3ac98065a8,application/json,National Rail,National Rail website Terms and Conditions; public Journey Planner snapshot.,Responses are dated planner snapshots. Review must exclude unsuitable non-rail itineraries and select the shortest suitable itinerary within the stated window.
transport/newcastle-upon-tyne__london/request-10.json,https://jpservices.nationalrail.co.uk/journey-planner,"{""destination"":{""crs"":""182"",""group"":true},""directTrains"":false,""fareRequestDetails"":{""fareClass"":""ANY"",""passengers"":{""adult"":1,""child"":0},""railcards"":[]},""increasedInterchange"":""ZERO"",""onlySearchForSleeper"":false,""origin"":{""crs"":""NCL"",""group"":false},""outwardTime"":{""travelTime"":""2026-09-11T10:00:00+01:00"",""type"":""DEPART""},""overtakenTrains"":false,""reducedTransferTime"":false,""useAlternativeServices"":false}",2026-09-08T22:57:51+01:00,2026-09-11,0c4123de05c88a16d3051b2d51981269315049bb376cd95bab616ec004596fb2,application/json,National Rail,National Rail website Terms and Conditions; public Journey Planner snapshot.,Responses are dated planner snapshots. Review must exclude unsuitable non-rail itineraries and select the shortest suitable itinerary within the stated window.
transport/newcastle-upon-tyne__london/response-10.json,https://jpservices.nationalrail.co.uk/journey-planner,"{""destination"":{""crs"":""182"",""group"":true},""directTrains"":false,""fareRequestDetails"":{""fareClass"":""ANY"",""passengers"":{""adult"":1,""child"":0},""railcards"":[]},""increasedInterchange"":""ZERO"",""onlySearchForSleeper"":false,""origin"":{""crs"":""NCL"",""group"":false},""outwardTime"":{""travelTime"":""2026-09-11T10:00:00+01:00"",""type"":""DEPART""},""overtakenTrains"":false,""reducedTransferTime"":false,""useAlternativeServices"":false}",2026-09-08T22:57:51+01:00,2026-09-11,ab22c8267443d854eae4201fe88cc1935b8376022840d0141da76be041891a0a,application/json,National Rail,National Rail website Terms and Conditions; public Journey Planner snapshot.,Responses are dated planner snapshots. Review must exclude unsuitable non-rail itineraries and select the shortest suitable itinerary within the stated window.
transport/newcastle-upon-tyne__london/request-11.json,https://jpservices.nationalrail.co.uk/journey-planner,"{""destination"":{""crs"":""182"",""group"":true},""directTrains"":false,""fareRequestDetails"":{""fareClass"":""ANY"",""passengers"":{""adult"":1,""child"":0},""railcards"":[]},""increasedInterchange"":""ZERO"",""onlySearchForSleeper"":false,""origin"":{""crs"":""NCL"",""group"":false},""outwardTime"":{""travelTime"":""2026-09-11T11:00:00+01:00"",""type"":""DEPART""},""overtakenTrains"":false,""reducedTransferTime"":false,""useAlternativeServices"":false}",2026-09-08T22:57:52+01:00,2026-09-11,3594ff6d4a87f6679e801f17371151a1c00668989aa38fc3885238c1a3a33b39,application/json,National Rail,National Rail website Terms and Conditions; public Journey Planner snapshot.,Responses are dated planner snapshots. Review must exclude unsuitable non-rail itineraries and select the shortest suitable itinerary within the stated window.
transport/newcastle-upon-tyne__london/response-11.json,https://jpservices.nationalrail.co.uk/journey-planner,"{""destination"":{""crs"":""182"",""group"":true},""directTrains"":false,""fareRequestDetails"":{""fareClass"":""ANY"",""passengers"":{""adult"":1,""child"":0},""railcards"":[]},""increasedInterchange"":""ZERO"",""onlySearchForSleeper"":false,""origin"":{""crs"":""NCL"",""group"":false},""outwardTime"":{""travelTime"":""2026-09-11T11:00:00+01:00"",""type"":""DEPART""},""overtakenTrains"":false,""reducedTransferTime"":false,""useAlternativeServices"":false}",2026-09-08T22:57:52+01:00,2026-09-11,8c92b66950b11b4c8df4f7b17f6e02b7946c322d42fefd60b76d8ee1a6655d16,application/json,National Rail,National Rail website Terms and Conditions; public Journey Planner snapshot.,Responses are dated planner snapshots. Review must exclude unsuitable non-rail itineraries and select the shortest suitable itinerary within the stated window.
transport/newcastle-upon-tyne__london/request-12.json,https://jpservices.nationalrail.co.uk/journey-planner,"{""destination"":{""crs"":""182"",""group"":true},""directTrains"":false,""fareRequestDetails"":{""fareClass"":""ANY"",""passengers"":{""adult"":1,""child"":0},""railcards"":[]},""increasedInterchange"":""ZERO"",""onlySearchForSleeper"":false,""origin"":{""crs"":""NCL"",""group"":false},""outwardTime"":{""travelTime"":""2026-09-11T12:00:00+01:00"",""type"":""DEPART""},""overtakenTrains"":false,""reducedTransferTime"":false,""useAlternativeServices"":false}",2026-09-08T22:57:54+01:00,2026-09-11,90fefcb9f2ea5e9f493be05e53ebee92789c43d4177fad1c320b452e30991d14,application/json,National Rail,National Rail website Terms and Conditions; public Journey Planner snapshot.,Responses are dated planner snapshots. Review must exclude unsuitable non-rail itineraries and select the shortest suitable itinerary within the stated window.
transport/newcastle-upon-tyne__london/response-12.json,https://jpservices.nationalrail.co.uk/journey-planner,"{""destination"":{""crs"":""182"",""group"":true},""directTrains"":false,""fareRequestDetails"":{""fareClass"":""ANY"",""passengers"":{""adult"":1,""child"":0},""railcards"":[]},""increasedInterchange"":""ZERO"",""onlySearchForSleeper"":false,""origin"":{""crs"":""NCL"",""group"":false},""outwardTime"":{""travelTime"":""2026-09-11T12:00:00+01:00"",""type"":""DEPART""},""overtakenTrains"":false,""reducedTransferTime"":false,""useAlternativeServices"":false}",2026-09-08T22:57:54+01:00,2026-09-11,f6e507fb1ecc841b97ec6130e77eac3fe3dfbdfbb765fbfdaaeaf90996bbb23d,application/json,National Rail,National Rail website Terms and Conditions; public Journey Planner snapshot.,Responses are dated planner snapshots. Review must exclude unsuitable non-rail itineraries and select the shortest suitable itinerary within the stated window.
transport/newcastle-upon-tyne__london/request-13.json,https://jpservices.nationalrail.co.uk/journey-planner,"{""destination"":{""crs"":""182"",""group"":true},""directTrains"":false,""fareRequestDetails"":{""fareClass"":""ANY"",""passengers"":{""adult"":1,""child"":0},""railcards"":[]},""increasedInterchange"":""ZERO"",""onlySearchForSleeper"":false,""origin"":{""crs"":""NCL"",""group"":false},""outwardTime"":{""travelTime"":""2026-09-11T13:00:00+01:00"",""type"":""DEPART""},""overtakenTrains"":false,""reducedTransferTime"":false,""useAlternativeServices"":false}",2026-09-08T22:57:55+01:00,2026-09-11,d276979da08016b88856ba998404b816198815ff3dbcc812bb60d8ab8d6fa361,application/json,National Rail,National Rail website Terms and Conditions; public Journey Planner snapshot.,Responses are dated planner snapshots. Review must exclude unsuitable non-rail itineraries and select the shortest suitable itinerary within the stated window.
transport/newcastle-upon-tyne__london/response-13.json,https://jpservices.nationalrail.co.uk/journey-planner,"{""destination"":{""crs"":""182"",""group"":true},""directTrains"":false,""fareRequestDetails"":{""fareClass"":""ANY"",""passengers"":{""adult"":1,""child"":0},""railcards"":[]},""increasedInterchange"":""ZERO"",""onlySearchForSleeper"":false,""origin"":{""crs"":""NCL"",""group"":false},""outwardTime"":{""travelTime"":""2026-09-11T13:00:00+01:00"",""type"":""DEPART""},""overtakenTrains"":false,""reducedTransferTime"":false,""useAlternativeServices"":false}",2026-09-08T22:57:55+01:00,2026-09-11,9c52ca4a7c98b3e074399bc64be5d4b9799e9471f0231ceae782dee458cab607,application/json,National Rail,National Rail website Terms and Conditions; public Journey Planner snapshot.,Responses are dated planner snapshots. Review must exclude unsuitable non-rail itineraries and select the shortest suitable itinerary within the stated window.
transport/newcastle-upon-tyne__london/capture-metadata.json,https://jpservices.nationalrail.co.uk/journey-planner,Direct capture metadata for NCL to 182.,2026-09-08T22:57:55+01:00,2026-09-11,6662ab8c7f067be978844a5885419790361c3b0349a34cec88c277244ca6447b,application/json,National Rail,National Rail website Terms and Conditions; public Journey Planner snapshot.,Responses are dated planner snapshots. Review must exclude unsuitable non-rail itineraries and select the shortest suitable itinerary within the stated window.
transport/reading__birmingham/request-10.json,https://jpservices.nationalrail.co.uk/journey-planner,"{""destination"":{""crs"":""BHM"",""group"":false},""directTrains"":false,""fareRequestDetails"":{""fareClass"":""ANY"",""passengers"":{""adult"":1,""child"":0},""railcards"":[]},""increasedInterchange"":""ZERO"",""onlySearchForSleeper"":false,""origin"":{""crs"":""RDG"",""group"":false},""outwardTime"":{""travelTime"":""2026-09-11T10:00:00+01:00"",""type"":""DEPART""},""overtakenTrains"":false,""reducedTransferTime"":false,""useAlternativeServices"":false}",2026-09-08T23:00:13+01:00,2026-09-11,ed9c246f8e2b49d1a369cdf7e7f433705237040e4c53e886081169c61ddd373d,application/json,National Rail,National Rail website Terms and Conditions; public Journey Planner snapshot.,Responses are dated planner snapshots. Review must exclude unsuitable non-rail itineraries and select the shortest suitable itinerary within the stated window.
transport/reading__birmingham/response-10.json,https://jpservices.nationalrail.co.uk/journey-planner,"{""destination"":{""crs"":""BHM"",""group"":false},""directTrains"":false,""fareRequestDetails"":{""fareClass"":""ANY"",""passengers"":{""adult"":1,""child"":0},""railcards"":[]},""increasedInterchange"":""ZERO"",""onlySearchForSleeper"":false,""origin"":{""crs"":""RDG"",""group"":false},""outwardTime"":{""travelTime"":""2026-09-11T10:00:00+01:00"",""type"":""DEPART""},""overtakenTrains"":false,""reducedTransferTime"":false,""useAlternativeServices"":false}",2026-09-08T23:00:13+01:00,2026-09-11,b2c4bbf0fdf50d01a757282e6da2b4e892d95d395bc9fdbcf3a73d9e47184d23,application/json,National Rail,National Rail website Terms and Conditions; public Journey Planner snapshot.,Responses are dated planner snapshots. Review must exclude unsuitable non-rail itineraries and select the shortest suitable itinerary within the stated window.
transport/reading__birmingham/request-11.json,https://jpservices.nationalrail.co.uk/journey-planner,"{""destination"":{""crs"":""BHM"",""group"":false},""directTrains"":false,""fareRequestDetails"":{""fareClass"":""ANY"",""passengers"":{""adult"":1,""child"":0},""railcards"":[]},""increasedInterchange"":""ZERO"",""onlySearchForSleeper"":false,""origin"":{""crs"":""RDG"",""group"":false},""outwardTime"":{""travelTime"":""2026-09-11T11:00:00+01:00"",""type"":""DEPART""},""overtakenTrains"":false,""reducedTransferTime"":false,""useAlternativeServices"":false}",2026-09-08T23:00:14+01:00,2026-09-11,6f4a6060c1ba04fbaa1e1f25f4b75667745cd1588de4a9eefda3d400f008689f,application/json,National Rail,National Rail website Terms and Conditions; public Journey Planner snapshot.,Responses are dated planner snapshots. Review must exclude unsuitable non-rail itineraries and select the shortest suitable itinerary within the stated window.
transport/reading__birmingham/response-11.json,https://jpservices.nationalrail.co.uk/journey-planner,"{""destination"":{""crs"":""BHM"",""group"":false},""directTrains"":false,""fareRequestDetails"":{""fareClass"":""ANY"",""passengers"":{""adult"":1,""child"":0},""railcards"":[]},""increasedInterchange"":""ZERO"",""onlySearchForSleeper"":false,""origin"":{""crs"":""RDG"",""group"":false},""outwardTime"":{""travelTime"":""2026-09-11T11:00:00+01:00"",""type"":""DEPART""},""overtakenTrains"":false,""reducedTransferTime"":false,""useAlternativeServices"":false}",2026-09-08T23:00:14+01:00,2026-09-11,3764c8434d899588ff24dde1dc5f440da91cd854a05da839023d47a6d457bcb7,application/json,National Rail,National Rail website Terms and Conditions; public Journey Planner snapshot.,Responses are dated planner snapshots. Review must exclude unsuitable non-rail itineraries and select the shortest suitable itinerary within the stated window.
transport/reading__birmingham/request-12.json,https://jpservices.nationalrail.co.uk/journey-planner,"{""destination"":{""crs"":""BHM"",""group"":false},""directTrains"":false,""fareRequestDetails"":{""fareClass"":""ANY"",""passengers"":{""adult"":1,""child"":0},""railcards"":[]},""increasedInterchange"":""ZERO"",""onlySearchForSleeper"":false,""origin"":{""crs"":""RDG"",""group"":false},""outwardTime"":{""travelTime"":""2026-09-11T12:00:00+01:00"",""type"":""DEPART""},""overtakenTrains"":false,""reducedTransferTime"":false,""useAlternativeServices"":false}",2026-09-08T23:00:15+01:00,2026-09-11,d0ad472005eec6ffe524e8b8ae8d72f0518ac9321e3dfe656b9306202352c2da,application/json,National Rail,National Rail website Terms and Conditions; public Journey Planner snapshot.,Responses are dated planner snapshots. Review must exclude unsuitable non-rail itineraries and select the shortest suitable itinerary within the stated window.
transport/reading__birmingham/response-12.json,https://jpservices.nationalrail.co.uk/journey-planner,"{""destination"":{""crs"":""BHM"",""group"":false},""directTrains"":false,""fareRequestDetails"":{""fareClass"":""ANY"",""passengers"":{""adult"":1,""child"":0},""railcards"":[]},""increasedInterchange"":""ZERO"",""onlySearchForSleeper"":false,""origin"":{""crs"":""RDG"",""group"":false},""outwardTime"":{""travelTime"":""2026-09-11T12:00:00+01:00"",""type"":""DEPART""},""overtakenTrains"":false,""reducedTransferTime"":false,""useAlternativeServices"":false}",2026-09-08T23:00:15+01:00,2026-09-11,d1c977da8ca5dc137b7780e7ccb7df9108912608e02e1ae177bdb86d98e8c2b9,application/json,National Rail,National Rail website Terms and Conditions; public Journey Planner snapshot.,Responses are dated planner snapshots. Review must exclude unsuitable non-rail itineraries and select the shortest suitable itinerary within the stated window.
transport/reading__birmingham/request-13.json,https://jpservices.nationalrail.co.uk/journey-planner,"{""destination"":{""crs"":""BHM"",""group"":false},""directTrains"":false,""fareRequestDetails"":{""fareClass"":""ANY"",""passengers"":{""adult"":1,""child"":0},""railcards"":[]},""increasedInterchange"":""ZERO"",""onlySearchForSleeper"":false,""origin"":{""crs"":""RDG"",""group"":false},""outwardTime"":{""travelTime"":""2026-09-11T13:00:00+01:00"",""type"":""DEPART""},""overtakenTrains"":false,""reducedTransferTime"":false,""useAlternativeServices"":false}",2026-09-08T23:00:15+01:00,2026-09-11,0c932cdbd4eecf522a00504a845e47118e66e3083c1886d9f27c500e5ee4e8f9,application/json,National Rail,National Rail website Terms and Conditions; public Journey Planner snapshot.,Responses are dated planner snapshots. Review must exclude unsuitable non-rail itineraries and select the shortest suitable itinerary within the stated window.
transport/reading__birmingham/response-13.json,https://jpservices.nationalrail.co.uk/journey-planner,"{""destination"":{""crs"":""BHM"",""group"":false},""directTrains"":false,""fareRequestDetails"":{""fareClass"":""ANY"",""passengers"":{""adult"":1,""child"":0},""railcards"":[]},""increasedInterchange"":""ZERO"",""onlySearchForSleeper"":false,""origin"":{""crs"":""RDG"",""group"":false},""outwardTime"":{""travelTime"":""2026-09-11T13:00:00+01:00"",""type"":""DEPART""},""overtakenTrains"":false,""reducedTransferTime"":false,""useAlternativeServices"":false}",2026-09-08T23:00:15+01:00,2026-09-11,51c6dcf20e8c1f732a1dc62bd881ec9029e44f230199a90cc54efdd7667f8f6b,application/json,National Rail,National Rail website Terms and Conditions; public Journey Planner snapshot.,Responses are dated planner snapshots. Review must exclude unsuitable non-rail itineraries and select the shortest suitable itinerary within the stated window.
transport/reading__birmingham/capture-metadata.json,https://jpservices.nationalrail.co.uk/journey-planner,Direct capture metadata for RDG to BHM.,2026-09-08T23:00:15+01:00,2026-09-11,7e9c126a64e5a5cc72235f96435ebece686a1db7b774d0f876e131269543f4d3,application/json,National Rail,National Rail website Terms and Conditions; public Journey Planner snapshot.,Responses are dated planner snapshots. Review must exclude unsuitable non-rail itineraries and select the shortest suitable itinerary within the stated window.
transport/reading__london/request-10.json,https://jpservices.nationalrail.co.uk/journey-planner,"{""destination"":{""crs"":""182"",""group"":true},""directTrains"":false,""fareRequestDetails"":{""fareClass"":""ANY"",""passengers"":{""adult"":1,""child"":0},""railcards"":[]},""increasedInterchange"":""ZERO"",""onlySearchForSleeper"":false,""origin"":{""crs"":""RDG"",""group"":false},""outwardTime"":{""travelTime"":""2026-09-11T10:00:00+01:00"",""type"":""DEPART""},""overtakenTrains"":false,""reducedTransferTime"":false,""useAlternativeServices"":false}",2026-09-08T22:58:13+01:00,2026-09-11,6c7439e43a0903921041bf4daf0420e76e06f5db0626f8f66402c50a4a2bb379,application/json,National Rail,National Rail website Terms and Conditions; public Journey Planner snapshot.,Responses are dated planner snapshots. Review must exclude unsuitable non-rail itineraries and select the shortest suitable itinerary within the stated window.
transport/reading__london/response-10.json,https://jpservices.nationalrail.co.uk/journey-planner,"{""destination"":{""crs"":""182"",""group"":true},""directTrains"":false,""fareRequestDetails"":{""fareClass"":""ANY"",""passengers"":{""adult"":1,""child"":0},""railcards"":[]},""increasedInterchange"":""ZERO"",""onlySearchForSleeper"":false,""origin"":{""crs"":""RDG"",""group"":false},""outwardTime"":{""travelTime"":""2026-09-11T10:00:00+01:00"",""type"":""DEPART""},""overtakenTrains"":false,""reducedTransferTime"":false,""useAlternativeServices"":false}",2026-09-08T22:58:13+01:00,2026-09-11,6d7c4cb303195e3c1bd6864750065556d06ab659292576ee517459af6c83d15b,application/json,National Rail,National Rail website Terms and Conditions; public Journey Planner snapshot.,Responses are dated planner snapshots. Review must exclude unsuitable non-rail itineraries and select the shortest suitable itinerary within the stated window.
transport/reading__london/request-11.json,https://jpservices.nationalrail.co.uk/journey-planner,"{""destination"":{""crs"":""182"",""group"":true},""directTrains"":false,""fareRequestDetails"":{""fareClass"":""ANY"",""passengers"":{""adult"":1,""child"":0},""railcards"":[]},""increasedInterchange"":""ZERO"",""onlySearchForSleeper"":false,""origin"":{""crs"":""RDG"",""group"":false},""outwardTime"":{""travelTime"":""2026-09-11T11:00:00+01:00"",""type"":""DEPART""},""overtakenTrains"":false,""reducedTransferTime"":false,""useAlternativeServices"":false}",2026-09-08T22:58:13+01:00,2026-09-11,467a0dbacf41bc8e3ec8cd55f97c53b4a9288c00fe9e63112d2457fa4793b278,application/json,National Rail,National Rail website Terms and Conditions; public Journey Planner snapshot.,Responses are dated planner snapshots. Review must exclude unsuitable non-rail itineraries and select the shortest suitable itinerary within the stated window.
transport/reading__london/response-11.json,https://jpservices.nationalrail.co.uk/journey-planner,"{""destination"":{""crs"":""182"",""group"":true},""directTrains"":false,""fareRequestDetails"":{""fareClass"":""ANY"",""passengers"":{""adult"":1,""child"":0},""railcards"":[]},""increasedInterchange"":""ZERO"",""onlySearchForSleeper"":false,""origin"":{""crs"":""RDG"",""group"":false},""outwardTime"":{""travelTime"":""2026-09-11T11:00:00+01:00"",""type"":""DEPART""},""overtakenTrains"":false,""reducedTransferTime"":false,""useAlternativeServices"":false}",2026-09-08T22:58:13+01:00,2026-09-11,1093ff6e2431da2cce8a1dd462196ba6aa883ec3d0e4979d27d8f378f42aa2d8,application/json,National Rail,National Rail website Terms and Conditions; public Journey Planner snapshot.,Responses are dated planner snapshots. Review must exclude unsuitable non-rail itineraries and select the shortest suitable itinerary within the stated window.
transport/reading__london/request-12.json,https://jpservices.nationalrail.co.uk/journey-planner,"{""destination"":{""crs"":""182"",""group"":true},""directTrains"":false,""fareRequestDetails"":{""fareClass"":""ANY"",""passengers"":{""adult"":1,""child"":0},""railcards"":[]},""increasedInterchange"":""ZERO"",""onlySearchForSleeper"":false,""origin"":{""crs"":""RDG"",""group"":false},""outwardTime"":{""travelTime"":""2026-09-11T12:00:00+01:00"",""type"":""DEPART""},""overtakenTrains"":false,""reducedTransferTime"":false,""useAlternativeServices"":false}",2026-09-08T22:58:14+01:00,2026-09-11,29861f992cb3e80d9be939c10f03a89ce88f674a14f88bd93b8fb61500ddc9b4,application/json,National Rail,National Rail website Terms and Conditions; public Journey Planner snapshot.,Responses are dated planner snapshots. Review must exclude unsuitable non-rail itineraries and select the shortest suitable itinerary within the stated window.
transport/reading__london/response-12.json,https://jpservices.nationalrail.co.uk/journey-planner,"{""destination"":{""crs"":""182"",""group"":true},""directTrains"":false,""fareRequestDetails"":{""fareClass"":""ANY"",""passengers"":{""adult"":1,""child"":0},""railcards"":[]},""increasedInterchange"":""ZERO"",""onlySearchForSleeper"":false,""origin"":{""crs"":""RDG"",""group"":false},""outwardTime"":{""travelTime"":""2026-09-11T12:00:00+01:00"",""type"":""DEPART""},""overtakenTrains"":false,""reducedTransferTime"":false,""useAlternativeServices"":false}",2026-09-08T22:58:14+01:00,2026-09-11,d367c12d4c4ad4f854fafb98ab34b4d847a64dced1cec47553eb06bdc47a9a97,application/json,National Rail,National Rail website Terms and Conditions; public Journey Planner snapshot.,Responses are dated planner snapshots. Review must exclude unsuitable non-rail itineraries and select the shortest suitable itinerary within the stated window.
transport/reading__london/request-13.json,https://jpservices.nationalrail.co.uk/journey-planner,"{""destination"":{""crs"":""182"",""group"":true},""directTrains"":false,""fareRequestDetails"":{""fareClass"":""ANY"",""passengers"":{""adult"":1,""child"":0},""railcards"":[]},""increasedInterchange"":""ZERO"",""onlySearchForSleeper"":false,""origin"":{""crs"":""RDG"",""group"":false},""outwardTime"":{""travelTime"":""2026-09-11T13:00:00+01:00"",""type"":""DEPART""},""overtakenTrains"":false,""reducedTransferTime"":false,""useAlternativeServices"":false}",2026-09-08T22:58:14+01:00,2026-09-11,396e00e43d3ec2c9e0fc05ddd978a95612ba7d289f626a70d12c3f4355feb70e,application/json,National Rail,National Rail website Terms and Conditions; public Journey Planner snapshot.,Responses are dated planner snapshots. Review must exclude unsuitable non-rail itineraries and select the shortest suitable itinerary within the stated window.
transport/reading__london/response-13.json,https://jpservices.nationalrail.co.uk/journey-planner,"{""destination"":{""crs"":""182"",""group"":true},""directTrains"":false,""fareRequestDetails"":{""fareClass"":""ANY"",""passengers"":{""adult"":1,""child"":0},""railcards"":[]},""increasedInterchange"":""ZERO"",""onlySearchForSleeper"":false,""origin"":{""crs"":""RDG"",""group"":false},""outwardTime"":{""travelTime"":""2026-09-11T13:00:00+01:00"",""type"":""DEPART""},""overtakenTrains"":false,""reducedTransferTime"":false,""useAlternativeServices"":false}",2026-09-08T22:58:14+01:00,2026-09-11,c1faa29235677366a5216bfcf5d4d7f6a6a9bcb2c67f45a3f74c89c3af2c427f,application/json,National Rail,National Rail website Terms and Conditions; public Journey Planner snapshot.,Responses are dated planner snapshots. Review must exclude unsuitable non-rail itineraries and select the shortest suitable itinerary within the stated window.
transport/reading__london/capture-metadata.json,https://jpservices.nationalrail.co.uk/journey-planner,Direct capture metadata for RDG to 182.,2026-09-08T22:58:14+01:00,2026-09-11,8f1716f4b141a7cd9eb0622ebcaa66366ad9c0bf4fd64ee6abb5851896ca9dd4,application/json,National Rail,National Rail website Terms and Conditions; public Journey Planner snapshot.,Responses are dated planner snapshots. Review must exclude unsuitable non-rail itineraries and select the shortest suitable itinerary within the stated window.
transport/wolverhampton__birmingham/request-10.json,https://jpservices.nationalrail.co.uk/journey-planner,"{""destination"":{""crs"":""BHM"",""group"":false},""directTrains"":false,""fareRequestDetails"":{""fareClass"":""ANY"",""passengers"":{""adult"":1,""child"":0},""railcards"":[]},""increasedInterchange"":""ZERO"",""onlySearchForSleeper"":false,""origin"":{""crs"":""WVH"",""group"":false},""outwardTime"":{""travelTime"":""2026-09-11T10:00:00+01:00"",""type"":""DEPART""},""overtakenTrains"":false,""reducedTransferTime"":false,""useAlternativeServices"":false}",2026-09-08T23:00:35+01:00,2026-09-11,4d7c93f1ef39df2fc961b4a2d1da77a43176b7491d79bc44e861f480ff3a7849,application/json,National Rail,National Rail website Terms and Conditions; public Journey Planner snapshot.,Responses are dated planner snapshots. Review must exclude unsuitable non-rail itineraries and select the shortest suitable itinerary within the stated window.
transport/wolverhampton__birmingham/response-10.json,https://jpservices.nationalrail.co.uk/journey-planner,"{""destination"":{""crs"":""BHM"",""group"":false},""directTrains"":false,""fareRequestDetails"":{""fareClass"":""ANY"",""passengers"":{""adult"":1,""child"":0},""railcards"":[]},""increasedInterchange"":""ZERO"",""onlySearchForSleeper"":false,""origin"":{""crs"":""WVH"",""group"":false},""outwardTime"":{""travelTime"":""2026-09-11T10:00:00+01:00"",""type"":""DEPART""},""overtakenTrains"":false,""reducedTransferTime"":false,""useAlternativeServices"":false}",2026-09-08T23:00:35+01:00,2026-09-11,fad373c9bf4884aa09e62ae444494ec5607ca84146d559a70656dfe745a6c8bd,application/json,National Rail,National Rail website Terms and Conditions; public Journey Planner snapshot.,Responses are dated planner snapshots. Review must exclude unsuitable non-rail itineraries and select the shortest suitable itinerary within the stated window.
transport/wolverhampton__birmingham/request-11.json,https://jpservices.nationalrail.co.uk/journey-planner,"{""destination"":{""crs"":""BHM"",""group"":false},""directTrains"":false,""fareRequestDetails"":{""fareClass"":""ANY"",""passengers"":{""adult"":1,""child"":0},""railcards"":[]},""increasedInterchange"":""ZERO"",""onlySearchForSleeper"":false,""origin"":{""crs"":""WVH"",""group"":false},""outwardTime"":{""travelTime"":""2026-09-11T11:00:00+01:00"",""type"":""DEPART""},""overtakenTrains"":false,""reducedTransferTime"":false,""useAlternativeServices"":false}",2026-09-08T23:00:35+01:00,2026-09-11,e534414090df22671f31c22509ef7f6798dacdb932eeb213d873f1bed7277a97,application/json,National Rail,National Rail website Terms and Conditions; public Journey Planner snapshot.,Responses are dated planner snapshots. Review must exclude unsuitable non-rail itineraries and select the shortest suitable itinerary within the stated window.
transport/wolverhampton__birmingham/response-11.json,https://jpservices.nationalrail.co.uk/journey-planner,"{""destination"":{""crs"":""BHM"",""group"":false},""directTrains"":false,""fareRequestDetails"":{""fareClass"":""ANY"",""passengers"":{""adult"":1,""child"":0},""railcards"":[]},""increasedInterchange"":""ZERO"",""onlySearchForSleeper"":false,""origin"":{""crs"":""WVH"",""group"":false},""outwardTime"":{""travelTime"":""2026-09-11T11:00:00+01:00"",""type"":""DEPART""},""overtakenTrains"":false,""reducedTransferTime"":false,""useAlternativeServices"":false}",2026-09-08T23:00:35+01:00,2026-09-11,bf289b346cd3cb0f759501bbf746df2e197c7d2800d45e9f6491b3b25c47cb4a,application/json,National Rail,National Rail website Terms and Conditions; public Journey Planner snapshot.,Responses are dated planner snapshots. Review must exclude unsuitable non-rail itineraries and select the shortest suitable itinerary within the stated window.
transport/wolverhampton__birmingham/request-12.json,https://jpservices.nationalrail.co.uk/journey-planner,"{""destination"":{""crs"":""BHM"",""group"":false},""directTrains"":false,""fareRequestDetails"":{""fareClass"":""ANY"",""passengers"":{""adult"":1,""child"":0},""railcards"":[]},""increasedInterchange"":""ZERO"",""onlySearchForSleeper"":false,""origin"":{""crs"":""WVH"",""group"":false},""outwardTime"":{""travelTime"":""2026-09-11T12:00:00+01:00"",""type"":""DEPART""},""overtakenTrains"":false,""reducedTransferTime"":false,""useAlternativeServices"":false}",2026-09-08T23:00:36+01:00,2026-09-11,9cedc0d22957eb1e1fc9aa02613bf69ad06a6d103c7217e0ea579be2499dab62,application/json,National Rail,National Rail website Terms and Conditions; public Journey Planner snapshot.,Responses are dated planner snapshots. Review must exclude unsuitable non-rail itineraries and select the shortest suitable itinerary within the stated window.
transport/wolverhampton__birmingham/response-12.json,https://jpservices.nationalrail.co.uk/journey-planner,"{""destination"":{""crs"":""BHM"",""group"":false},""directTrains"":false,""fareRequestDetails"":{""fareClass"":""ANY"",""passengers"":{""adult"":1,""child"":0},""railcards"":[]},""increasedInterchange"":""ZERO"",""onlySearchForSleeper"":false,""origin"":{""crs"":""WVH"",""group"":false},""outwardTime"":{""travelTime"":""2026-09-11T12:00:00+01:00"",""type"":""DEPART""},""overtakenTrains"":false,""reducedTransferTime"":false,""useAlternativeServices"":false}",2026-09-08T23:00:36+01:00,2026-09-11,c837c7ed06aac0a27099aa93a95ecd5abc1e6b29cbdf8b2a5fa78babae4c502c,application/json,National Rail,National Rail website Terms and Conditions; public Journey Planner snapshot.,Responses are dated planner snapshots. Review must exclude unsuitable non-rail itineraries and select the shortest suitable itinerary within the stated window.
transport/wolverhampton__birmingham/request-13.json,https://jpservices.nationalrail.co.uk/journey-planner,"{""destination"":{""crs"":""BHM"",""group"":false},""directTrains"":false,""fareRequestDetails"":{""fareClass"":""ANY"",""passengers"":{""adult"":1,""child"":0},""railcards"":[]},""increasedInterchange"":""ZERO"",""onlySearchForSleeper"":false,""origin"":{""crs"":""WVH"",""group"":false},""outwardTime"":{""travelTime"":""2026-09-11T13:00:00+01:00"",""type"":""DEPART""},""overtakenTrains"":false,""reducedTransferTime"":false,""useAlternativeServices"":false}",2026-09-08T23:00:37+01:00,2026-09-11,2eb21bc6d17f16ed1387e2c161cb8d4d2eb7be1a4fa22496372f85a653a2e814,application/json,National Rail,National Rail website Terms and Conditions; public Journey Planner snapshot.,Responses are dated planner snapshots. Review must exclude unsuitable non-rail itineraries and select the shortest suitable itinerary within the stated window.
transport/wolverhampton__birmingham/response-13.json,https://jpservices.nationalrail.co.uk/journey-planner,"{""destination"":{""crs"":""BHM"",""group"":false},""directTrains"":false,""fareRequestDetails"":{""fareClass"":""ANY"",""passengers"":{""adult"":1,""child"":0},""railcards"":[]},""increasedInterchange"":""ZERO"",""onlySearchForSleeper"":false,""origin"":{""crs"":""WVH"",""group"":false},""outwardTime"":{""travelTime"":""2026-09-11T13:00:00+01:00"",""type"":""DEPART""},""overtakenTrains"":false,""reducedTransferTime"":false,""useAlternativeServices"":false}",2026-09-08T23:00:37+01:00,2026-09-11,38f182badbf06cf59aea2e8a6f75b3e1f16e71024b1cb2018cbf49bdb11da445,application/json,National Rail,National Rail website Terms and Conditions; public Journey Planner snapshot.,Responses are dated planner snapshots. Review must exclude unsuitable non-rail itineraries and select the shortest suitable itinerary within the stated window.
transport/wolverhampton__birmingham/capture-metadata.json,https://jpservices.nationalrail.co.uk/journey-planner,Direct capture metadata for WVH to BHM.,2026-09-08T23:00:37+01:00,2026-09-11,b9208754f5d8270052621ab698a9b9b0e969a497076a59e6ce4664cd21d21519,application/json,National Rail,National Rail website Terms and Conditions; public Journey Planner snapshot.,Responses are dated planner snapshots. Review must exclude unsuitable non-rail itineraries and select the shortest suitable itinerary within the stated window.
transport/wolverhampton__london/request-10.json,https://jpservices.nationalrail.co.uk/journey-planner,"{""destination"":{""crs"":""182"",""group"":true},""directTrains"":false,""fareRequestDetails"":{""fareClass"":""ANY"",""passengers"":{""adult"":1,""child"":0},""railcards"":[]},""increasedInterchange"":""ZERO"",""onlySearchForSleeper"":false,""origin"":{""crs"":""WVH"",""group"":false},""outwardTime"":{""travelTime"":""2026-09-11T10:00:00+01:00"",""type"":""DEPART""},""overtakenTrains"":false,""reducedTransferTime"":false,""useAlternativeServices"":false}",2026-09-08T23:00:23+01:00,2026-09-11,ac72539f929bafffab63cb51dc731de45bfc71e45b15bf6efc086733d42c2271,application/json,National Rail,National Rail website Terms and Conditions; public Journey Planner snapshot.,Responses are dated planner snapshots. Review must exclude unsuitable non-rail itineraries and select the shortest suitable itinerary within the stated window.
transport/wolverhampton__london/response-10.json,https://jpservices.nationalrail.co.uk/journey-planner,"{""destination"":{""crs"":""182"",""group"":true},""directTrains"":false,""fareRequestDetails"":{""fareClass"":""ANY"",""passengers"":{""adult"":1,""child"":0},""railcards"":[]},""increasedInterchange"":""ZERO"",""onlySearchForSleeper"":false,""origin"":{""crs"":""WVH"",""group"":false},""outwardTime"":{""travelTime"":""2026-09-11T10:00:00+01:00"",""type"":""DEPART""},""overtakenTrains"":false,""reducedTransferTime"":false,""useAlternativeServices"":false}",2026-09-08T23:00:23+01:00,2026-09-11,99c1830c74689c3e0fc07cbac12cb7bdeb9c96861ec530880b0d197a8c901ef9,application/json,National Rail,National Rail website Terms and Conditions; public Journey Planner snapshot.,Responses are dated planner snapshots. Review must exclude unsuitable non-rail itineraries and select the shortest suitable itinerary within the stated window.
transport/wolverhampton__london/request-11.json,https://jpservices.nationalrail.co.uk/journey-planner,"{""destination"":{""crs"":""182"",""group"":true},""directTrains"":false,""fareRequestDetails"":{""fareClass"":""ANY"",""passengers"":{""adult"":1,""child"":0},""railcards"":[]},""increasedInterchange"":""ZERO"",""onlySearchForSleeper"":false,""origin"":{""crs"":""WVH"",""group"":false},""outwardTime"":{""travelTime"":""2026-09-11T11:00:00+01:00"",""type"":""DEPART""},""overtakenTrains"":false,""reducedTransferTime"":false,""useAlternativeServices"":false}",2026-09-08T23:00:24+01:00,2026-09-11,2e289434a7a4ee767ef8d029f81726321763594f88139b16e6a4984308fc8d68,application/json,National Rail,National Rail website Terms and Conditions; public Journey Planner snapshot.,Responses are dated planner snapshots. Review must exclude unsuitable non-rail itineraries and select the shortest suitable itinerary within the stated window.
transport/wolverhampton__london/response-11.json,https://jpservices.nationalrail.co.uk/journey-planner,"{""destination"":{""crs"":""182"",""group"":true},""directTrains"":false,""fareRequestDetails"":{""fareClass"":""ANY"",""passengers"":{""adult"":1,""child"":0},""railcards"":[]},""increasedInterchange"":""ZERO"",""onlySearchForSleeper"":false,""origin"":{""crs"":""WVH"",""group"":false},""outwardTime"":{""travelTime"":""2026-09-11T11:00:00+01:00"",""type"":""DEPART""},""overtakenTrains"":false,""reducedTransferTime"":false,""useAlternativeServices"":false}",2026-09-08T23:00:24+01:00,2026-09-11,a180c23136f5453ade5722c1ff0150aff81c8f012b1164a829475d1f76617917,application/json,National Rail,National Rail website Terms and Conditions; public Journey Planner snapshot.,Responses are dated planner snapshots. Review must exclude unsuitable non-rail itineraries and select the shortest suitable itinerary within the stated window.
transport/wolverhampton__london/request-12.json,https://jpservices.nationalrail.co.uk/journey-planner,"{""destination"":{""crs"":""182"",""group"":true},""directTrains"":false,""fareRequestDetails"":{""fareClass"":""ANY"",""passengers"":{""adult"":1,""child"":0},""railcards"":[]},""increasedInterchange"":""ZERO"",""onlySearchForSleeper"":false,""origin"":{""crs"":""WVH"",""group"":false},""outwardTime"":{""travelTime"":""2026-09-11T12:00:00+01:00"",""type"":""DEPART""},""overtakenTrains"":false,""reducedTransferTime"":false,""useAlternativeServices"":false}",2026-09-08T23:00:25+01:00,2026-09-11,275012cd6f32aa6116651d7210a6e7f637dedf4bf05f09cabf2d45d50b65339e,application/json,National Rail,National Rail website Terms and Conditions; public Journey Planner snapshot.,Responses are dated planner snapshots. Review must exclude unsuitable non-rail itineraries and select the shortest suitable itinerary within the stated window.
transport/wolverhampton__london/response-12.json,https://jpservices.nationalrail.co.uk/journey-planner,"{""destination"":{""crs"":""182"",""group"":true},""directTrains"":false,""fareRequestDetails"":{""fareClass"":""ANY"",""passengers"":{""adult"":1,""child"":0},""railcards"":[]},""increasedInterchange"":""ZERO"",""onlySearchForSleeper"":false,""origin"":{""crs"":""WVH"",""group"":false},""outwardTime"":{""travelTime"":""2026-09-11T12:00:00+01:00"",""type"":""DEPART""},""overtakenTrains"":false,""reducedTransferTime"":false,""useAlternativeServices"":false}",2026-09-08T23:00:25+01:00,2026-09-11,dcc954db29d580d3f79271da7a8a305693ae95f3e1ffa08c7c8928cda975e139,application/json,National Rail,National Rail website Terms and Conditions; public Journey Planner snapshot.,Responses are dated planner snapshots. Review must exclude unsuitable non-rail itineraries and select the shortest suitable itinerary within the stated window.
transport/wolverhampton__london/request-13.json,https://jpservices.nationalrail.co.uk/journey-planner,"{""destination"":{""crs"":""182"",""group"":true},""directTrains"":false,""fareRequestDetails"":{""fareClass"":""ANY"",""passengers"":{""adult"":1,""child"":0},""railcards"":[]},""increasedInterchange"":""ZERO"",""onlySearchForSleeper"":false,""origin"":{""crs"":""WVH"",""group"":false},""outwardTime"":{""travelTime"":""2026-09-11T13:00:00+01:00"",""type"":""DEPART""},""overtakenTrains"":false,""reducedTransferTime"":false,""useAlternativeServices"":false}",2026-09-08T23:00:27+01:00,2026-09-11,3d62ed78b56ecde595d87b136ae500d6b00a2c52a37fe1af68527708b4fc0786,application/json,National Rail,National Rail website Terms and Conditions; public Journey Planner snapshot.,Responses are dated planner snapshots. Review must exclude unsuitable non-rail itineraries and select the shortest suitable itinerary within the stated window.
transport/wolverhampton__london/response-13.json,https://jpservices.nationalrail.co.uk/journey-planner,"{""destination"":{""crs"":""182"",""group"":true},""directTrains"":false,""fareRequestDetails"":{""fareClass"":""ANY"",""passengers"":{""adult"":1,""child"":0},""railcards"":[]},""increasedInterchange"":""ZERO"",""onlySearchForSleeper"":false,""origin"":{""crs"":""WVH"",""group"":false},""outwardTime"":{""travelTime"":""2026-09-11T13:00:00+01:00"",""type"":""DEPART""},""overtakenTrains"":false,""reducedTransferTime"":false,""useAlternativeServices"":false}",2026-09-08T23:00:27+01:00,2026-09-11,564b3b795f4a54d3a7c7d079a18b4acf8da310a1ae76b6afe850652acb32c78a,application/json,National Rail,National Rail website Terms and Conditions; public Journey Planner snapshot.,Responses are dated planner snapshots. Review must exclude unsuitable non-rail itineraries and select the shortest suitable itinerary within the stated window.
transport/wolverhampton__london/capture-metadata.json,https://jpservices.nationalrail.co.uk/journey-planner,Direct capture metadata for WVH to 182.,2026-09-08T23:00:27+01:00,2026-09-11,613b8a7709369e5f7e52435e36fc29eaa119f490233827c1680f6421d9b955a5,application/json,National Rail,National Rail website Terms and Conditions; public Journey Planner snapshot.,Responses are dated planner snapshots. Review must exclude unsuitable non-rail itineraries and select the shortest suitable itinerary within the stated window.
transport/wrexham__birmingham/request-10.json,https://jpservices.nationalrail.co.uk/journey-planner,"{""destination"":{""crs"":""BHM"",""group"":false},""directTrains"":false,""fareRequestDetails"":{""fareClass"":""ANY"",""passengers"":{""adult"":1,""child"":0},""railcards"":[]},""increasedInterchange"":""ZERO"",""onlySearchForSleeper"":false,""origin"":{""crs"":""WRX"",""group"":false},""outwardTime"":{""travelTime"":""2026-09-11T10:00:00+01:00"",""type"":""DEPART""},""overtakenTrains"":false,""reducedTransferTime"":false,""useAlternativeServices"":false}",2026-09-08T23:00:58+01:00,2026-09-11,140fc87c45a21ef4411aec7a549bdbb16cda2e0a5320d4bdb2c98788439f008b,application/json,National Rail,National Rail website Terms and Conditions; public Journey Planner snapshot.,Responses are dated planner snapshots. Review must exclude unsuitable non-rail itineraries and select the shortest suitable itinerary within the stated window.
transport/wrexham__birmingham/response-10.json,https://jpservices.nationalrail.co.uk/journey-planner,"{""destination"":{""crs"":""BHM"",""group"":false},""directTrains"":false,""fareRequestDetails"":{""fareClass"":""ANY"",""passengers"":{""adult"":1,""child"":0},""railcards"":[]},""increasedInterchange"":""ZERO"",""onlySearchForSleeper"":false,""origin"":{""crs"":""WRX"",""group"":false},""outwardTime"":{""travelTime"":""2026-09-11T10:00:00+01:00"",""type"":""DEPART""},""overtakenTrains"":false,""reducedTransferTime"":false,""useAlternativeServices"":false}",2026-09-08T23:00:58+01:00,2026-09-11,fc5cb66b23f74d01a3145355241583d64ff3651a65dae65694731dda71f261d1,application/json,National Rail,National Rail website Terms and Conditions; public Journey Planner snapshot.,Responses are dated planner snapshots. Review must exclude unsuitable non-rail itineraries and select the shortest suitable itinerary within the stated window.
transport/wrexham__birmingham/request-11.json,https://jpservices.nationalrail.co.uk/journey-planner,"{""destination"":{""crs"":""BHM"",""group"":false},""directTrains"":false,""fareRequestDetails"":{""fareClass"":""ANY"",""passengers"":{""adult"":1,""child"":0},""railcards"":[]},""increasedInterchange"":""ZERO"",""onlySearchForSleeper"":false,""origin"":{""crs"":""WRX"",""group"":false},""outwardTime"":{""travelTime"":""2026-09-11T11:00:00+01:00"",""type"":""DEPART""},""overtakenTrains"":false,""reducedTransferTime"":false,""useAlternativeServices"":false}",2026-09-08T23:00:59+01:00,2026-09-11,2d0dc95e2c6651c32c9da83a737f0fe3dd88c7b3a411c502147dee268b053a96,application/json,National Rail,National Rail website Terms and Conditions; public Journey Planner snapshot.,Responses are dated planner snapshots. Review must exclude unsuitable non-rail itineraries and select the shortest suitable itinerary within the stated window.
transport/wrexham__birmingham/response-11.json,https://jpservices.nationalrail.co.uk/journey-planner,"{""destination"":{""crs"":""BHM"",""group"":false},""directTrains"":false,""fareRequestDetails"":{""fareClass"":""ANY"",""passengers"":{""adult"":1,""child"":0},""railcards"":[]},""increasedInterchange"":""ZERO"",""onlySearchForSleeper"":false,""origin"":{""crs"":""WRX"",""group"":false},""outwardTime"":{""travelTime"":""2026-09-11T11:00:00+01:00"",""type"":""DEPART""},""overtakenTrains"":false,""reducedTransferTime"":false,""useAlternativeServices"":false}",2026-09-08T23:00:59+01:00,2026-09-11,bd51c17d5ea179d7c1c1e87f0fa6c9b943ef139035601d0ecdede96ccaba6422,application/json,National Rail,National Rail website Terms and Conditions; public Journey Planner snapshot.,Responses are dated planner snapshots. Review must exclude unsuitable non-rail itineraries and select the shortest suitable itinerary within the stated window.
transport/wrexham__birmingham/request-12.json,https://jpservices.nationalrail.co.uk/journey-planner,"{""destination"":{""crs"":""BHM"",""group"":false},""directTrains"":false,""fareRequestDetails"":{""fareClass"":""ANY"",""passengers"":{""adult"":1,""child"":0},""railcards"":[]},""increasedInterchange"":""ZERO"",""onlySearchForSleeper"":false,""origin"":{""crs"":""WRX"",""group"":false},""outwardTime"":{""travelTime"":""2026-09-11T12:00:00+01:00"",""type"":""DEPART""},""overtakenTrains"":false,""reducedTransferTime"":false,""useAlternativeServices"":false}",2026-09-08T23:01:00+01:00,2026-09-11,b65ecd723e03f88c464bb8a9c2cf7d81ecd4b7a50fba8208726983d22e3b29bd,application/json,National Rail,National Rail website Terms and Conditions; public Journey Planner snapshot.,Responses are dated planner snapshots. Review must exclude unsuitable non-rail itineraries and select the shortest suitable itinerary within the stated window.
transport/wrexham__birmingham/response-12.json,https://jpservices.nationalrail.co.uk/journey-planner,"{""destination"":{""crs"":""BHM"",""group"":false},""directTrains"":false,""fareRequestDetails"":{""fareClass"":""ANY"",""passengers"":{""adult"":1,""child"":0},""railcards"":[]},""increasedInterchange"":""ZERO"",""onlySearchForSleeper"":false,""origin"":{""crs"":""WRX"",""group"":false},""outwardTime"":{""travelTime"":""2026-09-11T12:00:00+01:00"",""type"":""DEPART""},""overtakenTrains"":false,""reducedTransferTime"":false,""useAlternativeServices"":false}",2026-09-08T23:01:00+01:00,2026-09-11,c58f94b527a3273036e6fa81ac5605ccbd50aea17ffcaea5b593cbb151c6d8e8,application/json,National Rail,National Rail website Terms and Conditions; public Journey Planner snapshot.,Responses are dated planner snapshots. Review must exclude unsuitable non-rail itineraries and select the shortest suitable itinerary within the stated window.
transport/wrexham__birmingham/request-13.json,https://jpservices.nationalrail.co.uk/journey-planner,"{""destination"":{""crs"":""BHM"",""group"":false},""directTrains"":false,""fareRequestDetails"":{""fareClass"":""ANY"",""passengers"":{""adult"":1,""child"":0},""railcards"":[]},""increasedInterchange"":""ZERO"",""onlySearchForSleeper"":false,""origin"":{""crs"":""WRX"",""group"":false},""outwardTime"":{""travelTime"":""2026-09-11T13:00:00+01:00"",""type"":""DEPART""},""overtakenTrains"":false,""reducedTransferTime"":false,""useAlternativeServices"":false}",2026-09-08T23:01:02+01:00,2026-09-11,e2cca5a21f275e6818e7da12537cec4b456197d36275d86777ef0e29592a2190,application/json,National Rail,National Rail website Terms and Conditions; public Journey Planner snapshot.,Responses are dated planner snapshots. Review must exclude unsuitable non-rail itineraries and select the shortest suitable itinerary within the stated window.
transport/wrexham__birmingham/response-13.json,https://jpservices.nationalrail.co.uk/journey-planner,"{""destination"":{""crs"":""BHM"",""group"":false},""directTrains"":false,""fareRequestDetails"":{""fareClass"":""ANY"",""passengers"":{""adult"":1,""child"":0},""railcards"":[]},""increasedInterchange"":""ZERO"",""onlySearchForSleeper"":false,""origin"":{""crs"":""WRX"",""group"":false},""outwardTime"":{""travelTime"":""2026-09-11T13:00:00+01:00"",""type"":""DEPART""},""overtakenTrains"":false,""reducedTransferTime"":false,""useAlternativeServices"":false}",2026-09-08T23:01:02+01:00,2026-09-11,59810312e4a700e47074bdeaa7e6a1a29129e5b1e328508e07d076d42cc83497,application/json,National Rail,National Rail website Terms and Conditions; public Journey Planner snapshot.,Responses are dated planner snapshots. Review must exclude unsuitable non-rail itineraries and select the shortest suitable itinerary within the stated window.
transport/wrexham__birmingham/capture-metadata.json,https://jpservices.nationalrail.co.uk/journey-planner,Direct capture metadata for WRX to BHM.,2026-09-08T23:01:02+01:00,2026-09-11,2f7a42524c2fe77dd2c41053d3cb33f0ad87588da0d6aa5b51b640c371a649c3,application/json,National Rail,National Rail website Terms and Conditions; public Journey Planner snapshot.,Responses are dated planner snapshots. Review must exclude unsuitable non-rail itineraries and select the shortest suitable itinerary within the stated window.
transport/wrexham__london/request-10.json,https://jpservices.nationalrail.co.uk/journey-planner,"{""destination"":{""crs"":""182"",""group"":true},""directTrains"":false,""fareRequestDetails"":{""fareClass"":""ANY"",""passengers"":{""adult"":1,""child"":0},""railcards"":[]},""increasedInterchange"":""ZERO"",""onlySearchForSleeper"":false,""origin"":{""crs"":""WRX"",""group"":false},""outwardTime"":{""travelTime"":""2026-09-11T10:00:00+01:00"",""type"":""DEPART""},""overtakenTrains"":false,""reducedTransferTime"":false,""useAlternativeServices"":false}",2026-09-08T23:00:45+01:00,2026-09-11,633bffb507d2bc2219a467f3cf6a0b0c6cd9a04b556c387eb16e0d1d2f6d739b,application/json,National Rail,National Rail website Terms and Conditions; public Journey Planner snapshot.,Responses are dated planner snapshots. Review must exclude unsuitable non-rail itineraries and select the shortest suitable itinerary within the stated window.
transport/wrexham__london/response-10.json,https://jpservices.nationalrail.co.uk/journey-planner,"{""destination"":{""crs"":""182"",""group"":true},""directTrains"":false,""fareRequestDetails"":{""fareClass"":""ANY"",""passengers"":{""adult"":1,""child"":0},""railcards"":[]},""increasedInterchange"":""ZERO"",""onlySearchForSleeper"":false,""origin"":{""crs"":""WRX"",""group"":false},""outwardTime"":{""travelTime"":""2026-09-11T10:00:00+01:00"",""type"":""DEPART""},""overtakenTrains"":false,""reducedTransferTime"":false,""useAlternativeServices"":false}",2026-09-08T23:00:45+01:00,2026-09-11,932482d60d1d6386418e87b7fe2b959bfcf195593618a9fe3f8e5c6c5a7dee9b,application/json,National Rail,National Rail website Terms and Conditions; public Journey Planner snapshot.,Responses are dated planner snapshots. Review must exclude unsuitable non-rail itineraries and select the shortest suitable itinerary within the stated window.
transport/wrexham__london/request-11.json,https://jpservices.nationalrail.co.uk/journey-planner,"{""destination"":{""crs"":""182"",""group"":true},""directTrains"":false,""fareRequestDetails"":{""fareClass"":""ANY"",""passengers"":{""adult"":1,""child"":0},""railcards"":[]},""increasedInterchange"":""ZERO"",""onlySearchForSleeper"":false,""origin"":{""crs"":""WRX"",""group"":false},""outwardTime"":{""travelTime"":""2026-09-11T11:00:00+01:00"",""type"":""DEPART""},""overtakenTrains"":false,""reducedTransferTime"":false,""useAlternativeServices"":false}",2026-09-08T23:00:47+01:00,2026-09-11,ee523a4320a73a427e352dc30f0819f48207b5d593f033f83da78433c0623380,application/json,National Rail,National Rail website Terms and Conditions; public Journey Planner snapshot.,Responses are dated planner snapshots. Review must exclude unsuitable non-rail itineraries and select the shortest suitable itinerary within the stated window.
transport/wrexham__london/response-11.json,https://jpservices.nationalrail.co.uk/journey-planner,"{""destination"":{""crs"":""182"",""group"":true},""directTrains"":false,""fareRequestDetails"":{""fareClass"":""ANY"",""passengers"":{""adult"":1,""child"":0},""railcards"":[]},""increasedInterchange"":""ZERO"",""onlySearchForSleeper"":false,""origin"":{""crs"":""WRX"",""group"":false},""outwardTime"":{""travelTime"":""2026-09-11T11:00:00+01:00"",""type"":""DEPART""},""overtakenTrains"":false,""reducedTransferTime"":false,""useAlternativeServices"":false}",2026-09-08T23:00:47+01:00,2026-09-11,e40ec9c6946da8018e8db9400cd8328afa9f4619ac50a5148522157c59713438,application/json,National Rail,National Rail website Terms and Conditions; public Journey Planner snapshot.,Responses are dated planner snapshots. Review must exclude unsuitable non-rail itineraries and select the shortest suitable itinerary within the stated window.
transport/wrexham__london/request-12.json,https://jpservices.nationalrail.co.uk/journey-planner,"{""destination"":{""crs"":""182"",""group"":true},""directTrains"":false,""fareRequestDetails"":{""fareClass"":""ANY"",""passengers"":{""adult"":1,""child"":0},""railcards"":[]},""increasedInterchange"":""ZERO"",""onlySearchForSleeper"":false,""origin"":{""crs"":""WRX"",""group"":false},""outwardTime"":{""travelTime"":""2026-09-11T12:00:00+01:00"",""type"":""DEPART""},""overtakenTrains"":false,""reducedTransferTime"":false,""useAlternativeServices"":false}",2026-09-08T23:00:48+01:00,2026-09-11,56a440eaa7a4547e44408c8cc6d816eddd318a9cd5c214c269f0c71a391c5394,application/json,National Rail,National Rail website Terms and Conditions; public Journey Planner snapshot.,Responses are dated planner snapshots. Review must exclude unsuitable non-rail itineraries and select the shortest suitable itinerary within the stated window.
transport/wrexham__london/response-12.json,https://jpservices.nationalrail.co.uk/journey-planner,"{""destination"":{""crs"":""182"",""group"":true},""directTrains"":false,""fareRequestDetails"":{""fareClass"":""ANY"",""passengers"":{""adult"":1,""child"":0},""railcards"":[]},""increasedInterchange"":""ZERO"",""onlySearchForSleeper"":false,""origin"":{""crs"":""WRX"",""group"":false},""outwardTime"":{""travelTime"":""2026-09-11T12:00:00+01:00"",""type"":""DEPART""},""overtakenTrains"":false,""reducedTransferTime"":false,""useAlternativeServices"":false}",2026-09-08T23:00:48+01:00,2026-09-11,c9214a3296f63564da5a4b69eae25dcf8dc59454ea697a48266964806ca5eff5,application/json,National Rail,National Rail website Terms and Conditions; public Journey Planner snapshot.,Responses are dated planner snapshots. Review must exclude unsuitable non-rail itineraries and select the shortest suitable itinerary within the stated window.
transport/wrexham__london/request-13.json,https://jpservices.nationalrail.co.uk/journey-planner,"{""destination"":{""crs"":""182"",""group"":true},""directTrains"":false,""fareRequestDetails"":{""fareClass"":""ANY"",""passengers"":{""adult"":1,""child"":0},""railcards"":[]},""increasedInterchange"":""ZERO"",""onlySearchForSleeper"":false,""origin"":{""crs"":""WRX"",""group"":false},""outwardTime"":{""travelTime"":""2026-09-11T13:00:00+01:00"",""type"":""DEPART""},""overtakenTrains"":false,""reducedTransferTime"":false,""useAlternativeServices"":false}",2026-09-08T23:00:49+01:00,2026-09-11,81a7523ee3f210eee4159ffb385cb46856d8e4402c9e187a427d99a1f7a2fbd2,application/json,National Rail,National Rail website Terms and Conditions; public Journey Planner snapshot.,Responses are dated planner snapshots. Review must exclude unsuitable non-rail itineraries and select the shortest suitable itinerary within the stated window.
transport/wrexham__london/response-13.json,https://jpservices.nationalrail.co.uk/journey-planner,"{""destination"":{""crs"":""182"",""group"":true},""directTrains"":false,""fareRequestDetails"":{""fareClass"":""ANY"",""passengers"":{""adult"":1,""child"":0},""railcards"":[]},""increasedInterchange"":""ZERO"",""onlySearchForSleeper"":false,""origin"":{""crs"":""WRX"",""group"":false},""outwardTime"":{""travelTime"":""2026-09-11T13:00:00+01:00"",""type"":""DEPART""},""overtakenTrains"":false,""reducedTransferTime"":false,""useAlternativeServices"":false}",2026-09-08T23:00:49+01:00,2026-09-11,be40c0958065d96b1e1fba210dc068b79aac48ea9cd2682114f54dd0891eb3b1,application/json,National Rail,National Rail website Terms and Conditions; public Journey Planner snapshot.,Responses are dated planner snapshots. Review must exclude unsuitable non-rail itineraries and select the shortest suitable itinerary within the stated window.
transport/wrexham__london/capture-metadata.json,https://jpservices.nationalrail.co.uk/journey-planner,Direct capture metadata for WRX to 182.,2026-09-08T23:00:49+01:00,2026-09-11,917135723b47ac9771e202defe3e48c72fcdf5c03b23071a2b89c81d25df65f7,application/json,National Rail,National Rail website Terms and Conditions; public Journey Planner snapshot.,Responses are dated planner snapshots. Review must exclude unsuitable non-rail itineraries and select the shortest suitable itinerary within the stated window.
