relative_path,original_url,request_query,retrieved_at,data_period,publisher,licence_or_terms,coverage_limitations
transport/bangor__birmingham/request-10.json,https://jpservices.nationalrail.co.uk/journey-planner,"{""destination"":{""crs"":""BHM"",""group"":false},""directTrains"":false,""fareRequestDetails"":{""fareClass"":""ANY"",""passengers"":{""adult"":1,""child"":0},""railcards"":[]},""increasedInterchange"":""ZERO"",""onlySearchForSleeper"":false,""origin"":{""crs"":""BNG"",""group"":false},""outwardTime"":{""travelTime"":""2026-09-11T10:00:00+01:00"",""type"":""DEPART""},""overtakenTrains"":false,""reducedTransferTime"":false,""useAlternativeServices"":false}",2026-09-08T22:55:29+01:00,2026-09-11,National Rail,National Rail website Terms and Conditions; public Journey Planner snapshot.,Responses are dated planner snapshots. Review must exclude unsuitable non-rail itineraries and select the shortest suitable itinerary within the stated window.
transport/bangor__birmingham/response-10.json,https://jpservices.nationalrail.co.uk/journey-planner,"{""destination"":{""crs"":""BHM"",""group"":false},""directTrains"":false,""fareRequestDetails"":{""fareClass"":""ANY"",""passengers"":{""adult"":1,""child"":0},""railcards"":[]},""increasedInterchange"":""ZERO"",""onlySearchForSleeper"":false,""origin"":{""crs"":""BNG"",""group"":false},""outwardTime"":{""travelTime"":""2026-09-11T10:00:00+01:00"",""type"":""DEPART""},""overtakenTrains"":false,""reducedTransferTime"":false,""useAlternativeServices"":false}",2026-09-08T22:55:29+01:00,2026-09-11,National Rail,National Rail website Terms and Conditions; public Journey Planner snapshot.,Responses are dated planner snapshots. Review must exclude unsuitable non-rail itineraries and select the shortest suitable itinerary within the stated window.
transport/bangor__birmingham/request-11.json,https://jpservices.nationalrail.co.uk/journey-planner,"{""destination"":{""crs"":""BHM"",""group"":false},""directTrains"":false,""fareRequestDetails"":{""fareClass"":""ANY"",""passengers"":{""adult"":1,""child"":0},""railcards"":[]},""increasedInterchange"":""ZERO"",""onlySearchForSleeper"":false,""origin"":{""crs"":""BNG"",""group"":false},""outwardTime"":{""travelTime"":""2026-09-11T11:00:00+01:00"",""type"":""DEPART""},""overtakenTrains"":false,""reducedTransferTime"":false,""useAlternativeServices"":false}",2026-09-08T22:55:30+01:00,2026-09-11,National Rail,National Rail website Terms and Conditions; public Journey Planner snapshot.,Responses are dated planner snapshots. Review must exclude unsuitable non-rail itineraries and select the shortest suitable itinerary within the stated window.
transport/bangor__birmingham/response-11.json,https://jpservices.nationalrail.co.uk/journey-planner,"{""destination"":{""crs"":""BHM"",""group"":false},""directTrains"":false,""fareRequestDetails"":{""fareClass"":""ANY"",""passengers"":{""adult"":1,""child"":0},""railcards"":[]},""increasedInterchange"":""ZERO"",""onlySearchForSleeper"":false,""origin"":{""crs"":""BNG"",""group"":false},""outwardTime"":{""travelTime"":""2026-09-11T11:00:00+01:00"",""type"":""DEPART""},""overtakenTrains"":false,""reducedTransferTime"":false,""useAlternativeServices"":false}",2026-09-08T22:55:30+01:00,2026-09-11,National Rail,National Rail website Terms and Conditions; public Journey Planner snapshot.,Responses are dated planner snapshots. Review must exclude unsuitable non-rail itineraries and select the shortest suitable itinerary within the stated window.
transport/bangor__birmingham/request-12.json,https://jpservices.nationalrail.co.uk/journey-planner,"{""destination"":{""crs"":""BHM"",""group"":false},""directTrains"":false,""fareRequestDetails"":{""fareClass"":""ANY"",""passengers"":{""adult"":1,""child"":0},""railcards"":[]},""increasedInterchange"":""ZERO"",""onlySearchForSleeper"":false,""origin"":{""crs"":""BNG"",""group"":false},""outwardTime"":{""travelTime"":""2026-09-11T12:00:00+01:00"",""type"":""DEPART""},""overtakenTrains"":false,""reducedTransferTime"":false,""useAlternativeServices"":false}",2026-09-08T22:55:31+01:00,2026-09-11,National Rail,National Rail website Terms and Conditions; public Journey Planner snapshot.,Responses are dated planner snapshots. Review must exclude unsuitable non-rail itineraries and select the shortest suitable itinerary within the stated window.
transport/bangor__birmingham/response-12.json,https://jpservices.nationalrail.co.uk/journey-planner,"{""destination"":{""crs"":""BHM"",""group"":false},""directTrains"":false,""fareRequestDetails"":{""fareClass"":""ANY"",""passengers"":{""adult"":1,""child"":0},""railcards"":[]},""increasedInterchange"":""ZERO"",""onlySearchForSleeper"":false,""origin"":{""crs"":""BNG"",""group"":false},""outwardTime"":{""travelTime"":""2026-09-11T12:00:00+01:00"",""type"":""DEPART""},""overtakenTrains"":false,""reducedTransferTime"":false,""useAlternativeServices"":false}",2026-09-08T22:55:31+01:00,2026-09-11,National Rail,National Rail website Terms and Conditions; public Journey Planner snapshot.,Responses are dated planner snapshots. Review must exclude unsuitable non-rail itineraries and select the shortest suitable itinerary within the stated window.
transport/bangor__birmingham/request-13.json,https://jpservices.nationalrail.co.uk/journey-planner,"{""destination"":{""crs"":""BHM"",""group"":false},""directTrains"":false,""fareRequestDetails"":{""fareClass"":""ANY"",""passengers"":{""adult"":1,""child"":0},""railcards"":[]},""increasedInterchange"":""ZERO"",""onlySearchForSleeper"":false,""origin"":{""crs"":""BNG"",""group"":false},""outwardTime"":{""travelTime"":""2026-09-11T13:00:00+01:00"",""type"":""DEPART""},""overtakenTrains"":false,""reducedTransferTime"":false,""useAlternativeServices"":false}",2026-09-08T22:55:32+01:00,2026-09-11,National Rail,National Rail website Terms and Conditions; public Journey Planner snapshot.,Responses are dated planner snapshots. Review must exclude unsuitable non-rail itineraries and select the shortest suitable itinerary within the stated window.
transport/bangor__birmingham/response-13.json,https://jpservices.nationalrail.co.uk/journey-planner,"{""destination"":{""crs"":""BHM"",""group"":false},""directTrains"":false,""fareRequestDetails"":{""fareClass"":""ANY"",""passengers"":{""adult"":1,""child"":0},""railcards"":[]},""increasedInterchange"":""ZERO"",""onlySearchForSleeper"":false,""origin"":{""crs"":""BNG"",""group"":false},""outwardTime"":{""travelTime"":""2026-09-11T13:00:00+01:00"",""type"":""DEPART""},""overtakenTrains"":false,""reducedTransferTime"":false,""useAlternativeServices"":false}",2026-09-08T22:55:32+01:00,2026-09-11,National Rail,National Rail website Terms and Conditions; public Journey Planner snapshot.,Responses are dated planner snapshots. Review must exclude unsuitable non-rail itineraries and select the shortest suitable itinerary within the stated window.
transport/bangor__birmingham/capture-metadata.json,https://jpservices.nationalrail.co.uk/journey-planner,Direct capture metadata for BNG to BHM.,2026-09-08T22:55:32+01:00,2026-09-11,National Rail,National Rail website Terms and Conditions; public Journey Planner snapshot.,Responses are dated planner snapshots. Review must exclude unsuitable non-rail itineraries and select the shortest suitable itinerary within the stated window.
transport/bangor__london/request-10.json,https://jpservices.nationalrail.co.uk/journey-planner,"{""destination"":{""crs"":""182"",""group"":true},""directTrains"":false,""fareRequestDetails"":{""fareClass"":""ANY"",""passengers"":{""adult"":1,""child"":0},""railcards"":[]},""increasedInterchange"":""ZERO"",""onlySearchForSleeper"":false,""origin"":{""crs"":""BNG"",""group"":false},""outwardTime"":{""travelTime"":""2026-09-11T10:00:00+01:00"",""type"":""DEPART""},""overtakenTrains"":false,""reducedTransferTime"":false,""useAlternativeServices"":false}",2026-09-08T22:55:18+01:00,2026-09-11,National Rail,National Rail website Terms and Conditions; public Journey Planner snapshot.,Responses are dated planner snapshots. Review must exclude unsuitable non-rail itineraries and select the shortest suitable itinerary within the stated window.
transport/bangor__london/response-10.json,https://jpservices.nationalrail.co.uk/journey-planner,"{""destination"":{""crs"":""182"",""group"":true},""directTrains"":false,""fareRequestDetails"":{""fareClass"":""ANY"",""passengers"":{""adult"":1,""child"":0},""railcards"":[]},""increasedInterchange"":""ZERO"",""onlySearchForSleeper"":false,""origin"":{""crs"":""BNG"",""group"":false},""outwardTime"":{""travelTime"":""2026-09-11T10:00:00+01:00"",""type"":""DEPART""},""overtakenTrains"":false,""reducedTransferTime"":false,""useAlternativeServices"":false}",2026-09-08T22:55:18+01:00,2026-09-11,National Rail,National Rail website Terms and Conditions; public Journey Planner snapshot.,Responses are dated planner snapshots. Review must exclude unsuitable non-rail itineraries and select the shortest suitable itinerary within the stated window.
transport/bangor__london/request-11.json,https://jpservices.nationalrail.co.uk/journey-planner,"{""destination"":{""crs"":""182"",""group"":true},""directTrains"":false,""fareRequestDetails"":{""fareClass"":""ANY"",""passengers"":{""adult"":1,""child"":0},""railcards"":[]},""increasedInterchange"":""ZERO"",""onlySearchForSleeper"":false,""origin"":{""crs"":""BNG"",""group"":false},""outwardTime"":{""travelTime"":""2026-09-11T11:00:00+01:00"",""type"":""DEPART""},""overtakenTrains"":false,""reducedTransferTime"":false,""useAlternativeServices"":false}",2026-09-08T22:55:19+01:00,2026-09-11,National Rail,National Rail website Terms and Conditions; public Journey Planner snapshot.,Responses are dated planner snapshots. Review must exclude unsuitable non-rail itineraries and select the shortest suitable itinerary within the stated window.
transport/bangor__london/response-11.json,https://jpservices.nationalrail.co.uk/journey-planner,"{""destination"":{""crs"":""182"",""group"":true},""directTrains"":false,""fareRequestDetails"":{""fareClass"":""ANY"",""passengers"":{""adult"":1,""child"":0},""railcards"":[]},""increasedInterchange"":""ZERO"",""onlySearchForSleeper"":false,""origin"":{""crs"":""BNG"",""group"":false},""outwardTime"":{""travelTime"":""2026-09-11T11:00:00+01:00"",""type"":""DEPART""},""overtakenTrains"":false,""reducedTransferTime"":false,""useAlternativeServices"":false}",2026-09-08T22:55:19+01:00,2026-09-11,National Rail,National Rail website Terms and Conditions; public Journey Planner snapshot.,Responses are dated planner snapshots. Review must exclude unsuitable non-rail itineraries and select the shortest suitable itinerary within the stated window.
transport/bangor__london/request-12.json,https://jpservices.nationalrail.co.uk/journey-planner,"{""destination"":{""crs"":""182"",""group"":true},""directTrains"":false,""fareRequestDetails"":{""fareClass"":""ANY"",""passengers"":{""adult"":1,""child"":0},""railcards"":[]},""increasedInterchange"":""ZERO"",""onlySearchForSleeper"":false,""origin"":{""crs"":""BNG"",""group"":false},""outwardTime"":{""travelTime"":""2026-09-11T12:00:00+01:00"",""type"":""DEPART""},""overtakenTrains"":false,""reducedTransferTime"":false,""useAlternativeServices"":false}",2026-09-08T22:55:20+01:00,2026-09-11,National Rail,National Rail website Terms and Conditions; public Journey Planner snapshot.,Responses are dated planner snapshots. Review must exclude unsuitable non-rail itineraries and select the shortest suitable itinerary within the stated window.
transport/bangor__london/response-12.json,https://jpservices.nationalrail.co.uk/journey-planner,"{""destination"":{""crs"":""182"",""group"":true},""directTrains"":false,""fareRequestDetails"":{""fareClass"":""ANY"",""passengers"":{""adult"":1,""child"":0},""railcards"":[]},""increasedInterchange"":""ZERO"",""onlySearchForSleeper"":false,""origin"":{""crs"":""BNG"",""group"":false},""outwardTime"":{""travelTime"":""2026-09-11T12:00:00+01:00"",""type"":""DEPART""},""overtakenTrains"":false,""reducedTransferTime"":false,""useAlternativeServices"":false}",2026-09-08T22:55:20+01:00,2026-09-11,National Rail,National Rail website Terms and Conditions; public Journey Planner snapshot.,Responses are dated planner snapshots. Review must exclude unsuitable non-rail itineraries and select the shortest suitable itinerary within the stated window.
transport/bangor__london/request-13.json,https://jpservices.nationalrail.co.uk/journey-planner,"{""destination"":{""crs"":""182"",""group"":true},""directTrains"":false,""fareRequestDetails"":{""fareClass"":""ANY"",""passengers"":{""adult"":1,""child"":0},""railcards"":[]},""increasedInterchange"":""ZERO"",""onlySearchForSleeper"":false,""origin"":{""crs"":""BNG"",""group"":false},""outwardTime"":{""travelTime"":""2026-09-11T13:00:00+01:00"",""type"":""DEPART""},""overtakenTrains"":false,""reducedTransferTime"":false,""useAlternativeServices"":false}",2026-09-08T22:55:21+01:00,2026-09-11,National Rail,National Rail website Terms and Conditions; public Journey Planner snapshot.,Responses are dated planner snapshots. Review must exclude unsuitable non-rail itineraries and select the shortest suitable itinerary within the stated window.
transport/bangor__london/response-13.json,https://jpservices.nationalrail.co.uk/journey-planner,"{""destination"":{""crs"":""182"",""group"":true},""directTrains"":false,""fareRequestDetails"":{""fareClass"":""ANY"",""passengers"":{""adult"":1,""child"":0},""railcards"":[]},""increasedInterchange"":""ZERO"",""onlySearchForSleeper"":false,""origin"":{""crs"":""BNG"",""group"":false},""outwardTime"":{""travelTime"":""2026-09-11T13:00:00+01:00"",""type"":""DEPART""},""overtakenTrains"":false,""reducedTransferTime"":false,""useAlternativeServices"":false}",2026-09-08T22:55:21+01:00,2026-09-11,National Rail,National Rail website Terms and Conditions; public Journey Planner snapshot.,Responses are dated planner snapshots. Review must exclude unsuitable non-rail itineraries and select the shortest suitable itinerary within the stated window.
transport/bangor__london/capture-metadata.json,https://jpservices.nationalrail.co.uk/journey-planner,Direct capture metadata for BNG to 182.,2026-09-08T22:55:21+01:00,2026-09-11,National Rail,National Rail website Terms and Conditions; public Journey Planner snapshot.,Responses are dated planner snapshots. Review must exclude unsuitable non-rail itineraries and select the shortest suitable itinerary within the stated window.
transport/barnsley__birmingham/request-10.json,https://jpservices.nationalrail.co.uk/journey-planner,"{""destination"":{""crs"":""BHM"",""group"":false},""directTrains"":false,""fareRequestDetails"":{""fareClass"":""ANY"",""passengers"":{""adult"":1,""child"":0},""railcards"":[]},""increasedInterchange"":""ZERO"",""onlySearchForSleeper"":false,""origin"":{""crs"":""BNY"",""group"":false},""outwardTime"":{""travelTime"":""2026-09-11T10:00:00+01:00"",""type"":""DEPART""},""overtakenTrains"":false,""reducedTransferTime"":false,""useAlternativeServices"":false}",2026-09-08T22:55:09+01:00,2026-09-11,National Rail,National Rail website Terms and Conditions; public Journey Planner snapshot.,Responses are dated planner snapshots. Review must exclude unsuitable non-rail itineraries and select the shortest suitable itinerary within the stated window.
transport/barnsley__birmingham/response-10.json,https://jpservices.nationalrail.co.uk/journey-planner,"{""destination"":{""crs"":""BHM"",""group"":false},""directTrains"":false,""fareRequestDetails"":{""fareClass"":""ANY"",""passengers"":{""adult"":1,""child"":0},""railcards"":[]},""increasedInterchange"":""ZERO"",""onlySearchForSleeper"":false,""origin"":{""crs"":""BNY"",""group"":false},""outwardTime"":{""travelTime"":""2026-09-11T10:00:00+01:00"",""type"":""DEPART""},""overtakenTrains"":false,""reducedTransferTime"":false,""useAlternativeServices"":false}",2026-09-08T22:55:09+01:00,2026-09-11,National Rail,National Rail website Terms and Conditions; public Journey Planner snapshot.,Responses are dated planner snapshots. Review must exclude unsuitable non-rail itineraries and select the shortest suitable itinerary within the stated window.
transport/barnsley__birmingham/request-11.json,https://jpservices.nationalrail.co.uk/journey-planner,"{""destination"":{""crs"":""BHM"",""group"":false},""directTrains"":false,""fareRequestDetails"":{""fareClass"":""ANY"",""passengers"":{""adult"":1,""child"":0},""railcards"":[]},""increasedInterchange"":""ZERO"",""onlySearchForSleeper"":false,""origin"":{""crs"":""BNY"",""group"":false},""outwardTime"":{""travelTime"":""2026-09-11T11:00:00+01:00"",""type"":""DEPART""},""overtakenTrains"":false,""reducedTransferTime"":false,""useAlternativeServices"":false}",2026-09-08T22:55:10+01:00,2026-09-11,National Rail,National Rail website Terms and Conditions; public Journey Planner snapshot.,Responses are dated planner snapshots. Review must exclude unsuitable non-rail itineraries and select the shortest suitable itinerary within the stated window.
transport/barnsley__birmingham/response-11.json,https://jpservices.nationalrail.co.uk/journey-planner,"{""destination"":{""crs"":""BHM"",""group"":false},""directTrains"":false,""fareRequestDetails"":{""fareClass"":""ANY"",""passengers"":{""adult"":1,""child"":0},""railcards"":[]},""increasedInterchange"":""ZERO"",""onlySearchForSleeper"":false,""origin"":{""crs"":""BNY"",""group"":false},""outwardTime"":{""travelTime"":""2026-09-11T11:00:00+01:00"",""type"":""DEPART""},""overtakenTrains"":false,""reducedTransferTime"":false,""useAlternativeServices"":false}",2026-09-08T22:55:10+01:00,2026-09-11,National Rail,National Rail website Terms and Conditions; public Journey Planner snapshot.,Responses are dated planner snapshots. Review must exclude unsuitable non-rail itineraries and select the shortest suitable itinerary within the stated window.
transport/barnsley__birmingham/request-12.json,https://jpservices.nationalrail.co.uk/journey-planner,"{""destination"":{""crs"":""BHM"",""group"":false},""directTrains"":false,""fareRequestDetails"":{""fareClass"":""ANY"",""passengers"":{""adult"":1,""child"":0},""railcards"":[]},""increasedInterchange"":""ZERO"",""onlySearchForSleeper"":false,""origin"":{""crs"":""BNY"",""group"":false},""outwardTime"":{""travelTime"":""2026-09-11T12:00:00+01:00"",""type"":""DEPART""},""overtakenTrains"":false,""reducedTransferTime"":false,""useAlternativeServices"":false}",2026-09-08T22:55:10+01:00,2026-09-11,National Rail,National Rail website Terms and Conditions; public Journey Planner snapshot.,Responses are dated planner snapshots. Review must exclude unsuitable non-rail itineraries and select the shortest suitable itinerary within the stated window.
transport/barnsley__birmingham/response-12.json,https://jpservices.nationalrail.co.uk/journey-planner,"{""destination"":{""crs"":""BHM"",""group"":false},""directTrains"":false,""fareRequestDetails"":{""fareClass"":""ANY"",""passengers"":{""adult"":1,""child"":0},""railcards"":[]},""increasedInterchange"":""ZERO"",""onlySearchForSleeper"":false,""origin"":{""crs"":""BNY"",""group"":false},""outwardTime"":{""travelTime"":""2026-09-11T12:00:00+01:00"",""type"":""DEPART""},""overtakenTrains"":false,""reducedTransferTime"":false,""useAlternativeServices"":false}",2026-09-08T22:55:10+01:00,2026-09-11,National Rail,National Rail website Terms and Conditions; public Journey Planner snapshot.,Responses are dated planner snapshots. Review must exclude unsuitable non-rail itineraries and select the shortest suitable itinerary within the stated window.
transport/barnsley__birmingham/request-13.json,https://jpservices.nationalrail.co.uk/journey-planner,"{""destination"":{""crs"":""BHM"",""group"":false},""directTrains"":false,""fareRequestDetails"":{""fareClass"":""ANY"",""passengers"":{""adult"":1,""child"":0},""railcards"":[]},""increasedInterchange"":""ZERO"",""onlySearchForSleeper"":false,""origin"":{""crs"":""BNY"",""group"":false},""outwardTime"":{""travelTime"":""2026-09-11T13:00:00+01:00"",""type"":""DEPART""},""overtakenTrains"":false,""reducedTransferTime"":false,""useAlternativeServices"":false}",2026-09-08T22:55:11+01:00,2026-09-11,National Rail,National Rail website Terms and Conditions; public Journey Planner snapshot.,Responses are dated planner snapshots. Review must exclude unsuitable non-rail itineraries and select the shortest suitable itinerary within the stated window.
transport/barnsley__birmingham/response-13.json,https://jpservices.nationalrail.co.uk/journey-planner,"{""destination"":{""crs"":""BHM"",""group"":false},""directTrains"":false,""fareRequestDetails"":{""fareClass"":""ANY"",""passengers"":{""adult"":1,""child"":0},""railcards"":[]},""increasedInterchange"":""ZERO"",""onlySearchForSleeper"":false,""origin"":{""crs"":""BNY"",""group"":false},""outwardTime"":{""travelTime"":""2026-09-11T13:00:00+01:00"",""type"":""DEPART""},""overtakenTrains"":false,""reducedTransferTime"":false,""useAlternativeServices"":false}",2026-09-08T22:55:11+01:00,2026-09-11,National Rail,National Rail website Terms and Conditions; public Journey Planner snapshot.,Responses are dated planner snapshots. Review must exclude unsuitable non-rail itineraries and select the shortest suitable itinerary within the stated window.
transport/barnsley__birmingham/capture-metadata.json,https://jpservices.nationalrail.co.uk/journey-planner,Direct capture metadata for BNY to BHM.,2026-09-08T22:55:11+01:00,2026-09-11,National Rail,National Rail website Terms and Conditions; public Journey Planner snapshot.,Responses are dated planner snapshots. Review must exclude unsuitable non-rail itineraries and select the shortest suitable itinerary within the stated window.
transport/barnsley__london/request-10.json,https://jpservices.nationalrail.co.uk/journey-planner,"{""destination"":{""crs"":""182"",""group"":true},""directTrains"":false,""fareRequestDetails"":{""fareClass"":""ANY"",""passengers"":{""adult"":1,""child"":0},""railcards"":[]},""increasedInterchange"":""ZERO"",""onlySearchForSleeper"":false,""origin"":{""crs"":""BNY"",""group"":false},""outwardTime"":{""travelTime"":""2026-09-11T10:00:00+01:00"",""type"":""DEPART""},""overtakenTrains"":false,""reducedTransferTime"":false,""useAlternativeServices"":false}",2026-09-08T22:54:44+01:00,2026-09-11,National Rail,National Rail website Terms and Conditions; public Journey Planner snapshot.,Responses are dated planner snapshots. Review must exclude unsuitable non-rail itineraries and select the shortest suitable itinerary within the stated window.
transport/barnsley__london/response-10.json,https://jpservices.nationalrail.co.uk/journey-planner,"{""destination"":{""crs"":""182"",""group"":true},""directTrains"":false,""fareRequestDetails"":{""fareClass"":""ANY"",""passengers"":{""adult"":1,""child"":0},""railcards"":[]},""increasedInterchange"":""ZERO"",""onlySearchForSleeper"":false,""origin"":{""crs"":""BNY"",""group"":false},""outwardTime"":{""travelTime"":""2026-09-11T10:00:00+01:00"",""type"":""DEPART""},""overtakenTrains"":false,""reducedTransferTime"":false,""useAlternativeServices"":false}",2026-09-08T22:54:44+01:00,2026-09-11,National Rail,National Rail website Terms and Conditions; public Journey Planner snapshot.,Responses are dated planner snapshots. Review must exclude unsuitable non-rail itineraries and select the shortest suitable itinerary within the stated window.
transport/barnsley__london/request-11.json,https://jpservices.nationalrail.co.uk/journey-planner,"{""destination"":{""crs"":""182"",""group"":true},""directTrains"":false,""fareRequestDetails"":{""fareClass"":""ANY"",""passengers"":{""adult"":1,""child"":0},""railcards"":[]},""increasedInterchange"":""ZERO"",""onlySearchForSleeper"":false,""origin"":{""crs"":""BNY"",""group"":false},""outwardTime"":{""travelTime"":""2026-09-11T11:00:00+01:00"",""type"":""DEPART""},""overtakenTrains"":false,""reducedTransferTime"":false,""useAlternativeServices"":false}",2026-09-08T22:54:45+01:00,2026-09-11,National Rail,National Rail website Terms and Conditions; public Journey Planner snapshot.,Responses are dated planner snapshots. Review must exclude unsuitable non-rail itineraries and select the shortest suitable itinerary within the stated window.
transport/barnsley__london/response-11.json,https://jpservices.nationalrail.co.uk/journey-planner,"{""destination"":{""crs"":""182"",""group"":true},""directTrains"":false,""fareRequestDetails"":{""fareClass"":""ANY"",""passengers"":{""adult"":1,""child"":0},""railcards"":[]},""increasedInterchange"":""ZERO"",""onlySearchForSleeper"":false,""origin"":{""crs"":""BNY"",""group"":false},""outwardTime"":{""travelTime"":""2026-09-11T11:00:00+01:00"",""type"":""DEPART""},""overtakenTrains"":false,""reducedTransferTime"":false,""useAlternativeServices"":false}",2026-09-08T22:54:45+01:00,2026-09-11,National Rail,National Rail website Terms and Conditions; public Journey Planner snapshot.,Responses are dated planner snapshots. Review must exclude unsuitable non-rail itineraries and select the shortest suitable itinerary within the stated window.
transport/barnsley__london/request-12.json,https://jpservices.nationalrail.co.uk/journey-planner,"{""destination"":{""crs"":""182"",""group"":true},""directTrains"":false,""fareRequestDetails"":{""fareClass"":""ANY"",""passengers"":{""adult"":1,""child"":0},""railcards"":[]},""increasedInterchange"":""ZERO"",""onlySearchForSleeper"":false,""origin"":{""crs"":""BNY"",""group"":false},""outwardTime"":{""travelTime"":""2026-09-11T12:00:00+01:00"",""type"":""DEPART""},""overtakenTrains"":false,""reducedTransferTime"":false,""useAlternativeServices"":false}",2026-09-08T22:54:46+01:00,2026-09-11,National Rail,National Rail website Terms and Conditions; public Journey Planner snapshot.,Responses are dated planner snapshots. Review must exclude unsuitable non-rail itineraries and select the shortest suitable itinerary within the stated window.
transport/barnsley__london/response-12.json,https://jpservices.nationalrail.co.uk/journey-planner,"{""destination"":{""crs"":""182"",""group"":true},""directTrains"":false,""fareRequestDetails"":{""fareClass"":""ANY"",""passengers"":{""adult"":1,""child"":0},""railcards"":[]},""increasedInterchange"":""ZERO"",""onlySearchForSleeper"":false,""origin"":{""crs"":""BNY"",""group"":false},""outwardTime"":{""travelTime"":""2026-09-11T12:00:00+01:00"",""type"":""DEPART""},""overtakenTrains"":false,""reducedTransferTime"":false,""useAlternativeServices"":false}",2026-09-08T22:54:46+01:00,2026-09-11,National Rail,National Rail website Terms and Conditions; public Journey Planner snapshot.,Responses are dated planner snapshots. Review must exclude unsuitable non-rail itineraries and select the shortest suitable itinerary within the stated window.
transport/barnsley__london/request-13.json,https://jpservices.nationalrail.co.uk/journey-planner,"{""destination"":{""crs"":""182"",""group"":true},""directTrains"":false,""fareRequestDetails"":{""fareClass"":""ANY"",""passengers"":{""adult"":1,""child"":0},""railcards"":[]},""increasedInterchange"":""ZERO"",""onlySearchForSleeper"":false,""origin"":{""crs"":""BNY"",""group"":false},""outwardTime"":{""travelTime"":""2026-09-11T13:00:00+01:00"",""type"":""DEPART""},""overtakenTrains"":false,""reducedTransferTime"":false,""useAlternativeServices"":false}",2026-09-08T22:54:47+01:00,2026-09-11,National Rail,National Rail website Terms and Conditions; public Journey Planner snapshot.,Responses are dated planner snapshots. Review must exclude unsuitable non-rail itineraries and select the shortest suitable itinerary within the stated window.
transport/barnsley__london/response-13.json,https://jpservices.nationalrail.co.uk/journey-planner,"{""destination"":{""crs"":""182"",""group"":true},""directTrains"":false,""fareRequestDetails"":{""fareClass"":""ANY"",""passengers"":{""adult"":1,""child"":0},""railcards"":[]},""increasedInterchange"":""ZERO"",""onlySearchForSleeper"":false,""origin"":{""crs"":""BNY"",""group"":false},""outwardTime"":{""travelTime"":""2026-09-11T13:00:00+01:00"",""type"":""DEPART""},""overtakenTrains"":false,""reducedTransferTime"":false,""useAlternativeServices"":false}",2026-09-08T22:54:47+01:00,2026-09-11,National Rail,National Rail website Terms and Conditions; public Journey Planner snapshot.,Responses are dated planner snapshots. Review must exclude unsuitable non-rail itineraries and select the shortest suitable itinerary within the stated window.
transport/barnsley__london/capture-metadata.json,https://jpservices.nationalrail.co.uk/journey-planner,Direct capture metadata for BNY to 182.,2026-09-08T22:54:47+01:00,2026-09-11,National Rail,National Rail website Terms and Conditions; public Journey Planner snapshot.,Responses are dated planner snapshots. Review must exclude unsuitable non-rail itineraries and select the shortest suitable itinerary within the stated window.
transport/birmingham__london/request-10.json,https://jpservices.nationalrail.co.uk/journey-planner,"{""destination"":{""crs"":""182"",""group"":true},""directTrains"":false,""fareRequestDetails"":{""fareClass"":""ANY"",""passengers"":{""adult"":1,""child"":0},""railcards"":[]},""increasedInterchange"":""ZERO"",""onlySearchForSleeper"":false,""origin"":{""crs"":""BHM"",""group"":false},""outwardTime"":{""travelTime"":""2026-09-11T10:00:00+01:00"",""type"":""DEPART""},""overtakenTrains"":false,""reducedTransferTime"":false,""useAlternativeServices"":false}",2026-09-08T22:55:40+01:00,2026-09-11,National Rail,National Rail website Terms and Conditions; public Journey Planner snapshot.,Responses are dated planner snapshots. Review must exclude unsuitable non-rail itineraries and select the shortest suitable itinerary within the stated window.
transport/birmingham__london/response-10.json,https://jpservices.nationalrail.co.uk/journey-planner,"{""destination"":{""crs"":""182"",""group"":true},""directTrains"":false,""fareRequestDetails"":{""fareClass"":""ANY"",""passengers"":{""adult"":1,""child"":0},""railcards"":[]},""increasedInterchange"":""ZERO"",""onlySearchForSleeper"":false,""origin"":{""crs"":""BHM"",""group"":false},""outwardTime"":{""travelTime"":""2026-09-11T10:00:00+01:00"",""type"":""DEPART""},""overtakenTrains"":false,""reducedTransferTime"":false,""useAlternativeServices"":false}",2026-09-08T22:55:40+01:00,2026-09-11,National Rail,National Rail website Terms and Conditions; public Journey Planner snapshot.,Responses are dated planner snapshots. Review must exclude unsuitable non-rail itineraries and select the shortest suitable itinerary within the stated window.
transport/birmingham__london/request-11.json,https://jpservices.nationalrail.co.uk/journey-planner,"{""destination"":{""crs"":""182"",""group"":true},""directTrains"":false,""fareRequestDetails"":{""fareClass"":""ANY"",""passengers"":{""adult"":1,""child"":0},""railcards"":[]},""increasedInterchange"":""ZERO"",""onlySearchForSleeper"":false,""origin"":{""crs"":""BHM"",""group"":false},""outwardTime"":{""travelTime"":""2026-09-11T11:00:00+01:00"",""type"":""DEPART""},""overtakenTrains"":false,""reducedTransferTime"":false,""useAlternativeServices"":false}",2026-09-08T22:55:42+01:00,2026-09-11,National Rail,National Rail website Terms and Conditions; public Journey Planner snapshot.,Responses are dated planner snapshots. Review must exclude unsuitable non-rail itineraries and select the shortest suitable itinerary within the stated window.
transport/birmingham__london/response-11.json,https://jpservices.nationalrail.co.uk/journey-planner,"{""destination"":{""crs"":""182"",""group"":true},""directTrains"":false,""fareRequestDetails"":{""fareClass"":""ANY"",""passengers"":{""adult"":1,""child"":0},""railcards"":[]},""increasedInterchange"":""ZERO"",""onlySearchForSleeper"":false,""origin"":{""crs"":""BHM"",""group"":false},""outwardTime"":{""travelTime"":""2026-09-11T11:00:00+01:00"",""type"":""DEPART""},""overtakenTrains"":false,""reducedTransferTime"":false,""useAlternativeServices"":false}",2026-09-08T22:55:42+01:00,2026-09-11,National Rail,National Rail website Terms and Conditions; public Journey Planner snapshot.,Responses are dated planner snapshots. Review must exclude unsuitable non-rail itineraries and select the shortest suitable itinerary within the stated window.
transport/birmingham__london/request-12.json,https://jpservices.nationalrail.co.uk/journey-planner,"{""destination"":{""crs"":""182"",""group"":true},""directTrains"":false,""fareRequestDetails"":{""fareClass"":""ANY"",""passengers"":{""adult"":1,""child"":0},""railcards"":[]},""increasedInterchange"":""ZERO"",""onlySearchForSleeper"":false,""origin"":{""crs"":""BHM"",""group"":false},""outwardTime"":{""travelTime"":""2026-09-11T12:00:00+01:00"",""type"":""DEPART""},""overtakenTrains"":false,""reducedTransferTime"":false,""useAlternativeServices"":false}",2026-09-08T22:55:44+01:00,2026-09-11,National Rail,National Rail website Terms and Conditions; public Journey Planner snapshot.,Responses are dated planner snapshots. Review must exclude unsuitable non-rail itineraries and select the shortest suitable itinerary within the stated window.
transport/birmingham__london/response-12.json,https://jpservices.nationalrail.co.uk/journey-planner,"{""destination"":{""crs"":""182"",""group"":true},""directTrains"":false,""fareRequestDetails"":{""fareClass"":""ANY"",""passengers"":{""adult"":1,""child"":0},""railcards"":[]},""increasedInterchange"":""ZERO"",""onlySearchForSleeper"":false,""origin"":{""crs"":""BHM"",""group"":false},""outwardTime"":{""travelTime"":""2026-09-11T12:00:00+01:00"",""type"":""DEPART""},""overtakenTrains"":false,""reducedTransferTime"":false,""useAlternativeServices"":false}",2026-09-08T22:55:44+01:00,2026-09-11,National Rail,National Rail website Terms and Conditions; public Journey Planner snapshot.,Responses are dated planner snapshots. Review must exclude unsuitable non-rail itineraries and select the shortest suitable itinerary within the stated window.
transport/birmingham__london/request-13.json,https://jpservices.nationalrail.co.uk/journey-planner,"{""destination"":{""crs"":""182"",""group"":true},""directTrains"":false,""fareRequestDetails"":{""fareClass"":""ANY"",""passengers"":{""adult"":1,""child"":0},""railcards"":[]},""increasedInterchange"":""ZERO"",""onlySearchForSleeper"":false,""origin"":{""crs"":""BHM"",""group"":false},""outwardTime"":{""travelTime"":""2026-09-11T13:00:00+01:00"",""type"":""DEPART""},""overtakenTrains"":false,""reducedTransferTime"":false,""useAlternativeServices"":false}",2026-09-08T22:55:46+01:00,2026-09-11,National Rail,National Rail website Terms and Conditions; public Journey Planner snapshot.,Responses are dated planner snapshots. Review must exclude unsuitable non-rail itineraries and select the shortest suitable itinerary within the stated window.
transport/birmingham__london/response-13.json,https://jpservices.nationalrail.co.uk/journey-planner,"{""destination"":{""crs"":""182"",""group"":true},""directTrains"":false,""fareRequestDetails"":{""fareClass"":""ANY"",""passengers"":{""adult"":1,""child"":0},""railcards"":[]},""increasedInterchange"":""ZERO"",""onlySearchForSleeper"":false,""origin"":{""crs"":""BHM"",""group"":false},""outwardTime"":{""travelTime"":""2026-09-11T13:00:00+01:00"",""type"":""DEPART""},""overtakenTrains"":false,""reducedTransferTime"":false,""useAlternativeServices"":false}",2026-09-08T22:55:46+01:00,2026-09-11,National Rail,National Rail website Terms and Conditions; public Journey Planner snapshot.,Responses are dated planner snapshots. Review must exclude unsuitable non-rail itineraries and select the shortest suitable itinerary within the stated window.
transport/birmingham__london/capture-metadata.json,https://jpservices.nationalrail.co.uk/journey-planner,Direct capture metadata for BHM to 182.,2026-09-08T22:55:46+01:00,2026-09-11,National Rail,National Rail website Terms and Conditions; public Journey Planner snapshot.,Responses are dated planner snapshots. Review must exclude unsuitable non-rail itineraries and select the shortest suitable itinerary within the stated window.
transport/brighton-hove__birmingham/request-10.json,https://jpservices.nationalrail.co.uk/journey-planner,"{""destination"":{""crs"":""BHM"",""group"":false},""directTrains"":false,""fareRequestDetails"":{""fareClass"":""ANY"",""passengers"":{""adult"":1,""child"":0},""railcards"":[]},""increasedInterchange"":""ZERO"",""onlySearchForSleeper"":false,""origin"":{""crs"":""BTN"",""group"":false},""outwardTime"":{""travelTime"":""2026-09-11T10:00:00+01:00"",""type"":""DEPART""},""overtakenTrains"":false,""reducedTransferTime"":false,""useAlternativeServices"":false}",2026-09-08T22:56:03+01:00,2026-09-11,National Rail,National Rail website Terms and Conditions; public Journey Planner snapshot.,Responses are dated planner snapshots. Review must exclude unsuitable non-rail itineraries and select the shortest suitable itinerary within the stated window.
transport/brighton-hove__birmingham/response-10.json,https://jpservices.nationalrail.co.uk/journey-planner,"{""destination"":{""crs"":""BHM"",""group"":false},""directTrains"":false,""fareRequestDetails"":{""fareClass"":""ANY"",""passengers"":{""adult"":1,""child"":0},""railcards"":[]},""increasedInterchange"":""ZERO"",""onlySearchForSleeper"":false,""origin"":{""crs"":""BTN"",""group"":false},""outwardTime"":{""travelTime"":""2026-09-11T10:00:00+01:00"",""type"":""DEPART""},""overtakenTrains"":false,""reducedTransferTime"":false,""useAlternativeServices"":false}",2026-09-08T22:56:03+01:00,2026-09-11,National Rail,National Rail website Terms and Conditions; public Journey Planner snapshot.,Responses are dated planner snapshots. Review must exclude unsuitable non-rail itineraries and select the shortest suitable itinerary within the stated window.
transport/brighton-hove__birmingham/request-11.json,https://jpservices.nationalrail.co.uk/journey-planner,"{""destination"":{""crs"":""BHM"",""group"":false},""directTrains"":false,""fareRequestDetails"":{""fareClass"":""ANY"",""passengers"":{""adult"":1,""child"":0},""railcards"":[]},""increasedInterchange"":""ZERO"",""onlySearchForSleeper"":false,""origin"":{""crs"":""BTN"",""group"":false},""outwardTime"":{""travelTime"":""2026-09-11T11:00:00+01:00"",""type"":""DEPART""},""overtakenTrains"":false,""reducedTransferTime"":false,""useAlternativeServices"":false}",2026-09-08T22:56:04+01:00,2026-09-11,National Rail,National Rail website Terms and Conditions; public Journey Planner snapshot.,Responses are dated planner snapshots. Review must exclude unsuitable non-rail itineraries and select the shortest suitable itinerary within the stated window.
transport/brighton-hove__birmingham/response-11.json,https://jpservices.nationalrail.co.uk/journey-planner,"{""destination"":{""crs"":""BHM"",""group"":false},""directTrains"":false,""fareRequestDetails"":{""fareClass"":""ANY"",""passengers"":{""adult"":1,""child"":0},""railcards"":[]},""increasedInterchange"":""ZERO"",""onlySearchForSleeper"":false,""origin"":{""crs"":""BTN"",""group"":false},""outwardTime"":{""travelTime"":""2026-09-11T11:00:00+01:00"",""type"":""DEPART""},""overtakenTrains"":false,""reducedTransferTime"":false,""useAlternativeServices"":false}",2026-09-08T22:56:04+01:00,2026-09-11,National Rail,National Rail website Terms and Conditions; public Journey Planner snapshot.,Responses are dated planner snapshots. Review must exclude unsuitable non-rail itineraries and select the shortest suitable itinerary within the stated window.
transport/brighton-hove__birmingham/request-12.json,https://jpservices.nationalrail.co.uk/journey-planner,"{""destination"":{""crs"":""BHM"",""group"":false},""directTrains"":false,""fareRequestDetails"":{""fareClass"":""ANY"",""passengers"":{""adult"":1,""child"":0},""railcards"":[]},""increasedInterchange"":""ZERO"",""onlySearchForSleeper"":false,""origin"":{""crs"":""BTN"",""group"":false},""outwardTime"":{""travelTime"":""2026-09-11T12:00:00+01:00"",""type"":""DEPART""},""overtakenTrains"":false,""reducedTransferTime"":false,""useAlternativeServices"":false}",2026-09-08T22:56:05+01:00,2026-09-11,National Rail,National Rail website Terms and Conditions; public Journey Planner snapshot.,Responses are dated planner snapshots. Review must exclude unsuitable non-rail itineraries and select the shortest suitable itinerary within the stated window.
transport/brighton-hove__birmingham/response-12.json,https://jpservices.nationalrail.co.uk/journey-planner,"{""destination"":{""crs"":""BHM"",""group"":false},""directTrains"":false,""fareRequestDetails"":{""fareClass"":""ANY"",""passengers"":{""adult"":1,""child"":0},""railcards"":[]},""increasedInterchange"":""ZERO"",""onlySearchForSleeper"":false,""origin"":{""crs"":""BTN"",""group"":false},""outwardTime"":{""travelTime"":""2026-09-11T12:00:00+01:00"",""type"":""DEPART""},""overtakenTrains"":false,""reducedTransferTime"":false,""useAlternativeServices"":false}",2026-09-08T22:56:05+01:00,2026-09-11,National Rail,National Rail website Terms and Conditions; public Journey Planner snapshot.,Responses are dated planner snapshots. Review must exclude unsuitable non-rail itineraries and select the shortest suitable itinerary within the stated window.
transport/brighton-hove__birmingham/request-13.json,https://jpservices.nationalrail.co.uk/journey-planner,"{""destination"":{""crs"":""BHM"",""group"":false},""directTrains"":false,""fareRequestDetails"":{""fareClass"":""ANY"",""passengers"":{""adult"":1,""child"":0},""railcards"":[]},""increasedInterchange"":""ZERO"",""onlySearchForSleeper"":false,""origin"":{""crs"":""BTN"",""group"":false},""outwardTime"":{""travelTime"":""2026-09-11T13:00:00+01:00"",""type"":""DEPART""},""overtakenTrains"":false,""reducedTransferTime"":false,""useAlternativeServices"":false}",2026-09-08T22:56:06+01:00,2026-09-11,National Rail,National Rail website Terms and Conditions; public Journey Planner snapshot.,Responses are dated planner snapshots. Review must exclude unsuitable non-rail itineraries and select the shortest suitable itinerary within the stated window.
transport/brighton-hove__birmingham/response-13.json,https://jpservices.nationalrail.co.uk/journey-planner,"{""destination"":{""crs"":""BHM"",""group"":false},""directTrains"":false,""fareRequestDetails"":{""fareClass"":""ANY"",""passengers"":{""adult"":1,""child"":0},""railcards"":[]},""increasedInterchange"":""ZERO"",""onlySearchForSleeper"":false,""origin"":{""crs"":""BTN"",""group"":false},""outwardTime"":{""travelTime"":""2026-09-11T13:00:00+01:00"",""type"":""DEPART""},""overtakenTrains"":false,""reducedTransferTime"":false,""useAlternativeServices"":false}",2026-09-08T22:56:06+01:00,2026-09-11,National Rail,National Rail website Terms and Conditions; public Journey Planner snapshot.,Responses are dated planner snapshots. Review must exclude unsuitable non-rail itineraries and select the shortest suitable itinerary within the stated window.
transport/brighton-hove__birmingham/capture-metadata.json,https://jpservices.nationalrail.co.uk/journey-planner,Direct capture metadata for BTN to BHM.,2026-09-08T22:56:06+01:00,2026-09-11,National Rail,National Rail website Terms and Conditions; public Journey Planner snapshot.,Responses are dated planner snapshots. Review must exclude unsuitable non-rail itineraries and select the shortest suitable itinerary within the stated window.
transport/brighton-hove__london/request-10.json,https://jpservices.nationalrail.co.uk/journey-planner,"{""destination"":{""crs"":""182"",""group"":true},""directTrains"":false,""fareRequestDetails"":{""fareClass"":""ANY"",""passengers"":{""adult"":1,""child"":0},""railcards"":[]},""increasedInterchange"":""ZERO"",""onlySearchForSleeper"":false,""origin"":{""crs"":""BTN"",""group"":false},""outwardTime"":{""travelTime"":""2026-09-11T10:00:00+01:00"",""type"":""DEPART""},""overtakenTrains"":false,""reducedTransferTime"":false,""useAlternativeServices"":false}",2026-09-08T22:55:53+01:00,2026-09-11,National Rail,National Rail website Terms and Conditions; public Journey Planner snapshot.,Responses are dated planner snapshots. Review must exclude unsuitable non-rail itineraries and select the shortest suitable itinerary within the stated window.
transport/brighton-hove__london/response-10.json,https://jpservices.nationalrail.co.uk/journey-planner,"{""destination"":{""crs"":""182"",""group"":true},""directTrains"":false,""fareRequestDetails"":{""fareClass"":""ANY"",""passengers"":{""adult"":1,""child"":0},""railcards"":[]},""increasedInterchange"":""ZERO"",""onlySearchForSleeper"":false,""origin"":{""crs"":""BTN"",""group"":false},""outwardTime"":{""travelTime"":""2026-09-11T10:00:00+01:00"",""type"":""DEPART""},""overtakenTrains"":false,""reducedTransferTime"":false,""useAlternativeServices"":false}",2026-09-08T22:55:53+01:00,2026-09-11,National Rail,National Rail website Terms and Conditions; public Journey Planner snapshot.,Responses are dated planner snapshots. Review must exclude unsuitable non-rail itineraries and select the shortest suitable itinerary within the stated window.
transport/brighton-hove__london/request-11.json,https://jpservices.nationalrail.co.uk/journey-planner,"{""destination"":{""crs"":""182"",""group"":true},""directTrains"":false,""fareRequestDetails"":{""fareClass"":""ANY"",""passengers"":{""adult"":1,""child"":0},""railcards"":[]},""increasedInterchange"":""ZERO"",""onlySearchForSleeper"":false,""origin"":{""crs"":""BTN"",""group"":false},""outwardTime"":{""travelTime"":""2026-09-11T11:00:00+01:00"",""type"":""DEPART""},""overtakenTrains"":false,""reducedTransferTime"":false,""useAlternativeServices"":false}",2026-09-08T22:55:53+01:00,2026-09-11,National Rail,National Rail website Terms and Conditions; public Journey Planner snapshot.,Responses are dated planner snapshots. Review must exclude unsuitable non-rail itineraries and select the shortest suitable itinerary within the stated window.
transport/brighton-hove__london/response-11.json,https://jpservices.nationalrail.co.uk/journey-planner,"{""destination"":{""crs"":""182"",""group"":true},""directTrains"":false,""fareRequestDetails"":{""fareClass"":""ANY"",""passengers"":{""adult"":1,""child"":0},""railcards"":[]},""increasedInterchange"":""ZERO"",""onlySearchForSleeper"":false,""origin"":{""crs"":""BTN"",""group"":false},""outwardTime"":{""travelTime"":""2026-09-11T11:00:00+01:00"",""type"":""DEPART""},""overtakenTrains"":false,""reducedTransferTime"":false,""useAlternativeServices"":false}",2026-09-08T22:55:53+01:00,2026-09-11,National Rail,National Rail website Terms and Conditions; public Journey Planner snapshot.,Responses are dated planner snapshots. Review must exclude unsuitable non-rail itineraries and select the shortest suitable itinerary within the stated window.
transport/brighton-hove__london/request-12.json,https://jpservices.nationalrail.co.uk/journey-planner,"{""destination"":{""crs"":""182"",""group"":true},""directTrains"":false,""fareRequestDetails"":{""fareClass"":""ANY"",""passengers"":{""adult"":1,""child"":0},""railcards"":[]},""increasedInterchange"":""ZERO"",""onlySearchForSleeper"":false,""origin"":{""crs"":""BTN"",""group"":false},""outwardTime"":{""travelTime"":""2026-09-11T12:00:00+01:00"",""type"":""DEPART""},""overtakenTrains"":false,""reducedTransferTime"":false,""useAlternativeServices"":false}",2026-09-08T22:55:54+01:00,2026-09-11,National Rail,National Rail website Terms and Conditions; public Journey Planner snapshot.,Responses are dated planner snapshots. Review must exclude unsuitable non-rail itineraries and select the shortest suitable itinerary within the stated window.
transport/brighton-hove__london/response-12.json,https://jpservices.nationalrail.co.uk/journey-planner,"{""destination"":{""crs"":""182"",""group"":true},""directTrains"":false,""fareRequestDetails"":{""fareClass"":""ANY"",""passengers"":{""adult"":1,""child"":0},""railcards"":[]},""increasedInterchange"":""ZERO"",""onlySearchForSleeper"":false,""origin"":{""crs"":""BTN"",""group"":false},""outwardTime"":{""travelTime"":""2026-09-11T12:00:00+01:00"",""type"":""DEPART""},""overtakenTrains"":false,""reducedTransferTime"":false,""useAlternativeServices"":false}",2026-09-08T22:55:54+01:00,2026-09-11,National Rail,National Rail website Terms and Conditions; public Journey Planner snapshot.,Responses are dated planner snapshots. Review must exclude unsuitable non-rail itineraries and select the shortest suitable itinerary within the stated window.
transport/brighton-hove__london/request-13.json,https://jpservices.nationalrail.co.uk/journey-planner,"{""destination"":{""crs"":""182"",""group"":true},""directTrains"":false,""fareRequestDetails"":{""fareClass"":""ANY"",""passengers"":{""adult"":1,""child"":0},""railcards"":[]},""increasedInterchange"":""ZERO"",""onlySearchForSleeper"":false,""origin"":{""crs"":""BTN"",""group"":false},""outwardTime"":{""travelTime"":""2026-09-11T13:00:00+01:00"",""type"":""DEPART""},""overtakenTrains"":false,""reducedTransferTime"":false,""useAlternativeServices"":false}",2026-09-08T22:55:54+01:00,2026-09-11,National Rail,National Rail website Terms and Conditions; public Journey Planner snapshot.,Responses are dated planner snapshots. Review must exclude unsuitable non-rail itineraries and select the shortest suitable itinerary within the stated window.
transport/brighton-hove__london/response-13.json,https://jpservices.nationalrail.co.uk/journey-planner,"{""destination"":{""crs"":""182"",""group"":true},""directTrains"":false,""fareRequestDetails"":{""fareClass"":""ANY"",""passengers"":{""adult"":1,""child"":0},""railcards"":[]},""increasedInterchange"":""ZERO"",""onlySearchForSleeper"":false,""origin"":{""crs"":""BTN"",""group"":false},""outwardTime"":{""travelTime"":""2026-09-11T13:00:00+01:00"",""type"":""DEPART""},""overtakenTrains"":false,""reducedTransferTime"":false,""useAlternativeServices"":false}",2026-09-08T22:55:54+01:00,2026-09-11,National Rail,National Rail website Terms and Conditions; public Journey Planner snapshot.,Responses are dated planner snapshots. Review must exclude unsuitable non-rail itineraries and select the shortest suitable itinerary within the stated window.
transport/brighton-hove__london/capture-metadata.json,https://jpservices.nationalrail.co.uk/journey-planner,Direct capture metadata for BTN to 182.,2026-09-08T22:55:54+01:00,2026-09-11,National Rail,National Rail website Terms and Conditions; public Journey Planner snapshot.,Responses are dated planner snapshots. Review must exclude unsuitable non-rail itineraries and select the shortest suitable itinerary within the stated window.
transport/cardiff__birmingham/request-10.json,https://jpservices.nationalrail.co.uk/journey-planner,"{""destination"":{""crs"":""BHM"",""group"":false},""directTrains"":false,""fareRequestDetails"":{""fareClass"":""ANY"",""passengers"":{""adult"":1,""child"":0},""railcards"":[]},""increasedInterchange"":""ZERO"",""onlySearchForSleeper"":false,""origin"":{""crs"":""CDF"",""group"":false},""outwardTime"":{""travelTime"":""2026-09-11T10:00:00+01:00"",""type"":""DEPART""},""overtakenTrains"":false,""reducedTransferTime"":false,""useAlternativeServices"":false}",2026-09-08T22:56:30+01:00,2026-09-11,National Rail,National Rail website Terms and Conditions; public Journey Planner snapshot.,Responses are dated planner snapshots. Review must exclude unsuitable non-rail itineraries and select the shortest suitable itinerary within the stated window.
transport/cardiff__birmingham/response-10.json,https://jpservices.nationalrail.co.uk/journey-planner,"{""destination"":{""crs"":""BHM"",""group"":false},""directTrains"":false,""fareRequestDetails"":{""fareClass"":""ANY"",""passengers"":{""adult"":1,""child"":0},""railcards"":[]},""increasedInterchange"":""ZERO"",""onlySearchForSleeper"":false,""origin"":{""crs"":""CDF"",""group"":false},""outwardTime"":{""travelTime"":""2026-09-11T10:00:00+01:00"",""type"":""DEPART""},""overtakenTrains"":false,""reducedTransferTime"":false,""useAlternativeServices"":false}",2026-09-08T22:56:30+01:00,2026-09-11,National Rail,National Rail website Terms and Conditions; public Journey Planner snapshot.,Responses are dated planner snapshots. Review must exclude unsuitable non-rail itineraries and select the shortest suitable itinerary within the stated window.
transport/cardiff__birmingham/request-11.json,https://jpservices.nationalrail.co.uk/journey-planner,"{""destination"":{""crs"":""BHM"",""group"":false},""directTrains"":false,""fareRequestDetails"":{""fareClass"":""ANY"",""passengers"":{""adult"":1,""child"":0},""railcards"":[]},""increasedInterchange"":""ZERO"",""onlySearchForSleeper"":false,""origin"":{""crs"":""CDF"",""group"":false},""outwardTime"":{""travelTime"":""2026-09-11T11:00:00+01:00"",""type"":""DEPART""},""overtakenTrains"":false,""reducedTransferTime"":false,""useAlternativeServices"":false}",2026-09-08T22:56:30+01:00,2026-09-11,National Rail,National Rail website Terms and Conditions; public Journey Planner snapshot.,Responses are dated planner snapshots. Review must exclude unsuitable non-rail itineraries and select the shortest suitable itinerary within the stated window.
transport/cardiff__birmingham/response-11.json,https://jpservices.nationalrail.co.uk/journey-planner,"{""destination"":{""crs"":""BHM"",""group"":false},""directTrains"":false,""fareRequestDetails"":{""fareClass"":""ANY"",""passengers"":{""adult"":1,""child"":0},""railcards"":[]},""increasedInterchange"":""ZERO"",""onlySearchForSleeper"":false,""origin"":{""crs"":""CDF"",""group"":false},""outwardTime"":{""travelTime"":""2026-09-11T11:00:00+01:00"",""type"":""DEPART""},""overtakenTrains"":false,""reducedTransferTime"":false,""useAlternativeServices"":false}",2026-09-08T22:56:30+01:00,2026-09-11,National Rail,National Rail website Terms and Conditions; public Journey Planner snapshot.,Responses are dated planner snapshots. Review must exclude unsuitable non-rail itineraries and select the shortest suitable itinerary within the stated window.
transport/cardiff__birmingham/request-12.json,https://jpservices.nationalrail.co.uk/journey-planner,"{""destination"":{""crs"":""BHM"",""group"":false},""directTrains"":false,""fareRequestDetails"":{""fareClass"":""ANY"",""passengers"":{""adult"":1,""child"":0},""railcards"":[]},""increasedInterchange"":""ZERO"",""onlySearchForSleeper"":false,""origin"":{""crs"":""CDF"",""group"":false},""outwardTime"":{""travelTime"":""2026-09-11T12:00:00+01:00"",""type"":""DEPART""},""overtakenTrains"":false,""reducedTransferTime"":false,""useAlternativeServices"":false}",2026-09-08T22:56:31+01:00,2026-09-11,National Rail,National Rail website Terms and Conditions; public Journey Planner snapshot.,Responses are dated planner snapshots. Review must exclude unsuitable non-rail itineraries and select the shortest suitable itinerary within the stated window.
transport/cardiff__birmingham/response-12.json,https://jpservices.nationalrail.co.uk/journey-planner,"{""destination"":{""crs"":""BHM"",""group"":false},""directTrains"":false,""fareRequestDetails"":{""fareClass"":""ANY"",""passengers"":{""adult"":1,""child"":0},""railcards"":[]},""increasedInterchange"":""ZERO"",""onlySearchForSleeper"":false,""origin"":{""crs"":""CDF"",""group"":false},""outwardTime"":{""travelTime"":""2026-09-11T12:00:00+01:00"",""type"":""DEPART""},""overtakenTrains"":false,""reducedTransferTime"":false,""useAlternativeServices"":false}",2026-09-08T22:56:31+01:00,2026-09-11,National Rail,National Rail website Terms and Conditions; public Journey Planner snapshot.,Responses are dated planner snapshots. Review must exclude unsuitable non-rail itineraries and select the shortest suitable itinerary within the stated window.
transport/cardiff__birmingham/request-13.json,https://jpservices.nationalrail.co.uk/journey-planner,"{""destination"":{""crs"":""BHM"",""group"":false},""directTrains"":false,""fareRequestDetails"":{""fareClass"":""ANY"",""passengers"":{""adult"":1,""child"":0},""railcards"":[]},""increasedInterchange"":""ZERO"",""onlySearchForSleeper"":false,""origin"":{""crs"":""CDF"",""group"":false},""outwardTime"":{""travelTime"":""2026-09-11T13:00:00+01:00"",""type"":""DEPART""},""overtakenTrains"":false,""reducedTransferTime"":false,""useAlternativeServices"":false}",2026-09-08T22:56:32+01:00,2026-09-11,National Rail,National Rail website Terms and Conditions; public Journey Planner snapshot.,Responses are dated planner snapshots. Review must exclude unsuitable non-rail itineraries and select the shortest suitable itinerary within the stated window.
transport/cardiff__birmingham/response-13.json,https://jpservices.nationalrail.co.uk/journey-planner,"{""destination"":{""crs"":""BHM"",""group"":false},""directTrains"":false,""fareRequestDetails"":{""fareClass"":""ANY"",""passengers"":{""adult"":1,""child"":0},""railcards"":[]},""increasedInterchange"":""ZERO"",""onlySearchForSleeper"":false,""origin"":{""crs"":""CDF"",""group"":false},""outwardTime"":{""travelTime"":""2026-09-11T13:00:00+01:00"",""type"":""DEPART""},""overtakenTrains"":false,""reducedTransferTime"":false,""useAlternativeServices"":false}",2026-09-08T22:56:32+01:00,2026-09-11,National Rail,National Rail website Terms and Conditions; public Journey Planner snapshot.,Responses are dated planner snapshots. Review must exclude unsuitable non-rail itineraries and select the shortest suitable itinerary within the stated window.
transport/cardiff__birmingham/capture-metadata.json,https://jpservices.nationalrail.co.uk/journey-planner,Direct capture metadata for CDF to BHM.,2026-09-08T22:56:32+01:00,2026-09-11,National Rail,National Rail website Terms and Conditions; public Journey Planner snapshot.,Responses are dated planner snapshots. Review must exclude unsuitable non-rail itineraries and select the shortest suitable itinerary within the stated window.
transport/cardiff__london/request-10.json,https://jpservices.nationalrail.co.uk/journey-planner,"{""destination"":{""crs"":""182"",""group"":true},""directTrains"":false,""fareRequestDetails"":{""fareClass"":""ANY"",""passengers"":{""adult"":1,""child"":0},""railcards"":[]},""increasedInterchange"":""ZERO"",""onlySearchForSleeper"":false,""origin"":{""crs"":""CDF"",""group"":false},""outwardTime"":{""travelTime"":""2026-09-11T10:00:00+01:00"",""type"":""DEPART""},""overtakenTrains"":false,""reducedTransferTime"":false,""useAlternativeServices"":false}",2026-09-08T22:56:15+01:00,2026-09-11,National Rail,National Rail website Terms and Conditions; public Journey Planner snapshot.,Responses are dated planner snapshots. Review must exclude unsuitable non-rail itineraries and select the shortest suitable itinerary within the stated window.
transport/cardiff__london/response-10.json,https://jpservices.nationalrail.co.uk/journey-planner,"{""destination"":{""crs"":""182"",""group"":true},""directTrains"":false,""fareRequestDetails"":{""fareClass"":""ANY"",""passengers"":{""adult"":1,""child"":0},""railcards"":[]},""increasedInterchange"":""ZERO"",""onlySearchForSleeper"":false,""origin"":{""crs"":""CDF"",""group"":false},""outwardTime"":{""travelTime"":""2026-09-11T10:00:00+01:00"",""type"":""DEPART""},""overtakenTrains"":false,""reducedTransferTime"":false,""useAlternativeServices"":false}",2026-09-08T22:56:15+01:00,2026-09-11,National Rail,National Rail website Terms and Conditions; public Journey Planner snapshot.,Responses are dated planner snapshots. Review must exclude unsuitable non-rail itineraries and select the shortest suitable itinerary within the stated window.
transport/cardiff__london/request-11.json,https://jpservices.nationalrail.co.uk/journey-planner,"{""destination"":{""crs"":""182"",""group"":true},""directTrains"":false,""fareRequestDetails"":{""fareClass"":""ANY"",""passengers"":{""adult"":1,""child"":0},""railcards"":[]},""increasedInterchange"":""ZERO"",""onlySearchForSleeper"":false,""origin"":{""crs"":""CDF"",""group"":false},""outwardTime"":{""travelTime"":""2026-09-11T11:00:00+01:00"",""type"":""DEPART""},""overtakenTrains"":false,""reducedTransferTime"":false,""useAlternativeServices"":false}",2026-09-08T22:56:17+01:00,2026-09-11,National Rail,National Rail website Terms and Conditions; public Journey Planner snapshot.,Responses are dated planner snapshots. Review must exclude unsuitable non-rail itineraries and select the shortest suitable itinerary within the stated window.
transport/cardiff__london/response-11.json,https://jpservices.nationalrail.co.uk/journey-planner,"{""destination"":{""crs"":""182"",""group"":true},""directTrains"":false,""fareRequestDetails"":{""fareClass"":""ANY"",""passengers"":{""adult"":1,""child"":0},""railcards"":[]},""increasedInterchange"":""ZERO"",""onlySearchForSleeper"":false,""origin"":{""crs"":""CDF"",""group"":false},""outwardTime"":{""travelTime"":""2026-09-11T11:00:00+01:00"",""type"":""DEPART""},""overtakenTrains"":false,""reducedTransferTime"":false,""useAlternativeServices"":false}",2026-09-08T22:56:17+01:00,2026-09-11,National Rail,National Rail website Terms and Conditions; public Journey Planner snapshot.,Responses are dated planner snapshots. Review must exclude unsuitable non-rail itineraries and select the shortest suitable itinerary within the stated window.
transport/cardiff__london/request-12.json,https://jpservices.nationalrail.co.uk/journey-planner,"{""destination"":{""crs"":""182"",""group"":true},""directTrains"":false,""fareRequestDetails"":{""fareClass"":""ANY"",""passengers"":{""adult"":1,""child"":0},""railcards"":[]},""increasedInterchange"":""ZERO"",""onlySearchForSleeper"":false,""origin"":{""crs"":""CDF"",""group"":false},""outwardTime"":{""travelTime"":""2026-09-11T12:00:00+01:00"",""type"":""DEPART""},""overtakenTrains"":false,""reducedTransferTime"":false,""useAlternativeServices"":false}",2026-09-08T22:56:18+01:00,2026-09-11,National Rail,National Rail website Terms and Conditions; public Journey Planner snapshot.,Responses are dated planner snapshots. Review must exclude unsuitable non-rail itineraries and select the shortest suitable itinerary within the stated window.
transport/cardiff__london/response-12.json,https://jpservices.nationalrail.co.uk/journey-planner,"{""destination"":{""crs"":""182"",""group"":true},""directTrains"":false,""fareRequestDetails"":{""fareClass"":""ANY"",""passengers"":{""adult"":1,""child"":0},""railcards"":[]},""increasedInterchange"":""ZERO"",""onlySearchForSleeper"":false,""origin"":{""crs"":""CDF"",""group"":false},""outwardTime"":{""travelTime"":""2026-09-11T12:00:00+01:00"",""type"":""DEPART""},""overtakenTrains"":false,""reducedTransferTime"":false,""useAlternativeServices"":false}",2026-09-08T22:56:18+01:00,2026-09-11,National Rail,National Rail website Terms and Conditions; public Journey Planner snapshot.,Responses are dated planner snapshots. Review must exclude unsuitable non-rail itineraries and select the shortest suitable itinerary within the stated window.
transport/cardiff__london/request-13.json,https://jpservices.nationalrail.co.uk/journey-planner,"{""destination"":{""crs"":""182"",""group"":true},""directTrains"":false,""fareRequestDetails"":{""fareClass"":""ANY"",""passengers"":{""adult"":1,""child"":0},""railcards"":[]},""increasedInterchange"":""ZERO"",""onlySearchForSleeper"":false,""origin"":{""crs"":""CDF"",""group"":false},""outwardTime"":{""travelTime"":""2026-09-11T13:00:00+01:00"",""type"":""DEPART""},""overtakenTrains"":false,""reducedTransferTime"":false,""useAlternativeServices"":false}",2026-09-08T22:56:19+01:00,2026-09-11,National Rail,National Rail website Terms and Conditions; public Journey Planner snapshot.,Responses are dated planner snapshots. Review must exclude unsuitable non-rail itineraries and select the shortest suitable itinerary within the stated window.
transport/cardiff__london/response-13.json,https://jpservices.nationalrail.co.uk/journey-planner,"{""destination"":{""crs"":""182"",""group"":true},""directTrains"":false,""fareRequestDetails"":{""fareClass"":""ANY"",""passengers"":{""adult"":1,""child"":0},""railcards"":[]},""increasedInterchange"":""ZERO"",""onlySearchForSleeper"":false,""origin"":{""crs"":""CDF"",""group"":false},""outwardTime"":{""travelTime"":""2026-09-11T13:00:00+01:00"",""type"":""DEPART""},""overtakenTrains"":false,""reducedTransferTime"":false,""useAlternativeServices"":false}",2026-09-08T22:56:19+01:00,2026-09-11,National Rail,National Rail website Terms and Conditions; public Journey Planner snapshot.,Responses are dated planner snapshots. Review must exclude unsuitable non-rail itineraries and select the shortest suitable itinerary within the stated window.
transport/cardiff__london/capture-metadata.json,https://jpservices.nationalrail.co.uk/journey-planner,Direct capture metadata for CDF to 182.,2026-09-08T22:56:19+01:00,2026-09-11,National Rail,National Rail website Terms and Conditions; public Journey Planner snapshot.,Responses are dated planner snapshots. Review must exclude unsuitable non-rail itineraries and select the shortest suitable itinerary within the stated window.
transport/leeds__birmingham/request-10.json,https://jpservices.nationalrail.co.uk/journey-planner,"{""destination"":{""crs"":""BHM"",""group"":false},""directTrains"":false,""fareRequestDetails"":{""fareClass"":""ANY"",""passengers"":{""adult"":1,""child"":0},""railcards"":[]},""increasedInterchange"":""ZERO"",""onlySearchForSleeper"":false,""origin"":{""crs"":""LDS"",""group"":false},""outwardTime"":{""travelTime"":""2026-09-11T10:00:00+01:00"",""type"":""DEPART""},""overtakenTrains"":false,""reducedTransferTime"":false,""useAlternativeServices"":false}",2026-09-08T22:56:53+01:00,2026-09-11,National Rail,National Rail website Terms and Conditions; public Journey Planner snapshot.,Responses are dated planner snapshots. Review must exclude unsuitable non-rail itineraries and select the shortest suitable itinerary within the stated window.
transport/leeds__birmingham/response-10.json,https://jpservices.nationalrail.co.uk/journey-planner,"{""destination"":{""crs"":""BHM"",""group"":false},""directTrains"":false,""fareRequestDetails"":{""fareClass"":""ANY"",""passengers"":{""adult"":1,""child"":0},""railcards"":[]},""increasedInterchange"":""ZERO"",""onlySearchForSleeper"":false,""origin"":{""crs"":""LDS"",""group"":false},""outwardTime"":{""travelTime"":""2026-09-11T10:00:00+01:00"",""type"":""DEPART""},""overtakenTrains"":false,""reducedTransferTime"":false,""useAlternativeServices"":false}",2026-09-08T22:56:53+01:00,2026-09-11,National Rail,National Rail website Terms and Conditions; public Journey Planner snapshot.,Responses are dated planner snapshots. Review must exclude unsuitable non-rail itineraries and select the shortest suitable itinerary within the stated window.
transport/leeds__birmingham/request-11.json,https://jpservices.nationalrail.co.uk/journey-planner,"{""destination"":{""crs"":""BHM"",""group"":false},""directTrains"":false,""fareRequestDetails"":{""fareClass"":""ANY"",""passengers"":{""adult"":1,""child"":0},""railcards"":[]},""increasedInterchange"":""ZERO"",""onlySearchForSleeper"":false,""origin"":{""crs"":""LDS"",""group"":false},""outwardTime"":{""travelTime"":""2026-09-11T11:00:00+01:00"",""type"":""DEPART""},""overtakenTrains"":false,""reducedTransferTime"":false,""useAlternativeServices"":false}",2026-09-08T22:56:54+01:00,2026-09-11,National Rail,National Rail website Terms and Conditions; public Journey Planner snapshot.,Responses are dated planner snapshots. Review must exclude unsuitable non-rail itineraries and select the shortest suitable itinerary within the stated window.
transport/leeds__birmingham/response-11.json,https://jpservices.nationalrail.co.uk/journey-planner,"{""destination"":{""crs"":""BHM"",""group"":false},""directTrains"":false,""fareRequestDetails"":{""fareClass"":""ANY"",""passengers"":{""adult"":1,""child"":0},""railcards"":[]},""increasedInterchange"":""ZERO"",""onlySearchForSleeper"":false,""origin"":{""crs"":""LDS"",""group"":false},""outwardTime"":{""travelTime"":""2026-09-11T11:00:00+01:00"",""type"":""DEPART""},""overtakenTrains"":false,""reducedTransferTime"":false,""useAlternativeServices"":false}",2026-09-08T22:56:54+01:00,2026-09-11,National Rail,National Rail website Terms and Conditions; public Journey Planner snapshot.,Responses are dated planner snapshots. Review must exclude unsuitable non-rail itineraries and select the shortest suitable itinerary within the stated window.
transport/leeds__birmingham/request-12.json,https://jpservices.nationalrail.co.uk/journey-planner,"{""destination"":{""crs"":""BHM"",""group"":false},""directTrains"":false,""fareRequestDetails"":{""fareClass"":""ANY"",""passengers"":{""adult"":1,""child"":0},""railcards"":[]},""increasedInterchange"":""ZERO"",""onlySearchForSleeper"":false,""origin"":{""crs"":""LDS"",""group"":false},""outwardTime"":{""travelTime"":""2026-09-11T12:00:00+01:00"",""type"":""DEPART""},""overtakenTrains"":false,""reducedTransferTime"":false,""useAlternativeServices"":false}",2026-09-08T22:56:55+01:00,2026-09-11,National Rail,National Rail website Terms and Conditions; public Journey Planner snapshot.,Responses are dated planner snapshots. Review must exclude unsuitable non-rail itineraries and select the shortest suitable itinerary within the stated window.
transport/leeds__birmingham/response-12.json,https://jpservices.nationalrail.co.uk/journey-planner,"{""destination"":{""crs"":""BHM"",""group"":false},""directTrains"":false,""fareRequestDetails"":{""fareClass"":""ANY"",""passengers"":{""adult"":1,""child"":0},""railcards"":[]},""increasedInterchange"":""ZERO"",""onlySearchForSleeper"":false,""origin"":{""crs"":""LDS"",""group"":false},""outwardTime"":{""travelTime"":""2026-09-11T12:00:00+01:00"",""type"":""DEPART""},""overtakenTrains"":false,""reducedTransferTime"":false,""useAlternativeServices"":false}",2026-09-08T22:56:55+01:00,2026-09-11,National Rail,National Rail website Terms and Conditions; public Journey Planner snapshot.,Responses are dated planner snapshots. Review must exclude unsuitable non-rail itineraries and select the shortest suitable itinerary within the stated window.
transport/leeds__birmingham/request-13.json,https://jpservices.nationalrail.co.uk/journey-planner,"{""destination"":{""crs"":""BHM"",""group"":false},""directTrains"":false,""fareRequestDetails"":{""fareClass"":""ANY"",""passengers"":{""adult"":1,""child"":0},""railcards"":[]},""increasedInterchange"":""ZERO"",""onlySearchForSleeper"":false,""origin"":{""crs"":""LDS"",""group"":false},""outwardTime"":{""travelTime"":""2026-09-11T13:00:00+01:00"",""type"":""DEPART""},""overtakenTrains"":false,""reducedTransferTime"":false,""useAlternativeServices"":false}",2026-09-08T22:56:56+01:00,2026-09-11,National Rail,National Rail website Terms and Conditions; public Journey Planner snapshot.,Responses are dated planner snapshots. Review must exclude unsuitable non-rail itineraries and select the shortest suitable itinerary within the stated window.
transport/leeds__birmingham/response-13.json,https://jpservices.nationalrail.co.uk/journey-planner,"{""destination"":{""crs"":""BHM"",""group"":false},""directTrains"":false,""fareRequestDetails"":{""fareClass"":""ANY"",""passengers"":{""adult"":1,""child"":0},""railcards"":[]},""increasedInterchange"":""ZERO"",""onlySearchForSleeper"":false,""origin"":{""crs"":""LDS"",""group"":false},""outwardTime"":{""travelTime"":""2026-09-11T13:00:00+01:00"",""type"":""DEPART""},""overtakenTrains"":false,""reducedTransferTime"":false,""useAlternativeServices"":false}",2026-09-08T22:56:56+01:00,2026-09-11,National Rail,National Rail website Terms and Conditions; public Journey Planner snapshot.,Responses are dated planner snapshots. Review must exclude unsuitable non-rail itineraries and select the shortest suitable itinerary within the stated window.
transport/leeds__birmingham/capture-metadata.json,https://jpservices.nationalrail.co.uk/journey-planner,Direct capture metadata for LDS to BHM.,2026-09-08T22:56:56+01:00,2026-09-11,National Rail,National Rail website Terms and Conditions; public Journey Planner snapshot.,Responses are dated planner snapshots. Review must exclude unsuitable non-rail itineraries and select the shortest suitable itinerary within the stated window.
transport/leeds__london/request-10.json,https://jpservices.nationalrail.co.uk/journey-planner,"{""destination"":{""crs"":""182"",""group"":true},""directTrains"":false,""fareRequestDetails"":{""fareClass"":""ANY"",""passengers"":{""adult"":1,""child"":0},""railcards"":[]},""increasedInterchange"":""ZERO"",""onlySearchForSleeper"":false,""origin"":{""crs"":""LDS"",""group"":false},""outwardTime"":{""travelTime"":""2026-09-11T10:00:00+01:00"",""type"":""DEPART""},""overtakenTrains"":false,""reducedTransferTime"":false,""useAlternativeServices"":false}",2026-09-08T22:56:41+01:00,2026-09-11,National Rail,National Rail website Terms and Conditions; public Journey Planner snapshot.,Responses are dated planner snapshots. Review must exclude unsuitable non-rail itineraries and select the shortest suitable itinerary within the stated window.
transport/leeds__london/response-10.json,https://jpservices.nationalrail.co.uk/journey-planner,"{""destination"":{""crs"":""182"",""group"":true},""directTrains"":false,""fareRequestDetails"":{""fareClass"":""ANY"",""passengers"":{""adult"":1,""child"":0},""railcards"":[]},""increasedInterchange"":""ZERO"",""onlySearchForSleeper"":false,""origin"":{""crs"":""LDS"",""group"":false},""outwardTime"":{""travelTime"":""2026-09-11T10:00:00+01:00"",""type"":""DEPART""},""overtakenTrains"":false,""reducedTransferTime"":false,""useAlternativeServices"":false}",2026-09-08T22:56:41+01:00,2026-09-11,National Rail,National Rail website Terms and Conditions; public Journey Planner snapshot.,Responses are dated planner snapshots. Review must exclude unsuitable non-rail itineraries and select the shortest suitable itinerary within the stated window.
transport/leeds__london/request-11.json,https://jpservices.nationalrail.co.uk/journey-planner,"{""destination"":{""crs"":""182"",""group"":true},""directTrains"":false,""fareRequestDetails"":{""fareClass"":""ANY"",""passengers"":{""adult"":1,""child"":0},""railcards"":[]},""increasedInterchange"":""ZERO"",""onlySearchForSleeper"":false,""origin"":{""crs"":""LDS"",""group"":false},""outwardTime"":{""travelTime"":""2026-09-11T11:00:00+01:00"",""type"":""DEPART""},""overtakenTrains"":false,""reducedTransferTime"":false,""useAlternativeServices"":false}",2026-09-08T22:56:42+01:00,2026-09-11,National Rail,National Rail website Terms and Conditions; public Journey Planner snapshot.,Responses are dated planner snapshots. Review must exclude unsuitable non-rail itineraries and select the shortest suitable itinerary within the stated window.
transport/leeds__london/response-11.json,https://jpservices.nationalrail.co.uk/journey-planner,"{""destination"":{""crs"":""182"",""group"":true},""directTrains"":false,""fareRequestDetails"":{""fareClass"":""ANY"",""passengers"":{""adult"":1,""child"":0},""railcards"":[]},""increasedInterchange"":""ZERO"",""onlySearchForSleeper"":false,""origin"":{""crs"":""LDS"",""group"":false},""outwardTime"":{""travelTime"":""2026-09-11T11:00:00+01:00"",""type"":""DEPART""},""overtakenTrains"":false,""reducedTransferTime"":false,""useAlternativeServices"":false}",2026-09-08T22:56:42+01:00,2026-09-11,National Rail,National Rail website Terms and Conditions; public Journey Planner snapshot.,Responses are dated planner snapshots. Review must exclude unsuitable non-rail itineraries and select the shortest suitable itinerary within the stated window.
transport/leeds__london/request-12.json,https://jpservices.nationalrail.co.uk/journey-planner,"{""destination"":{""crs"":""182"",""group"":true},""directTrains"":false,""fareRequestDetails"":{""fareClass"":""ANY"",""passengers"":{""adult"":1,""child"":0},""railcards"":[]},""increasedInterchange"":""ZERO"",""onlySearchForSleeper"":false,""origin"":{""crs"":""LDS"",""group"":false},""outwardTime"":{""travelTime"":""2026-09-11T12:00:00+01:00"",""type"":""DEPART""},""overtakenTrains"":false,""reducedTransferTime"":false,""useAlternativeServices"":false}",2026-09-08T22:56:44+01:00,2026-09-11,National Rail,National Rail website Terms and Conditions; public Journey Planner snapshot.,Responses are dated planner snapshots. Review must exclude unsuitable non-rail itineraries and select the shortest suitable itinerary within the stated window.
transport/leeds__london/response-12.json,https://jpservices.nationalrail.co.uk/journey-planner,"{""destination"":{""crs"":""182"",""group"":true},""directTrains"":false,""fareRequestDetails"":{""fareClass"":""ANY"",""passengers"":{""adult"":1,""child"":0},""railcards"":[]},""increasedInterchange"":""ZERO"",""onlySearchForSleeper"":false,""origin"":{""crs"":""LDS"",""group"":false},""outwardTime"":{""travelTime"":""2026-09-11T12:00:00+01:00"",""type"":""DEPART""},""overtakenTrains"":false,""reducedTransferTime"":false,""useAlternativeServices"":false}",2026-09-08T22:56:44+01:00,2026-09-11,National Rail,National Rail website Terms and Conditions; public Journey Planner snapshot.,Responses are dated planner snapshots. Review must exclude unsuitable non-rail itineraries and select the shortest suitable itinerary within the stated window.
transport/leeds__london/request-13.json,https://jpservices.nationalrail.co.uk/journey-planner,"{""destination"":{""crs"":""182"",""group"":true},""directTrains"":false,""fareRequestDetails"":{""fareClass"":""ANY"",""passengers"":{""adult"":1,""child"":0},""railcards"":[]},""increasedInterchange"":""ZERO"",""onlySearchForSleeper"":false,""origin"":{""crs"":""LDS"",""group"":false},""outwardTime"":{""travelTime"":""2026-09-11T13:00:00+01:00"",""type"":""DEPART""},""overtakenTrains"":false,""reducedTransferTime"":false,""useAlternativeServices"":false}",2026-09-08T22:56:45+01:00,2026-09-11,National Rail,National Rail website Terms and Conditions; public Journey Planner snapshot.,Responses are dated planner snapshots. Review must exclude unsuitable non-rail itineraries and select the shortest suitable itinerary within the stated window.
transport/leeds__london/response-13.json,https://jpservices.nationalrail.co.uk/journey-planner,"{""destination"":{""crs"":""182"",""group"":true},""directTrains"":false,""fareRequestDetails"":{""fareClass"":""ANY"",""passengers"":{""adult"":1,""child"":0},""railcards"":[]},""increasedInterchange"":""ZERO"",""onlySearchForSleeper"":false,""origin"":{""crs"":""LDS"",""group"":false},""outwardTime"":{""travelTime"":""2026-09-11T13:00:00+01:00"",""type"":""DEPART""},""overtakenTrains"":false,""reducedTransferTime"":false,""useAlternativeServices"":false}",2026-09-08T22:56:45+01:00,2026-09-11,National Rail,National Rail website Terms and Conditions; public Journey Planner snapshot.,Responses are dated planner snapshots. Review must exclude unsuitable non-rail itineraries and select the shortest suitable itinerary within the stated window.
transport/leeds__london/capture-metadata.json,https://jpservices.nationalrail.co.uk/journey-planner,Direct capture metadata for LDS to 182.,2026-09-08T22:56:45+01:00,2026-09-11,National Rail,National Rail website Terms and Conditions; public Journey Planner snapshot.,Responses are dated planner snapshots. Review must exclude unsuitable non-rail itineraries and select the shortest suitable itinerary within the stated window.
transport/liverpool__birmingham/request-10.json,https://jpservices.nationalrail.co.uk/journey-planner,"{""destination"":{""crs"":""BHM"",""group"":false},""directTrains"":false,""fareRequestDetails"":{""fareClass"":""ANY"",""passengers"":{""adult"":1,""child"":0},""railcards"":[]},""increasedInterchange"":""ZERO"",""onlySearchForSleeper"":false,""origin"":{""crs"":""LIV"",""group"":false},""outwardTime"":{""travelTime"":""2026-09-11T10:00:00+01:00"",""type"":""DEPART""},""overtakenTrains"":false,""reducedTransferTime"":false,""useAlternativeServices"":false}",2026-09-08T22:57:17+01:00,2026-09-11,National Rail,National Rail website Terms and Conditions; public Journey Planner snapshot.,Responses are dated planner snapshots. Review must exclude unsuitable non-rail itineraries and select the shortest suitable itinerary within the stated window.
transport/liverpool__birmingham/response-10.json,https://jpservices.nationalrail.co.uk/journey-planner,"{""destination"":{""crs"":""BHM"",""group"":false},""directTrains"":false,""fareRequestDetails"":{""fareClass"":""ANY"",""passengers"":{""adult"":1,""child"":0},""railcards"":[]},""increasedInterchange"":""ZERO"",""onlySearchForSleeper"":false,""origin"":{""crs"":""LIV"",""group"":false},""outwardTime"":{""travelTime"":""2026-09-11T10:00:00+01:00"",""type"":""DEPART""},""overtakenTrains"":false,""reducedTransferTime"":false,""useAlternativeServices"":false}",2026-09-08T22:57:17+01:00,2026-09-11,National Rail,National Rail website Terms and Conditions; public Journey Planner snapshot.,Responses are dated planner snapshots. Review must exclude unsuitable non-rail itineraries and select the shortest suitable itinerary within the stated window.
transport/liverpool__birmingham/request-11.json,https://jpservices.nationalrail.co.uk/journey-planner,"{""destination"":{""crs"":""BHM"",""group"":false},""directTrains"":false,""fareRequestDetails"":{""fareClass"":""ANY"",""passengers"":{""adult"":1,""child"":0},""railcards"":[]},""increasedInterchange"":""ZERO"",""onlySearchForSleeper"":false,""origin"":{""crs"":""LIV"",""group"":false},""outwardTime"":{""travelTime"":""2026-09-11T11:00:00+01:00"",""type"":""DEPART""},""overtakenTrains"":false,""reducedTransferTime"":false,""useAlternativeServices"":false}",2026-09-08T22:57:18+01:00,2026-09-11,National Rail,National Rail website Terms and Conditions; public Journey Planner snapshot.,Responses are dated planner snapshots. Review must exclude unsuitable non-rail itineraries and select the shortest suitable itinerary within the stated window.
transport/liverpool__birmingham/response-11.json,https://jpservices.nationalrail.co.uk/journey-planner,"{""destination"":{""crs"":""BHM"",""group"":false},""directTrains"":false,""fareRequestDetails"":{""fareClass"":""ANY"",""passengers"":{""adult"":1,""child"":0},""railcards"":[]},""increasedInterchange"":""ZERO"",""onlySearchForSleeper"":false,""origin"":{""crs"":""LIV"",""group"":false},""outwardTime"":{""travelTime"":""2026-09-11T11:00:00+01:00"",""type"":""DEPART""},""overtakenTrains"":false,""reducedTransferTime"":false,""useAlternativeServices"":false}",2026-09-08T22:57:18+01:00,2026-09-11,National Rail,National Rail website Terms and Conditions; public Journey Planner snapshot.,Responses are dated planner snapshots. Review must exclude unsuitable non-rail itineraries and select the shortest suitable itinerary within the stated window.
transport/liverpool__birmingham/request-12.json,https://jpservices.nationalrail.co.uk/journey-planner,"{""destination"":{""crs"":""BHM"",""group"":false},""directTrains"":false,""fareRequestDetails"":{""fareClass"":""ANY"",""passengers"":{""adult"":1,""child"":0},""railcards"":[]},""increasedInterchange"":""ZERO"",""onlySearchForSleeper"":false,""origin"":{""crs"":""LIV"",""group"":false},""outwardTime"":{""travelTime"":""2026-09-11T12:00:00+01:00"",""type"":""DEPART""},""overtakenTrains"":false,""reducedTransferTime"":false,""useAlternativeServices"":false}",2026-09-08T22:57:18+01:00,2026-09-11,National Rail,National Rail website Terms and Conditions; public Journey Planner snapshot.,Responses are dated planner snapshots. Review must exclude unsuitable non-rail itineraries and select the shortest suitable itinerary within the stated window.
transport/liverpool__birmingham/response-12.json,https://jpservices.nationalrail.co.uk/journey-planner,"{""destination"":{""crs"":""BHM"",""group"":false},""directTrains"":false,""fareRequestDetails"":{""fareClass"":""ANY"",""passengers"":{""adult"":1,""child"":0},""railcards"":[]},""increasedInterchange"":""ZERO"",""onlySearchForSleeper"":false,""origin"":{""crs"":""LIV"",""group"":false},""outwardTime"":{""travelTime"":""2026-09-11T12:00:00+01:00"",""type"":""DEPART""},""overtakenTrains"":false,""reducedTransferTime"":false,""useAlternativeServices"":false}",2026-09-08T22:57:18+01:00,2026-09-11,National Rail,National Rail website Terms and Conditions; public Journey Planner snapshot.,Responses are dated planner snapshots. Review must exclude unsuitable non-rail itineraries and select the shortest suitable itinerary within the stated window.
transport/liverpool__birmingham/request-13.json,https://jpservices.nationalrail.co.uk/journey-planner,"{""destination"":{""crs"":""BHM"",""group"":false},""directTrains"":false,""fareRequestDetails"":{""fareClass"":""ANY"",""passengers"":{""adult"":1,""child"":0},""railcards"":[]},""increasedInterchange"":""ZERO"",""onlySearchForSleeper"":false,""origin"":{""crs"":""LIV"",""group"":false},""outwardTime"":{""travelTime"":""2026-09-11T13:00:00+01:00"",""type"":""DEPART""},""overtakenTrains"":false,""reducedTransferTime"":false,""useAlternativeServices"":false}",2026-09-08T22:57:19+01:00,2026-09-11,National Rail,National Rail website Terms and Conditions; public Journey Planner snapshot.,Responses are dated planner snapshots. Review must exclude unsuitable non-rail itineraries and select the shortest suitable itinerary within the stated window.
transport/liverpool__birmingham/response-13.json,https://jpservices.nationalrail.co.uk/journey-planner,"{""destination"":{""crs"":""BHM"",""group"":false},""directTrains"":false,""fareRequestDetails"":{""fareClass"":""ANY"",""passengers"":{""adult"":1,""child"":0},""railcards"":[]},""increasedInterchange"":""ZERO"",""onlySearchForSleeper"":false,""origin"":{""crs"":""LIV"",""group"":false},""outwardTime"":{""travelTime"":""2026-09-11T13:00:00+01:00"",""type"":""DEPART""},""overtakenTrains"":false,""reducedTransferTime"":false,""useAlternativeServices"":false}",2026-09-08T22:57:19+01:00,2026-09-11,National Rail,National Rail website Terms and Conditions; public Journey Planner snapshot.,Responses are dated planner snapshots. Review must exclude unsuitable non-rail itineraries and select the shortest suitable itinerary within the stated window.
transport/liverpool__birmingham/capture-metadata.json,https://jpservices.nationalrail.co.uk/journey-planner,Direct capture metadata for LIV to BHM.,2026-09-08T22:57:19+01:00,2026-09-11,National Rail,National Rail website Terms and Conditions; public Journey Planner snapshot.,Responses are dated planner snapshots. Review must exclude unsuitable non-rail itineraries and select the shortest suitable itinerary within the stated window.
transport/liverpool__london/request-10.json,https://jpservices.nationalrail.co.uk/journey-planner,"{""destination"":{""crs"":""182"",""group"":true},""directTrains"":false,""fareRequestDetails"":{""fareClass"":""ANY"",""passengers"":{""adult"":1,""child"":0},""railcards"":[]},""increasedInterchange"":""ZERO"",""onlySearchForSleeper"":false,""origin"":{""crs"":""LIV"",""group"":false},""outwardTime"":{""travelTime"":""2026-09-11T10:00:00+01:00"",""type"":""DEPART""},""overtakenTrains"":false,""reducedTransferTime"":false,""useAlternativeServices"":false}",2026-09-08T22:57:04+01:00,2026-09-11,National Rail,National Rail website Terms and Conditions; public Journey Planner snapshot.,Responses are dated planner snapshots. Review must exclude unsuitable non-rail itineraries and select the shortest suitable itinerary within the stated window.
transport/liverpool__london/response-10.json,https://jpservices.nationalrail.co.uk/journey-planner,"{""destination"":{""crs"":""182"",""group"":true},""directTrains"":false,""fareRequestDetails"":{""fareClass"":""ANY"",""passengers"":{""adult"":1,""child"":0},""railcards"":[]},""increasedInterchange"":""ZERO"",""onlySearchForSleeper"":false,""origin"":{""crs"":""LIV"",""group"":false},""outwardTime"":{""travelTime"":""2026-09-11T10:00:00+01:00"",""type"":""DEPART""},""overtakenTrains"":false,""reducedTransferTime"":false,""useAlternativeServices"":false}",2026-09-08T22:57:04+01:00,2026-09-11,National Rail,National Rail website Terms and Conditions; public Journey Planner snapshot.,Responses are dated planner snapshots. Review must exclude unsuitable non-rail itineraries and select the shortest suitable itinerary within the stated window.
transport/liverpool__london/request-11.json,https://jpservices.nationalrail.co.uk/journey-planner,"{""destination"":{""crs"":""182"",""group"":true},""directTrains"":false,""fareRequestDetails"":{""fareClass"":""ANY"",""passengers"":{""adult"":1,""child"":0},""railcards"":[]},""increasedInterchange"":""ZERO"",""onlySearchForSleeper"":false,""origin"":{""crs"":""LIV"",""group"":false},""outwardTime"":{""travelTime"":""2026-09-11T11:00:00+01:00"",""type"":""DEPART""},""overtakenTrains"":false,""reducedTransferTime"":false,""useAlternativeServices"":false}",2026-09-08T22:57:06+01:00,2026-09-11,National Rail,National Rail website Terms and Conditions; public Journey Planner snapshot.,Responses are dated planner snapshots. Review must exclude unsuitable non-rail itineraries and select the shortest suitable itinerary within the stated window.
transport/liverpool__london/response-11.json,https://jpservices.nationalrail.co.uk/journey-planner,"{""destination"":{""crs"":""182"",""group"":true},""directTrains"":false,""fareRequestDetails"":{""fareClass"":""ANY"",""passengers"":{""adult"":1,""child"":0},""railcards"":[]},""increasedInterchange"":""ZERO"",""onlySearchForSleeper"":false,""origin"":{""crs"":""LIV"",""group"":false},""outwardTime"":{""travelTime"":""2026-09-11T11:00:00+01:00"",""type"":""DEPART""},""overtakenTrains"":false,""reducedTransferTime"":false,""useAlternativeServices"":false}",2026-09-08T22:57:06+01:00,2026-09-11,National Rail,National Rail website Terms and Conditions; public Journey Planner snapshot.,Responses are dated planner snapshots. Review must exclude unsuitable non-rail itineraries and select the shortest suitable itinerary within the stated window.
transport/liverpool__london/request-12.json,https://jpservices.nationalrail.co.uk/journey-planner,"{""destination"":{""crs"":""182"",""group"":true},""directTrains"":false,""fareRequestDetails"":{""fareClass"":""ANY"",""passengers"":{""adult"":1,""child"":0},""railcards"":[]},""increasedInterchange"":""ZERO"",""onlySearchForSleeper"":false,""origin"":{""crs"":""LIV"",""group"":false},""outwardTime"":{""travelTime"":""2026-09-11T12:00:00+01:00"",""type"":""DEPART""},""overtakenTrains"":false,""reducedTransferTime"":false,""useAlternativeServices"":false}",2026-09-08T22:57:07+01:00,2026-09-11,National Rail,National Rail website Terms and Conditions; public Journey Planner snapshot.,Responses are dated planner snapshots. Review must exclude unsuitable non-rail itineraries and select the shortest suitable itinerary within the stated window.
transport/liverpool__london/response-12.json,https://jpservices.nationalrail.co.uk/journey-planner,"{""destination"":{""crs"":""182"",""group"":true},""directTrains"":false,""fareRequestDetails"":{""fareClass"":""ANY"",""passengers"":{""adult"":1,""child"":0},""railcards"":[]},""increasedInterchange"":""ZERO"",""onlySearchForSleeper"":false,""origin"":{""crs"":""LIV"",""group"":false},""outwardTime"":{""travelTime"":""2026-09-11T12:00:00+01:00"",""type"":""DEPART""},""overtakenTrains"":false,""reducedTransferTime"":false,""useAlternativeServices"":false}",2026-09-08T22:57:07+01:00,2026-09-11,National Rail,National Rail website Terms and Conditions; public Journey Planner snapshot.,Responses are dated planner snapshots. Review must exclude unsuitable non-rail itineraries and select the shortest suitable itinerary within the stated window.
transport/liverpool__london/request-13.json,https://jpservices.nationalrail.co.uk/journey-planner,"{""destination"":{""crs"":""182"",""group"":true},""directTrains"":false,""fareRequestDetails"":{""fareClass"":""ANY"",""passengers"":{""adult"":1,""child"":0},""railcards"":[]},""increasedInterchange"":""ZERO"",""onlySearchForSleeper"":false,""origin"":{""crs"":""LIV"",""group"":false},""outwardTime"":{""travelTime"":""2026-09-11T13:00:00+01:00"",""type"":""DEPART""},""overtakenTrains"":false,""reducedTransferTime"":false,""useAlternativeServices"":false}",2026-09-08T22:57:09+01:00,2026-09-11,National Rail,National Rail website Terms and Conditions; public Journey Planner snapshot.,Responses are dated planner snapshots. Review must exclude unsuitable non-rail itineraries and select the shortest suitable itinerary within the stated window.
transport/liverpool__london/response-13.json,https://jpservices.nationalrail.co.uk/journey-planner,"{""destination"":{""crs"":""182"",""group"":true},""directTrains"":false,""fareRequestDetails"":{""fareClass"":""ANY"",""passengers"":{""adult"":1,""child"":0},""railcards"":[]},""increasedInterchange"":""ZERO"",""onlySearchForSleeper"":false,""origin"":{""crs"":""LIV"",""group"":false},""outwardTime"":{""travelTime"":""2026-09-11T13:00:00+01:00"",""type"":""DEPART""},""overtakenTrains"":false,""reducedTransferTime"":false,""useAlternativeServices"":false}",2026-09-08T22:57:09+01:00,2026-09-11,National Rail,National Rail website Terms and Conditions; public Journey Planner snapshot.,Responses are dated planner snapshots. Review must exclude unsuitable non-rail itineraries and select the shortest suitable itinerary within the stated window.
transport/liverpool__london/capture-metadata.json,https://jpservices.nationalrail.co.uk/journey-planner,Direct capture metadata for LIV to 182.,2026-09-08T22:57:09+01:00,2026-09-11,National Rail,National Rail website Terms and Conditions; public Journey Planner snapshot.,Responses are dated planner snapshots. Review must exclude unsuitable non-rail itineraries and select the shortest suitable itinerary within the stated window.
transport/manchester__birmingham/request-10.json,https://jpservices.nationalrail.co.uk/journey-planner,"{""destination"":{""crs"":""BHM"",""group"":false},""directTrains"":false,""fareRequestDetails"":{""fareClass"":""ANY"",""passengers"":{""adult"":1,""child"":0},""railcards"":[]},""increasedInterchange"":""ZERO"",""onlySearchForSleeper"":false,""origin"":{""crs"":""MAN"",""group"":false},""outwardTime"":{""travelTime"":""2026-09-11T10:00:00+01:00"",""type"":""DEPART""},""overtakenTrains"":false,""reducedTransferTime"":false,""useAlternativeServices"":false}",2026-09-08T22:57:39+01:00,2026-09-11,National Rail,National Rail website Terms and Conditions; public Journey Planner snapshot.,Responses are dated planner snapshots. Review must exclude unsuitable non-rail itineraries and select the shortest suitable itinerary within the stated window.
transport/manchester__birmingham/response-10.json,https://jpservices.nationalrail.co.uk/journey-planner,"{""destination"":{""crs"":""BHM"",""group"":false},""directTrains"":false,""fareRequestDetails"":{""fareClass"":""ANY"",""passengers"":{""adult"":1,""child"":0},""railcards"":[]},""increasedInterchange"":""ZERO"",""onlySearchForSleeper"":false,""origin"":{""crs"":""MAN"",""group"":false},""outwardTime"":{""travelTime"":""2026-09-11T10:00:00+01:00"",""type"":""DEPART""},""overtakenTrains"":false,""reducedTransferTime"":false,""useAlternativeServices"":false}",2026-09-08T22:57:39+01:00,2026-09-11,National Rail,National Rail website Terms and Conditions; public Journey Planner snapshot.,Responses are dated planner snapshots. Review must exclude unsuitable non-rail itineraries and select the shortest suitable itinerary within the stated window.
transport/manchester__birmingham/request-11.json,https://jpservices.nationalrail.co.uk/journey-planner,"{""destination"":{""crs"":""BHM"",""group"":false},""directTrains"":false,""fareRequestDetails"":{""fareClass"":""ANY"",""passengers"":{""adult"":1,""child"":0},""railcards"":[]},""increasedInterchange"":""ZERO"",""onlySearchForSleeper"":false,""origin"":{""crs"":""MAN"",""group"":false},""outwardTime"":{""travelTime"":""2026-09-11T11:00:00+01:00"",""type"":""DEPART""},""overtakenTrains"":false,""reducedTransferTime"":false,""useAlternativeServices"":false}",2026-09-08T22:57:40+01:00,2026-09-11,National Rail,National Rail website Terms and Conditions; public Journey Planner snapshot.,Responses are dated planner snapshots. Review must exclude unsuitable non-rail itineraries and select the shortest suitable itinerary within the stated window.
transport/manchester__birmingham/response-11.json,https://jpservices.nationalrail.co.uk/journey-planner,"{""destination"":{""crs"":""BHM"",""group"":false},""directTrains"":false,""fareRequestDetails"":{""fareClass"":""ANY"",""passengers"":{""adult"":1,""child"":0},""railcards"":[]},""increasedInterchange"":""ZERO"",""onlySearchForSleeper"":false,""origin"":{""crs"":""MAN"",""group"":false},""outwardTime"":{""travelTime"":""2026-09-11T11:00:00+01:00"",""type"":""DEPART""},""overtakenTrains"":false,""reducedTransferTime"":false,""useAlternativeServices"":false}",2026-09-08T22:57:40+01:00,2026-09-11,National Rail,National Rail website Terms and Conditions; public Journey Planner snapshot.,Responses are dated planner snapshots. Review must exclude unsuitable non-rail itineraries and select the shortest suitable itinerary within the stated window.
transport/manchester__birmingham/request-12.json,https://jpservices.nationalrail.co.uk/journey-planner,"{""destination"":{""crs"":""BHM"",""group"":false},""directTrains"":false,""fareRequestDetails"":{""fareClass"":""ANY"",""passengers"":{""adult"":1,""child"":0},""railcards"":[]},""increasedInterchange"":""ZERO"",""onlySearchForSleeper"":false,""origin"":{""crs"":""MAN"",""group"":false},""outwardTime"":{""travelTime"":""2026-09-11T12:00:00+01:00"",""type"":""DEPART""},""overtakenTrains"":false,""reducedTransferTime"":false,""useAlternativeServices"":false}",2026-09-08T22:57:41+01:00,2026-09-11,National Rail,National Rail website Terms and Conditions; public Journey Planner snapshot.,Responses are dated planner snapshots. Review must exclude unsuitable non-rail itineraries and select the shortest suitable itinerary within the stated window.
transport/manchester__birmingham/response-12.json,https://jpservices.nationalrail.co.uk/journey-planner,"{""destination"":{""crs"":""BHM"",""group"":false},""directTrains"":false,""fareRequestDetails"":{""fareClass"":""ANY"",""passengers"":{""adult"":1,""child"":0},""railcards"":[]},""increasedInterchange"":""ZERO"",""onlySearchForSleeper"":false,""origin"":{""crs"":""MAN"",""group"":false},""outwardTime"":{""travelTime"":""2026-09-11T12:00:00+01:00"",""type"":""DEPART""},""overtakenTrains"":false,""reducedTransferTime"":false,""useAlternativeServices"":false}",2026-09-08T22:57:41+01:00,2026-09-11,National Rail,National Rail website Terms and Conditions; public Journey Planner snapshot.,Responses are dated planner snapshots. Review must exclude unsuitable non-rail itineraries and select the shortest suitable itinerary within the stated window.
transport/manchester__birmingham/request-13.json,https://jpservices.nationalrail.co.uk/journey-planner,"{""destination"":{""crs"":""BHM"",""group"":false},""directTrains"":false,""fareRequestDetails"":{""fareClass"":""ANY"",""passengers"":{""adult"":1,""child"":0},""railcards"":[]},""increasedInterchange"":""ZERO"",""onlySearchForSleeper"":false,""origin"":{""crs"":""MAN"",""group"":false},""outwardTime"":{""travelTime"":""2026-09-11T13:00:00+01:00"",""type"":""DEPART""},""overtakenTrains"":false,""reducedTransferTime"":false,""useAlternativeServices"":false}",2026-09-08T22:57:42+01:00,2026-09-11,National Rail,National Rail website Terms and Conditions; public Journey Planner snapshot.,Responses are dated planner snapshots. Review must exclude unsuitable non-rail itineraries and select the shortest suitable itinerary within the stated window.
transport/manchester__birmingham/response-13.json,https://jpservices.nationalrail.co.uk/journey-planner,"{""destination"":{""crs"":""BHM"",""group"":false},""directTrains"":false,""fareRequestDetails"":{""fareClass"":""ANY"",""passengers"":{""adult"":1,""child"":0},""railcards"":[]},""increasedInterchange"":""ZERO"",""onlySearchForSleeper"":false,""origin"":{""crs"":""MAN"",""group"":false},""outwardTime"":{""travelTime"":""2026-09-11T13:00:00+01:00"",""type"":""DEPART""},""overtakenTrains"":false,""reducedTransferTime"":false,""useAlternativeServices"":false}",2026-09-08T22:57:42+01:00,2026-09-11,National Rail,National Rail website Terms and Conditions; public Journey Planner snapshot.,Responses are dated planner snapshots. Review must exclude unsuitable non-rail itineraries and select the shortest suitable itinerary within the stated window.
transport/manchester__birmingham/capture-metadata.json,https://jpservices.nationalrail.co.uk/journey-planner,Direct capture metadata for MAN to BHM.,2026-09-08T22:57:42+01:00,2026-09-11,National Rail,National Rail website Terms and Conditions; public Journey Planner snapshot.,Responses are dated planner snapshots. Review must exclude unsuitable non-rail itineraries and select the shortest suitable itinerary within the stated window.
transport/manchester__london/request-10.json,https://jpservices.nationalrail.co.uk/journey-planner,"{""destination"":{""crs"":""182"",""group"":true},""directTrains"":false,""fareRequestDetails"":{""fareClass"":""ANY"",""passengers"":{""adult"":1,""child"":0},""railcards"":[]},""increasedInterchange"":""ZERO"",""onlySearchForSleeper"":false,""origin"":{""crs"":""MAN"",""group"":false},""outwardTime"":{""travelTime"":""2026-09-11T10:00:00+01:00"",""type"":""DEPART""},""overtakenTrains"":false,""reducedTransferTime"":false,""useAlternativeServices"":false}",2026-09-08T22:57:27+01:00,2026-09-11,National Rail,National Rail website Terms and Conditions; public Journey Planner snapshot.,Responses are dated planner snapshots. Review must exclude unsuitable non-rail itineraries and select the shortest suitable itinerary within the stated window.
transport/manchester__london/response-10.json,https://jpservices.nationalrail.co.uk/journey-planner,"{""destination"":{""crs"":""182"",""group"":true},""directTrains"":false,""fareRequestDetails"":{""fareClass"":""ANY"",""passengers"":{""adult"":1,""child"":0},""railcards"":[]},""increasedInterchange"":""ZERO"",""onlySearchForSleeper"":false,""origin"":{""crs"":""MAN"",""group"":false},""outwardTime"":{""travelTime"":""2026-09-11T10:00:00+01:00"",""type"":""DEPART""},""overtakenTrains"":false,""reducedTransferTime"":false,""useAlternativeServices"":false}",2026-09-08T22:57:27+01:00,2026-09-11,National Rail,National Rail website Terms and Conditions; public Journey Planner snapshot.,Responses are dated planner snapshots. Review must exclude unsuitable non-rail itineraries and select the shortest suitable itinerary within the stated window.
transport/manchester__london/request-11.json,https://jpservices.nationalrail.co.uk/journey-planner,"{""destination"":{""crs"":""182"",""group"":true},""directTrains"":false,""fareRequestDetails"":{""fareClass"":""ANY"",""passengers"":{""adult"":1,""child"":0},""railcards"":[]},""increasedInterchange"":""ZERO"",""onlySearchForSleeper"":false,""origin"":{""crs"":""MAN"",""group"":false},""outwardTime"":{""travelTime"":""2026-09-11T11:00:00+01:00"",""type"":""DEPART""},""overtakenTrains"":false,""reducedTransferTime"":false,""useAlternativeServices"":false}",2026-09-08T22:57:28+01:00,2026-09-11,National Rail,National Rail website Terms and Conditions; public Journey Planner snapshot.,Responses are dated planner snapshots. Review must exclude unsuitable non-rail itineraries and select the shortest suitable itinerary within the stated window.
transport/manchester__london/response-11.json,https://jpservices.nationalrail.co.uk/journey-planner,"{""destination"":{""crs"":""182"",""group"":true},""directTrains"":false,""fareRequestDetails"":{""fareClass"":""ANY"",""passengers"":{""adult"":1,""child"":0},""railcards"":[]},""increasedInterchange"":""ZERO"",""onlySearchForSleeper"":false,""origin"":{""crs"":""MAN"",""group"":false},""outwardTime"":{""travelTime"":""2026-09-11T11:00:00+01:00"",""type"":""DEPART""},""overtakenTrains"":false,""reducedTransferTime"":false,""useAlternativeServices"":false}",2026-09-08T22:57:28+01:00,2026-09-11,National Rail,National Rail website Terms and Conditions; public Journey Planner snapshot.,Responses are dated planner snapshots. Review must exclude unsuitable non-rail itineraries and select the shortest suitable itinerary within the stated window.
transport/manchester__london/request-12.json,https://jpservices.nationalrail.co.uk/journey-planner,"{""destination"":{""crs"":""182"",""group"":true},""directTrains"":false,""fareRequestDetails"":{""fareClass"":""ANY"",""passengers"":{""adult"":1,""child"":0},""railcards"":[]},""increasedInterchange"":""ZERO"",""onlySearchForSleeper"":false,""origin"":{""crs"":""MAN"",""group"":false},""outwardTime"":{""travelTime"":""2026-09-11T12:00:00+01:00"",""type"":""DEPART""},""overtakenTrains"":false,""reducedTransferTime"":false,""useAlternativeServices"":false}",2026-09-08T22:57:30+01:00,2026-09-11,National Rail,National Rail website Terms and Conditions; public Journey Planner snapshot.,Responses are dated planner snapshots. Review must exclude unsuitable non-rail itineraries and select the shortest suitable itinerary within the stated window.
transport/manchester__london/response-12.json,https://jpservices.nationalrail.co.uk/journey-planner,"{""destination"":{""crs"":""182"",""group"":true},""directTrains"":false,""fareRequestDetails"":{""fareClass"":""ANY"",""passengers"":{""adult"":1,""child"":0},""railcards"":[]},""increasedInterchange"":""ZERO"",""onlySearchForSleeper"":false,""origin"":{""crs"":""MAN"",""group"":false},""outwardTime"":{""travelTime"":""2026-09-11T12:00:00+01:00"",""type"":""DEPART""},""overtakenTrains"":false,""reducedTransferTime"":false,""useAlternativeServices"":false}",2026-09-08T22:57:30+01:00,2026-09-11,National Rail,National Rail website Terms and Conditions; public Journey Planner snapshot.,Responses are dated planner snapshots. Review must exclude unsuitable non-rail itineraries and select the shortest suitable itinerary within the stated window.
transport/manchester__london/request-13.json,https://jpservices.nationalrail.co.uk/journey-planner,"{""destination"":{""crs"":""182"",""group"":true},""directTrains"":false,""fareRequestDetails"":{""fareClass"":""ANY"",""passengers"":{""adult"":1,""child"":0},""railcards"":[]},""increasedInterchange"":""ZERO"",""onlySearchForSleeper"":false,""origin"":{""crs"":""MAN"",""group"":false},""outwardTime"":{""travelTime"":""2026-09-11T13:00:00+01:00"",""type"":""DEPART""},""overtakenTrains"":false,""reducedTransferTime"":false,""useAlternativeServices"":false}",2026-09-08T22:57:31+01:00,2026-09-11,National Rail,National Rail website Terms and Conditions; public Journey Planner snapshot.,Responses are dated planner snapshots. Review must exclude unsuitable non-rail itineraries and select the shortest suitable itinerary within the stated window.
transport/manchester__london/response-13.json,https://jpservices.nationalrail.co.uk/journey-planner,"{""destination"":{""crs"":""182"",""group"":true},""directTrains"":false,""fareRequestDetails"":{""fareClass"":""ANY"",""passengers"":{""adult"":1,""child"":0},""railcards"":[]},""increasedInterchange"":""ZERO"",""onlySearchForSleeper"":false,""origin"":{""crs"":""MAN"",""group"":false},""outwardTime"":{""travelTime"":""2026-09-11T13:00:00+01:00"",""type"":""DEPART""},""overtakenTrains"":false,""reducedTransferTime"":false,""useAlternativeServices"":false}",2026-09-08T22:57:31+01:00,2026-09-11,National Rail,National Rail website Terms and Conditions; public Journey Planner snapshot.,Responses are dated planner snapshots. Review must exclude unsuitable non-rail itineraries and select the shortest suitable itinerary within the stated window.
transport/manchester__london/capture-metadata.json,https://jpservices.nationalrail.co.uk/journey-planner,Direct capture metadata for MAN to 182.,2026-09-08T22:57:31+01:00,2026-09-11,National Rail,National Rail website Terms and Conditions; public Journey Planner snapshot.,Responses are dated planner snapshots. Review must exclude unsuitable non-rail itineraries and select the shortest suitable itinerary within the stated window.
transport/newcastle-upon-tyne__birmingham/request-10.json,https://jpservices.nationalrail.co.uk/journey-planner,"{""destination"":{""crs"":""BHM"",""group"":false},""directTrains"":false,""fareRequestDetails"":{""fareClass"":""ANY"",""passengers"":{""adult"":1,""child"":0},""railcards"":[]},""increasedInterchange"":""ZERO"",""onlySearchForSleeper"":false,""origin"":{""crs"":""NCL"",""group"":false},""outwardTime"":{""travelTime"":""2026-09-11T10:00:00+01:00"",""type"":""DEPART""},""overtakenTrains"":false,""reducedTransferTime"":false,""useAlternativeServices"":false}",2026-09-08T22:58:03+01:00,2026-09-11,National Rail,National Rail website Terms and Conditions; public Journey Planner snapshot.,Responses are dated planner snapshots. Review must exclude unsuitable non-rail itineraries and select the shortest suitable itinerary within the stated window.
transport/newcastle-upon-tyne__birmingham/response-10.json,https://jpservices.nationalrail.co.uk/journey-planner,"{""destination"":{""crs"":""BHM"",""group"":false},""directTrains"":false,""fareRequestDetails"":{""fareClass"":""ANY"",""passengers"":{""adult"":1,""child"":0},""railcards"":[]},""increasedInterchange"":""ZERO"",""onlySearchForSleeper"":false,""origin"":{""crs"":""NCL"",""group"":false},""outwardTime"":{""travelTime"":""2026-09-11T10:00:00+01:00"",""type"":""DEPART""},""overtakenTrains"":false,""reducedTransferTime"":false,""useAlternativeServices"":false}",2026-09-08T22:58:03+01:00,2026-09-11,National Rail,National Rail website Terms and Conditions; public Journey Planner snapshot.,Responses are dated planner snapshots. Review must exclude unsuitable non-rail itineraries and select the shortest suitable itinerary within the stated window.
transport/newcastle-upon-tyne__birmingham/request-11.json,https://jpservices.nationalrail.co.uk/journey-planner,"{""destination"":{""crs"":""BHM"",""group"":false},""directTrains"":false,""fareRequestDetails"":{""fareClass"":""ANY"",""passengers"":{""adult"":1,""child"":0},""railcards"":[]},""increasedInterchange"":""ZERO"",""onlySearchForSleeper"":false,""origin"":{""crs"":""NCL"",""group"":false},""outwardTime"":{""travelTime"":""2026-09-11T11:00:00+01:00"",""type"":""DEPART""},""overtakenTrains"":false,""reducedTransferTime"":false,""useAlternativeServices"":false}",2026-09-08T22:58:03+01:00,2026-09-11,National Rail,National Rail website Terms and Conditions; public Journey Planner snapshot.,Responses are dated planner snapshots. Review must exclude unsuitable non-rail itineraries and select the shortest suitable itinerary within the stated window.
transport/newcastle-upon-tyne__birmingham/response-11.json,https://jpservices.nationalrail.co.uk/journey-planner,"{""destination"":{""crs"":""BHM"",""group"":false},""directTrains"":false,""fareRequestDetails"":{""fareClass"":""ANY"",""passengers"":{""adult"":1,""child"":0},""railcards"":[]},""increasedInterchange"":""ZERO"",""onlySearchForSleeper"":false,""origin"":{""crs"":""NCL"",""group"":false},""outwardTime"":{""travelTime"":""2026-09-11T11:00:00+01:00"",""type"":""DEPART""},""overtakenTrains"":false,""reducedTransferTime"":false,""useAlternativeServices"":false}",2026-09-08T22:58:03+01:00,2026-09-11,National Rail,National Rail website Terms and Conditions; public Journey Planner snapshot.,Responses are dated planner snapshots. Review must exclude unsuitable non-rail itineraries and select the shortest suitable itinerary within the stated window.
transport/newcastle-upon-tyne__birmingham/request-12.json,https://jpservices.nationalrail.co.uk/journey-planner,"{""destination"":{""crs"":""BHM"",""group"":false},""directTrains"":false,""fareRequestDetails"":{""fareClass"":""ANY"",""passengers"":{""adult"":1,""child"":0},""railcards"":[]},""increasedInterchange"":""ZERO"",""onlySearchForSleeper"":false,""origin"":{""crs"":""NCL"",""group"":false},""outwardTime"":{""travelTime"":""2026-09-11T12:00:00+01:00"",""type"":""DEPART""},""overtakenTrains"":false,""reducedTransferTime"":false,""useAlternativeServices"":false}",2026-09-08T22:58:04+01:00,2026-09-11,National Rail,National Rail website Terms and Conditions; public Journey Planner snapshot.,Responses are dated planner snapshots. Review must exclude unsuitable non-rail itineraries and select the shortest suitable itinerary within the stated window.
transport/newcastle-upon-tyne__birmingham/response-12.json,https://jpservices.nationalrail.co.uk/journey-planner,"{""destination"":{""crs"":""BHM"",""group"":false},""directTrains"":false,""fareRequestDetails"":{""fareClass"":""ANY"",""passengers"":{""adult"":1,""child"":0},""railcards"":[]},""increasedInterchange"":""ZERO"",""onlySearchForSleeper"":false,""origin"":{""crs"":""NCL"",""group"":false},""outwardTime"":{""travelTime"":""2026-09-11T12:00:00+01:00"",""type"":""DEPART""},""overtakenTrains"":false,""reducedTransferTime"":false,""useAlternativeServices"":false}",2026-09-08T22:58:04+01:00,2026-09-11,National Rail,National Rail website Terms and Conditions; public Journey Planner snapshot.,Responses are dated planner snapshots. Review must exclude unsuitable non-rail itineraries and select the shortest suitable itinerary within the stated window.
transport/newcastle-upon-tyne__birmingham/request-13.json,https://jpservices.nationalrail.co.uk/journey-planner,"{""destination"":{""crs"":""BHM"",""group"":false},""directTrains"":false,""fareRequestDetails"":{""fareClass"":""ANY"",""passengers"":{""adult"":1,""child"":0},""railcards"":[]},""increasedInterchange"":""ZERO"",""onlySearchForSleeper"":false,""origin"":{""crs"":""NCL"",""group"":false},""outwardTime"":{""travelTime"":""2026-09-11T13:00:00+01:00"",""type"":""DEPART""},""overtakenTrains"":false,""reducedTransferTime"":false,""useAlternativeServices"":false}",2026-09-08T22:58:05+01:00,2026-09-11,National Rail,National Rail website Terms and Conditions; public Journey Planner snapshot.,Responses are dated planner snapshots. Review must exclude unsuitable non-rail itineraries and select the shortest suitable itinerary within the stated window.
transport/newcastle-upon-tyne__birmingham/response-13.json,https://jpservices.nationalrail.co.uk/journey-planner,"{""destination"":{""crs"":""BHM"",""group"":false},""directTrains"":false,""fareRequestDetails"":{""fareClass"":""ANY"",""passengers"":{""adult"":1,""child"":0},""railcards"":[]},""increasedInterchange"":""ZERO"",""onlySearchForSleeper"":false,""origin"":{""crs"":""NCL"",""group"":false},""outwardTime"":{""travelTime"":""2026-09-11T13:00:00+01:00"",""type"":""DEPART""},""overtakenTrains"":false,""reducedTransferTime"":false,""useAlternativeServices"":false}",2026-09-08T22:58:05+01:00,2026-09-11,National Rail,National Rail website Terms and Conditions; public Journey Planner snapshot.,Responses are dated planner snapshots. Review must exclude unsuitable non-rail itineraries and select the shortest suitable itinerary within the stated window.
transport/newcastle-upon-tyne__birmingham/capture-metadata.json,https://jpservices.nationalrail.co.uk/journey-planner,Direct capture metadata for NCL to BHM.,2026-09-08T22:58:05+01:00,2026-09-11,National Rail,National Rail website Terms and Conditions; public Journey Planner snapshot.,Responses are dated planner snapshots. Review must exclude unsuitable non-rail itineraries and select the shortest suitable itinerary within the stated window.
transport/newcastle-upon-tyne__london/request-10.json,https://jpservices.nationalrail.co.uk/journey-planner,"{""destination"":{""crs"":""182"",""group"":true},""directTrains"":false,""fareRequestDetails"":{""fareClass"":""ANY"",""passengers"":{""adult"":1,""child"":0},""railcards"":[]},""increasedInterchange"":""ZERO"",""onlySearchForSleeper"":false,""origin"":{""crs"":""NCL"",""group"":false},""outwardTime"":{""travelTime"":""2026-09-11T10:00:00+01:00"",""type"":""DEPART""},""overtakenTrains"":false,""reducedTransferTime"":false,""useAlternativeServices"":false}",2026-09-08T22:57:51+01:00,2026-09-11,National Rail,National Rail website Terms and Conditions; public Journey Planner snapshot.,Responses are dated planner snapshots. Review must exclude unsuitable non-rail itineraries and select the shortest suitable itinerary within the stated window.
transport/newcastle-upon-tyne__london/response-10.json,https://jpservices.nationalrail.co.uk/journey-planner,"{""destination"":{""crs"":""182"",""group"":true},""directTrains"":false,""fareRequestDetails"":{""fareClass"":""ANY"",""passengers"":{""adult"":1,""child"":0},""railcards"":[]},""increasedInterchange"":""ZERO"",""onlySearchForSleeper"":false,""origin"":{""crs"":""NCL"",""group"":false},""outwardTime"":{""travelTime"":""2026-09-11T10:00:00+01:00"",""type"":""DEPART""},""overtakenTrains"":false,""reducedTransferTime"":false,""useAlternativeServices"":false}",2026-09-08T22:57:51+01:00,2026-09-11,National Rail,National Rail website Terms and Conditions; public Journey Planner snapshot.,Responses are dated planner snapshots. Review must exclude unsuitable non-rail itineraries and select the shortest suitable itinerary within the stated window.
transport/newcastle-upon-tyne__london/request-11.json,https://jpservices.nationalrail.co.uk/journey-planner,"{""destination"":{""crs"":""182"",""group"":true},""directTrains"":false,""fareRequestDetails"":{""fareClass"":""ANY"",""passengers"":{""adult"":1,""child"":0},""railcards"":[]},""increasedInterchange"":""ZERO"",""onlySearchForSleeper"":false,""origin"":{""crs"":""NCL"",""group"":false},""outwardTime"":{""travelTime"":""2026-09-11T11:00:00+01:00"",""type"":""DEPART""},""overtakenTrains"":false,""reducedTransferTime"":false,""useAlternativeServices"":false}",2026-09-08T22:57:52+01:00,2026-09-11,National Rail,National Rail website Terms and Conditions; public Journey Planner snapshot.,Responses are dated planner snapshots. Review must exclude unsuitable non-rail itineraries and select the shortest suitable itinerary within the stated window.
transport/newcastle-upon-tyne__london/response-11.json,https://jpservices.nationalrail.co.uk/journey-planner,"{""destination"":{""crs"":""182"",""group"":true},""directTrains"":false,""fareRequestDetails"":{""fareClass"":""ANY"",""passengers"":{""adult"":1,""child"":0},""railcards"":[]},""increasedInterchange"":""ZERO"",""onlySearchForSleeper"":false,""origin"":{""crs"":""NCL"",""group"":false},""outwardTime"":{""travelTime"":""2026-09-11T11:00:00+01:00"",""type"":""DEPART""},""overtakenTrains"":false,""reducedTransferTime"":false,""useAlternativeServices"":false}",2026-09-08T22:57:52+01:00,2026-09-11,National Rail,National Rail website Terms and Conditions; public Journey Planner snapshot.,Responses are dated planner snapshots. Review must exclude unsuitable non-rail itineraries and select the shortest suitable itinerary within the stated window.
transport/newcastle-upon-tyne__london/request-12.json,https://jpservices.nationalrail.co.uk/journey-planner,"{""destination"":{""crs"":""182"",""group"":true},""directTrains"":false,""fareRequestDetails"":{""fareClass"":""ANY"",""passengers"":{""adult"":1,""child"":0},""railcards"":[]},""increasedInterchange"":""ZERO"",""onlySearchForSleeper"":false,""origin"":{""crs"":""NCL"",""group"":false},""outwardTime"":{""travelTime"":""2026-09-11T12:00:00+01:00"",""type"":""DEPART""},""overtakenTrains"":false,""reducedTransferTime"":false,""useAlternativeServices"":false}",2026-09-08T22:57:54+01:00,2026-09-11,National Rail,National Rail website Terms and Conditions; public Journey Planner snapshot.,Responses are dated planner snapshots. Review must exclude unsuitable non-rail itineraries and select the shortest suitable itinerary within the stated window.
transport/newcastle-upon-tyne__london/response-12.json,https://jpservices.nationalrail.co.uk/journey-planner,"{""destination"":{""crs"":""182"",""group"":true},""directTrains"":false,""fareRequestDetails"":{""fareClass"":""ANY"",""passengers"":{""adult"":1,""child"":0},""railcards"":[]},""increasedInterchange"":""ZERO"",""onlySearchForSleeper"":false,""origin"":{""crs"":""NCL"",""group"":false},""outwardTime"":{""travelTime"":""2026-09-11T12:00:00+01:00"",""type"":""DEPART""},""overtakenTrains"":false,""reducedTransferTime"":false,""useAlternativeServices"":false}",2026-09-08T22:57:54+01:00,2026-09-11,National Rail,National Rail website Terms and Conditions; public Journey Planner snapshot.,Responses are dated planner snapshots. Review must exclude unsuitable non-rail itineraries and select the shortest suitable itinerary within the stated window.
transport/newcastle-upon-tyne__london/request-13.json,https://jpservices.nationalrail.co.uk/journey-planner,"{""destination"":{""crs"":""182"",""group"":true},""directTrains"":false,""fareRequestDetails"":{""fareClass"":""ANY"",""passengers"":{""adult"":1,""child"":0},""railcards"":[]},""increasedInterchange"":""ZERO"",""onlySearchForSleeper"":false,""origin"":{""crs"":""NCL"",""group"":false},""outwardTime"":{""travelTime"":""2026-09-11T13:00:00+01:00"",""type"":""DEPART""},""overtakenTrains"":false,""reducedTransferTime"":false,""useAlternativeServices"":false}",2026-09-08T22:57:55+01:00,2026-09-11,National Rail,National Rail website Terms and Conditions; public Journey Planner snapshot.,Responses are dated planner snapshots. Review must exclude unsuitable non-rail itineraries and select the shortest suitable itinerary within the stated window.
transport/newcastle-upon-tyne__london/response-13.json,https://jpservices.nationalrail.co.uk/journey-planner,"{""destination"":{""crs"":""182"",""group"":true},""directTrains"":false,""fareRequestDetails"":{""fareClass"":""ANY"",""passengers"":{""adult"":1,""child"":0},""railcards"":[]},""increasedInterchange"":""ZERO"",""onlySearchForSleeper"":false,""origin"":{""crs"":""NCL"",""group"":false},""outwardTime"":{""travelTime"":""2026-09-11T13:00:00+01:00"",""type"":""DEPART""},""overtakenTrains"":false,""reducedTransferTime"":false,""useAlternativeServices"":false}",2026-09-08T22:57:55+01:00,2026-09-11,National Rail,National Rail website Terms and Conditions; public Journey Planner snapshot.,Responses are dated planner snapshots. Review must exclude unsuitable non-rail itineraries and select the shortest suitable itinerary within the stated window.
transport/newcastle-upon-tyne__london/capture-metadata.json,https://jpservices.nationalrail.co.uk/journey-planner,Direct capture metadata for NCL to 182.,2026-09-08T22:57:55+01:00,2026-09-11,National Rail,National Rail website Terms and Conditions; public Journey Planner snapshot.,Responses are dated planner snapshots. Review must exclude unsuitable non-rail itineraries and select the shortest suitable itinerary within the stated window.
transport/reading__birmingham/request-10.json,https://jpservices.nationalrail.co.uk/journey-planner,"{""destination"":{""crs"":""BHM"",""group"":false},""directTrains"":false,""fareRequestDetails"":{""fareClass"":""ANY"",""passengers"":{""adult"":1,""child"":0},""railcards"":[]},""increasedInterchange"":""ZERO"",""onlySearchForSleeper"":false,""origin"":{""crs"":""RDG"",""group"":false},""outwardTime"":{""travelTime"":""2026-09-11T10:00:00+01:00"",""type"":""DEPART""},""overtakenTrains"":false,""reducedTransferTime"":false,""useAlternativeServices"":false}",2026-09-08T23:00:13+01:00,2026-09-11,National Rail,National Rail website Terms and Conditions; public Journey Planner snapshot.,Responses are dated planner snapshots. Review must exclude unsuitable non-rail itineraries and select the shortest suitable itinerary within the stated window.
transport/reading__birmingham/response-10.json,https://jpservices.nationalrail.co.uk/journey-planner,"{""destination"":{""crs"":""BHM"",""group"":false},""directTrains"":false,""fareRequestDetails"":{""fareClass"":""ANY"",""passengers"":{""adult"":1,""child"":0},""railcards"":[]},""increasedInterchange"":""ZERO"",""onlySearchForSleeper"":false,""origin"":{""crs"":""RDG"",""group"":false},""outwardTime"":{""travelTime"":""2026-09-11T10:00:00+01:00"",""type"":""DEPART""},""overtakenTrains"":false,""reducedTransferTime"":false,""useAlternativeServices"":false}",2026-09-08T23:00:13+01:00,2026-09-11,National Rail,National Rail website Terms and Conditions; public Journey Planner snapshot.,Responses are dated planner snapshots. Review must exclude unsuitable non-rail itineraries and select the shortest suitable itinerary within the stated window.
transport/reading__birmingham/request-11.json,https://jpservices.nationalrail.co.uk/journey-planner,"{""destination"":{""crs"":""BHM"",""group"":false},""directTrains"":false,""fareRequestDetails"":{""fareClass"":""ANY"",""passengers"":{""adult"":1,""child"":0},""railcards"":[]},""increasedInterchange"":""ZERO"",""onlySearchForSleeper"":false,""origin"":{""crs"":""RDG"",""group"":false},""outwardTime"":{""travelTime"":""2026-09-11T11:00:00+01:00"",""type"":""DEPART""},""overtakenTrains"":false,""reducedTransferTime"":false,""useAlternativeServices"":false}",2026-09-08T23:00:14+01:00,2026-09-11,National Rail,National Rail website Terms and Conditions; public Journey Planner snapshot.,Responses are dated planner snapshots. Review must exclude unsuitable non-rail itineraries and select the shortest suitable itinerary within the stated window.
transport/reading__birmingham/response-11.json,https://jpservices.nationalrail.co.uk/journey-planner,"{""destination"":{""crs"":""BHM"",""group"":false},""directTrains"":false,""fareRequestDetails"":{""fareClass"":""ANY"",""passengers"":{""adult"":1,""child"":0},""railcards"":[]},""increasedInterchange"":""ZERO"",""onlySearchForSleeper"":false,""origin"":{""crs"":""RDG"",""group"":false},""outwardTime"":{""travelTime"":""2026-09-11T11:00:00+01:00"",""type"":""DEPART""},""overtakenTrains"":false,""reducedTransferTime"":false,""useAlternativeServices"":false}",2026-09-08T23:00:14+01:00,2026-09-11,National Rail,National Rail website Terms and Conditions; public Journey Planner snapshot.,Responses are dated planner snapshots. Review must exclude unsuitable non-rail itineraries and select the shortest suitable itinerary within the stated window.
transport/reading__birmingham/request-12.json,https://jpservices.nationalrail.co.uk/journey-planner,"{""destination"":{""crs"":""BHM"",""group"":false},""directTrains"":false,""fareRequestDetails"":{""fareClass"":""ANY"",""passengers"":{""adult"":1,""child"":0},""railcards"":[]},""increasedInterchange"":""ZERO"",""onlySearchForSleeper"":false,""origin"":{""crs"":""RDG"",""group"":false},""outwardTime"":{""travelTime"":""2026-09-11T12:00:00+01:00"",""type"":""DEPART""},""overtakenTrains"":false,""reducedTransferTime"":false,""useAlternativeServices"":false}",2026-09-08T23:00:15+01:00,2026-09-11,National Rail,National Rail website Terms and Conditions; public Journey Planner snapshot.,Responses are dated planner snapshots. Review must exclude unsuitable non-rail itineraries and select the shortest suitable itinerary within the stated window.
transport/reading__birmingham/response-12.json,https://jpservices.nationalrail.co.uk/journey-planner,"{""destination"":{""crs"":""BHM"",""group"":false},""directTrains"":false,""fareRequestDetails"":{""fareClass"":""ANY"",""passengers"":{""adult"":1,""child"":0},""railcards"":[]},""increasedInterchange"":""ZERO"",""onlySearchForSleeper"":false,""origin"":{""crs"":""RDG"",""group"":false},""outwardTime"":{""travelTime"":""2026-09-11T12:00:00+01:00"",""type"":""DEPART""},""overtakenTrains"":false,""reducedTransferTime"":false,""useAlternativeServices"":false}",2026-09-08T23:00:15+01:00,2026-09-11,National Rail,National Rail website Terms and Conditions; public Journey Planner snapshot.,Responses are dated planner snapshots. Review must exclude unsuitable non-rail itineraries and select the shortest suitable itinerary within the stated window.
transport/reading__birmingham/request-13.json,https://jpservices.nationalrail.co.uk/journey-planner,"{""destination"":{""crs"":""BHM"",""group"":false},""directTrains"":false,""fareRequestDetails"":{""fareClass"":""ANY"",""passengers"":{""adult"":1,""child"":0},""railcards"":[]},""increasedInterchange"":""ZERO"",""onlySearchForSleeper"":false,""origin"":{""crs"":""RDG"",""group"":false},""outwardTime"":{""travelTime"":""2026-09-11T13:00:00+01:00"",""type"":""DEPART""},""overtakenTrains"":false,""reducedTransferTime"":false,""useAlternativeServices"":false}",2026-09-08T23:00:15+01:00,2026-09-11,National Rail,National Rail website Terms and Conditions; public Journey Planner snapshot.,Responses are dated planner snapshots. Review must exclude unsuitable non-rail itineraries and select the shortest suitable itinerary within the stated window.
transport/reading__birmingham/response-13.json,https://jpservices.nationalrail.co.uk/journey-planner,"{""destination"":{""crs"":""BHM"",""group"":false},""directTrains"":false,""fareRequestDetails"":{""fareClass"":""ANY"",""passengers"":{""adult"":1,""child"":0},""railcards"":[]},""increasedInterchange"":""ZERO"",""onlySearchForSleeper"":false,""origin"":{""crs"":""RDG"",""group"":false},""outwardTime"":{""travelTime"":""2026-09-11T13:00:00+01:00"",""type"":""DEPART""},""overtakenTrains"":false,""reducedTransferTime"":false,""useAlternativeServices"":false}",2026-09-08T23:00:15+01:00,2026-09-11,National Rail,National Rail website Terms and Conditions; public Journey Planner snapshot.,Responses are dated planner snapshots. Review must exclude unsuitable non-rail itineraries and select the shortest suitable itinerary within the stated window.
transport/reading__birmingham/capture-metadata.json,https://jpservices.nationalrail.co.uk/journey-planner,Direct capture metadata for RDG to BHM.,2026-09-08T23:00:15+01:00,2026-09-11,National Rail,National Rail website Terms and Conditions; public Journey Planner snapshot.,Responses are dated planner snapshots. Review must exclude unsuitable non-rail itineraries and select the shortest suitable itinerary within the stated window.
transport/reading__london/request-10.json,https://jpservices.nationalrail.co.uk/journey-planner,"{""destination"":{""crs"":""182"",""group"":true},""directTrains"":false,""fareRequestDetails"":{""fareClass"":""ANY"",""passengers"":{""adult"":1,""child"":0},""railcards"":[]},""increasedInterchange"":""ZERO"",""onlySearchForSleeper"":false,""origin"":{""crs"":""RDG"",""group"":false},""outwardTime"":{""travelTime"":""2026-09-11T10:00:00+01:00"",""type"":""DEPART""},""overtakenTrains"":false,""reducedTransferTime"":false,""useAlternativeServices"":false}",2026-09-08T22:58:13+01:00,2026-09-11,National Rail,National Rail website Terms and Conditions; public Journey Planner snapshot.,Responses are dated planner snapshots. Review must exclude unsuitable non-rail itineraries and select the shortest suitable itinerary within the stated window.
transport/reading__london/response-10.json,https://jpservices.nationalrail.co.uk/journey-planner,"{""destination"":{""crs"":""182"",""group"":true},""directTrains"":false,""fareRequestDetails"":{""fareClass"":""ANY"",""passengers"":{""adult"":1,""child"":0},""railcards"":[]},""increasedInterchange"":""ZERO"",""onlySearchForSleeper"":false,""origin"":{""crs"":""RDG"",""group"":false},""outwardTime"":{""travelTime"":""2026-09-11T10:00:00+01:00"",""type"":""DEPART""},""overtakenTrains"":false,""reducedTransferTime"":false,""useAlternativeServices"":false}",2026-09-08T22:58:13+01:00,2026-09-11,National Rail,National Rail website Terms and Conditions; public Journey Planner snapshot.,Responses are dated planner snapshots. Review must exclude unsuitable non-rail itineraries and select the shortest suitable itinerary within the stated window.
transport/reading__london/request-11.json,https://jpservices.nationalrail.co.uk/journey-planner,"{""destination"":{""crs"":""182"",""group"":true},""directTrains"":false,""fareRequestDetails"":{""fareClass"":""ANY"",""passengers"":{""adult"":1,""child"":0},""railcards"":[]},""increasedInterchange"":""ZERO"",""onlySearchForSleeper"":false,""origin"":{""crs"":""RDG"",""group"":false},""outwardTime"":{""travelTime"":""2026-09-11T11:00:00+01:00"",""type"":""DEPART""},""overtakenTrains"":false,""reducedTransferTime"":false,""useAlternativeServices"":false}",2026-09-08T22:58:13+01:00,2026-09-11,National Rail,National Rail website Terms and Conditions; public Journey Planner snapshot.,Responses are dated planner snapshots. Review must exclude unsuitable non-rail itineraries and select the shortest suitable itinerary within the stated window.
transport/reading__london/response-11.json,https://jpservices.nationalrail.co.uk/journey-planner,"{""destination"":{""crs"":""182"",""group"":true},""directTrains"":false,""fareRequestDetails"":{""fareClass"":""ANY"",""passengers"":{""adult"":1,""child"":0},""railcards"":[]},""increasedInterchange"":""ZERO"",""onlySearchForSleeper"":false,""origin"":{""crs"":""RDG"",""group"":false},""outwardTime"":{""travelTime"":""2026-09-11T11:00:00+01:00"",""type"":""DEPART""},""overtakenTrains"":false,""reducedTransferTime"":false,""useAlternativeServices"":false}",2026-09-08T22:58:13+01:00,2026-09-11,National Rail,National Rail website Terms and Conditions; public Journey Planner snapshot.,Responses are dated planner snapshots. Review must exclude unsuitable non-rail itineraries and select the shortest suitable itinerary within the stated window.
transport/reading__london/request-12.json,https://jpservices.nationalrail.co.uk/journey-planner,"{""destination"":{""crs"":""182"",""group"":true},""directTrains"":false,""fareRequestDetails"":{""fareClass"":""ANY"",""passengers"":{""adult"":1,""child"":0},""railcards"":[]},""increasedInterchange"":""ZERO"",""onlySearchForSleeper"":false,""origin"":{""crs"":""RDG"",""group"":false},""outwardTime"":{""travelTime"":""2026-09-11T12:00:00+01:00"",""type"":""DEPART""},""overtakenTrains"":false,""reducedTransferTime"":false,""useAlternativeServices"":false}",2026-09-08T22:58:14+01:00,2026-09-11,National Rail,National Rail website Terms and Conditions; public Journey Planner snapshot.,Responses are dated planner snapshots. Review must exclude unsuitable non-rail itineraries and select the shortest suitable itinerary within the stated window.
transport/reading__london/response-12.json,https://jpservices.nationalrail.co.uk/journey-planner,"{""destination"":{""crs"":""182"",""group"":true},""directTrains"":false,""fareRequestDetails"":{""fareClass"":""ANY"",""passengers"":{""adult"":1,""child"":0},""railcards"":[]},""increasedInterchange"":""ZERO"",""onlySearchForSleeper"":false,""origin"":{""crs"":""RDG"",""group"":false},""outwardTime"":{""travelTime"":""2026-09-11T12:00:00+01:00"",""type"":""DEPART""},""overtakenTrains"":false,""reducedTransferTime"":false,""useAlternativeServices"":false}",2026-09-08T22:58:14+01:00,2026-09-11,National Rail,National Rail website Terms and Conditions; public Journey Planner snapshot.,Responses are dated planner snapshots. Review must exclude unsuitable non-rail itineraries and select the shortest suitable itinerary within the stated window.
transport/reading__london/request-13.json,https://jpservices.nationalrail.co.uk/journey-planner,"{""destination"":{""crs"":""182"",""group"":true},""directTrains"":false,""fareRequestDetails"":{""fareClass"":""ANY"",""passengers"":{""adult"":1,""child"":0},""railcards"":[]},""increasedInterchange"":""ZERO"",""onlySearchForSleeper"":false,""origin"":{""crs"":""RDG"",""group"":false},""outwardTime"":{""travelTime"":""2026-09-11T13:00:00+01:00"",""type"":""DEPART""},""overtakenTrains"":false,""reducedTransferTime"":false,""useAlternativeServices"":false}",2026-09-08T22:58:14+01:00,2026-09-11,National Rail,National Rail website Terms and Conditions; public Journey Planner snapshot.,Responses are dated planner snapshots. Review must exclude unsuitable non-rail itineraries and select the shortest suitable itinerary within the stated window.
transport/reading__london/response-13.json,https://jpservices.nationalrail.co.uk/journey-planner,"{""destination"":{""crs"":""182"",""group"":true},""directTrains"":false,""fareRequestDetails"":{""fareClass"":""ANY"",""passengers"":{""adult"":1,""child"":0},""railcards"":[]},""increasedInterchange"":""ZERO"",""onlySearchForSleeper"":false,""origin"":{""crs"":""RDG"",""group"":false},""outwardTime"":{""travelTime"":""2026-09-11T13:00:00+01:00"",""type"":""DEPART""},""overtakenTrains"":false,""reducedTransferTime"":false,""useAlternativeServices"":false}",2026-09-08T22:58:14+01:00,2026-09-11,National Rail,National Rail website Terms and Conditions; public Journey Planner snapshot.,Responses are dated planner snapshots. Review must exclude unsuitable non-rail itineraries and select the shortest suitable itinerary within the stated window.
transport/reading__london/capture-metadata.json,https://jpservices.nationalrail.co.uk/journey-planner,Direct capture metadata for RDG to 182.,2026-09-08T22:58:14+01:00,2026-09-11,National Rail,National Rail website Terms and Conditions; public Journey Planner snapshot.,Responses are dated planner snapshots. Review must exclude unsuitable non-rail itineraries and select the shortest suitable itinerary within the stated window.
transport/wolverhampton__birmingham/request-10.json,https://jpservices.nationalrail.co.uk/journey-planner,"{""destination"":{""crs"":""BHM"",""group"":false},""directTrains"":false,""fareRequestDetails"":{""fareClass"":""ANY"",""passengers"":{""adult"":1,""child"":0},""railcards"":[]},""increasedInterchange"":""ZERO"",""onlySearchForSleeper"":false,""origin"":{""crs"":""WVH"",""group"":false},""outwardTime"":{""travelTime"":""2026-09-11T10:00:00+01:00"",""type"":""DEPART""},""overtakenTrains"":false,""reducedTransferTime"":false,""useAlternativeServices"":false}",2026-09-08T23:00:35+01:00,2026-09-11,National Rail,National Rail website Terms and Conditions; public Journey Planner snapshot.,Responses are dated planner snapshots. Review must exclude unsuitable non-rail itineraries and select the shortest suitable itinerary within the stated window.
transport/wolverhampton__birmingham/response-10.json,https://jpservices.nationalrail.co.uk/journey-planner,"{""destination"":{""crs"":""BHM"",""group"":false},""directTrains"":false,""fareRequestDetails"":{""fareClass"":""ANY"",""passengers"":{""adult"":1,""child"":0},""railcards"":[]},""increasedInterchange"":""ZERO"",""onlySearchForSleeper"":false,""origin"":{""crs"":""WVH"",""group"":false},""outwardTime"":{""travelTime"":""2026-09-11T10:00:00+01:00"",""type"":""DEPART""},""overtakenTrains"":false,""reducedTransferTime"":false,""useAlternativeServices"":false}",2026-09-08T23:00:35+01:00,2026-09-11,National Rail,National Rail website Terms and Conditions; public Journey Planner snapshot.,Responses are dated planner snapshots. Review must exclude unsuitable non-rail itineraries and select the shortest suitable itinerary within the stated window.
transport/wolverhampton__birmingham/request-11.json,https://jpservices.nationalrail.co.uk/journey-planner,"{""destination"":{""crs"":""BHM"",""group"":false},""directTrains"":false,""fareRequestDetails"":{""fareClass"":""ANY"",""passengers"":{""adult"":1,""child"":0},""railcards"":[]},""increasedInterchange"":""ZERO"",""onlySearchForSleeper"":false,""origin"":{""crs"":""WVH"",""group"":false},""outwardTime"":{""travelTime"":""2026-09-11T11:00:00+01:00"",""type"":""DEPART""},""overtakenTrains"":false,""reducedTransferTime"":false,""useAlternativeServices"":false}",2026-09-08T23:00:35+01:00,2026-09-11,National Rail,National Rail website Terms and Conditions; public Journey Planner snapshot.,Responses are dated planner snapshots. Review must exclude unsuitable non-rail itineraries and select the shortest suitable itinerary within the stated window.
transport/wolverhampton__birmingham/response-11.json,https://jpservices.nationalrail.co.uk/journey-planner,"{""destination"":{""crs"":""BHM"",""group"":false},""directTrains"":false,""fareRequestDetails"":{""fareClass"":""ANY"",""passengers"":{""adult"":1,""child"":0},""railcards"":[]},""increasedInterchange"":""ZERO"",""onlySearchForSleeper"":false,""origin"":{""crs"":""WVH"",""group"":false},""outwardTime"":{""travelTime"":""2026-09-11T11:00:00+01:00"",""type"":""DEPART""},""overtakenTrains"":false,""reducedTransferTime"":false,""useAlternativeServices"":false}",2026-09-08T23:00:35+01:00,2026-09-11,National Rail,National Rail website Terms and Conditions; public Journey Planner snapshot.,Responses are dated planner snapshots. Review must exclude unsuitable non-rail itineraries and select the shortest suitable itinerary within the stated window.
transport/wolverhampton__birmingham/request-12.json,https://jpservices.nationalrail.co.uk/journey-planner,"{""destination"":{""crs"":""BHM"",""group"":false},""directTrains"":false,""fareRequestDetails"":{""fareClass"":""ANY"",""passengers"":{""adult"":1,""child"":0},""railcards"":[]},""increasedInterchange"":""ZERO"",""onlySearchForSleeper"":false,""origin"":{""crs"":""WVH"",""group"":false},""outwardTime"":{""travelTime"":""2026-09-11T12:00:00+01:00"",""type"":""DEPART""},""overtakenTrains"":false,""reducedTransferTime"":false,""useAlternativeServices"":false}",2026-09-08T23:00:36+01:00,2026-09-11,National Rail,National Rail website Terms and Conditions; public Journey Planner snapshot.,Responses are dated planner snapshots. Review must exclude unsuitable non-rail itineraries and select the shortest suitable itinerary within the stated window.
transport/wolverhampton__birmingham/response-12.json,https://jpservices.nationalrail.co.uk/journey-planner,"{""destination"":{""crs"":""BHM"",""group"":false},""directTrains"":false,""fareRequestDetails"":{""fareClass"":""ANY"",""passengers"":{""adult"":1,""child"":0},""railcards"":[]},""increasedInterchange"":""ZERO"",""onlySearchForSleeper"":false,""origin"":{""crs"":""WVH"",""group"":false},""outwardTime"":{""travelTime"":""2026-09-11T12:00:00+01:00"",""type"":""DEPART""},""overtakenTrains"":false,""reducedTransferTime"":false,""useAlternativeServices"":false}",2026-09-08T23:00:36+01:00,2026-09-11,National Rail,National Rail website Terms and Conditions; public Journey Planner snapshot.,Responses are dated planner snapshots. Review must exclude unsuitable non-rail itineraries and select the shortest suitable itinerary within the stated window.
transport/wolverhampton__birmingham/request-13.json,https://jpservices.nationalrail.co.uk/journey-planner,"{""destination"":{""crs"":""BHM"",""group"":false},""directTrains"":false,""fareRequestDetails"":{""fareClass"":""ANY"",""passengers"":{""adult"":1,""child"":0},""railcards"":[]},""increasedInterchange"":""ZERO"",""onlySearchForSleeper"":false,""origin"":{""crs"":""WVH"",""group"":false},""outwardTime"":{""travelTime"":""2026-09-11T13:00:00+01:00"",""type"":""DEPART""},""overtakenTrains"":false,""reducedTransferTime"":false,""useAlternativeServices"":false}",2026-09-08T23:00:37+01:00,2026-09-11,National Rail,National Rail website Terms and Conditions; public Journey Planner snapshot.,Responses are dated planner snapshots. Review must exclude unsuitable non-rail itineraries and select the shortest suitable itinerary within the stated window.
transport/wolverhampton__birmingham/response-13.json,https://jpservices.nationalrail.co.uk/journey-planner,"{""destination"":{""crs"":""BHM"",""group"":false},""directTrains"":false,""fareRequestDetails"":{""fareClass"":""ANY"",""passengers"":{""adult"":1,""child"":0},""railcards"":[]},""increasedInterchange"":""ZERO"",""onlySearchForSleeper"":false,""origin"":{""crs"":""WVH"",""group"":false},""outwardTime"":{""travelTime"":""2026-09-11T13:00:00+01:00"",""type"":""DEPART""},""overtakenTrains"":false,""reducedTransferTime"":false,""useAlternativeServices"":false}",2026-09-08T23:00:37+01:00,2026-09-11,National Rail,National Rail website Terms and Conditions; public Journey Planner snapshot.,Responses are dated planner snapshots. Review must exclude unsuitable non-rail itineraries and select the shortest suitable itinerary within the stated window.
transport/wolverhampton__birmingham/capture-metadata.json,https://jpservices.nationalrail.co.uk/journey-planner,Direct capture metadata for WVH to BHM.,2026-09-08T23:00:37+01:00,2026-09-11,National Rail,National Rail website Terms and Conditions; public Journey Planner snapshot.,Responses are dated planner snapshots. Review must exclude unsuitable non-rail itineraries and select the shortest suitable itinerary within the stated window.
transport/wolverhampton__london/request-10.json,https://jpservices.nationalrail.co.uk/journey-planner,"{""destination"":{""crs"":""182"",""group"":true},""directTrains"":false,""fareRequestDetails"":{""fareClass"":""ANY"",""passengers"":{""adult"":1,""child"":0},""railcards"":[]},""increasedInterchange"":""ZERO"",""onlySearchForSleeper"":false,""origin"":{""crs"":""WVH"",""group"":false},""outwardTime"":{""travelTime"":""2026-09-11T10:00:00+01:00"",""type"":""DEPART""},""overtakenTrains"":false,""reducedTransferTime"":false,""useAlternativeServices"":false}",2026-09-08T23:00:23+01:00,2026-09-11,National Rail,National Rail website Terms and Conditions; public Journey Planner snapshot.,Responses are dated planner snapshots. Review must exclude unsuitable non-rail itineraries and select the shortest suitable itinerary within the stated window.
transport/wolverhampton__london/response-10.json,https://jpservices.nationalrail.co.uk/journey-planner,"{""destination"":{""crs"":""182"",""group"":true},""directTrains"":false,""fareRequestDetails"":{""fareClass"":""ANY"",""passengers"":{""adult"":1,""child"":0},""railcards"":[]},""increasedInterchange"":""ZERO"",""onlySearchForSleeper"":false,""origin"":{""crs"":""WVH"",""group"":false},""outwardTime"":{""travelTime"":""2026-09-11T10:00:00+01:00"",""type"":""DEPART""},""overtakenTrains"":false,""reducedTransferTime"":false,""useAlternativeServices"":false}",2026-09-08T23:00:23+01:00,2026-09-11,National Rail,National Rail website Terms and Conditions; public Journey Planner snapshot.,Responses are dated planner snapshots. Review must exclude unsuitable non-rail itineraries and select the shortest suitable itinerary within the stated window.
transport/wolverhampton__london/request-11.json,https://jpservices.nationalrail.co.uk/journey-planner,"{""destination"":{""crs"":""182"",""group"":true},""directTrains"":false,""fareRequestDetails"":{""fareClass"":""ANY"",""passengers"":{""adult"":1,""child"":0},""railcards"":[]},""increasedInterchange"":""ZERO"",""onlySearchForSleeper"":false,""origin"":{""crs"":""WVH"",""group"":false},""outwardTime"":{""travelTime"":""2026-09-11T11:00:00+01:00"",""type"":""DEPART""},""overtakenTrains"":false,""reducedTransferTime"":false,""useAlternativeServices"":false}",2026-09-08T23:00:24+01:00,2026-09-11,National Rail,National Rail website Terms and Conditions; public Journey Planner snapshot.,Responses are dated planner snapshots. Review must exclude unsuitable non-rail itineraries and select the shortest suitable itinerary within the stated window.
transport/wolverhampton__london/response-11.json,https://jpservices.nationalrail.co.uk/journey-planner,"{""destination"":{""crs"":""182"",""group"":true},""directTrains"":false,""fareRequestDetails"":{""fareClass"":""ANY"",""passengers"":{""adult"":1,""child"":0},""railcards"":[]},""increasedInterchange"":""ZERO"",""onlySearchForSleeper"":false,""origin"":{""crs"":""WVH"",""group"":false},""outwardTime"":{""travelTime"":""2026-09-11T11:00:00+01:00"",""type"":""DEPART""},""overtakenTrains"":false,""reducedTransferTime"":false,""useAlternativeServices"":false}",2026-09-08T23:00:24+01:00,2026-09-11,National Rail,National Rail website Terms and Conditions; public Journey Planner snapshot.,Responses are dated planner snapshots. Review must exclude unsuitable non-rail itineraries and select the shortest suitable itinerary within the stated window.
transport/wolverhampton__london/request-12.json,https://jpservices.nationalrail.co.uk/journey-planner,"{""destination"":{""crs"":""182"",""group"":true},""directTrains"":false,""fareRequestDetails"":{""fareClass"":""ANY"",""passengers"":{""adult"":1,""child"":0},""railcards"":[]},""increasedInterchange"":""ZERO"",""onlySearchForSleeper"":false,""origin"":{""crs"":""WVH"",""group"":false},""outwardTime"":{""travelTime"":""2026-09-11T12:00:00+01:00"",""type"":""DEPART""},""overtakenTrains"":false,""reducedTransferTime"":false,""useAlternativeServices"":false}",2026-09-08T23:00:25+01:00,2026-09-11,National Rail,National Rail website Terms and Conditions; public Journey Planner snapshot.,Responses are dated planner snapshots. Review must exclude unsuitable non-rail itineraries and select the shortest suitable itinerary within the stated window.
transport/wolverhampton__london/response-12.json,https://jpservices.nationalrail.co.uk/journey-planner,"{""destination"":{""crs"":""182"",""group"":true},""directTrains"":false,""fareRequestDetails"":{""fareClass"":""ANY"",""passengers"":{""adult"":1,""child"":0},""railcards"":[]},""increasedInterchange"":""ZERO"",""onlySearchForSleeper"":false,""origin"":{""crs"":""WVH"",""group"":false},""outwardTime"":{""travelTime"":""2026-09-11T12:00:00+01:00"",""type"":""DEPART""},""overtakenTrains"":false,""reducedTransferTime"":false,""useAlternativeServices"":false}",2026-09-08T23:00:25+01:00,2026-09-11,National Rail,National Rail website Terms and Conditions; public Journey Planner snapshot.,Responses are dated planner snapshots. Review must exclude unsuitable non-rail itineraries and select the shortest suitable itinerary within the stated window.
transport/wolverhampton__london/request-13.json,https://jpservices.nationalrail.co.uk/journey-planner,"{""destination"":{""crs"":""182"",""group"":true},""directTrains"":false,""fareRequestDetails"":{""fareClass"":""ANY"",""passengers"":{""adult"":1,""child"":0},""railcards"":[]},""increasedInterchange"":""ZERO"",""onlySearchForSleeper"":false,""origin"":{""crs"":""WVH"",""group"":false},""outwardTime"":{""travelTime"":""2026-09-11T13:00:00+01:00"",""type"":""DEPART""},""overtakenTrains"":false,""reducedTransferTime"":false,""useAlternativeServices"":false}",2026-09-08T23:00:27+01:00,2026-09-11,National Rail,National Rail website Terms and Conditions; public Journey Planner snapshot.,Responses are dated planner snapshots. Review must exclude unsuitable non-rail itineraries and select the shortest suitable itinerary within the stated window.
transport/wolverhampton__london/response-13.json,https://jpservices.nationalrail.co.uk/journey-planner,"{""destination"":{""crs"":""182"",""group"":true},""directTrains"":false,""fareRequestDetails"":{""fareClass"":""ANY"",""passengers"":{""adult"":1,""child"":0},""railcards"":[]},""increasedInterchange"":""ZERO"",""onlySearchForSleeper"":false,""origin"":{""crs"":""WVH"",""group"":false},""outwardTime"":{""travelTime"":""2026-09-11T13:00:00+01:00"",""type"":""DEPART""},""overtakenTrains"":false,""reducedTransferTime"":false,""useAlternativeServices"":false}",2026-09-08T23:00:27+01:00,2026-09-11,National Rail,National Rail website Terms and Conditions; public Journey Planner snapshot.,Responses are dated planner snapshots. Review must exclude unsuitable non-rail itineraries and select the shortest suitable itinerary within the stated window.
transport/wolverhampton__london/capture-metadata.json,https://jpservices.nationalrail.co.uk/journey-planner,Direct capture metadata for WVH to 182.,2026-09-08T23:00:27+01:00,2026-09-11,National Rail,National Rail website Terms and Conditions; public Journey Planner snapshot.,Responses are dated planner snapshots. Review must exclude unsuitable non-rail itineraries and select the shortest suitable itinerary within the stated window.
transport/wrexham__birmingham/request-10.json,https://jpservices.nationalrail.co.uk/journey-planner,"{""destination"":{""crs"":""BHM"",""group"":false},""directTrains"":false,""fareRequestDetails"":{""fareClass"":""ANY"",""passengers"":{""adult"":1,""child"":0},""railcards"":[]},""increasedInterchange"":""ZERO"",""onlySearchForSleeper"":false,""origin"":{""crs"":""WRX"",""group"":false},""outwardTime"":{""travelTime"":""2026-09-11T10:00:00+01:00"",""type"":""DEPART""},""overtakenTrains"":false,""reducedTransferTime"":false,""useAlternativeServices"":false}",2026-09-08T23:00:58+01:00,2026-09-11,National Rail,National Rail website Terms and Conditions; public Journey Planner snapshot.,Responses are dated planner snapshots. Review must exclude unsuitable non-rail itineraries and select the shortest suitable itinerary within the stated window.
transport/wrexham__birmingham/response-10.json,https://jpservices.nationalrail.co.uk/journey-planner,"{""destination"":{""crs"":""BHM"",""group"":false},""directTrains"":false,""fareRequestDetails"":{""fareClass"":""ANY"",""passengers"":{""adult"":1,""child"":0},""railcards"":[]},""increasedInterchange"":""ZERO"",""onlySearchForSleeper"":false,""origin"":{""crs"":""WRX"",""group"":false},""outwardTime"":{""travelTime"":""2026-09-11T10:00:00+01:00"",""type"":""DEPART""},""overtakenTrains"":false,""reducedTransferTime"":false,""useAlternativeServices"":false}",2026-09-08T23:00:58+01:00,2026-09-11,National Rail,National Rail website Terms and Conditions; public Journey Planner snapshot.,Responses are dated planner snapshots. Review must exclude unsuitable non-rail itineraries and select the shortest suitable itinerary within the stated window.
transport/wrexham__birmingham/request-11.json,https://jpservices.nationalrail.co.uk/journey-planner,"{""destination"":{""crs"":""BHM"",""group"":false},""directTrains"":false,""fareRequestDetails"":{""fareClass"":""ANY"",""passengers"":{""adult"":1,""child"":0},""railcards"":[]},""increasedInterchange"":""ZERO"",""onlySearchForSleeper"":false,""origin"":{""crs"":""WRX"",""group"":false},""outwardTime"":{""travelTime"":""2026-09-11T11:00:00+01:00"",""type"":""DEPART""},""overtakenTrains"":false,""reducedTransferTime"":false,""useAlternativeServices"":false}",2026-09-08T23:00:59+01:00,2026-09-11,National Rail,National Rail website Terms and Conditions; public Journey Planner snapshot.,Responses are dated planner snapshots. Review must exclude unsuitable non-rail itineraries and select the shortest suitable itinerary within the stated window.
transport/wrexham__birmingham/response-11.json,https://jpservices.nationalrail.co.uk/journey-planner,"{""destination"":{""crs"":""BHM"",""group"":false},""directTrains"":false,""fareRequestDetails"":{""fareClass"":""ANY"",""passengers"":{""adult"":1,""child"":0},""railcards"":[]},""increasedInterchange"":""ZERO"",""onlySearchForSleeper"":false,""origin"":{""crs"":""WRX"",""group"":false},""outwardTime"":{""travelTime"":""2026-09-11T11:00:00+01:00"",""type"":""DEPART""},""overtakenTrains"":false,""reducedTransferTime"":false,""useAlternativeServices"":false}",2026-09-08T23:00:59+01:00,2026-09-11,National Rail,National Rail website Terms and Conditions; public Journey Planner snapshot.,Responses are dated planner snapshots. Review must exclude unsuitable non-rail itineraries and select the shortest suitable itinerary within the stated window.
transport/wrexham__birmingham/request-12.json,https://jpservices.nationalrail.co.uk/journey-planner,"{""destination"":{""crs"":""BHM"",""group"":false},""directTrains"":false,""fareRequestDetails"":{""fareClass"":""ANY"",""passengers"":{""adult"":1,""child"":0},""railcards"":[]},""increasedInterchange"":""ZERO"",""onlySearchForSleeper"":false,""origin"":{""crs"":""WRX"",""group"":false},""outwardTime"":{""travelTime"":""2026-09-11T12:00:00+01:00"",""type"":""DEPART""},""overtakenTrains"":false,""reducedTransferTime"":false,""useAlternativeServices"":false}",2026-09-08T23:01:00+01:00,2026-09-11,National Rail,National Rail website Terms and Conditions; public Journey Planner snapshot.,Responses are dated planner snapshots. Review must exclude unsuitable non-rail itineraries and select the shortest suitable itinerary within the stated window.
transport/wrexham__birmingham/response-12.json,https://jpservices.nationalrail.co.uk/journey-planner,"{""destination"":{""crs"":""BHM"",""group"":false},""directTrains"":false,""fareRequestDetails"":{""fareClass"":""ANY"",""passengers"":{""adult"":1,""child"":0},""railcards"":[]},""increasedInterchange"":""ZERO"",""onlySearchForSleeper"":false,""origin"":{""crs"":""WRX"",""group"":false},""outwardTime"":{""travelTime"":""2026-09-11T12:00:00+01:00"",""type"":""DEPART""},""overtakenTrains"":false,""reducedTransferTime"":false,""useAlternativeServices"":false}",2026-09-08T23:01:00+01:00,2026-09-11,National Rail,National Rail website Terms and Conditions; public Journey Planner snapshot.,Responses are dated planner snapshots. Review must exclude unsuitable non-rail itineraries and select the shortest suitable itinerary within the stated window.
transport/wrexham__birmingham/request-13.json,https://jpservices.nationalrail.co.uk/journey-planner,"{""destination"":{""crs"":""BHM"",""group"":false},""directTrains"":false,""fareRequestDetails"":{""fareClass"":""ANY"",""passengers"":{""adult"":1,""child"":0},""railcards"":[]},""increasedInterchange"":""ZERO"",""onlySearchForSleeper"":false,""origin"":{""crs"":""WRX"",""group"":false},""outwardTime"":{""travelTime"":""2026-09-11T13:00:00+01:00"",""type"":""DEPART""},""overtakenTrains"":false,""reducedTransferTime"":false,""useAlternativeServices"":false}",2026-09-08T23:01:02+01:00,2026-09-11,National Rail,National Rail website Terms and Conditions; public Journey Planner snapshot.,Responses are dated planner snapshots. Review must exclude unsuitable non-rail itineraries and select the shortest suitable itinerary within the stated window.
transport/wrexham__birmingham/response-13.json,https://jpservices.nationalrail.co.uk/journey-planner,"{""destination"":{""crs"":""BHM"",""group"":false},""directTrains"":false,""fareRequestDetails"":{""fareClass"":""ANY"",""passengers"":{""adult"":1,""child"":0},""railcards"":[]},""increasedInterchange"":""ZERO"",""onlySearchForSleeper"":false,""origin"":{""crs"":""WRX"",""group"":false},""outwardTime"":{""travelTime"":""2026-09-11T13:00:00+01:00"",""type"":""DEPART""},""overtakenTrains"":false,""reducedTransferTime"":false,""useAlternativeServices"":false}",2026-09-08T23:01:02+01:00,2026-09-11,National Rail,National Rail website Terms and Conditions; public Journey Planner snapshot.,Responses are dated planner snapshots. Review must exclude unsuitable non-rail itineraries and select the shortest suitable itinerary within the stated window.
transport/wrexham__birmingham/capture-metadata.json,https://jpservices.nationalrail.co.uk/journey-planner,Direct capture metadata for WRX to BHM.,2026-09-08T23:01:02+01:00,2026-09-11,National Rail,National Rail website Terms and Conditions; public Journey Planner snapshot.,Responses are dated planner snapshots. Review must exclude unsuitable non-rail itineraries and select the shortest suitable itinerary within the stated window.
transport/wrexham__london/request-10.json,https://jpservices.nationalrail.co.uk/journey-planner,"{""destination"":{""crs"":""182"",""group"":true},""directTrains"":false,""fareRequestDetails"":{""fareClass"":""ANY"",""passengers"":{""adult"":1,""child"":0},""railcards"":[]},""increasedInterchange"":""ZERO"",""onlySearchForSleeper"":false,""origin"":{""crs"":""WRX"",""group"":false},""outwardTime"":{""travelTime"":""2026-09-11T10:00:00+01:00"",""type"":""DEPART""},""overtakenTrains"":false,""reducedTransferTime"":false,""useAlternativeServices"":false}",2026-09-08T23:00:45+01:00,2026-09-11,National Rail,National Rail website Terms and Conditions; public Journey Planner snapshot.,Responses are dated planner snapshots. Review must exclude unsuitable non-rail itineraries and select the shortest suitable itinerary within the stated window.
transport/wrexham__london/response-10.json,https://jpservices.nationalrail.co.uk/journey-planner,"{""destination"":{""crs"":""182"",""group"":true},""directTrains"":false,""fareRequestDetails"":{""fareClass"":""ANY"",""passengers"":{""adult"":1,""child"":0},""railcards"":[]},""increasedInterchange"":""ZERO"",""onlySearchForSleeper"":false,""origin"":{""crs"":""WRX"",""group"":false},""outwardTime"":{""travelTime"":""2026-09-11T10:00:00+01:00"",""type"":""DEPART""},""overtakenTrains"":false,""reducedTransferTime"":false,""useAlternativeServices"":false}",2026-09-08T23:00:45+01:00,2026-09-11,National Rail,National Rail website Terms and Conditions; public Journey Planner snapshot.,Responses are dated planner snapshots. Review must exclude unsuitable non-rail itineraries and select the shortest suitable itinerary within the stated window.
transport/wrexham__london/request-11.json,https://jpservices.nationalrail.co.uk/journey-planner,"{""destination"":{""crs"":""182"",""group"":true},""directTrains"":false,""fareRequestDetails"":{""fareClass"":""ANY"",""passengers"":{""adult"":1,""child"":0},""railcards"":[]},""increasedInterchange"":""ZERO"",""onlySearchForSleeper"":false,""origin"":{""crs"":""WRX"",""group"":false},""outwardTime"":{""travelTime"":""2026-09-11T11:00:00+01:00"",""type"":""DEPART""},""overtakenTrains"":false,""reducedTransferTime"":false,""useAlternativeServices"":false}",2026-09-08T23:00:47+01:00,2026-09-11,National Rail,National Rail website Terms and Conditions; public Journey Planner snapshot.,Responses are dated planner snapshots. Review must exclude unsuitable non-rail itineraries and select the shortest suitable itinerary within the stated window.
transport/wrexham__london/response-11.json,https://jpservices.nationalrail.co.uk/journey-planner,"{""destination"":{""crs"":""182"",""group"":true},""directTrains"":false,""fareRequestDetails"":{""fareClass"":""ANY"",""passengers"":{""adult"":1,""child"":0},""railcards"":[]},""increasedInterchange"":""ZERO"",""onlySearchForSleeper"":false,""origin"":{""crs"":""WRX"",""group"":false},""outwardTime"":{""travelTime"":""2026-09-11T11:00:00+01:00"",""type"":""DEPART""},""overtakenTrains"":false,""reducedTransferTime"":false,""useAlternativeServices"":false}",2026-09-08T23:00:47+01:00,2026-09-11,National Rail,National Rail website Terms and Conditions; public Journey Planner snapshot.,Responses are dated planner snapshots. Review must exclude unsuitable non-rail itineraries and select the shortest suitable itinerary within the stated window.
transport/wrexham__london/request-12.json,https://jpservices.nationalrail.co.uk/journey-planner,"{""destination"":{""crs"":""182"",""group"":true},""directTrains"":false,""fareRequestDetails"":{""fareClass"":""ANY"",""passengers"":{""adult"":1,""child"":0},""railcards"":[]},""increasedInterchange"":""ZERO"",""onlySearchForSleeper"":false,""origin"":{""crs"":""WRX"",""group"":false},""outwardTime"":{""travelTime"":""2026-09-11T12:00:00+01:00"",""type"":""DEPART""},""overtakenTrains"":false,""reducedTransferTime"":false,""useAlternativeServices"":false}",2026-09-08T23:00:48+01:00,2026-09-11,National Rail,National Rail website Terms and Conditions; public Journey Planner snapshot.,Responses are dated planner snapshots. Review must exclude unsuitable non-rail itineraries and select the shortest suitable itinerary within the stated window.
transport/wrexham__london/response-12.json,https://jpservices.nationalrail.co.uk/journey-planner,"{""destination"":{""crs"":""182"",""group"":true},""directTrains"":false,""fareRequestDetails"":{""fareClass"":""ANY"",""passengers"":{""adult"":1,""child"":0},""railcards"":[]},""increasedInterchange"":""ZERO"",""onlySearchForSleeper"":false,""origin"":{""crs"":""WRX"",""group"":false},""outwardTime"":{""travelTime"":""2026-09-11T12:00:00+01:00"",""type"":""DEPART""},""overtakenTrains"":false,""reducedTransferTime"":false,""useAlternativeServices"":false}",2026-09-08T23:00:48+01:00,2026-09-11,National Rail,National Rail website Terms and Conditions; public Journey Planner snapshot.,Responses are dated planner snapshots. Review must exclude unsuitable non-rail itineraries and select the shortest suitable itinerary within the stated window.
transport/wrexham__london/request-13.json,https://jpservices.nationalrail.co.uk/journey-planner,"{""destination"":{""crs"":""182"",""group"":true},""directTrains"":false,""fareRequestDetails"":{""fareClass"":""ANY"",""passengers"":{""adult"":1,""child"":0},""railcards"":[]},""increasedInterchange"":""ZERO"",""onlySearchForSleeper"":false,""origin"":{""crs"":""WRX"",""group"":false},""outwardTime"":{""travelTime"":""2026-09-11T13:00:00+01:00"",""type"":""DEPART""},""overtakenTrains"":false,""reducedTransferTime"":false,""useAlternativeServices"":false}",2026-09-08T23:00:49+01:00,2026-09-11,National Rail,National Rail website Terms and Conditions; public Journey Planner snapshot.,Responses are dated planner snapshots. Review must exclude unsuitable non-rail itineraries and select the shortest suitable itinerary within the stated window.
transport/wrexham__london/response-13.json,https://jpservices.nationalrail.co.uk/journey-planner,"{""destination"":{""crs"":""182"",""group"":true},""directTrains"":false,""fareRequestDetails"":{""fareClass"":""ANY"",""passengers"":{""adult"":1,""child"":0},""railcards"":[]},""increasedInterchange"":""ZERO"",""onlySearchForSleeper"":false,""origin"":{""crs"":""WRX"",""group"":false},""outwardTime"":{""travelTime"":""2026-09-11T13:00:00+01:00"",""type"":""DEPART""},""overtakenTrains"":false,""reducedTransferTime"":false,""useAlternativeServices"":false}",2026-09-08T23:00:49+01:00,2026-09-11,National Rail,National Rail website Terms and Conditions; public Journey Planner snapshot.,Responses are dated planner snapshots. Review must exclude unsuitable non-rail itineraries and select the shortest suitable itinerary within the stated window.
transport/wrexham__london/capture-metadata.json,https://jpservices.nationalrail.co.uk/journey-planner,Direct capture metadata for WRX to 182.,2026-09-08T23:00:49+01:00,2026-09-11,National Rail,National Rail website Terms and Conditions; public Journey Planner snapshot.,Responses are dated planner snapshots. Review must exclude unsuitable non-rail itineraries and select the shortest suitable itinerary within the stated window.
