location_id,topic,url
barnsley,crime,https://api.postcodes.io/places?q=Barnsley
barnsley,crime,https://api.postcodes.io/postcodes?lon=-1.482593&lat=53.553523&limit=1&radius=2000
barnsley,crime,https://data.police.uk/api/crimes-street/all-crime?lat=53.553523&lng=-1.482593&date=2026-07
barnsley,crime,https://data.police.uk/docs/method/crime-street/
barnsley,buy,https://www.gov.uk/government/statistical-data-sets/price-paid-data-downloads
barnsley,rent,https://www.ons.gov.uk/economy/inflationandpriceindices/datasets/priceindexofprivaterentsukmonthlypricestatistics
barnsley,rent,https://www.ons.gov.uk/economy/inflationandpriceindices/bulletins/privaterentandhousepricesuk/august2026
barnsley,market,https://www.rightmove.co.uk/property-for-sale/find.html?locationIdentifier=REGION%5E108&minBedrooms=1&maxBedrooms=1&propertyTypes=flat&includeSSTC=false&mustHave=&dontShow=retirement%2CsharedOwnership&furnishTypes=&keywords=
barnsley,market,https://www.rightmove.co.uk/property-to-rent/find.html?locationIdentifier=REGION%5E108&minBedrooms=1&maxBedrooms=1&propertyTypes=flat&includeSSTC=true&mustHave=&dontShow=houseShare%2Cretirement&furnishTypes=&keywords=
barnsley,market,https://los.rightmove.co.uk/typeahead?query=Barnsley
barnsley,transport,https://www.nationalrail.co.uk/journey-planner/
barnsley,transport,https://www.traveline.info/
barnsley,transport,https://www.travelsouthyorkshire.com/
barnsley,environment,https://uk-air.defra.gov.uk/data/pcm-data
barnsley,environment,https://api.os.uk/downloads/v1/products/OpenGreenspace
barnsley,environment,https://www.gov.uk/government/statistics/english-indices-of-deprivation-2025
birmingham,crime,https://api.postcodes.io/places?q=Birmingham
birmingham,crime,https://api.postcodes.io/postcodes?lon=-1.902941&lat=52.479284&limit=1&radius=2000
birmingham,crime,https://data.police.uk/api/crimes-street/all-crime?lat=52.479284&lng=-1.902941&date=2026-07
birmingham,crime,https://data.police.uk/docs/method/crime-street/
birmingham,buy,https://www.gov.uk/government/statistical-data-sets/price-paid-data-downloads
birmingham,rent,https://www.ons.gov.uk/economy/inflationandpriceindices/datasets/priceindexofprivaterentsukmonthlypricestatistics
birmingham,rent,https://www.ons.gov.uk/economy/inflationandpriceindices/bulletins/privaterentandhousepricesuk/august2026
birmingham,market,https://www.rightmove.co.uk/property-for-sale/find.html?locationIdentifier=REGION%5E162&minBedrooms=1&maxBedrooms=1&propertyTypes=flat&includeSSTC=false&mustHave=&dontShow=retirement%2CsharedOwnership&furnishTypes=&keywords=
birmingham,market,https://www.rightmove.co.uk/property-to-rent/find.html?locationIdentifier=REGION%5E162&minBedrooms=1&maxBedrooms=1&propertyTypes=flat&includeSSTC=true&mustHave=&dontShow=houseShare%2Cretirement&furnishTypes=&keywords=
birmingham,market,https://los.rightmove.co.uk/typeahead?query=Birmingham
birmingham,transport,https://www.nationalrail.co.uk/journey-planner/
birmingham,transport,https://www.traveline.info/
birmingham,transport,https://www.tfwm.org.uk/
birmingham,environment,https://uk-air.defra.gov.uk/data/pcm-data
birmingham,environment,https://api.os.uk/downloads/v1/products/OpenGreenspace
birmingham,environment,https://www.gov.uk/government/statistics/english-indices-of-deprivation-2025
blackburn,crime,https://api.postcodes.io/places?q=Blackburn
blackburn,crime,https://api.postcodes.io/postcodes?lon=-2.481528&lat=53.750073&limit=1&radius=2000
blackburn,crime,https://data.police.uk/api/crimes-street/all-crime?lat=53.750073&lng=-2.481528&date=2026-07
blackburn,crime,https://data.police.uk/docs/method/crime-street/
blackburn,buy,https://www.gov.uk/government/statistical-data-sets/price-paid-data-downloads
blackburn,rent,https://www.ons.gov.uk/economy/inflationandpriceindices/datasets/priceindexofprivaterentsukmonthlypricestatistics
blackburn,rent,https://www.ons.gov.uk/economy/inflationandpriceindices/bulletins/privaterentandhousepricesuk/august2026
blackburn,market,https://www.rightmove.co.uk/property-for-sale/find.html?locationIdentifier=REGION%5E167&minBedrooms=1&maxBedrooms=1&propertyTypes=flat&includeSSTC=false&mustHave=&dontShow=retirement%2CsharedOwnership&furnishTypes=&keywords=
blackburn,market,https://www.rightmove.co.uk/property-to-rent/find.html?locationIdentifier=REGION%5E167&minBedrooms=1&maxBedrooms=1&propertyTypes=flat&includeSSTC=true&mustHave=&dontShow=houseShare%2Cretirement&furnishTypes=&keywords=
blackburn,market,https://los.rightmove.co.uk/typeahead?query=Blackburn
blackburn,transport,https://www.nationalrail.co.uk/journey-planner/
blackburn,transport,https://www.traveline.info/
blackburn,environment,https://uk-air.defra.gov.uk/data/pcm-data
blackburn,environment,https://api.os.uk/downloads/v1/products/OpenGreenspace
blackburn,environment,https://www.gov.uk/government/statistics/english-indices-of-deprivation-2025
blackpool,crime,https://api.postcodes.io/places?q=Blackpool
blackpool,crime,https://api.postcodes.io/postcodes?lon=-3.051542&lat=53.820860&limit=1&radius=2000
blackpool,crime,https://data.police.uk/api/crimes-street/all-crime?lat=53.820860&lng=-3.051542&date=2026-07
blackpool,crime,https://data.police.uk/docs/method/crime-street/
blackpool,buy,https://www.gov.uk/government/statistical-data-sets/price-paid-data-downloads
blackpool,rent,https://www.ons.gov.uk/economy/inflationandpriceindices/datasets/priceindexofprivaterentsukmonthlypricestatistics
blackpool,rent,https://www.ons.gov.uk/economy/inflationandpriceindices/bulletins/privaterentandhousepricesuk/august2026
blackpool,market,https://www.rightmove.co.uk/property-for-sale/find.html?locationIdentifier=REGION%5E168&minBedrooms=1&maxBedrooms=1&propertyTypes=flat&includeSSTC=false&mustHave=&dontShow=retirement%2CsharedOwnership&furnishTypes=&keywords=
blackpool,market,https://www.rightmove.co.uk/property-to-rent/find.html?locationIdentifier=REGION%5E168&minBedrooms=1&maxBedrooms=1&propertyTypes=flat&includeSSTC=true&mustHave=&dontShow=houseShare%2Cretirement&furnishTypes=&keywords=
blackpool,market,https://los.rightmove.co.uk/typeahead?query=Blackpool
blackpool,transport,https://www.nationalrail.co.uk/journey-planner/
blackpool,transport,https://www.traveline.info/
blackpool,transport,https://www.blackpooltransport.com/
blackpool,environment,https://uk-air.defra.gov.uk/data/pcm-data
blackpool,environment,https://api.os.uk/downloads/v1/products/OpenGreenspace
blackpool,environment,https://www.gov.uk/government/statistics/english-indices-of-deprivation-2025
bolton,crime,https://api.postcodes.io/places?q=Bolton
bolton,crime,https://api.postcodes.io/postcodes?lon=-2.431041&lat=53.577709&limit=1&radius=2000
bolton,crime,https://data.police.uk/api/crimes-street/all-crime?lat=53.577709&lng=-2.431041&date=2026-07
bolton,crime,https://data.police.uk/docs/method/crime-street/
bolton,crime,https://data.police.uk/changelog/
bolton,buy,https://www.gov.uk/government/statistical-data-sets/price-paid-data-downloads
bolton,rent,https://www.ons.gov.uk/economy/inflationandpriceindices/datasets/priceindexofprivaterentsukmonthlypricestatistics
bolton,rent,https://www.ons.gov.uk/economy/inflationandpriceindices/bulletins/privaterentandhousepricesuk/august2026
bolton,market,https://www.rightmove.co.uk/property-for-sale/find.html?locationIdentifier=REGION%5E182&minBedrooms=1&maxBedrooms=1&propertyTypes=flat&includeSSTC=false&mustHave=&dontShow=retirement%2CsharedOwnership&furnishTypes=&keywords=
bolton,market,https://www.rightmove.co.uk/property-to-rent/find.html?locationIdentifier=REGION%5E182&minBedrooms=1&maxBedrooms=1&propertyTypes=flat&includeSSTC=true&mustHave=&dontShow=houseShare%2Cretirement&furnishTypes=&keywords=
bolton,market,https://los.rightmove.co.uk/typeahead?query=Bolton
bolton,transport,https://www.nationalrail.co.uk/journey-planner/
bolton,transport,https://www.traveline.info/
bolton,transport,https://tfgm.com/
bolton,environment,https://uk-air.defra.gov.uk/data/pcm-data
bolton,environment,https://api.os.uk/downloads/v1/products/OpenGreenspace
bolton,environment,https://www.gov.uk/government/statistics/english-indices-of-deprivation-2025
bradford,crime,https://api.postcodes.io/places?q=Bradford
bradford,crime,https://api.postcodes.io/postcodes?lon=-1.754561&lat=53.790778&limit=1&radius=2000
bradford,crime,https://data.police.uk/api/crimes-street/all-crime?lat=53.790778&lng=-1.754561&date=2026-07
bradford,crime,https://data.police.uk/docs/method/crime-street/
bradford,buy,https://www.gov.uk/government/statistical-data-sets/price-paid-data-downloads
bradford,rent,https://www.ons.gov.uk/economy/inflationandpriceindices/datasets/priceindexofprivaterentsukmonthlypricestatistics
bradford,rent,https://www.ons.gov.uk/economy/inflationandpriceindices/bulletins/privaterentandhousepricesuk/august2026
bradford,market,https://www.rightmove.co.uk/property-for-sale/find.html?locationIdentifier=REGION%5E198&minBedrooms=1&maxBedrooms=1&propertyTypes=flat&includeSSTC=false&mustHave=&dontShow=retirement%2CsharedOwnership&furnishTypes=&keywords=
bradford,market,https://www.rightmove.co.uk/property-to-rent/find.html?locationIdentifier=REGION%5E198&minBedrooms=1&maxBedrooms=1&propertyTypes=flat&includeSSTC=true&mustHave=&dontShow=houseShare%2Cretirement&furnishTypes=&keywords=
bradford,market,https://los.rightmove.co.uk/typeahead?query=Bradford
bradford,transport,https://www.nationalrail.co.uk/journey-planner/
bradford,transport,https://www.traveline.info/
bradford,transport,https://www.wymetro.com/
bradford,environment,https://uk-air.defra.gov.uk/data/pcm-data
bradford,environment,https://api.os.uk/downloads/v1/products/OpenGreenspace
bradford,environment,https://www.gov.uk/government/statistics/english-indices-of-deprivation-2025
burnley,crime,https://api.postcodes.io/places?q=Burnley
burnley,crime,https://api.postcodes.io/postcodes?lon=-2.244390&lat=53.787517&limit=1&radius=2000
burnley,crime,https://data.police.uk/api/crimes-street/all-crime?lat=53.787517&lng=-2.244390&date=2026-07
burnley,crime,https://data.police.uk/docs/method/crime-street/
burnley,buy,https://www.gov.uk/government/statistical-data-sets/price-paid-data-downloads
burnley,rent,https://www.ons.gov.uk/economy/inflationandpriceindices/datasets/priceindexofprivaterentsukmonthlypricestatistics
burnley,rent,https://www.ons.gov.uk/economy/inflationandpriceindices/bulletins/privaterentandhousepricesuk/august2026
burnley,market,https://www.rightmove.co.uk/property-for-sale/find.html?locationIdentifier=REGION%5E252&minBedrooms=1&maxBedrooms=1&propertyTypes=flat&includeSSTC=false&mustHave=&dontShow=retirement%2CsharedOwnership&furnishTypes=&keywords=
burnley,market,https://www.rightmove.co.uk/property-to-rent/find.html?locationIdentifier=REGION%5E252&minBedrooms=1&maxBedrooms=1&propertyTypes=flat&includeSSTC=true&mustHave=&dontShow=houseShare%2Cretirement&furnishTypes=&keywords=
burnley,market,https://los.rightmove.co.uk/typeahead?query=Burnley
burnley,transport,https://www.nationalrail.co.uk/journey-planner/
burnley,transport,https://www.traveline.info/
burnley,environment,https://uk-air.defra.gov.uk/data/pcm-data
burnley,environment,https://api.os.uk/downloads/v1/products/OpenGreenspace
burnley,environment,https://www.gov.uk/government/statistics/english-indices-of-deprivation-2025
burton-on-trent,crime,https://api.postcodes.io/places?q=Burton%20upon%20Trent
burton-on-trent,crime,https://api.postcodes.io/postcodes?lon=-1.644791&lat=52.807376&limit=1&radius=2000
burton-on-trent,crime,https://data.police.uk/api/crimes-street/all-crime?lat=52.807376&lng=-1.644791&date=2026-07
burton-on-trent,crime,https://data.police.uk/docs/method/crime-street/
burton-on-trent,buy,https://www.gov.uk/government/statistical-data-sets/price-paid-data-downloads
burton-on-trent,rent,https://www.ons.gov.uk/economy/inflationandpriceindices/datasets/priceindexofprivaterentsukmonthlypricestatistics
burton-on-trent,rent,https://www.ons.gov.uk/economy/inflationandpriceindices/bulletins/privaterentandhousepricesuk/august2026
burton-on-trent,market,https://www.rightmove.co.uk/property-for-sale/find.html?locationIdentifier=REGION%5E256&minBedrooms=1&maxBedrooms=1&propertyTypes=flat&includeSSTC=false&mustHave=&dontShow=retirement%2CsharedOwnership&furnishTypes=&keywords=
burton-on-trent,market,https://www.rightmove.co.uk/property-to-rent/find.html?locationIdentifier=REGION%5E256&minBedrooms=1&maxBedrooms=1&propertyTypes=flat&includeSSTC=true&mustHave=&dontShow=houseShare%2Cretirement&furnishTypes=&keywords=
burton-on-trent,transport,https://www.nationalrail.co.uk/journey-planner/
burton-on-trent,transport,https://www.traveline.info/
burton-on-trent,environment,https://uk-air.defra.gov.uk/data/pcm-data
burton-on-trent,environment,https://api.os.uk/downloads/v1/products/OpenGreenspace
burton-on-trent,environment,https://www.gov.uk/government/statistics/english-indices-of-deprivation-2025
cardiff,crime,https://api.postcodes.io/places?q=Cardiff
cardiff,crime,https://api.postcodes.io/postcodes?lon=-3.176855&lat=51.480005&limit=1&radius=2000
cardiff,crime,https://data.police.uk/api/crimes-street/all-crime?lat=51.480005&lng=-3.176855&date=2026-07
cardiff,crime,https://data.police.uk/docs/method/crime-street/
cardiff,buy,https://www.gov.uk/government/statistical-data-sets/price-paid-data-downloads
cardiff,rent,https://www.ons.gov.uk/economy/inflationandpriceindices/datasets/priceindexofprivaterentsukmonthlypricestatistics
cardiff,rent,https://www.ons.gov.uk/economy/inflationandpriceindices/bulletins/privaterentandhousepricesuk/august2026
cardiff,market,https://www.rightmove.co.uk/property-for-sale/find.html?locationIdentifier=REGION%5E281&minBedrooms=1&maxBedrooms=1&propertyTypes=flat&includeSSTC=false&mustHave=&dontShow=retirement%2CsharedOwnership&furnishTypes=&keywords=
cardiff,market,https://www.rightmove.co.uk/property-to-rent/find.html?locationIdentifier=REGION%5E281&minBedrooms=1&maxBedrooms=1&propertyTypes=flat&includeSSTC=true&mustHave=&dontShow=houseShare%2Cretirement&furnishTypes=&keywords=
cardiff,market,https://los.rightmove.co.uk/typeahead?query=Cardiff
cardiff,transport,https://www.nationalrail.co.uk/journey-planner/
cardiff,transport,https://www.traveline.info/
cardiff,transport,https://tfw.wales/
cardiff,environment,https://uk-air.defra.gov.uk/data/pcm-data
cardiff,environment,https://api.os.uk/downloads/v1/products/OpenGreenspace
cardiff,environment,https://stats.gov.wales/en-GB/2f8dfe38-bfa8-4f61-bc34-1d84d470a940
cardiff,environment,https://stats.gov.wales/en-GB/8c4e387a-d221-4a24-9fd4-50bdaacbe273
chester,crime,https://api.postcodes.io/places?q=Chester
chester,crime,https://api.postcodes.io/postcodes?lon=-2.891644&lat=53.190204&limit=1&radius=2000
chester,crime,https://data.police.uk/api/crimes-street/all-crime?lat=53.190204&lng=-2.891644&date=2026-07
chester,crime,https://data.police.uk/docs/method/crime-street/
chester,buy,https://www.gov.uk/government/statistical-data-sets/price-paid-data-downloads
chester,rent,https://www.ons.gov.uk/economy/inflationandpriceindices/datasets/priceindexofprivaterentsukmonthlypricestatistics
chester,rent,https://www.ons.gov.uk/economy/inflationandpriceindices/bulletins/privaterentandhousepricesuk/august2026
chester,market,https://www.rightmove.co.uk/property-for-sale/find.html?locationIdentifier=REGION%5E313&minBedrooms=1&maxBedrooms=1&propertyTypes=flat&includeSSTC=false&mustHave=&dontShow=retirement%2CsharedOwnership&furnishTypes=&keywords=
chester,market,https://www.rightmove.co.uk/property-to-rent/find.html?locationIdentifier=REGION%5E313&minBedrooms=1&maxBedrooms=1&propertyTypes=flat&includeSSTC=true&mustHave=&dontShow=houseShare%2Cretirement&furnishTypes=&keywords=
chester,market,https://los.rightmove.co.uk/typeahead?query=Chester
chester,transport,https://www.nationalrail.co.uk/journey-planner/
chester,transport,https://www.traveline.info/
chester,environment,https://uk-air.defra.gov.uk/data/pcm-data
chester,environment,https://api.os.uk/downloads/v1/products/OpenGreenspace
chester,environment,https://www.gov.uk/government/statistics/english-indices-of-deprivation-2025
chesterfield,crime,https://api.postcodes.io/places?q=Chesterfield
chesterfield,crime,https://api.postcodes.io/postcodes?lon=-1.429206&lat=53.236330&limit=1&radius=2000
chesterfield,crime,https://data.police.uk/api/crimes-street/all-crime?lat=53.236330&lng=-1.429206&date=2026-07
chesterfield,crime,https://data.police.uk/docs/method/crime-street/
chesterfield,buy,https://www.gov.uk/government/statistical-data-sets/price-paid-data-downloads
chesterfield,rent,https://www.ons.gov.uk/economy/inflationandpriceindices/datasets/priceindexofprivaterentsukmonthlypricestatistics
chesterfield,rent,https://www.ons.gov.uk/economy/inflationandpriceindices/bulletins/privaterentandhousepricesuk/august2026
chesterfield,market,https://www.rightmove.co.uk/property-for-sale/find.html?locationIdentifier=REGION%5E315&minBedrooms=1&maxBedrooms=1&propertyTypes=flat&includeSSTC=false&mustHave=&dontShow=retirement%2CsharedOwnership&furnishTypes=&keywords=
chesterfield,market,https://www.rightmove.co.uk/property-to-rent/find.html?locationIdentifier=REGION%5E315&minBedrooms=1&maxBedrooms=1&propertyTypes=flat&includeSSTC=true&mustHave=&dontShow=houseShare%2Cretirement&furnishTypes=&keywords=
chesterfield,market,https://los.rightmove.co.uk/typeahead?query=Chesterfield
chesterfield,transport,https://www.nationalrail.co.uk/journey-planner/
chesterfield,transport,https://www.traveline.info/
chesterfield,environment,https://uk-air.defra.gov.uk/data/pcm-data
chesterfield,environment,https://api.os.uk/downloads/v1/products/OpenGreenspace
chesterfield,environment,https://www.gov.uk/government/statistics/english-indices-of-deprivation-2025
coventry,crime,https://api.postcodes.io/places?q=Coventry
coventry,crime,https://api.postcodes.io/postcodes?lon=-1.506857&lat=52.407707&limit=1&radius=2000
coventry,crime,https://data.police.uk/api/crimes-street/all-crime?lat=52.407707&lng=-1.506857&date=2026-07
coventry,crime,https://data.police.uk/docs/method/crime-street/
coventry,buy,https://www.gov.uk/government/statistical-data-sets/price-paid-data-downloads
coventry,rent,https://www.ons.gov.uk/economy/inflationandpriceindices/datasets/priceindexofprivaterentsukmonthlypricestatistics
coventry,rent,https://www.ons.gov.uk/economy/inflationandpriceindices/bulletins/privaterentandhousepricesuk/august2026
coventry,market,https://www.rightmove.co.uk/property-for-sale/find.html?locationIdentifier=REGION%5E368&minBedrooms=1&maxBedrooms=1&propertyTypes=flat&includeSSTC=false&mustHave=&dontShow=retirement%2CsharedOwnership&furnishTypes=&keywords=
coventry,market,https://www.rightmove.co.uk/property-to-rent/find.html?locationIdentifier=REGION%5E368&minBedrooms=1&maxBedrooms=1&propertyTypes=flat&includeSSTC=true&mustHave=&dontShow=houseShare%2Cretirement&furnishTypes=&keywords=
coventry,market,https://los.rightmove.co.uk/typeahead?query=Coventry
coventry,transport,https://www.nationalrail.co.uk/journey-planner/
coventry,transport,https://www.traveline.info/
coventry,transport,https://www.tfwm.org.uk/
coventry,environment,https://uk-air.defra.gov.uk/data/pcm-data
coventry,environment,https://api.os.uk/downloads/v1/products/OpenGreenspace
coventry,environment,https://www.gov.uk/government/statistics/english-indices-of-deprivation-2025
darlington,crime,https://api.postcodes.io/places?q=Darlington
darlington,crime,https://api.postcodes.io/postcodes?lon=-1.553611&lat=54.523274&limit=1&radius=2000
darlington,crime,https://data.police.uk/api/crimes-street/all-crime?lat=54.523274&lng=-1.553611&date=2026-07
darlington,crime,https://data.police.uk/docs/method/crime-street/
darlington,buy,https://www.gov.uk/government/statistical-data-sets/price-paid-data-downloads
darlington,rent,https://www.ons.gov.uk/economy/inflationandpriceindices/datasets/priceindexofprivaterentsukmonthlypricestatistics
darlington,rent,https://www.ons.gov.uk/economy/inflationandpriceindices/bulletins/privaterentandhousepricesuk/august2026
darlington,market,https://www.rightmove.co.uk/property-for-sale/find.html?locationIdentifier=REGION%5E406&minBedrooms=1&maxBedrooms=1&propertyTypes=flat&includeSSTC=false&mustHave=&dontShow=retirement%2CsharedOwnership&furnishTypes=&keywords=
darlington,market,https://www.rightmove.co.uk/property-to-rent/find.html?locationIdentifier=REGION%5E406&minBedrooms=1&maxBedrooms=1&propertyTypes=flat&includeSSTC=true&mustHave=&dontShow=houseShare%2Cretirement&furnishTypes=&keywords=
darlington,market,https://los.rightmove.co.uk/typeahead?query=Darlington
darlington,transport,https://www.nationalrail.co.uk/journey-planner/
darlington,transport,https://www.traveline.info/
darlington,environment,https://uk-air.defra.gov.uk/data/pcm-data
darlington,environment,https://api.os.uk/downloads/v1/products/OpenGreenspace
darlington,environment,https://www.gov.uk/government/statistics/english-indices-of-deprivation-2025
derby,crime,https://api.postcodes.io/places?q=Derby
derby,crime,https://api.postcodes.io/postcodes?lon=-1.478054&lat=52.924693&limit=1&radius=2000
derby,crime,https://data.police.uk/api/crimes-street/all-crime?lat=52.924693&lng=-1.478054&date=2026-07
derby,crime,https://data.police.uk/docs/method/crime-street/
derby,buy,https://www.gov.uk/government/statistical-data-sets/price-paid-data-downloads
derby,rent,https://www.ons.gov.uk/economy/inflationandpriceindices/datasets/priceindexofprivaterentsukmonthlypricestatistics
derby,rent,https://www.ons.gov.uk/economy/inflationandpriceindices/bulletins/privaterentandhousepricesuk/august2026
derby,market,https://www.rightmove.co.uk/property-for-sale/find.html?locationIdentifier=REGION%5E418&minBedrooms=1&maxBedrooms=1&propertyTypes=flat&includeSSTC=false&mustHave=&dontShow=retirement%2CsharedOwnership&furnishTypes=&keywords=
derby,market,https://www.rightmove.co.uk/property-to-rent/find.html?locationIdentifier=REGION%5E418&minBedrooms=1&maxBedrooms=1&propertyTypes=flat&includeSSTC=true&mustHave=&dontShow=houseShare%2Cretirement&furnishTypes=&keywords=
derby,market,https://los.rightmove.co.uk/typeahead?query=Derby
derby,transport,https://www.nationalrail.co.uk/journey-planner/
derby,transport,https://www.traveline.info/
derby,environment,https://uk-air.defra.gov.uk/data/pcm-data
derby,environment,https://api.os.uk/downloads/v1/products/OpenGreenspace
derby,environment,https://www.gov.uk/government/statistics/english-indices-of-deprivation-2025
doncaster,crime,https://api.postcodes.io/places?q=Doncaster
doncaster,crime,https://api.postcodes.io/postcodes?lon=-1.132352&lat=53.522723&limit=1&radius=2000
doncaster,crime,https://data.police.uk/api/crimes-street/all-crime?lat=53.522723&lng=-1.132352&date=2026-07
doncaster,crime,https://data.police.uk/docs/method/crime-street/
doncaster,buy,https://www.gov.uk/government/statistical-data-sets/price-paid-data-downloads
doncaster,rent,https://www.ons.gov.uk/economy/inflationandpriceindices/datasets/priceindexofprivaterentsukmonthlypricestatistics
doncaster,rent,https://www.ons.gov.uk/economy/inflationandpriceindices/bulletins/privaterentandhousepricesuk/august2026
doncaster,market,https://www.rightmove.co.uk/property-for-sale/find.html?locationIdentifier=REGION%5E430&minBedrooms=1&maxBedrooms=1&propertyTypes=flat&includeSSTC=false&mustHave=&dontShow=retirement%2CsharedOwnership&furnishTypes=&keywords=
doncaster,market,https://www.rightmove.co.uk/property-to-rent/find.html?locationIdentifier=REGION%5E430&minBedrooms=1&maxBedrooms=1&propertyTypes=flat&includeSSTC=true&mustHave=&dontShow=houseShare%2Cretirement&furnishTypes=&keywords=
doncaster,market,https://los.rightmove.co.uk/typeahead?query=Doncaster
doncaster,transport,https://www.nationalrail.co.uk/journey-planner/
doncaster,transport,https://www.traveline.info/
doncaster,transport,https://www.travelsouthyorkshire.com/
doncaster,environment,https://uk-air.defra.gov.uk/data/pcm-data
doncaster,environment,https://api.os.uk/downloads/v1/products/OpenGreenspace
doncaster,environment,https://www.gov.uk/government/statistics/english-indices-of-deprivation-2025
gateshead,crime,https://api.postcodes.io/places?q=Gateshead
gateshead,crime,https://api.postcodes.io/postcodes?lon=-1.604945&lat=54.959914&limit=1&radius=2000
gateshead,crime,https://data.police.uk/api/crimes-street/all-crime?lat=54.959914&lng=-1.604945&date=2026-07
gateshead,crime,https://data.police.uk/docs/method/crime-street/
gateshead,buy,https://www.gov.uk/government/statistical-data-sets/price-paid-data-downloads
gateshead,rent,https://www.ons.gov.uk/economy/inflationandpriceindices/datasets/priceindexofprivaterentsukmonthlypricestatistics
gateshead,rent,https://www.ons.gov.uk/economy/inflationandpriceindices/bulletins/privaterentandhousepricesuk/august2026
gateshead,market,https://www.rightmove.co.uk/property-for-sale/find.html?locationIdentifier=REGION%5E544&minBedrooms=1&maxBedrooms=1&propertyTypes=flat&includeSSTC=false&mustHave=&dontShow=retirement%2CsharedOwnership&furnishTypes=&keywords=
gateshead,market,https://www.rightmove.co.uk/property-to-rent/find.html?locationIdentifier=REGION%5E544&minBedrooms=1&maxBedrooms=1&propertyTypes=flat&includeSSTC=true&mustHave=&dontShow=houseShare%2Cretirement&furnishTypes=&keywords=
gateshead,market,https://los.rightmove.co.uk/typeahead?query=Gateshead
gateshead,transport,https://www.nationalrail.co.uk/journey-planner/
gateshead,transport,https://www.traveline.info/
gateshead,transport,https://www.nexus.org.uk/
gateshead,environment,https://uk-air.defra.gov.uk/data/pcm-data
gateshead,environment,https://api.os.uk/downloads/v1/products/OpenGreenspace
gateshead,environment,https://www.gov.uk/government/statistics/english-indices-of-deprivation-2025
gloucester,crime,https://api.postcodes.io/places?q=Gloucester
gloucester,crime,https://api.postcodes.io/postcodes?lon=-2.246934&lat=51.864550&limit=1&radius=2000
gloucester,crime,https://data.police.uk/api/crimes-street/all-crime?lat=51.864550&lng=-2.246934&date=2026-07
gloucester,crime,https://data.police.uk/docs/method/crime-street/
gloucester,buy,https://www.gov.uk/government/statistical-data-sets/price-paid-data-downloads
gloucester,rent,https://www.ons.gov.uk/economy/inflationandpriceindices/datasets/priceindexofprivaterentsukmonthlypricestatistics
gloucester,rent,https://www.ons.gov.uk/economy/inflationandpriceindices/bulletins/privaterentandhousepricesuk/august2026
gloucester,market,https://www.rightmove.co.uk/property-for-sale/find.html?locationIdentifier=REGION%5E556&minBedrooms=1&maxBedrooms=1&propertyTypes=flat&includeSSTC=false&mustHave=&dontShow=retirement%2CsharedOwnership&furnishTypes=&keywords=
gloucester,market,https://www.rightmove.co.uk/property-to-rent/find.html?locationIdentifier=REGION%5E556&minBedrooms=1&maxBedrooms=1&propertyTypes=flat&includeSSTC=true&mustHave=&dontShow=houseShare%2Cretirement&furnishTypes=&keywords=
gloucester,market,https://los.rightmove.co.uk/typeahead?query=Gloucester
gloucester,transport,https://www.nationalrail.co.uk/journey-planner/
gloucester,transport,https://www.traveline.info/
gloucester,environment,https://uk-air.defra.gov.uk/data/pcm-data
gloucester,environment,https://api.os.uk/downloads/v1/products/OpenGreenspace
gloucester,environment,https://www.gov.uk/government/statistics/english-indices-of-deprivation-2025
halifax,crime,https://api.postcodes.io/places?q=Halifax
halifax,crime,https://api.postcodes.io/postcodes?lon=-1.860176&lat=53.722827&limit=1&radius=2000
halifax,crime,https://data.police.uk/api/crimes-street/all-crime?lat=53.722827&lng=-1.860176&date=2026-07
halifax,crime,https://data.police.uk/docs/method/crime-street/
halifax,buy,https://www.gov.uk/government/statistical-data-sets/price-paid-data-downloads
halifax,rent,https://www.ons.gov.uk/economy/inflationandpriceindices/datasets/priceindexofprivaterentsukmonthlypricestatistics
halifax,rent,https://www.ons.gov.uk/economy/inflationandpriceindices/bulletins/privaterentandhousepricesuk/august2026
halifax,market,https://www.rightmove.co.uk/property-for-sale/find.html?locationIdentifier=REGION%5E588&minBedrooms=1&maxBedrooms=1&propertyTypes=flat&includeSSTC=false&mustHave=&dontShow=retirement%2CsharedOwnership&furnishTypes=&keywords=
halifax,market,https://www.rightmove.co.uk/property-to-rent/find.html?locationIdentifier=REGION%5E588&minBedrooms=1&maxBedrooms=1&propertyTypes=flat&includeSSTC=true&mustHave=&dontShow=houseShare%2Cretirement&furnishTypes=&keywords=
halifax,market,https://los.rightmove.co.uk/typeahead?query=Halifax
halifax,transport,https://www.nationalrail.co.uk/journey-planner/
halifax,transport,https://www.traveline.info/
halifax,transport,https://www.wymetro.com/
halifax,environment,https://uk-air.defra.gov.uk/data/pcm-data
halifax,environment,https://api.os.uk/downloads/v1/products/OpenGreenspace
halifax,environment,https://www.gov.uk/government/statistics/english-indices-of-deprivation-2025
hartlepool,crime,https://api.postcodes.io/places?q=Hartlepool
hartlepool,crime,https://api.postcodes.io/postcodes?lon=-1.212911&lat=54.685388&limit=1&radius=2000
hartlepool,crime,https://data.police.uk/api/crimes-street/all-crime?lat=54.685388&lng=-1.212911&date=2026-07
hartlepool,crime,https://data.police.uk/docs/method/crime-street/
hartlepool,buy,https://www.gov.uk/government/statistical-data-sets/price-paid-data-downloads
hartlepool,rent,https://www.ons.gov.uk/economy/inflationandpriceindices/datasets/priceindexofprivaterentsukmonthlypricestatistics
hartlepool,rent,https://www.ons.gov.uk/economy/inflationandpriceindices/bulletins/privaterentandhousepricesuk/august2026
hartlepool,market,https://www.rightmove.co.uk/property-for-sale/find.html?locationIdentifier=REGION%5E601&minBedrooms=1&maxBedrooms=1&propertyTypes=flat&includeSSTC=false&mustHave=&dontShow=retirement%2CsharedOwnership&furnishTypes=&keywords=
hartlepool,market,https://www.rightmove.co.uk/property-to-rent/find.html?locationIdentifier=REGION%5E601&minBedrooms=1&maxBedrooms=1&propertyTypes=flat&includeSSTC=true&mustHave=&dontShow=houseShare%2Cretirement&furnishTypes=&keywords=
hartlepool,market,https://los.rightmove.co.uk/typeahead?query=Hartlepool
hartlepool,transport,https://www.nationalrail.co.uk/journey-planner/
hartlepool,transport,https://www.traveline.info/
hartlepool,environment,https://uk-air.defra.gov.uk/data/pcm-data
hartlepool,environment,https://api.os.uk/downloads/v1/products/OpenGreenspace
hartlepool,environment,https://www.gov.uk/government/statistics/english-indices-of-deprivation-2025
huddersfield,crime,https://api.postcodes.io/places?q=Huddersfield
huddersfield,crime,https://api.postcodes.io/postcodes?lon=-1.782201&lat=53.644281&limit=1&radius=2000
huddersfield,crime,https://data.police.uk/api/crimes-street/all-crime?lat=53.644281&lng=-1.782201&date=2026-07
huddersfield,crime,https://data.police.uk/docs/method/crime-street/
huddersfield,buy,https://www.gov.uk/government/statistical-data-sets/price-paid-data-downloads
huddersfield,rent,https://www.ons.gov.uk/economy/inflationandpriceindices/datasets/priceindexofprivaterentsukmonthlypricestatistics
huddersfield,rent,https://www.ons.gov.uk/economy/inflationandpriceindices/bulletins/privaterentandhousepricesuk/august2026
huddersfield,market,https://www.rightmove.co.uk/property-for-sale/find.html?locationIdentifier=REGION%5E664&minBedrooms=1&maxBedrooms=1&propertyTypes=flat&includeSSTC=false&mustHave=&dontShow=retirement%2CsharedOwnership&furnishTypes=&keywords=
huddersfield,market,https://www.rightmove.co.uk/property-to-rent/find.html?locationIdentifier=REGION%5E664&minBedrooms=1&maxBedrooms=1&propertyTypes=flat&includeSSTC=true&mustHave=&dontShow=houseShare%2Cretirement&furnishTypes=&keywords=
huddersfield,market,https://los.rightmove.co.uk/typeahead?query=Huddersfield
huddersfield,transport,https://www.nationalrail.co.uk/journey-planner/
huddersfield,transport,https://www.traveline.info/
huddersfield,transport,https://www.wymetro.com/
huddersfield,environment,https://uk-air.defra.gov.uk/data/pcm-data
huddersfield,environment,https://api.os.uk/downloads/v1/products/OpenGreenspace
huddersfield,environment,https://www.gov.uk/government/statistics/english-indices-of-deprivation-2025
hull-kingston-upon-hull,crime,https://api.postcodes.io/places?q=Kingston%20upon%20Hull
hull-kingston-upon-hull,crime,https://api.postcodes.io/postcodes?lon=-0.332576&lat=53.744587&limit=1&radius=2000
hull-kingston-upon-hull,crime,https://data.police.uk/api/crimes-street/all-crime?lat=53.744587&lng=-0.332576&date=2026-07
hull-kingston-upon-hull,crime,https://data.police.uk/docs/method/crime-street/
hull-kingston-upon-hull,buy,https://www.gov.uk/government/statistical-data-sets/price-paid-data-downloads
hull-kingston-upon-hull,rent,https://www.ons.gov.uk/economy/inflationandpriceindices/datasets/priceindexofprivaterentsukmonthlypricestatistics
hull-kingston-upon-hull,rent,https://www.ons.gov.uk/economy/inflationandpriceindices/bulletins/privaterentandhousepricesuk/august2026
hull-kingston-upon-hull,market,https://www.rightmove.co.uk/property-for-sale/find.html?locationIdentifier=REGION%5E61244&minBedrooms=1&maxBedrooms=1&propertyTypes=flat&includeSSTC=false&mustHave=&dontShow=retirement%2CsharedOwnership&furnishTypes=&keywords=
hull-kingston-upon-hull,market,https://www.rightmove.co.uk/property-to-rent/find.html?locationIdentifier=REGION%5E61244&minBedrooms=1&maxBedrooms=1&propertyTypes=flat&includeSSTC=true&mustHave=&dontShow=houseShare%2Cretirement&furnishTypes=&keywords=
hull-kingston-upon-hull,market,https://los.rightmove.co.uk/typeahead?query=Kingston%20upon%20Hull
hull-kingston-upon-hull,transport,https://www.nationalrail.co.uk/journey-planner/
hull-kingston-upon-hull,transport,https://www.traveline.info/
hull-kingston-upon-hull,environment,https://uk-air.defra.gov.uk/data/pcm-data
hull-kingston-upon-hull,environment,https://api.os.uk/downloads/v1/products/OpenGreenspace
hull-kingston-upon-hull,environment,https://www.gov.uk/government/statistics/english-indices-of-deprivation-2025
ipswich,crime,https://api.postcodes.io/places?q=Ipswich
ipswich,crime,https://api.postcodes.io/postcodes?lon=1.152832&lat=52.057066&limit=1&radius=2000
ipswich,crime,https://data.police.uk/api/crimes-street/all-crime?lat=52.057066&lng=1.152832&date=2026-07
ipswich,crime,https://data.police.uk/docs/method/crime-street/
ipswich,buy,https://www.gov.uk/government/statistical-data-sets/price-paid-data-downloads
ipswich,rent,https://www.ons.gov.uk/economy/inflationandpriceindices/datasets/priceindexofprivaterentsukmonthlypricestatistics
ipswich,rent,https://www.ons.gov.uk/economy/inflationandpriceindices/bulletins/privaterentandhousepricesuk/august2026
ipswich,market,https://www.rightmove.co.uk/property-for-sale/find.html?locationIdentifier=REGION%5E689&minBedrooms=1&maxBedrooms=1&propertyTypes=flat&includeSSTC=false&mustHave=&dontShow=retirement%2CsharedOwnership&furnishTypes=&keywords=
ipswich,market,https://www.rightmove.co.uk/property-to-rent/find.html?locationIdentifier=REGION%5E689&minBedrooms=1&maxBedrooms=1&propertyTypes=flat&includeSSTC=true&mustHave=&dontShow=houseShare%2Cretirement&furnishTypes=&keywords=
ipswich,market,https://los.rightmove.co.uk/typeahead?query=Ipswich
ipswich,transport,https://www.nationalrail.co.uk/journey-planner/
ipswich,transport,https://www.traveline.info/
ipswich,environment,https://uk-air.defra.gov.uk/data/pcm-data
ipswich,environment,https://api.os.uk/downloads/v1/products/OpenGreenspace
ipswich,environment,https://www.gov.uk/government/statistics/english-indices-of-deprivation-2025
kettering,crime,https://api.postcodes.io/places?q=Kettering
kettering,crime,https://api.postcodes.io/postcodes?lon=-0.728307&lat=52.399947&limit=1&radius=2000
kettering,crime,https://data.police.uk/api/crimes-street/all-crime?lat=52.399947&lng=-0.728307&date=2026-07
kettering,crime,https://data.police.uk/docs/method/crime-street/
kettering,buy,https://www.gov.uk/government/statistical-data-sets/price-paid-data-downloads
kettering,rent,https://www.ons.gov.uk/economy/inflationandpriceindices/datasets/priceindexofprivaterentsukmonthlypricestatistics
kettering,rent,https://www.ons.gov.uk/economy/inflationandpriceindices/bulletins/privaterentandhousepricesuk/august2026
kettering,market,https://www.rightmove.co.uk/property-for-sale/find.html?locationIdentifier=REGION%5E732&minBedrooms=1&maxBedrooms=1&propertyTypes=flat&includeSSTC=false&mustHave=&dontShow=retirement%2CsharedOwnership&furnishTypes=&keywords=
kettering,market,https://www.rightmove.co.uk/property-to-rent/find.html?locationIdentifier=REGION%5E732&minBedrooms=1&maxBedrooms=1&propertyTypes=flat&includeSSTC=true&mustHave=&dontShow=houseShare%2Cretirement&furnishTypes=&keywords=
kettering,market,https://los.rightmove.co.uk/typeahead?query=Kettering
kettering,transport,https://www.nationalrail.co.uk/journey-planner/
kettering,transport,https://www.traveline.info/
kettering,environment,https://uk-air.defra.gov.uk/data/pcm-data
kettering,environment,https://api.os.uk/downloads/v1/products/OpenGreenspace
kettering,environment,https://www.gov.uk/government/statistics/english-indices-of-deprivation-2025
lancaster,crime,https://api.postcodes.io/places?q=Lancaster
lancaster,crime,https://api.postcodes.io/postcodes?lon=-2.803161&lat=54.050069&limit=1&radius=2000
lancaster,crime,https://data.police.uk/api/crimes-street/all-crime?lat=54.050069&lng=-2.803161&date=2026-07
lancaster,crime,https://data.police.uk/docs/method/crime-street/
lancaster,buy,https://www.gov.uk/government/statistical-data-sets/price-paid-data-downloads
lancaster,rent,https://www.ons.gov.uk/economy/inflationandpriceindices/datasets/priceindexofprivaterentsukmonthlypricestatistics
lancaster,rent,https://www.ons.gov.uk/economy/inflationandpriceindices/bulletins/privaterentandhousepricesuk/august2026
lancaster,market,https://www.rightmove.co.uk/property-for-sale/find.html?locationIdentifier=REGION%5E769&minBedrooms=1&maxBedrooms=1&propertyTypes=flat&includeSSTC=false&mustHave=&dontShow=retirement%2CsharedOwnership&furnishTypes=&keywords=
lancaster,market,https://www.rightmove.co.uk/property-to-rent/find.html?locationIdentifier=REGION%5E769&minBedrooms=1&maxBedrooms=1&propertyTypes=flat&includeSSTC=true&mustHave=&dontShow=houseShare%2Cretirement&furnishTypes=&keywords=
lancaster,market,https://los.rightmove.co.uk/typeahead?query=Lancaster
lancaster,transport,https://www.nationalrail.co.uk/journey-planner/
lancaster,transport,https://www.traveline.info/
lancaster,environment,https://uk-air.defra.gov.uk/data/pcm-data
lancaster,environment,https://api.os.uk/downloads/v1/products/OpenGreenspace
lancaster,environment,https://www.gov.uk/government/statistics/english-indices-of-deprivation-2025
leeds,crime,https://api.postcodes.io/places?q=Leeds
leeds,crime,https://api.postcodes.io/postcodes?lon=-1.550264&lat=53.800703&limit=1&radius=2000
leeds,crime,https://data.police.uk/api/crimes-street/all-crime?lat=53.800703&lng=-1.550264&date=2026-07
leeds,crime,https://data.police.uk/docs/method/crime-street/
leeds,buy,https://www.gov.uk/government/statistical-data-sets/price-paid-data-downloads
leeds,rent,https://www.ons.gov.uk/economy/inflationandpriceindices/datasets/priceindexofprivaterentsukmonthlypricestatistics
leeds,rent,https://www.ons.gov.uk/economy/inflationandpriceindices/bulletins/privaterentandhousepricesuk/august2026
leeds,market,https://www.rightmove.co.uk/property-for-sale/find.html?locationIdentifier=REGION%5E787&minBedrooms=1&maxBedrooms=1&propertyTypes=flat&includeSSTC=false&mustHave=&dontShow=retirement%2CsharedOwnership&furnishTypes=&keywords=
leeds,market,https://www.rightmove.co.uk/property-to-rent/find.html?locationIdentifier=REGION%5E787&minBedrooms=1&maxBedrooms=1&propertyTypes=flat&includeSSTC=true&mustHave=&dontShow=houseShare%2Cretirement&furnishTypes=&keywords=
leeds,market,https://los.rightmove.co.uk/typeahead?query=Leeds
leeds,transport,https://www.nationalrail.co.uk/journey-planner/
leeds,transport,https://www.traveline.info/
leeds,transport,https://www.wymetro.com/
leeds,environment,https://uk-air.defra.gov.uk/data/pcm-data
leeds,environment,https://api.os.uk/downloads/v1/products/OpenGreenspace
leeds,environment,https://www.gov.uk/government/statistics/english-indices-of-deprivation-2025
leicester,crime,https://api.postcodes.io/places?q=Leicester
leicester,crime,https://api.postcodes.io/postcodes?lon=-1.133462&lat=52.633614&limit=1&radius=2000
leicester,crime,https://data.police.uk/api/crimes-street/all-crime?lat=52.633614&lng=-1.133462&date=2026-07
leicester,crime,https://data.police.uk/docs/method/crime-street/
leicester,buy,https://www.gov.uk/government/statistical-data-sets/price-paid-data-downloads
leicester,rent,https://www.ons.gov.uk/economy/inflationandpriceindices/datasets/priceindexofprivaterentsukmonthlypricestatistics
leicester,rent,https://www.ons.gov.uk/economy/inflationandpriceindices/bulletins/privaterentandhousepricesuk/august2026
leicester,market,https://www.rightmove.co.uk/property-for-sale/find.html?locationIdentifier=REGION%5E789&minBedrooms=1&maxBedrooms=1&propertyTypes=flat&includeSSTC=false&mustHave=&dontShow=retirement%2CsharedOwnership&furnishTypes=&keywords=
leicester,market,https://www.rightmove.co.uk/property-to-rent/find.html?locationIdentifier=REGION%5E789&minBedrooms=1&maxBedrooms=1&propertyTypes=flat&includeSSTC=true&mustHave=&dontShow=houseShare%2Cretirement&furnishTypes=&keywords=
leicester,market,https://los.rightmove.co.uk/typeahead?query=Leicester
leicester,transport,https://www.nationalrail.co.uk/journey-planner/
leicester,transport,https://www.traveline.info/
leicester,environment,https://uk-air.defra.gov.uk/data/pcm-data
leicester,environment,https://api.os.uk/downloads/v1/products/OpenGreenspace
leicester,environment,https://www.gov.uk/government/statistics/english-indices-of-deprivation-2025
lincoln,crime,https://api.postcodes.io/places?q=Lincoln
lincoln,crime,https://api.postcodes.io/postcodes?lon=-0.538440&lat=53.234841&limit=1&radius=2000
lincoln,crime,https://data.police.uk/api/crimes-street/all-crime?lat=53.234841&lng=-0.538440&date=2026-07
lincoln,crime,https://data.police.uk/docs/method/crime-street/
lincoln,buy,https://www.gov.uk/government/statistical-data-sets/price-paid-data-downloads
lincoln,rent,https://www.ons.gov.uk/economy/inflationandpriceindices/datasets/priceindexofprivaterentsukmonthlypricestatistics
lincoln,rent,https://www.ons.gov.uk/economy/inflationandpriceindices/bulletins/privaterentandhousepricesuk/august2026
lincoln,market,https://www.rightmove.co.uk/property-for-sale/find.html?locationIdentifier=REGION%5E804&minBedrooms=1&maxBedrooms=1&propertyTypes=flat&includeSSTC=false&mustHave=&dontShow=retirement%2CsharedOwnership&furnishTypes=&keywords=
lincoln,market,https://www.rightmove.co.uk/property-to-rent/find.html?locationIdentifier=REGION%5E804&minBedrooms=1&maxBedrooms=1&propertyTypes=flat&includeSSTC=true&mustHave=&dontShow=houseShare%2Cretirement&furnishTypes=&keywords=
lincoln,market,https://los.rightmove.co.uk/typeahead?query=Lincoln
lincoln,transport,https://www.nationalrail.co.uk/journey-planner/
lincoln,transport,https://www.traveline.info/
lincoln,environment,https://uk-air.defra.gov.uk/data/pcm-data
lincoln,environment,https://api.os.uk/downloads/v1/products/OpenGreenspace
lincoln,environment,https://www.gov.uk/government/statistics/english-indices-of-deprivation-2025
liverpool,crime,https://api.postcodes.io/places?q=Liverpool
liverpool,crime,https://api.postcodes.io/postcodes?lon=-2.978495&lat=53.409350&limit=1&radius=2000
liverpool,crime,https://data.police.uk/api/crimes-street/all-crime?lat=53.409350&lng=-2.978495&date=2026-07
liverpool,crime,https://data.police.uk/docs/method/crime-street/
liverpool,buy,https://www.gov.uk/government/statistical-data-sets/price-paid-data-downloads
liverpool,rent,https://www.ons.gov.uk/economy/inflationandpriceindices/datasets/priceindexofprivaterentsukmonthlypricestatistics
liverpool,rent,https://www.ons.gov.uk/economy/inflationandpriceindices/bulletins/privaterentandhousepricesuk/august2026
liverpool,market,https://www.rightmove.co.uk/property-for-sale/find.html?locationIdentifier=REGION%5E813&minBedrooms=1&maxBedrooms=1&propertyTypes=flat&includeSSTC=false&mustHave=&dontShow=retirement%2CsharedOwnership&furnishTypes=&keywords=
liverpool,market,https://www.rightmove.co.uk/property-to-rent/find.html?locationIdentifier=REGION%5E813&minBedrooms=1&maxBedrooms=1&propertyTypes=flat&includeSSTC=true&mustHave=&dontShow=houseShare%2Cretirement&furnishTypes=&keywords=
liverpool,market,https://los.rightmove.co.uk/typeahead?query=Liverpool
liverpool,transport,https://www.nationalrail.co.uk/journey-planner/
liverpool,transport,https://www.traveline.info/
liverpool,transport,https://www.merseytravel.gov.uk/
liverpool,environment,https://uk-air.defra.gov.uk/data/pcm-data
liverpool,environment,https://api.os.uk/downloads/v1/products/OpenGreenspace
liverpool,environment,https://www.gov.uk/government/statistics/english-indices-of-deprivation-2025
loughborough,crime,https://api.postcodes.io/places?q=Loughborough
loughborough,crime,https://api.postcodes.io/postcodes?lon=-1.206164&lat=52.772100&limit=1&radius=2000
loughborough,crime,https://data.police.uk/api/crimes-street/all-crime?lat=52.772100&lng=-1.206164&date=2026-07
loughborough,crime,https://data.police.uk/docs/method/crime-street/
loughborough,buy,https://www.gov.uk/government/statistical-data-sets/price-paid-data-downloads
loughborough,rent,https://www.ons.gov.uk/economy/inflationandpriceindices/datasets/priceindexofprivaterentsukmonthlypricestatistics
loughborough,rent,https://www.ons.gov.uk/economy/inflationandpriceindices/bulletins/privaterentandhousepricesuk/august2026
loughborough,market,https://www.rightmove.co.uk/property-for-sale/find.html?locationIdentifier=REGION%5E871&minBedrooms=1&maxBedrooms=1&propertyTypes=flat&includeSSTC=false&mustHave=&dontShow=retirement%2CsharedOwnership&furnishTypes=&keywords=
loughborough,market,https://www.rightmove.co.uk/property-to-rent/find.html?locationIdentifier=REGION%5E871&minBedrooms=1&maxBedrooms=1&propertyTypes=flat&includeSSTC=true&mustHave=&dontShow=houseShare%2Cretirement&furnishTypes=&keywords=
loughborough,market,https://los.rightmove.co.uk/typeahead?query=Loughborough
loughborough,transport,https://www.nationalrail.co.uk/journey-planner/
loughborough,transport,https://www.traveline.info/
loughborough,environment,https://uk-air.defra.gov.uk/data/pcm-data
loughborough,environment,https://api.os.uk/downloads/v1/products/OpenGreenspace
loughborough,environment,https://www.gov.uk/government/statistics/english-indices-of-deprivation-2025
manchester,crime,https://api.postcodes.io/places?q=Manchester
manchester,crime,https://api.postcodes.io/postcodes?lon=-2.245278&lat=53.478940&limit=1&radius=2000
manchester,crime,https://data.police.uk/api/crimes-street/all-crime?lat=53.478940&lng=-2.245278&date=2026-07
manchester,crime,https://data.police.uk/docs/method/crime-street/
manchester,crime,https://data.police.uk/changelog/
manchester,buy,https://www.gov.uk/government/statistical-data-sets/price-paid-data-downloads
manchester,rent,https://www.ons.gov.uk/economy/inflationandpriceindices/datasets/priceindexofprivaterentsukmonthlypricestatistics
manchester,rent,https://www.ons.gov.uk/economy/inflationandpriceindices/bulletins/privaterentandhousepricesuk/august2026
manchester,market,https://www.rightmove.co.uk/property-for-sale/find.html?locationIdentifier=REGION%5E904&minBedrooms=1&maxBedrooms=1&propertyTypes=flat&includeSSTC=false&mustHave=&dontShow=retirement%2CsharedOwnership&furnishTypes=&keywords=
manchester,market,https://www.rightmove.co.uk/property-to-rent/find.html?locationIdentifier=REGION%5E904&minBedrooms=1&maxBedrooms=1&propertyTypes=flat&includeSSTC=true&mustHave=&dontShow=houseShare%2Cretirement&furnishTypes=&keywords=
manchester,market,https://los.rightmove.co.uk/typeahead?query=Manchester
manchester,transport,https://www.nationalrail.co.uk/journey-planner/
manchester,transport,https://www.traveline.info/
manchester,transport,https://tfgm.com/
manchester,environment,https://uk-air.defra.gov.uk/data/pcm-data
manchester,environment,https://api.os.uk/downloads/v1/products/OpenGreenspace
manchester,environment,https://www.gov.uk/government/statistics/english-indices-of-deprivation-2025
merthyr-tydfil,crime,https://api.postcodes.io/places?q=Merthyr%20Tydfil
merthyr-tydfil,crime,https://api.postcodes.io/postcodes?lon=-3.378347&lat=51.745911&limit=1&radius=2000
merthyr-tydfil,crime,https://data.police.uk/api/crimes-street/all-crime?lat=51.745911&lng=-3.378347&date=2026-07
merthyr-tydfil,crime,https://data.police.uk/docs/method/crime-street/
merthyr-tydfil,buy,https://www.gov.uk/government/statistical-data-sets/price-paid-data-downloads
merthyr-tydfil,rent,https://www.ons.gov.uk/economy/inflationandpriceindices/datasets/priceindexofprivaterentsukmonthlypricestatistics
merthyr-tydfil,rent,https://www.ons.gov.uk/economy/inflationandpriceindices/bulletins/privaterentandhousepricesuk/august2026
merthyr-tydfil,market,https://www.rightmove.co.uk/property-for-sale/find.html?locationIdentifier=REGION%5E931&minBedrooms=1&maxBedrooms=1&propertyTypes=flat&includeSSTC=false&mustHave=&dontShow=retirement%2CsharedOwnership&furnishTypes=&keywords=
merthyr-tydfil,market,https://www.rightmove.co.uk/property-to-rent/find.html?locationIdentifier=REGION%5E931&minBedrooms=1&maxBedrooms=1&propertyTypes=flat&includeSSTC=true&mustHave=&dontShow=houseShare%2Cretirement&furnishTypes=&keywords=
merthyr-tydfil,market,https://los.rightmove.co.uk/typeahead?query=Merthyr%20Tydfil
merthyr-tydfil,transport,https://www.nationalrail.co.uk/journey-planner/
merthyr-tydfil,transport,https://www.traveline.info/
merthyr-tydfil,transport,https://tfw.wales/
merthyr-tydfil,environment,https://uk-air.defra.gov.uk/data/pcm-data
merthyr-tydfil,environment,https://api.os.uk/downloads/v1/products/OpenGreenspace
merthyr-tydfil,environment,https://stats.gov.wales/en-GB/2f8dfe38-bfa8-4f61-bc34-1d84d470a940
merthyr-tydfil,environment,https://stats.gov.wales/en-GB/8c4e387a-d221-4a24-9fd4-50bdaacbe273
middlesbrough,crime,https://api.postcodes.io/places?q=Middlesbrough
middlesbrough,crime,https://api.postcodes.io/postcodes?lon=-1.236825&lat=54.576431&limit=1&radius=2000
middlesbrough,crime,https://data.police.uk/api/crimes-street/all-crime?lat=54.576431&lng=-1.236825&date=2026-07
middlesbrough,crime,https://data.police.uk/docs/method/crime-street/
middlesbrough,buy,https://www.gov.uk/government/statistical-data-sets/price-paid-data-downloads
middlesbrough,rent,https://www.ons.gov.uk/economy/inflationandpriceindices/datasets/priceindexofprivaterentsukmonthlypricestatistics
middlesbrough,rent,https://www.ons.gov.uk/economy/inflationandpriceindices/bulletins/privaterentandhousepricesuk/august2026
middlesbrough,market,https://www.rightmove.co.uk/property-for-sale/find.html?locationIdentifier=REGION%5E933&minBedrooms=1&maxBedrooms=1&propertyTypes=flat&includeSSTC=false&mustHave=&dontShow=retirement%2CsharedOwnership&furnishTypes=&keywords=
middlesbrough,market,https://www.rightmove.co.uk/property-to-rent/find.html?locationIdentifier=REGION%5E933&minBedrooms=1&maxBedrooms=1&propertyTypes=flat&includeSSTC=true&mustHave=&dontShow=houseShare%2Cretirement&furnishTypes=&keywords=
middlesbrough,market,https://los.rightmove.co.uk/typeahead?query=Middlesbrough
middlesbrough,transport,https://www.nationalrail.co.uk/journey-planner/
middlesbrough,transport,https://www.traveline.info/
middlesbrough,environment,https://uk-air.defra.gov.uk/data/pcm-data
middlesbrough,environment,https://api.os.uk/downloads/v1/products/OpenGreenspace
middlesbrough,environment,https://www.gov.uk/government/statistics/english-indices-of-deprivation-2025
neath,crime,https://api.postcodes.io/places?q=Neath
neath,crime,https://api.postcodes.io/postcodes?lon=-3.803389&lat=51.664226&limit=1&radius=2000
neath,crime,https://data.police.uk/api/crimes-street/all-crime?lat=51.664226&lng=-3.803389&date=2026-07
neath,crime,https://data.police.uk/docs/method/crime-street/
neath,buy,https://www.gov.uk/government/statistical-data-sets/price-paid-data-downloads
neath,rent,https://www.ons.gov.uk/economy/inflationandpriceindices/datasets/priceindexofprivaterentsukmonthlypricestatistics
neath,rent,https://www.ons.gov.uk/economy/inflationandpriceindices/bulletins/privaterentandhousepricesuk/august2026
neath,market,https://www.rightmove.co.uk/property-for-sale/find.html?locationIdentifier=REGION%5E968&minBedrooms=1&maxBedrooms=1&propertyTypes=flat&includeSSTC=false&mustHave=&dontShow=retirement%2CsharedOwnership&furnishTypes=&keywords=
neath,market,https://www.rightmove.co.uk/property-to-rent/find.html?locationIdentifier=REGION%5E968&minBedrooms=1&maxBedrooms=1&propertyTypes=flat&includeSSTC=true&mustHave=&dontShow=houseShare%2Cretirement&furnishTypes=&keywords=
neath,market,https://los.rightmove.co.uk/typeahead?query=Neath
neath,transport,https://www.nationalrail.co.uk/journey-planner/
neath,transport,https://www.traveline.info/
neath,transport,https://tfw.wales/
neath,environment,https://uk-air.defra.gov.uk/data/pcm-data
neath,environment,https://api.os.uk/downloads/v1/products/OpenGreenspace
neath,environment,https://stats.gov.wales/en-GB/2f8dfe38-bfa8-4f61-bc34-1d84d470a940
neath,environment,https://stats.gov.wales/en-GB/8c4e387a-d221-4a24-9fd4-50bdaacbe273
newcastle-upon-tyne,crime,https://api.postcodes.io/places?q=Newcastle%20upon%20Tyne
newcastle-upon-tyne,crime,https://api.postcodes.io/postcodes?lon=-1.610189&lat=54.978011&limit=1&radius=2000
newcastle-upon-tyne,crime,https://data.police.uk/api/crimes-street/all-crime?lat=54.978011&lng=-1.610189&date=2026-07
newcastle-upon-tyne,crime,https://data.police.uk/docs/method/crime-street/
newcastle-upon-tyne,buy,https://www.gov.uk/government/statistical-data-sets/price-paid-data-downloads
newcastle-upon-tyne,rent,https://www.ons.gov.uk/economy/inflationandpriceindices/datasets/priceindexofprivaterentsukmonthlypricestatistics
newcastle-upon-tyne,rent,https://www.ons.gov.uk/economy/inflationandpriceindices/bulletins/privaterentandhousepricesuk/august2026
newcastle-upon-tyne,market,https://www.rightmove.co.uk/property-for-sale/find.html?locationIdentifier=REGION%5E984&minBedrooms=1&maxBedrooms=1&propertyTypes=flat&includeSSTC=false&mustHave=&dontShow=retirement%2CsharedOwnership&furnishTypes=&keywords=
newcastle-upon-tyne,market,https://www.rightmove.co.uk/property-to-rent/find.html?locationIdentifier=REGION%5E984&minBedrooms=1&maxBedrooms=1&propertyTypes=flat&includeSSTC=true&mustHave=&dontShow=houseShare%2Cretirement&furnishTypes=&keywords=
newcastle-upon-tyne,market,https://los.rightmove.co.uk/typeahead?query=Newcastle%20upon%20Tyne
newcastle-upon-tyne,transport,https://www.nationalrail.co.uk/journey-planner/
newcastle-upon-tyne,transport,https://www.traveline.info/
newcastle-upon-tyne,transport,https://www.nexus.org.uk/
newcastle-upon-tyne,environment,https://uk-air.defra.gov.uk/data/pcm-data
newcastle-upon-tyne,environment,https://api.os.uk/downloads/v1/products/OpenGreenspace
newcastle-upon-tyne,environment,https://www.gov.uk/government/statistics/english-indices-of-deprivation-2025
newport,crime,https://api.postcodes.io/places?q=Casnewydd
newport,crime,https://api.postcodes.io/postcodes?lon=-2.996742&lat=51.587902&limit=1&radius=2000
newport,crime,https://data.police.uk/api/crimes-street/all-crime?lat=51.587902&lng=-2.996742&date=2026-07
newport,crime,https://data.police.uk/docs/method/crime-street/
newport,buy,https://www.gov.uk/government/statistical-data-sets/price-paid-data-downloads
newport,rent,https://www.ons.gov.uk/economy/inflationandpriceindices/datasets/priceindexofprivaterentsukmonthlypricestatistics
newport,rent,https://www.ons.gov.uk/economy/inflationandpriceindices/bulletins/privaterentandhousepricesuk/august2026
newport,market,https://www.rightmove.co.uk/property-for-sale/find.html?locationIdentifier=REGION%5E991&minBedrooms=1&maxBedrooms=1&propertyTypes=flat&includeSSTC=false&mustHave=&dontShow=retirement%2CsharedOwnership&furnishTypes=&keywords=
newport,market,https://www.rightmove.co.uk/property-to-rent/find.html?locationIdentifier=REGION%5E991&minBedrooms=1&maxBedrooms=1&propertyTypes=flat&includeSSTC=true&mustHave=&dontShow=houseShare%2Cretirement&furnishTypes=&keywords=
newport,market,https://los.rightmove.co.uk/typeahead?query=Newport
newport,transport,https://www.nationalrail.co.uk/journey-planner/
newport,transport,https://www.traveline.info/
newport,transport,https://tfw.wales/
newport,environment,https://uk-air.defra.gov.uk/data/pcm-data
newport,environment,https://api.os.uk/downloads/v1/products/OpenGreenspace
newport,environment,https://stats.gov.wales/en-GB/2f8dfe38-bfa8-4f61-bc34-1d84d470a940
newport,environment,https://stats.gov.wales/en-GB/8c4e387a-d221-4a24-9fd4-50bdaacbe273
northampton,crime,https://api.postcodes.io/places?q=Northampton
northampton,crime,https://api.postcodes.io/postcodes?lon=-0.895046&lat=52.237858&limit=1&radius=2000
northampton,crime,https://data.police.uk/api/crimes-street/all-crime?lat=52.237858&lng=-0.895046&date=2026-07
northampton,crime,https://data.police.uk/docs/method/crime-street/
northampton,buy,https://www.gov.uk/government/statistical-data-sets/price-paid-data-downloads
northampton,rent,https://www.ons.gov.uk/economy/inflationandpriceindices/datasets/priceindexofprivaterentsukmonthlypricestatistics
northampton,rent,https://www.ons.gov.uk/economy/inflationandpriceindices/bulletins/privaterentandhousepricesuk/august2026
northampton,market,https://www.rightmove.co.uk/property-for-sale/find.html?locationIdentifier=REGION%5E1014&minBedrooms=1&maxBedrooms=1&propertyTypes=flat&includeSSTC=false&mustHave=&dontShow=retirement%2CsharedOwnership&furnishTypes=&keywords=
northampton,market,https://www.rightmove.co.uk/property-to-rent/find.html?locationIdentifier=REGION%5E1014&minBedrooms=1&maxBedrooms=1&propertyTypes=flat&includeSSTC=true&mustHave=&dontShow=houseShare%2Cretirement&furnishTypes=&keywords=
northampton,market,https://los.rightmove.co.uk/typeahead?query=Northampton
northampton,transport,https://www.nationalrail.co.uk/journey-planner/
northampton,transport,https://www.traveline.info/
northampton,environment,https://uk-air.defra.gov.uk/data/pcm-data
northampton,environment,https://api.os.uk/downloads/v1/products/OpenGreenspace
northampton,environment,https://www.gov.uk/government/statistics/english-indices-of-deprivation-2025
norwich,crime,https://api.postcodes.io/places?q=Norwich
norwich,crime,https://api.postcodes.io/postcodes?lon=1.293307&lat=52.628869&limit=1&radius=2000
norwich,crime,https://data.police.uk/api/crimes-street/all-crime?lat=52.628869&lng=1.293307&date=2026-07
norwich,crime,https://data.police.uk/docs/method/crime-street/
norwich,buy,https://www.gov.uk/government/statistical-data-sets/price-paid-data-downloads
norwich,rent,https://www.ons.gov.uk/economy/inflationandpriceindices/datasets/priceindexofprivaterentsukmonthlypricestatistics
norwich,rent,https://www.ons.gov.uk/economy/inflationandpriceindices/bulletins/privaterentandhousepricesuk/august2026
norwich,market,https://www.rightmove.co.uk/property-for-sale/find.html?locationIdentifier=REGION%5E1018&minBedrooms=1&maxBedrooms=1&propertyTypes=flat&includeSSTC=false&mustHave=&dontShow=retirement%2CsharedOwnership&furnishTypes=&keywords=
norwich,market,https://www.rightmove.co.uk/property-to-rent/find.html?locationIdentifier=REGION%5E1018&minBedrooms=1&maxBedrooms=1&propertyTypes=flat&includeSSTC=true&mustHave=&dontShow=houseShare%2Cretirement&furnishTypes=&keywords=
norwich,market,https://los.rightmove.co.uk/typeahead?query=Norwich
norwich,transport,https://www.nationalrail.co.uk/journey-planner/
norwich,transport,https://www.traveline.info/
norwich,environment,https://uk-air.defra.gov.uk/data/pcm-data
norwich,environment,https://api.os.uk/downloads/v1/products/OpenGreenspace
norwich,environment,https://www.gov.uk/government/statistics/english-indices-of-deprivation-2025
nottingham,crime,https://api.postcodes.io/places?q=Nottingham
nottingham,crime,https://api.postcodes.io/postcodes?lon=-1.151204&lat=52.956196&limit=1&radius=2000
nottingham,crime,https://data.police.uk/api/crimes-street/all-crime?lat=52.956196&lng=-1.151204&date=2026-07
nottingham,crime,https://data.police.uk/docs/method/crime-street/
nottingham,buy,https://www.gov.uk/government/statistical-data-sets/price-paid-data-downloads
nottingham,rent,https://www.ons.gov.uk/economy/inflationandpriceindices/datasets/priceindexofprivaterentsukmonthlypricestatistics
nottingham,rent,https://www.ons.gov.uk/economy/inflationandpriceindices/bulletins/privaterentandhousepricesuk/august2026
nottingham,market,https://www.rightmove.co.uk/property-for-sale/find.html?locationIdentifier=REGION%5E1019&minBedrooms=1&maxBedrooms=1&propertyTypes=flat&includeSSTC=false&mustHave=&dontShow=retirement%2CsharedOwnership&furnishTypes=&keywords=
nottingham,market,https://www.rightmove.co.uk/property-to-rent/find.html?locationIdentifier=REGION%5E1019&minBedrooms=1&maxBedrooms=1&propertyTypes=flat&includeSSTC=true&mustHave=&dontShow=houseShare%2Cretirement&furnishTypes=&keywords=
nottingham,market,https://los.rightmove.co.uk/typeahead?query=Nottingham
nottingham,transport,https://www.nationalrail.co.uk/journey-planner/
nottingham,transport,https://www.traveline.info/
nottingham,transport,https://www.transportnottingham.com/
nottingham,environment,https://uk-air.defra.gov.uk/data/pcm-data
nottingham,environment,https://api.os.uk/downloads/v1/products/OpenGreenspace
nottingham,environment,https://www.gov.uk/government/statistics/english-indices-of-deprivation-2025
peterborough,crime,https://api.postcodes.io/places?q=Peterborough
peterborough,crime,https://api.postcodes.io/postcodes?lon=-0.242498&lat=52.572509&limit=1&radius=2000
peterborough,crime,https://data.police.uk/api/crimes-street/all-crime?lat=52.572509&lng=-0.242498&date=2026-07
peterborough,crime,https://data.police.uk/docs/method/crime-street/
peterborough,buy,https://www.gov.uk/government/statistical-data-sets/price-paid-data-downloads
peterborough,rent,https://www.ons.gov.uk/economy/inflationandpriceindices/datasets/priceindexofprivaterentsukmonthlypricestatistics
peterborough,rent,https://www.ons.gov.uk/economy/inflationandpriceindices/bulletins/privaterentandhousepricesuk/august2026
peterborough,market,https://www.rightmove.co.uk/property-for-sale/find.html?locationIdentifier=REGION%5E1061&minBedrooms=1&maxBedrooms=1&propertyTypes=flat&includeSSTC=false&mustHave=&dontShow=retirement%2CsharedOwnership&furnishTypes=&keywords=
peterborough,market,https://www.rightmove.co.uk/property-to-rent/find.html?locationIdentifier=REGION%5E1061&minBedrooms=1&maxBedrooms=1&propertyTypes=flat&includeSSTC=true&mustHave=&dontShow=houseShare%2Cretirement&furnishTypes=&keywords=
peterborough,market,https://los.rightmove.co.uk/typeahead?query=Peterborough
peterborough,transport,https://www.nationalrail.co.uk/journey-planner/
peterborough,transport,https://www.traveline.info/
peterborough,environment,https://uk-air.defra.gov.uk/data/pcm-data
peterborough,environment,https://api.os.uk/downloads/v1/products/OpenGreenspace
peterborough,environment,https://www.gov.uk/government/statistics/english-indices-of-deprivation-2025
plymouth,crime,https://api.postcodes.io/places?q=Plymouth
plymouth,crime,https://api.postcodes.io/postcodes?lon=-4.142068&lat=50.370015&limit=1&radius=2000
plymouth,crime,https://data.police.uk/api/crimes-street/all-crime?lat=50.370015&lng=-4.142068&date=2026-07
plymouth,crime,https://data.police.uk/docs/method/crime-street/
plymouth,buy,https://www.gov.uk/government/statistical-data-sets/price-paid-data-downloads
plymouth,rent,https://www.ons.gov.uk/economy/inflationandpriceindices/datasets/priceindexofprivaterentsukmonthlypricestatistics
plymouth,rent,https://www.ons.gov.uk/economy/inflationandpriceindices/bulletins/privaterentandhousepricesuk/august2026
plymouth,market,https://www.rightmove.co.uk/property-for-sale/find.html?locationIdentifier=REGION%5E1073&minBedrooms=1&maxBedrooms=1&propertyTypes=flat&includeSSTC=false&mustHave=&dontShow=retirement%2CsharedOwnership&furnishTypes=&keywords=
plymouth,market,https://www.rightmove.co.uk/property-to-rent/find.html?locationIdentifier=REGION%5E1073&minBedrooms=1&maxBedrooms=1&propertyTypes=flat&includeSSTC=true&mustHave=&dontShow=houseShare%2Cretirement&furnishTypes=&keywords=
plymouth,market,https://los.rightmove.co.uk/typeahead?query=Plymouth
plymouth,transport,https://www.nationalrail.co.uk/journey-planner/
plymouth,transport,https://www.traveline.info/
plymouth,environment,https://uk-air.defra.gov.uk/data/pcm-data
plymouth,environment,https://api.os.uk/downloads/v1/products/OpenGreenspace
plymouth,environment,https://www.gov.uk/government/statistics/english-indices-of-deprivation-2025
portsmouth,crime,https://api.postcodes.io/places?q=Portsmouth
portsmouth,crime,https://api.postcodes.io/postcodes?lon=-1.091170&lat=50.796850&limit=1&radius=2000
portsmouth,crime,https://data.police.uk/api/crimes-street/all-crime?lat=50.796850&lng=-1.091170&date=2026-07
portsmouth,crime,https://data.police.uk/docs/method/crime-street/
portsmouth,buy,https://www.gov.uk/government/statistical-data-sets/price-paid-data-downloads
portsmouth,rent,https://www.ons.gov.uk/economy/inflationandpriceindices/datasets/priceindexofprivaterentsukmonthlypricestatistics
portsmouth,rent,https://www.ons.gov.uk/economy/inflationandpriceindices/bulletins/privaterentandhousepricesuk/august2026
portsmouth,market,https://www.rightmove.co.uk/property-for-sale/find.html?locationIdentifier=REGION%5E1089&minBedrooms=1&maxBedrooms=1&propertyTypes=flat&includeSSTC=false&mustHave=&dontShow=retirement%2CsharedOwnership&furnishTypes=&keywords=
portsmouth,market,https://www.rightmove.co.uk/property-to-rent/find.html?locationIdentifier=REGION%5E1089&minBedrooms=1&maxBedrooms=1&propertyTypes=flat&includeSSTC=true&mustHave=&dontShow=houseShare%2Cretirement&furnishTypes=&keywords=
portsmouth,market,https://los.rightmove.co.uk/typeahead?query=Portsmouth
portsmouth,transport,https://www.nationalrail.co.uk/journey-planner/
portsmouth,transport,https://www.traveline.info/
portsmouth,environment,https://uk-air.defra.gov.uk/data/pcm-data
portsmouth,environment,https://api.os.uk/downloads/v1/products/OpenGreenspace
portsmouth,environment,https://www.gov.uk/government/statistics/english-indices-of-deprivation-2025
preston,crime,https://api.postcodes.io/places?q=Preston
preston,crime,https://api.postcodes.io/postcodes?lon=-2.698528&lat=53.760554&limit=1&radius=2000
preston,crime,https://data.police.uk/api/crimes-street/all-crime?lat=53.760554&lng=-2.698528&date=2026-07
preston,crime,https://data.police.uk/docs/method/crime-street/
preston,buy,https://www.gov.uk/government/statistical-data-sets/price-paid-data-downloads
preston,rent,https://www.ons.gov.uk/economy/inflationandpriceindices/datasets/priceindexofprivaterentsukmonthlypricestatistics
preston,rent,https://www.ons.gov.uk/economy/inflationandpriceindices/bulletins/privaterentandhousepricesuk/august2026
preston,market,https://www.rightmove.co.uk/property-for-sale/find.html?locationIdentifier=REGION%5E1097&minBedrooms=1&maxBedrooms=1&propertyTypes=flat&includeSSTC=false&mustHave=&dontShow=retirement%2CsharedOwnership&furnishTypes=&keywords=
preston,market,https://www.rightmove.co.uk/property-to-rent/find.html?locationIdentifier=REGION%5E1097&minBedrooms=1&maxBedrooms=1&propertyTypes=flat&includeSSTC=true&mustHave=&dontShow=houseShare%2Cretirement&furnishTypes=&keywords=
preston,market,https://los.rightmove.co.uk/typeahead?query=Preston
preston,transport,https://www.nationalrail.co.uk/journey-planner/
preston,transport,https://www.traveline.info/
preston,environment,https://uk-air.defra.gov.uk/data/pcm-data
preston,environment,https://api.os.uk/downloads/v1/products/OpenGreenspace
preston,environment,https://www.gov.uk/government/statistics/english-indices-of-deprivation-2025
rotherham,crime,https://api.postcodes.io/places?q=Rotherham
rotherham,crime,https://api.postcodes.io/postcodes?lon=-1.354738&lat=53.430720&limit=1&radius=2000
rotherham,crime,https://data.police.uk/api/crimes-street/all-crime?lat=53.430720&lng=-1.354738&date=2026-07
rotherham,crime,https://data.police.uk/docs/method/crime-street/
rotherham,buy,https://www.gov.uk/government/statistical-data-sets/price-paid-data-downloads
rotherham,rent,https://www.ons.gov.uk/economy/inflationandpriceindices/datasets/priceindexofprivaterentsukmonthlypricestatistics
rotherham,rent,https://www.ons.gov.uk/economy/inflationandpriceindices/bulletins/privaterentandhousepricesuk/august2026
rotherham,market,https://www.rightmove.co.uk/property-for-sale/find.html?locationIdentifier=REGION%5E1145&minBedrooms=1&maxBedrooms=1&propertyTypes=flat&includeSSTC=false&mustHave=&dontShow=retirement%2CsharedOwnership&furnishTypes=&keywords=
rotherham,market,https://www.rightmove.co.uk/property-to-rent/find.html?locationIdentifier=REGION%5E1145&minBedrooms=1&maxBedrooms=1&propertyTypes=flat&includeSSTC=true&mustHave=&dontShow=houseShare%2Cretirement&furnishTypes=&keywords=
rotherham,market,https://los.rightmove.co.uk/typeahead?query=Rotherham
rotherham,transport,https://www.nationalrail.co.uk/journey-planner/
rotherham,transport,https://www.traveline.info/
rotherham,transport,https://www.travelsouthyorkshire.com/
rotherham,environment,https://uk-air.defra.gov.uk/data/pcm-data
rotherham,environment,https://api.os.uk/downloads/v1/products/OpenGreenspace
rotherham,environment,https://www.gov.uk/government/statistics/english-indices-of-deprivation-2025
salford,crime,https://api.postcodes.io/places?q=Salford
salford,crime,https://api.postcodes.io/postcodes?lon=-2.294998&lat=53.480643&limit=1&radius=2000
salford,crime,https://data.police.uk/api/crimes-street/all-crime?lat=53.480643&lng=-2.294998&date=2026-07
salford,crime,https://data.police.uk/docs/method/crime-street/
salford,crime,https://data.police.uk/changelog/
salford,buy,https://www.gov.uk/government/statistical-data-sets/price-paid-data-downloads
salford,rent,https://www.ons.gov.uk/economy/inflationandpriceindices/datasets/priceindexofprivaterentsukmonthlypricestatistics
salford,rent,https://www.ons.gov.uk/economy/inflationandpriceindices/bulletins/privaterentandhousepricesuk/august2026
salford,market,https://www.rightmove.co.uk/property-for-sale/find.html?locationIdentifier=REGION%5E1164&minBedrooms=1&maxBedrooms=1&propertyTypes=flat&includeSSTC=false&mustHave=&dontShow=retirement%2CsharedOwnership&furnishTypes=&keywords=
salford,market,https://www.rightmove.co.uk/property-to-rent/find.html?locationIdentifier=REGION%5E1164&minBedrooms=1&maxBedrooms=1&propertyTypes=flat&includeSSTC=true&mustHave=&dontShow=houseShare%2Cretirement&furnishTypes=&keywords=
salford,market,https://los.rightmove.co.uk/typeahead?query=Salford
salford,transport,https://www.nationalrail.co.uk/journey-planner/
salford,transport,https://www.traveline.info/
salford,transport,https://tfgm.com/
salford,environment,https://uk-air.defra.gov.uk/data/pcm-data
salford,environment,https://api.os.uk/downloads/v1/products/OpenGreenspace
salford,environment,https://www.gov.uk/government/statistics/english-indices-of-deprivation-2025
sheffield,crime,https://api.postcodes.io/places?q=Sheffield
sheffield,crime,https://api.postcodes.io/postcodes?lon=-1.468536&lat=53.382508&limit=1&radius=2000
sheffield,crime,https://data.police.uk/api/crimes-street/all-crime?lat=53.382508&lng=-1.468536&date=2026-07
sheffield,crime,https://data.police.uk/docs/method/crime-street/
sheffield,buy,https://www.gov.uk/government/statistical-data-sets/price-paid-data-downloads
sheffield,rent,https://www.ons.gov.uk/economy/inflationandpriceindices/datasets/priceindexofprivaterentsukmonthlypricestatistics
sheffield,rent,https://www.ons.gov.uk/economy/inflationandpriceindices/bulletins/privaterentandhousepricesuk/august2026
sheffield,market,https://www.rightmove.co.uk/property-for-sale/find.html?locationIdentifier=REGION%5E1195&minBedrooms=1&maxBedrooms=1&propertyTypes=flat&includeSSTC=false&mustHave=&dontShow=retirement%2CsharedOwnership&furnishTypes=&keywords=
sheffield,market,https://www.rightmove.co.uk/property-to-rent/find.html?locationIdentifier=REGION%5E1195&minBedrooms=1&maxBedrooms=1&propertyTypes=flat&includeSSTC=true&mustHave=&dontShow=houseShare%2Cretirement&furnishTypes=&keywords=
sheffield,market,https://los.rightmove.co.uk/typeahead?query=Sheffield
sheffield,transport,https://www.nationalrail.co.uk/journey-planner/
sheffield,transport,https://www.traveline.info/
sheffield,transport,https://www.travelsouthyorkshire.com/
sheffield,environment,https://uk-air.defra.gov.uk/data/pcm-data
sheffield,environment,https://api.os.uk/downloads/v1/products/OpenGreenspace
sheffield,environment,https://www.gov.uk/government/statistics/english-indices-of-deprivation-2025
shrewsbury,crime,https://api.postcodes.io/places?q=Shrewsbury
shrewsbury,crime,https://api.postcodes.io/postcodes?lon=-2.754329&lat=52.708167&limit=1&radius=2000
shrewsbury,crime,https://data.police.uk/api/crimes-street/all-crime?lat=52.708167&lng=-2.754329&date=2026-07
shrewsbury,crime,https://data.police.uk/docs/method/crime-street/
shrewsbury,buy,https://www.gov.uk/government/statistical-data-sets/price-paid-data-downloads
shrewsbury,rent,https://www.ons.gov.uk/economy/inflationandpriceindices/datasets/priceindexofprivaterentsukmonthlypricestatistics
shrewsbury,rent,https://www.ons.gov.uk/economy/inflationandpriceindices/bulletins/privaterentandhousepricesuk/august2026
shrewsbury,market,https://www.rightmove.co.uk/property-for-sale/find.html?locationIdentifier=REGION%5E1208&minBedrooms=1&maxBedrooms=1&propertyTypes=flat&includeSSTC=false&mustHave=&dontShow=retirement%2CsharedOwnership&furnishTypes=&keywords=
shrewsbury,market,https://www.rightmove.co.uk/property-to-rent/find.html?locationIdentifier=REGION%5E1208&minBedrooms=1&maxBedrooms=1&propertyTypes=flat&includeSSTC=true&mustHave=&dontShow=houseShare%2Cretirement&furnishTypes=&keywords=
shrewsbury,market,https://los.rightmove.co.uk/typeahead?query=Shrewsbury
shrewsbury,transport,https://www.nationalrail.co.uk/journey-planner/
shrewsbury,transport,https://www.traveline.info/
shrewsbury,environment,https://uk-air.defra.gov.uk/data/pcm-data
shrewsbury,environment,https://api.os.uk/downloads/v1/products/OpenGreenspace
shrewsbury,environment,https://www.gov.uk/government/statistics/english-indices-of-deprivation-2025
st-helens,crime,https://api.postcodes.io/places?q=St%20Helens
st-helens,crime,https://api.postcodes.io/postcodes?lon=-2.738189&lat=53.455338&limit=1&radius=2000
st-helens,crime,https://data.police.uk/api/crimes-street/all-crime?lat=53.455338&lng=-2.738189&date=2026-07
st-helens,crime,https://data.police.uk/docs/method/crime-street/
st-helens,buy,https://www.gov.uk/government/statistical-data-sets/price-paid-data-downloads
st-helens,rent,https://www.ons.gov.uk/economy/inflationandpriceindices/datasets/priceindexofprivaterentsukmonthlypricestatistics
st-helens,rent,https://www.ons.gov.uk/economy/inflationandpriceindices/bulletins/privaterentandhousepricesuk/august2026
st-helens,market,https://www.rightmove.co.uk/property-for-sale/find.html?locationIdentifier=REGION%5E1250&minBedrooms=1&maxBedrooms=1&propertyTypes=flat&includeSSTC=false&mustHave=&dontShow=retirement%2CsharedOwnership&furnishTypes=&keywords=
st-helens,market,https://www.rightmove.co.uk/property-to-rent/find.html?locationIdentifier=REGION%5E1250&minBedrooms=1&maxBedrooms=1&propertyTypes=flat&includeSSTC=true&mustHave=&dontShow=houseShare%2Cretirement&furnishTypes=&keywords=
st-helens,market,https://los.rightmove.co.uk/typeahead?query=St%20Helens
st-helens,transport,https://www.nationalrail.co.uk/journey-planner/
st-helens,transport,https://www.traveline.info/
st-helens,transport,https://www.merseytravel.gov.uk/
st-helens,environment,https://uk-air.defra.gov.uk/data/pcm-data
st-helens,environment,https://api.os.uk/downloads/v1/products/OpenGreenspace
st-helens,environment,https://www.gov.uk/government/statistics/english-indices-of-deprivation-2025
stafford,crime,https://api.postcodes.io/places?q=Stafford
stafford,crime,https://api.postcodes.io/postcodes?lon=-2.116656&lat=52.805800&limit=1&radius=2000
stafford,crime,https://data.police.uk/api/crimes-street/all-crime?lat=52.805800&lng=-2.116656&date=2026-07
stafford,crime,https://data.police.uk/docs/method/crime-street/
stafford,buy,https://www.gov.uk/government/statistical-data-sets/price-paid-data-downloads
stafford,rent,https://www.ons.gov.uk/economy/inflationandpriceindices/datasets/priceindexofprivaterentsukmonthlypricestatistics
stafford,rent,https://www.ons.gov.uk/economy/inflationandpriceindices/bulletins/privaterentandhousepricesuk/august2026
stafford,market,https://www.rightmove.co.uk/property-for-sale/find.html?locationIdentifier=REGION%5E1255&minBedrooms=1&maxBedrooms=1&propertyTypes=flat&includeSSTC=false&mustHave=&dontShow=retirement%2CsharedOwnership&furnishTypes=&keywords=
stafford,market,https://www.rightmove.co.uk/property-to-rent/find.html?locationIdentifier=REGION%5E1255&minBedrooms=1&maxBedrooms=1&propertyTypes=flat&includeSSTC=true&mustHave=&dontShow=houseShare%2Cretirement&furnishTypes=&keywords=
stafford,market,https://los.rightmove.co.uk/typeahead?query=Stafford
stafford,transport,https://www.nationalrail.co.uk/journey-planner/
stafford,transport,https://www.traveline.info/
stafford,environment,https://uk-air.defra.gov.uk/data/pcm-data
stafford,environment,https://api.os.uk/downloads/v1/products/OpenGreenspace
stafford,environment,https://www.gov.uk/government/statistics/english-indices-of-deprivation-2025
stockport,crime,https://api.postcodes.io/places?q=Stockport
stockport,crime,https://api.postcodes.io/postcodes?lon=-2.158961&lat=53.408023&limit=1&radius=2000
stockport,crime,https://data.police.uk/api/crimes-street/all-crime?lat=53.408023&lng=-2.158961&date=2026-07
stockport,crime,https://data.police.uk/docs/method/crime-street/
stockport,crime,https://data.police.uk/changelog/
stockport,buy,https://www.gov.uk/government/statistical-data-sets/price-paid-data-downloads
stockport,rent,https://www.ons.gov.uk/economy/inflationandpriceindices/datasets/priceindexofprivaterentsukmonthlypricestatistics
stockport,rent,https://www.ons.gov.uk/economy/inflationandpriceindices/bulletins/privaterentandhousepricesuk/august2026
stockport,market,https://www.rightmove.co.uk/property-for-sale/find.html?locationIdentifier=REGION%5E1268&minBedrooms=1&maxBedrooms=1&propertyTypes=flat&includeSSTC=false&mustHave=&dontShow=retirement%2CsharedOwnership&furnishTypes=&keywords=
stockport,market,https://www.rightmove.co.uk/property-to-rent/find.html?locationIdentifier=REGION%5E1268&minBedrooms=1&maxBedrooms=1&propertyTypes=flat&includeSSTC=true&mustHave=&dontShow=houseShare%2Cretirement&furnishTypes=&keywords=
stockport,market,https://los.rightmove.co.uk/typeahead?query=Stockport
stockport,transport,https://www.nationalrail.co.uk/journey-planner/
stockport,transport,https://www.traveline.info/
stockport,transport,https://tfgm.com/
stockport,environment,https://uk-air.defra.gov.uk/data/pcm-data
stockport,environment,https://api.os.uk/downloads/v1/products/OpenGreenspace
stockport,environment,https://www.gov.uk/government/statistics/english-indices-of-deprivation-2025
stockton-on-tees,crime,https://api.postcodes.io/places?q=Stockton-on-Tees
stockton-on-tees,crime,https://api.postcodes.io/postcodes?lon=-1.312668&lat=54.563971&limit=1&radius=2000
stockton-on-tees,crime,https://data.police.uk/api/crimes-street/all-crime?lat=54.563971&lng=-1.312668&date=2026-07
stockton-on-tees,crime,https://data.police.uk/docs/method/crime-street/
stockton-on-tees,buy,https://www.gov.uk/government/statistical-data-sets/price-paid-data-downloads
stockton-on-tees,rent,https://www.ons.gov.uk/economy/inflationandpriceindices/datasets/priceindexofprivaterentsukmonthlypricestatistics
stockton-on-tees,rent,https://www.ons.gov.uk/economy/inflationandpriceindices/bulletins/privaterentandhousepricesuk/august2026
stockton-on-tees,market,https://www.rightmove.co.uk/property-for-sale/find.html?locationIdentifier=REGION%5E1270&minBedrooms=1&maxBedrooms=1&propertyTypes=flat&includeSSTC=false&mustHave=&dontShow=retirement%2CsharedOwnership&furnishTypes=&keywords=
stockton-on-tees,market,https://www.rightmove.co.uk/property-to-rent/find.html?locationIdentifier=REGION%5E1270&minBedrooms=1&maxBedrooms=1&propertyTypes=flat&includeSSTC=true&mustHave=&dontShow=houseShare%2Cretirement&furnishTypes=&keywords=
stockton-on-tees,transport,https://www.nationalrail.co.uk/journey-planner/
stockton-on-tees,transport,https://www.traveline.info/
stockton-on-tees,environment,https://uk-air.defra.gov.uk/data/pcm-data
stockton-on-tees,environment,https://api.os.uk/downloads/v1/products/OpenGreenspace
stockton-on-tees,environment,https://www.gov.uk/government/statistics/english-indices-of-deprivation-2025
stoke-on-trent,crime,https://api.postcodes.io/places?q=Stoke-on-Trent
stoke-on-trent,crime,https://api.postcodes.io/postcodes?lon=-2.173369&lat=53.022184&limit=1&radius=2000
stoke-on-trent,crime,https://data.police.uk/api/crimes-street/all-crime?lat=53.022184&lng=-2.173369&date=2026-07
stoke-on-trent,crime,https://data.police.uk/docs/method/crime-street/
stoke-on-trent,buy,https://www.gov.uk/government/statistical-data-sets/price-paid-data-downloads
stoke-on-trent,rent,https://www.ons.gov.uk/economy/inflationandpriceindices/datasets/priceindexofprivaterentsukmonthlypricestatistics
stoke-on-trent,rent,https://www.ons.gov.uk/economy/inflationandpriceindices/bulletins/privaterentandhousepricesuk/august2026
stoke-on-trent,market,https://www.rightmove.co.uk/property-for-sale/find.html?locationIdentifier=REGION%5E1271&minBedrooms=1&maxBedrooms=1&propertyTypes=flat&includeSSTC=false&mustHave=&dontShow=retirement%2CsharedOwnership&furnishTypes=&keywords=
stoke-on-trent,market,https://www.rightmove.co.uk/property-to-rent/find.html?locationIdentifier=REGION%5E1271&minBedrooms=1&maxBedrooms=1&propertyTypes=flat&includeSSTC=true&mustHave=&dontShow=houseShare%2Cretirement&furnishTypes=&keywords=
stoke-on-trent,transport,https://www.nationalrail.co.uk/journey-planner/
stoke-on-trent,transport,https://www.traveline.info/
stoke-on-trent,environment,https://uk-air.defra.gov.uk/data/pcm-data
stoke-on-trent,environment,https://api.os.uk/downloads/v1/products/OpenGreenspace
stoke-on-trent,environment,https://www.gov.uk/government/statistics/english-indices-of-deprivation-2025
sunderland,crime,https://api.postcodes.io/places?q=Sunderland
sunderland,crime,https://api.postcodes.io/postcodes?lon=-1.383803&lat=54.902165&limit=1&radius=2000
sunderland,crime,https://data.police.uk/api/crimes-street/all-crime?lat=54.902165&lng=-1.383803&date=2026-07
sunderland,crime,https://data.police.uk/docs/method/crime-street/
sunderland,buy,https://www.gov.uk/government/statistical-data-sets/price-paid-data-downloads
sunderland,rent,https://www.ons.gov.uk/economy/inflationandpriceindices/datasets/priceindexofprivaterentsukmonthlypricestatistics
sunderland,rent,https://www.ons.gov.uk/economy/inflationandpriceindices/bulletins/privaterentandhousepricesuk/august2026
sunderland,market,https://www.rightmove.co.uk/property-for-sale/find.html?locationIdentifier=REGION%5E1295&minBedrooms=1&maxBedrooms=1&propertyTypes=flat&includeSSTC=false&mustHave=&dontShow=retirement%2CsharedOwnership&furnishTypes=&keywords=
sunderland,market,https://www.rightmove.co.uk/property-to-rent/find.html?locationIdentifier=REGION%5E1295&minBedrooms=1&maxBedrooms=1&propertyTypes=flat&includeSSTC=true&mustHave=&dontShow=houseShare%2Cretirement&furnishTypes=&keywords=
sunderland,market,https://los.rightmove.co.uk/typeahead?query=Sunderland
sunderland,transport,https://www.nationalrail.co.uk/journey-planner/
sunderland,transport,https://www.traveline.info/
sunderland,transport,https://www.nexus.org.uk/
sunderland,environment,https://uk-air.defra.gov.uk/data/pcm-data
sunderland,environment,https://api.os.uk/downloads/v1/products/OpenGreenspace
sunderland,environment,https://www.gov.uk/government/statistics/english-indices-of-deprivation-2025
swansea,crime,https://api.postcodes.io/places?q=Swansea
swansea,crime,https://api.postcodes.io/postcodes?lon=-3.941418&lat=51.620110&limit=1&radius=2000
swansea,crime,https://data.police.uk/api/crimes-street/all-crime?lat=51.620110&lng=-3.941418&date=2026-07
swansea,crime,https://data.police.uk/docs/method/crime-street/
swansea,buy,https://www.gov.uk/government/statistical-data-sets/price-paid-data-downloads
swansea,rent,https://www.ons.gov.uk/economy/inflationandpriceindices/datasets/priceindexofprivaterentsukmonthlypricestatistics
swansea,rent,https://www.ons.gov.uk/economy/inflationandpriceindices/bulletins/privaterentandhousepricesuk/august2026
swansea,market,https://www.rightmove.co.uk/property-for-sale/find.html?locationIdentifier=REGION%5E1305&minBedrooms=1&maxBedrooms=1&propertyTypes=flat&includeSSTC=false&mustHave=&dontShow=retirement%2CsharedOwnership&furnishTypes=&keywords=
swansea,market,https://www.rightmove.co.uk/property-to-rent/find.html?locationIdentifier=REGION%5E1305&minBedrooms=1&maxBedrooms=1&propertyTypes=flat&includeSSTC=true&mustHave=&dontShow=houseShare%2Cretirement&furnishTypes=&keywords=
swansea,market,https://los.rightmove.co.uk/typeahead?query=Swansea
swansea,transport,https://www.nationalrail.co.uk/journey-planner/
swansea,transport,https://www.traveline.info/
swansea,transport,https://tfw.wales/
swansea,environment,https://uk-air.defra.gov.uk/data/pcm-data
swansea,environment,https://api.os.uk/downloads/v1/products/OpenGreenspace
swansea,environment,https://stats.gov.wales/en-GB/2f8dfe38-bfa8-4f61-bc34-1d84d470a940
swansea,environment,https://stats.gov.wales/en-GB/8c4e387a-d221-4a24-9fd4-50bdaacbe273
swindon,crime,https://api.postcodes.io/places?q=Swindon
swindon,crime,https://api.postcodes.io/postcodes?lon=-1.785458&lat=51.561532&limit=1&radius=2000
swindon,crime,https://data.police.uk/api/crimes-street/all-crime?lat=51.561532&lng=-1.785458&date=2026-07
swindon,crime,https://data.police.uk/docs/method/crime-street/
swindon,buy,https://www.gov.uk/government/statistical-data-sets/price-paid-data-downloads
swindon,rent,https://www.ons.gov.uk/economy/inflationandpriceindices/datasets/priceindexofprivaterentsukmonthlypricestatistics
swindon,rent,https://www.ons.gov.uk/economy/inflationandpriceindices/bulletins/privaterentandhousepricesuk/august2026
swindon,market,https://www.rightmove.co.uk/property-for-sale/find.html?locationIdentifier=REGION%5E1306&minBedrooms=1&maxBedrooms=1&propertyTypes=flat&includeSSTC=false&mustHave=&dontShow=retirement%2CsharedOwnership&furnishTypes=&keywords=
swindon,market,https://www.rightmove.co.uk/property-to-rent/find.html?locationIdentifier=REGION%5E1306&minBedrooms=1&maxBedrooms=1&propertyTypes=flat&includeSSTC=true&mustHave=&dontShow=houseShare%2Cretirement&furnishTypes=&keywords=
swindon,market,https://los.rightmove.co.uk/typeahead?query=Swindon
swindon,transport,https://www.nationalrail.co.uk/journey-planner/
swindon,transport,https://www.traveline.info/
swindon,environment,https://uk-air.defra.gov.uk/data/pcm-data
swindon,environment,https://api.os.uk/downloads/v1/products/OpenGreenspace
swindon,environment,https://www.gov.uk/government/statistics/english-indices-of-deprivation-2025
telford,crime,https://api.postcodes.io/places?q=Telford
telford,crime,https://api.postcodes.io/postcodes?lon=-2.448752&lat=52.675404&limit=1&radius=2000
telford,crime,https://data.police.uk/api/crimes-street/all-crime?lat=52.675404&lng=-2.448752&date=2026-07
telford,crime,https://data.police.uk/docs/method/crime-street/
telford,buy,https://www.gov.uk/government/statistical-data-sets/price-paid-data-downloads
telford,rent,https://www.ons.gov.uk/economy/inflationandpriceindices/datasets/priceindexofprivaterentsukmonthlypricestatistics
telford,rent,https://www.ons.gov.uk/economy/inflationandpriceindices/bulletins/privaterentandhousepricesuk/august2026
telford,market,https://www.rightmove.co.uk/property-for-sale/find.html?locationIdentifier=REGION%5E1323&minBedrooms=1&maxBedrooms=1&propertyTypes=flat&includeSSTC=false&mustHave=&dontShow=retirement%2CsharedOwnership&furnishTypes=&keywords=
telford,market,https://www.rightmove.co.uk/property-to-rent/find.html?locationIdentifier=REGION%5E1323&minBedrooms=1&maxBedrooms=1&propertyTypes=flat&includeSSTC=true&mustHave=&dontShow=houseShare%2Cretirement&furnishTypes=&keywords=
telford,market,https://los.rightmove.co.uk/typeahead?query=Telford
telford,transport,https://www.nationalrail.co.uk/journey-planner/
telford,transport,https://www.traveline.info/
telford,transport,https://www.tfwm.org.uk/
telford,environment,https://uk-air.defra.gov.uk/data/pcm-data
telford,environment,https://api.os.uk/downloads/v1/products/OpenGreenspace
telford,environment,https://www.gov.uk/government/statistics/english-indices-of-deprivation-2025
torbay,crime,https://api.postcodes.io/places?q=Torquay
torbay,crime,https://api.postcodes.io/postcodes?lon=-3.531407&lat=50.468826&limit=1&radius=2000
torbay,crime,https://data.police.uk/api/crimes-street/all-crime?lat=50.468826&lng=-3.531407&date=2026-07
torbay,crime,https://data.police.uk/docs/method/crime-street/
torbay,buy,https://www.gov.uk/government/statistical-data-sets/price-paid-data-downloads
torbay,rent,https://www.ons.gov.uk/economy/inflationandpriceindices/datasets/priceindexofprivaterentsukmonthlypricestatistics
torbay,rent,https://www.ons.gov.uk/economy/inflationandpriceindices/bulletins/privaterentandhousepricesuk/august2026
torbay,market,https://www.rightmove.co.uk/property-for-sale/find.html?locationIdentifier=REGION%5E61274&minBedrooms=1&maxBedrooms=1&propertyTypes=flat&includeSSTC=false&mustHave=&dontShow=retirement%2CsharedOwnership&furnishTypes=&keywords=
torbay,market,https://www.rightmove.co.uk/property-to-rent/find.html?locationIdentifier=REGION%5E61274&minBedrooms=1&maxBedrooms=1&propertyTypes=flat&includeSSTC=true&mustHave=&dontShow=houseShare%2Cretirement&furnishTypes=&keywords=
torbay,market,https://los.rightmove.co.uk/typeahead?query=Torbay
torbay,transport,https://www.nationalrail.co.uk/journey-planner/
torbay,transport,https://www.traveline.info/
torbay,environment,https://uk-air.defra.gov.uk/data/pcm-data
torbay,environment,https://api.os.uk/downloads/v1/products/OpenGreenspace
torbay,environment,https://www.gov.uk/government/statistics/english-indices-of-deprivation-2025
wakefield,crime,https://api.postcodes.io/places?q=Wakefield
wakefield,crime,https://api.postcodes.io/postcodes?lon=-1.498169&lat=53.683704&limit=1&radius=2000
wakefield,crime,https://data.police.uk/api/crimes-street/all-crime?lat=53.683704&lng=-1.498169&date=2026-07
wakefield,crime,https://data.police.uk/docs/method/crime-street/
wakefield,buy,https://www.gov.uk/government/statistical-data-sets/price-paid-data-downloads
wakefield,rent,https://www.ons.gov.uk/economy/inflationandpriceindices/datasets/priceindexofprivaterentsukmonthlypricestatistics
wakefield,rent,https://www.ons.gov.uk/economy/inflationandpriceindices/bulletins/privaterentandhousepricesuk/august2026
wakefield,market,https://www.rightmove.co.uk/property-for-sale/find.html?locationIdentifier=REGION%5E1386&minBedrooms=1&maxBedrooms=1&propertyTypes=flat&includeSSTC=false&mustHave=&dontShow=retirement%2CsharedOwnership&furnishTypes=&keywords=
wakefield,market,https://www.rightmove.co.uk/property-to-rent/find.html?locationIdentifier=REGION%5E1386&minBedrooms=1&maxBedrooms=1&propertyTypes=flat&includeSSTC=true&mustHave=&dontShow=houseShare%2Cretirement&furnishTypes=&keywords=
wakefield,market,https://los.rightmove.co.uk/typeahead?query=Wakefield
wakefield,transport,https://www.nationalrail.co.uk/journey-planner/
wakefield,transport,https://www.traveline.info/
wakefield,transport,https://www.wymetro.com/
wakefield,environment,https://uk-air.defra.gov.uk/data/pcm-data
wakefield,environment,https://api.os.uk/downloads/v1/products/OpenGreenspace
wakefield,environment,https://www.gov.uk/government/statistics/english-indices-of-deprivation-2025
walsall,crime,https://api.postcodes.io/places?q=Walsall
walsall,crime,https://api.postcodes.io/postcodes?lon=-1.980341&lat=52.586221&limit=1&radius=2000
walsall,crime,https://data.police.uk/api/crimes-street/all-crime?lat=52.586221&lng=-1.980341&date=2026-07
walsall,crime,https://data.police.uk/docs/method/crime-street/
walsall,buy,https://www.gov.uk/government/statistical-data-sets/price-paid-data-downloads
walsall,rent,https://www.ons.gov.uk/economy/inflationandpriceindices/datasets/priceindexofprivaterentsukmonthlypricestatistics
walsall,rent,https://www.ons.gov.uk/economy/inflationandpriceindices/bulletins/privaterentandhousepricesuk/august2026
walsall,market,https://www.rightmove.co.uk/property-for-sale/find.html?locationIdentifier=REGION%5E1392&minBedrooms=1&maxBedrooms=1&propertyTypes=flat&includeSSTC=false&mustHave=&dontShow=retirement%2CsharedOwnership&furnishTypes=&keywords=
walsall,market,https://www.rightmove.co.uk/property-to-rent/find.html?locationIdentifier=REGION%5E1392&minBedrooms=1&maxBedrooms=1&propertyTypes=flat&includeSSTC=true&mustHave=&dontShow=houseShare%2Cretirement&furnishTypes=&keywords=
walsall,market,https://los.rightmove.co.uk/typeahead?query=Walsall
walsall,transport,https://www.nationalrail.co.uk/journey-planner/
walsall,transport,https://www.traveline.info/
walsall,transport,https://www.tfwm.org.uk/
walsall,environment,https://uk-air.defra.gov.uk/data/pcm-data
walsall,environment,https://api.os.uk/downloads/v1/products/OpenGreenspace
walsall,environment,https://www.gov.uk/government/statistics/english-indices-of-deprivation-2025
warrington,crime,https://api.postcodes.io/places?q=Warrington
warrington,crime,https://api.postcodes.io/postcodes?lon=-2.590897&lat=53.389570&limit=1&radius=2000
warrington,crime,https://data.police.uk/api/crimes-street/all-crime?lat=53.389570&lng=-2.590897&date=2026-07
warrington,crime,https://data.police.uk/docs/method/crime-street/
warrington,buy,https://www.gov.uk/government/statistical-data-sets/price-paid-data-downloads
warrington,rent,https://www.ons.gov.uk/economy/inflationandpriceindices/datasets/priceindexofprivaterentsukmonthlypricestatistics
warrington,rent,https://www.ons.gov.uk/economy/inflationandpriceindices/bulletins/privaterentandhousepricesuk/august2026
warrington,market,https://www.rightmove.co.uk/property-for-sale/find.html?locationIdentifier=REGION%5E1403&minBedrooms=1&maxBedrooms=1&propertyTypes=flat&includeSSTC=false&mustHave=&dontShow=retirement%2CsharedOwnership&furnishTypes=&keywords=
warrington,market,https://www.rightmove.co.uk/property-to-rent/find.html?locationIdentifier=REGION%5E1403&minBedrooms=1&maxBedrooms=1&propertyTypes=flat&includeSSTC=true&mustHave=&dontShow=houseShare%2Cretirement&furnishTypes=&keywords=
warrington,market,https://los.rightmove.co.uk/typeahead?query=Warrington
warrington,transport,https://www.nationalrail.co.uk/journey-planner/
warrington,transport,https://www.traveline.info/
warrington,environment,https://uk-air.defra.gov.uk/data/pcm-data
warrington,environment,https://api.os.uk/downloads/v1/products/OpenGreenspace
warrington,environment,https://www.gov.uk/government/statistics/english-indices-of-deprivation-2025
wigan,crime,https://api.postcodes.io/places?q=Wigan
wigan,crime,https://api.postcodes.io/postcodes?lon=-2.629695&lat=53.545539&limit=1&radius=2000
wigan,crime,https://data.police.uk/api/crimes-street/all-crime?lat=53.545539&lng=-2.629695&date=2026-07
wigan,crime,https://data.police.uk/docs/method/crime-street/
wigan,crime,https://data.police.uk/changelog/
wigan,buy,https://www.gov.uk/government/statistical-data-sets/price-paid-data-downloads
wigan,rent,https://www.ons.gov.uk/economy/inflationandpriceindices/datasets/priceindexofprivaterentsukmonthlypricestatistics
wigan,rent,https://www.ons.gov.uk/economy/inflationandpriceindices/bulletins/privaterentandhousepricesuk/august2026
wigan,market,https://www.rightmove.co.uk/property-for-sale/find.html?locationIdentifier=REGION%5E1452&minBedrooms=1&maxBedrooms=1&propertyTypes=flat&includeSSTC=false&mustHave=&dontShow=retirement%2CsharedOwnership&furnishTypes=&keywords=
wigan,market,https://www.rightmove.co.uk/property-to-rent/find.html?locationIdentifier=REGION%5E1452&minBedrooms=1&maxBedrooms=1&propertyTypes=flat&includeSSTC=true&mustHave=&dontShow=houseShare%2Cretirement&furnishTypes=&keywords=
wigan,market,https://los.rightmove.co.uk/typeahead?query=Wigan
wigan,transport,https://www.nationalrail.co.uk/journey-planner/
wigan,transport,https://www.traveline.info/
wigan,transport,https://tfgm.com/
wigan,environment,https://uk-air.defra.gov.uk/data/pcm-data
wigan,environment,https://api.os.uk/downloads/v1/products/OpenGreenspace
wigan,environment,https://www.gov.uk/government/statistics/english-indices-of-deprivation-2025
wolverhampton,crime,https://api.postcodes.io/places?q=Wolverhampton
wolverhampton,crime,https://api.postcodes.io/postcodes?lon=-2.129916&lat=52.586205&limit=1&radius=2000
wolverhampton,crime,https://data.police.uk/api/crimes-street/all-crime?lat=52.586205&lng=-2.129916&date=2026-07
wolverhampton,crime,https://data.police.uk/docs/method/crime-street/
wolverhampton,buy,https://www.gov.uk/government/statistical-data-sets/price-paid-data-downloads
wolverhampton,rent,https://www.ons.gov.uk/economy/inflationandpriceindices/datasets/priceindexofprivaterentsukmonthlypricestatistics
wolverhampton,rent,https://www.ons.gov.uk/economy/inflationandpriceindices/bulletins/privaterentandhousepricesuk/august2026
wolverhampton,market,https://www.rightmove.co.uk/property-for-sale/find.html?locationIdentifier=REGION%5E1476&minBedrooms=1&maxBedrooms=1&propertyTypes=flat&includeSSTC=false&mustHave=&dontShow=retirement%2CsharedOwnership&furnishTypes=&keywords=
wolverhampton,market,https://www.rightmove.co.uk/property-to-rent/find.html?locationIdentifier=REGION%5E1476&minBedrooms=1&maxBedrooms=1&propertyTypes=flat&includeSSTC=true&mustHave=&dontShow=houseShare%2Cretirement&furnishTypes=&keywords=
wolverhampton,market,https://los.rightmove.co.uk/typeahead?query=Wolverhampton
wolverhampton,transport,https://www.nationalrail.co.uk/journey-planner/
wolverhampton,transport,https://www.traveline.info/
wolverhampton,transport,https://www.tfwm.org.uk/
wolverhampton,environment,https://uk-air.defra.gov.uk/data/pcm-data
wolverhampton,environment,https://api.os.uk/downloads/v1/products/OpenGreenspace
wolverhampton,environment,https://www.gov.uk/government/statistics/english-indices-of-deprivation-2025
worcester,crime,https://api.postcodes.io/places?q=Worcester
worcester,crime,https://api.postcodes.io/postcodes?lon=-2.221088&lat=52.192932&limit=1&radius=2000
worcester,crime,https://data.police.uk/api/crimes-street/all-crime?lat=52.192932&lng=-2.221088&date=2026-07
worcester,crime,https://data.police.uk/docs/method/crime-street/
worcester,buy,https://www.gov.uk/government/statistical-data-sets/price-paid-data-downloads
worcester,rent,https://www.ons.gov.uk/economy/inflationandpriceindices/datasets/priceindexofprivaterentsukmonthlypricestatistics
worcester,rent,https://www.ons.gov.uk/economy/inflationandpriceindices/bulletins/privaterentandhousepricesuk/august2026
worcester,market,https://www.rightmove.co.uk/property-for-sale/find.html?locationIdentifier=REGION%5E1483&minBedrooms=1&maxBedrooms=1&propertyTypes=flat&includeSSTC=false&mustHave=&dontShow=retirement%2CsharedOwnership&furnishTypes=&keywords=
worcester,market,https://www.rightmove.co.uk/property-to-rent/find.html?locationIdentifier=REGION%5E1483&minBedrooms=1&maxBedrooms=1&propertyTypes=flat&includeSSTC=true&mustHave=&dontShow=houseShare%2Cretirement&furnishTypes=&keywords=
worcester,market,https://los.rightmove.co.uk/typeahead?query=Worcester
worcester,transport,https://www.nationalrail.co.uk/journey-planner/
worcester,transport,https://www.traveline.info/
worcester,environment,https://uk-air.defra.gov.uk/data/pcm-data
worcester,environment,https://api.os.uk/downloads/v1/products/OpenGreenspace
worcester,environment,https://www.gov.uk/government/statistics/english-indices-of-deprivation-2025
wrexham,crime,https://api.postcodes.io/places?q=Wrexham
wrexham,crime,https://api.postcodes.io/postcodes?lon=-2.994781&lat=53.047921&limit=1&radius=2000
wrexham,crime,https://data.police.uk/api/crimes-street/all-crime?lat=53.047921&lng=-2.994781&date=2026-07
wrexham,crime,https://data.police.uk/docs/method/crime-street/
wrexham,buy,https://www.gov.uk/government/statistical-data-sets/price-paid-data-downloads
wrexham,rent,https://www.ons.gov.uk/economy/inflationandpriceindices/datasets/priceindexofprivaterentsukmonthlypricestatistics
wrexham,rent,https://www.ons.gov.uk/economy/inflationandpriceindices/bulletins/privaterentandhousepricesuk/august2026
wrexham,market,https://www.rightmove.co.uk/property-for-sale/find.html?locationIdentifier=REGION%5E1489&minBedrooms=1&maxBedrooms=1&propertyTypes=flat&includeSSTC=false&mustHave=&dontShow=retirement%2CsharedOwnership&furnishTypes=&keywords=
wrexham,market,https://www.rightmove.co.uk/property-to-rent/find.html?locationIdentifier=REGION%5E1489&minBedrooms=1&maxBedrooms=1&propertyTypes=flat&includeSSTC=true&mustHave=&dontShow=houseShare%2Cretirement&furnishTypes=&keywords=
bristol,buy,https://www.gov.uk/government/statistical-data-sets/price-paid-data-downloads
bristol,rent,https://www.ons.gov.uk/economy/inflationandpriceindices/datasets/priceindexofprivaterentsukmonthlypricestatistics
southampton,buy,https://www.gov.uk/government/statistical-data-sets/price-paid-data-downloads
southampton,rent,https://www.ons.gov.uk/economy/inflationandpriceindices/datasets/priceindexofprivaterentsukmonthlypricestatistics
bournemouth-poole,buy,https://www.gov.uk/government/statistical-data-sets/price-paid-data-downloads
bournemouth-poole,rent,https://www.ons.gov.uk/economy/inflationandpriceindices/datasets/priceindexofprivaterentsukmonthlypricestatistics
brighton-hove,buy,https://www.gov.uk/government/statistical-data-sets/price-paid-data-downloads
brighton-hove,rent,https://www.ons.gov.uk/economy/inflationandpriceindices/datasets/priceindexofprivaterentsukmonthlypricestatistics
exeter,buy,https://www.gov.uk/government/statistical-data-sets/price-paid-data-downloads
exeter,rent,https://www.ons.gov.uk/economy/inflationandpriceindices/datasets/priceindexofprivaterentsukmonthlypricestatistics
reading,buy,https://www.gov.uk/government/statistical-data-sets/price-paid-data-downloads
reading,rent,https://www.ons.gov.uk/economy/inflationandpriceindices/datasets/priceindexofprivaterentsukmonthlypricestatistics
milton-keynes,buy,https://www.gov.uk/government/statistical-data-sets/price-paid-data-downloads
milton-keynes,rent,https://www.ons.gov.uk/economy/inflationandpriceindices/datasets/priceindexofprivaterentsukmonthlypricestatistics
luton,buy,https://www.gov.uk/government/statistical-data-sets/price-paid-data-downloads
luton,rent,https://www.ons.gov.uk/economy/inflationandpriceindices/datasets/priceindexofprivaterentsukmonthlypricestatistics
southend-on-sea,buy,https://www.gov.uk/government/statistical-data-sets/price-paid-data-downloads
southend-on-sea,rent,https://www.ons.gov.uk/economy/inflationandpriceindices/datasets/priceindexofprivaterentsukmonthlypricestatistics
cambridge,buy,https://www.gov.uk/government/statistical-data-sets/price-paid-data-downloads
cambridge,rent,https://www.ons.gov.uk/economy/inflationandpriceindices/datasets/priceindexofprivaterentsukmonthlypricestatistics
colchester,buy,https://www.gov.uk/government/statistical-data-sets/price-paid-data-downloads
colchester,rent,https://www.ons.gov.uk/economy/inflationandpriceindices/datasets/priceindexofprivaterentsukmonthlypricestatistics
oxford,buy,https://www.gov.uk/government/statistical-data-sets/price-paid-data-downloads
oxford,rent,https://www.ons.gov.uk/economy/inflationandpriceindices/datasets/priceindexofprivaterentsukmonthlypricestatistics
bath,buy,https://www.gov.uk/government/statistical-data-sets/price-paid-data-downloads
bath,rent,https://www.ons.gov.uk/economy/inflationandpriceindices/datasets/priceindexofprivaterentsukmonthlypricestatistics
bridgend,buy,https://www.gov.uk/government/statistical-data-sets/price-paid-data-downloads
bridgend,rent,https://www.ons.gov.uk/economy/inflationandpriceindices/datasets/priceindexofprivaterentsukmonthlypricestatistics
llanelli,buy,https://www.gov.uk/government/statistical-data-sets/price-paid-data-downloads
llanelli,rent,https://www.ons.gov.uk/economy/inflationandpriceindices/datasets/priceindexofprivaterentsukmonthlypricestatistics
bangor,buy,https://www.gov.uk/government/statistical-data-sets/price-paid-data-downloads
bangor,rent,https://www.ons.gov.uk/economy/inflationandpriceindices/datasets/priceindexofprivaterentsukmonthlypricestatistics
rhyl,buy,https://www.gov.uk/government/statistical-data-sets/price-paid-data-downloads
rhyl,rent,https://www.ons.gov.uk/economy/inflationandpriceindices/datasets/priceindexofprivaterentsukmonthlypricestatistics
york,buy,https://www.gov.uk/government/statistical-data-sets/price-paid-data-downloads
york,rent,https://www.ons.gov.uk/economy/inflationandpriceindices/datasets/priceindexofprivaterentsukmonthlypricestatistics
durham,buy,https://www.gov.uk/government/statistical-data-sets/price-paid-data-downloads
durham,rent,https://www.ons.gov.uk/economy/inflationandpriceindices/datasets/priceindexofprivaterentsukmonthlypricestatistics
cheltenham,buy,https://www.gov.uk/government/statistical-data-sets/price-paid-data-downloads
cheltenham,rent,https://www.ons.gov.uk/economy/inflationandpriceindices/datasets/priceindexofprivaterentsukmonthlypricestatistics
cheltenham,crime,https://api.postcodes.io/places?q=Cheltenham
wrexham,market,https://los.rightmove.co.uk/typeahead?query=Wrexham
wrexham,transport,https://www.nationalrail.co.uk/journey-planner/
wrexham,transport,https://www.traveline.info/
wrexham,transport,https://tfw.wales/
wrexham,environment,https://uk-air.defra.gov.uk/data/pcm-data
wrexham,environment,https://api.os.uk/downloads/v1/products/OpenGreenspace
wrexham,environment,https://stats.gov.wales/en-GB/2f8dfe38-bfa8-4f61-bc34-1d84d470a940
wrexham,environment,https://stats.gov.wales/en-GB/8c4e387a-d221-4a24-9fd4-50bdaacbe273
bristol,market,https://los.rightmove.co.uk/typeahead?query=Bristol
bristol,market,https://www.rightmove.co.uk/property-for-sale/find.html?locationIdentifier=REGION%5E219&minBedrooms=1&maxBedrooms=1&propertyTypes=flat&includeSSTC=false&mustHave=&dontShow=retirement%2CsharedOwnership&furnishTypes=&keywords=
bristol,market,https://www.rightmove.co.uk/property-to-rent/find.html?locationIdentifier=REGION%5E219&minBedrooms=1&maxBedrooms=1&propertyTypes=flat&includeSSTC=true&mustHave=&dontShow=houseShare%2Cretirement&furnishTypes=&keywords=
southampton,market,https://los.rightmove.co.uk/typeahead?query=Southampton
southampton,market,https://www.rightmove.co.uk/property-for-sale/find.html?locationIdentifier=REGION%5E1231&minBedrooms=1&maxBedrooms=1&propertyTypes=flat&includeSSTC=false&mustHave=&dontShow=retirement%2CsharedOwnership&furnishTypes=&keywords=
southampton,market,https://www.rightmove.co.uk/property-to-rent/find.html?locationIdentifier=REGION%5E1231&minBedrooms=1&maxBedrooms=1&propertyTypes=flat&includeSSTC=true&mustHave=&dontShow=houseShare%2Cretirement&furnishTypes=&keywords=
bournemouth-poole,market,https://los.rightmove.co.uk/typeahead?query=Bournemouth
bournemouth-poole,market,https://www.rightmove.co.uk/property-for-sale/find.html?locationIdentifier=REGION%5E194&minBedrooms=1&maxBedrooms=1&propertyTypes=flat&includeSSTC=false&mustHave=&dontShow=retirement%2CsharedOwnership&furnishTypes=&keywords=
bournemouth-poole,market,https://www.rightmove.co.uk/property-to-rent/find.html?locationIdentifier=REGION%5E194&minBedrooms=1&maxBedrooms=1&propertyTypes=flat&includeSSTC=true&mustHave=&dontShow=houseShare%2Cretirement&furnishTypes=&keywords=
bournemouth-poole,market,https://los.rightmove.co.uk/typeahead?query=Poole
bournemouth-poole,market,https://www.rightmove.co.uk/property-for-sale/find.html?locationIdentifier=REGION%5E1079&minBedrooms=1&maxBedrooms=1&propertyTypes=flat&includeSSTC=false&mustHave=&dontShow=retirement%2CsharedOwnership&furnishTypes=&keywords=
bournemouth-poole,market,https://www.rightmove.co.uk/property-to-rent/find.html?locationIdentifier=REGION%5E1079&minBedrooms=1&maxBedrooms=1&propertyTypes=flat&includeSSTC=true&mustHave=&dontShow=houseShare%2Cretirement&furnishTypes=&keywords=
brighton-hove,market,https://los.rightmove.co.uk/typeahead?query=Brighton
brighton-hove,market,https://www.rightmove.co.uk/property-for-sale/find.html?locationIdentifier=REGION%5E61480&minBedrooms=1&maxBedrooms=1&propertyTypes=flat&includeSSTC=false&mustHave=&dontShow=retirement%2CsharedOwnership&furnishTypes=&keywords=
brighton-hove,market,https://www.rightmove.co.uk/property-to-rent/find.html?locationIdentifier=REGION%5E61480&minBedrooms=1&maxBedrooms=1&propertyTypes=flat&includeSSTC=true&mustHave=&dontShow=houseShare%2Cretirement&furnishTypes=&keywords=
exeter,market,https://los.rightmove.co.uk/typeahead?query=Exeter
exeter,market,https://www.rightmove.co.uk/property-for-sale/find.html?locationIdentifier=REGION%5E494&minBedrooms=1&maxBedrooms=1&propertyTypes=flat&includeSSTC=false&mustHave=&dontShow=retirement%2CsharedOwnership&furnishTypes=&keywords=
exeter,market,https://www.rightmove.co.uk/property-to-rent/find.html?locationIdentifier=REGION%5E494&minBedrooms=1&maxBedrooms=1&propertyTypes=flat&includeSSTC=true&mustHave=&dontShow=houseShare%2Cretirement&furnishTypes=&keywords=
reading,market,https://los.rightmove.co.uk/typeahead?query=Reading
reading,market,https://www.rightmove.co.uk/property-for-sale/find.html?locationIdentifier=REGION%5E1114&minBedrooms=1&maxBedrooms=1&propertyTypes=flat&includeSSTC=false&mustHave=&dontShow=retirement%2CsharedOwnership&furnishTypes=&keywords=
reading,market,https://www.rightmove.co.uk/property-to-rent/find.html?locationIdentifier=REGION%5E1114&minBedrooms=1&maxBedrooms=1&propertyTypes=flat&includeSSTC=true&mustHave=&dontShow=houseShare%2Cretirement&furnishTypes=&keywords=
milton-keynes,market,https://los.rightmove.co.uk/typeahead?query=Milton%20Keynes
milton-keynes,market,https://www.rightmove.co.uk/property-for-sale/find.html?locationIdentifier=REGION%5E940&minBedrooms=1&maxBedrooms=1&propertyTypes=flat&includeSSTC=false&mustHave=&dontShow=retirement%2CsharedOwnership&furnishTypes=&keywords=
milton-keynes,market,https://www.rightmove.co.uk/property-to-rent/find.html?locationIdentifier=REGION%5E940&minBedrooms=1&maxBedrooms=1&propertyTypes=flat&includeSSTC=true&mustHave=&dontShow=houseShare%2Cretirement&furnishTypes=&keywords=
luton,market,https://los.rightmove.co.uk/typeahead?query=Luton
luton,market,https://www.rightmove.co.uk/property-for-sale/find.html?locationIdentifier=REGION%5E876&minBedrooms=1&maxBedrooms=1&propertyTypes=flat&includeSSTC=false&mustHave=&dontShow=retirement%2CsharedOwnership&furnishTypes=&keywords=
luton,market,https://www.rightmove.co.uk/property-to-rent/find.html?locationIdentifier=REGION%5E876&minBedrooms=1&maxBedrooms=1&propertyTypes=flat&includeSSTC=true&mustHave=&dontShow=houseShare%2Cretirement&furnishTypes=&keywords=
southend-on-sea,market,https://los.rightmove.co.uk/typeahead?query=Southend%20On%20Sea
southend-on-sea,market,https://www.rightmove.co.uk/property-for-sale/find.html?locationIdentifier=REGION%5E1232&minBedrooms=1&maxBedrooms=1&propertyTypes=flat&includeSSTC=false&mustHave=&dontShow=retirement%2CsharedOwnership&furnishTypes=&keywords=
southend-on-sea,market,https://www.rightmove.co.uk/property-to-rent/find.html?locationIdentifier=REGION%5E1232&minBedrooms=1&maxBedrooms=1&propertyTypes=flat&includeSSTC=true&mustHave=&dontShow=houseShare%2Cretirement&furnishTypes=&keywords=
cambridge,market,https://los.rightmove.co.uk/typeahead?query=Cambridge
cambridge,market,https://www.rightmove.co.uk/property-for-sale/find.html?locationIdentifier=REGION%5E274&minBedrooms=1&maxBedrooms=1&propertyTypes=flat&includeSSTC=false&mustHave=&dontShow=retirement%2CsharedOwnership&furnishTypes=&keywords=
cambridge,market,https://www.rightmove.co.uk/property-to-rent/find.html?locationIdentifier=REGION%5E274&minBedrooms=1&maxBedrooms=1&propertyTypes=flat&includeSSTC=true&mustHave=&dontShow=houseShare%2Cretirement&furnishTypes=&keywords=
colchester,market,https://los.rightmove.co.uk/typeahead?query=Colchester
colchester,market,https://www.rightmove.co.uk/property-for-sale/find.html?locationIdentifier=REGION%5E347&minBedrooms=1&maxBedrooms=1&propertyTypes=flat&includeSSTC=false&mustHave=&dontShow=retirement%2CsharedOwnership&furnishTypes=&keywords=
colchester,market,https://www.rightmove.co.uk/property-to-rent/find.html?locationIdentifier=REGION%5E347&minBedrooms=1&maxBedrooms=1&propertyTypes=flat&includeSSTC=true&mustHave=&dontShow=houseShare%2Cretirement&furnishTypes=&keywords=
oxford,market,https://los.rightmove.co.uk/typeahead?query=Oxford
oxford,market,https://www.rightmove.co.uk/property-for-sale/find.html?locationIdentifier=REGION%5E1036&minBedrooms=1&maxBedrooms=1&propertyTypes=flat&includeSSTC=false&mustHave=&dontShow=retirement%2CsharedOwnership&furnishTypes=&keywords=
oxford,market,https://www.rightmove.co.uk/property-to-rent/find.html?locationIdentifier=REGION%5E1036&minBedrooms=1&maxBedrooms=1&propertyTypes=flat&includeSSTC=true&mustHave=&dontShow=houseShare%2Cretirement&furnishTypes=&keywords=
bath,market,https://los.rightmove.co.uk/typeahead?query=Bath
bath,market,https://www.rightmove.co.uk/property-for-sale/find.html?locationIdentifier=REGION%5E116&minBedrooms=1&maxBedrooms=1&propertyTypes=flat&includeSSTC=false&mustHave=&dontShow=retirement%2CsharedOwnership&furnishTypes=&keywords=
bath,market,https://www.rightmove.co.uk/property-to-rent/find.html?locationIdentifier=REGION%5E116&minBedrooms=1&maxBedrooms=1&propertyTypes=flat&includeSSTC=true&mustHave=&dontShow=houseShare%2Cretirement&furnishTypes=&keywords=
bridgend,market,https://los.rightmove.co.uk/typeahead?query=Bridgend
bridgend,market,https://www.rightmove.co.uk/property-for-sale/find.html?locationIdentifier=REGION%5E210&minBedrooms=1&maxBedrooms=1&propertyTypes=flat&includeSSTC=false&mustHave=&dontShow=retirement%2CsharedOwnership&furnishTypes=&keywords=
bridgend,market,https://www.rightmove.co.uk/property-to-rent/find.html?locationIdentifier=REGION%5E210&minBedrooms=1&maxBedrooms=1&propertyTypes=flat&includeSSTC=true&mustHave=&dontShow=houseShare%2Cretirement&furnishTypes=&keywords=
llanelli,market,https://los.rightmove.co.uk/typeahead?query=Llanelli
llanelli,market,https://www.rightmove.co.uk/property-for-sale/find.html?locationIdentifier=REGION%5E827&minBedrooms=1&maxBedrooms=1&propertyTypes=flat&includeSSTC=false&mustHave=&dontShow=retirement%2CsharedOwnership&furnishTypes=&keywords=
llanelli,market,https://www.rightmove.co.uk/property-to-rent/find.html?locationIdentifier=REGION%5E827&minBedrooms=1&maxBedrooms=1&propertyTypes=flat&includeSSTC=true&mustHave=&dontShow=houseShare%2Cretirement&furnishTypes=&keywords=
bangor,market,https://los.rightmove.co.uk/typeahead?query=Bangor
bangor,market,https://www.rightmove.co.uk/property-for-sale/find.html?locationIdentifier=REGION%5E98&minBedrooms=1&maxBedrooms=1&propertyTypes=flat&includeSSTC=false&mustHave=&dontShow=retirement%2CsharedOwnership&furnishTypes=&keywords=
bangor,market,https://www.rightmove.co.uk/property-to-rent/find.html?locationIdentifier=REGION%5E98&minBedrooms=1&maxBedrooms=1&propertyTypes=flat&includeSSTC=true&mustHave=&dontShow=houseShare%2Cretirement&furnishTypes=&keywords=
rhyl,market,https://los.rightmove.co.uk/typeahead?query=Rhyl
rhyl,market,https://www.rightmove.co.uk/property-for-sale/find.html?locationIdentifier=REGION%5E1125&minBedrooms=1&maxBedrooms=1&propertyTypes=flat&includeSSTC=false&mustHave=&dontShow=retirement%2CsharedOwnership&furnishTypes=&keywords=
rhyl,market,https://www.rightmove.co.uk/property-to-rent/find.html?locationIdentifier=REGION%5E1125&minBedrooms=1&maxBedrooms=1&propertyTypes=flat&includeSSTC=true&mustHave=&dontShow=houseShare%2Cretirement&furnishTypes=&keywords=
york,market,https://los.rightmove.co.uk/typeahead?query=York
york,market,https://www.rightmove.co.uk/property-for-sale/find.html?locationIdentifier=REGION%5E1498&minBedrooms=1&maxBedrooms=1&propertyTypes=flat&includeSSTC=false&mustHave=&dontShow=retirement%2CsharedOwnership&furnishTypes=&keywords=
york,market,https://www.rightmove.co.uk/property-to-rent/find.html?locationIdentifier=REGION%5E1498&minBedrooms=1&maxBedrooms=1&propertyTypes=flat&includeSSTC=true&mustHave=&dontShow=houseShare%2Cretirement&furnishTypes=&keywords=
durham,market,https://los.rightmove.co.uk/typeahead?query=Durham
durham,market,https://www.rightmove.co.uk/property-for-sale/find.html?locationIdentifier=REGION%5E460&minBedrooms=1&maxBedrooms=1&propertyTypes=flat&includeSSTC=false&mustHave=&dontShow=retirement%2CsharedOwnership&furnishTypes=&keywords=
durham,market,https://www.rightmove.co.uk/property-to-rent/find.html?locationIdentifier=REGION%5E460&minBedrooms=1&maxBedrooms=1&propertyTypes=flat&includeSSTC=true&mustHave=&dontShow=houseShare%2Cretirement&furnishTypes=&keywords=
cheltenham,market,https://los.rightmove.co.uk/typeahead?query=Cheltenham
cheltenham,market,https://www.rightmove.co.uk/property-for-sale/find.html?locationIdentifier=REGION%5E308&minBedrooms=1&maxBedrooms=1&propertyTypes=flat&includeSSTC=false&mustHave=&dontShow=retirement%2CsharedOwnership&furnishTypes=&keywords=
cheltenham,market,https://www.rightmove.co.uk/property-to-rent/find.html?locationIdentifier=REGION%5E308&minBedrooms=1&maxBedrooms=1&propertyTypes=flat&includeSSTC=true&mustHave=&dontShow=houseShare%2Cretirement&furnishTypes=&keywords=
bristol,environment,https://uk-air.defra.gov.uk/data/pcm-data
bristol,environment,https://api.os.uk/downloads/v1/products/OpenGreenspace
bristol,environment,https://www.gov.uk/government/statistics/english-indices-of-deprivation-2025
southampton,environment,https://uk-air.defra.gov.uk/data/pcm-data
southampton,environment,https://api.os.uk/downloads/v1/products/OpenGreenspace
southampton,environment,https://www.gov.uk/government/statistics/english-indices-of-deprivation-2025
bournemouth-poole,environment,https://uk-air.defra.gov.uk/data/pcm-data
bournemouth-poole,environment,https://api.os.uk/downloads/v1/products/OpenGreenspace
bournemouth-poole,environment,https://www.gov.uk/government/statistics/english-indices-of-deprivation-2025
brighton-hove,environment,https://uk-air.defra.gov.uk/data/pcm-data
brighton-hove,environment,https://api.os.uk/downloads/v1/products/OpenGreenspace
brighton-hove,environment,https://www.gov.uk/government/statistics/english-indices-of-deprivation-2025
exeter,environment,https://uk-air.defra.gov.uk/data/pcm-data
exeter,environment,https://api.os.uk/downloads/v1/products/OpenGreenspace
exeter,environment,https://www.gov.uk/government/statistics/english-indices-of-deprivation-2025
reading,environment,https://uk-air.defra.gov.uk/data/pcm-data
reading,environment,https://api.os.uk/downloads/v1/products/OpenGreenspace
reading,environment,https://www.gov.uk/government/statistics/english-indices-of-deprivation-2025
milton-keynes,environment,https://uk-air.defra.gov.uk/data/pcm-data
milton-keynes,environment,https://api.os.uk/downloads/v1/products/OpenGreenspace
milton-keynes,environment,https://www.gov.uk/government/statistics/english-indices-of-deprivation-2025
luton,environment,https://uk-air.defra.gov.uk/data/pcm-data
luton,environment,https://api.os.uk/downloads/v1/products/OpenGreenspace
luton,environment,https://www.gov.uk/government/statistics/english-indices-of-deprivation-2025
southend-on-sea,environment,https://uk-air.defra.gov.uk/data/pcm-data
southend-on-sea,environment,https://api.os.uk/downloads/v1/products/OpenGreenspace
southend-on-sea,environment,https://www.gov.uk/government/statistics/english-indices-of-deprivation-2025
cambridge,environment,https://uk-air.defra.gov.uk/data/pcm-data
cambridge,environment,https://api.os.uk/downloads/v1/products/OpenGreenspace
cambridge,environment,https://www.gov.uk/government/statistics/english-indices-of-deprivation-2025
colchester,environment,https://uk-air.defra.gov.uk/data/pcm-data
colchester,environment,https://api.os.uk/downloads/v1/products/OpenGreenspace
colchester,environment,https://www.gov.uk/government/statistics/english-indices-of-deprivation-2025
oxford,environment,https://uk-air.defra.gov.uk/data/pcm-data
oxford,environment,https://api.os.uk/downloads/v1/products/OpenGreenspace
oxford,environment,https://www.gov.uk/government/statistics/english-indices-of-deprivation-2025
bath,environment,https://uk-air.defra.gov.uk/data/pcm-data
bath,environment,https://api.os.uk/downloads/v1/products/OpenGreenspace
bath,environment,https://www.gov.uk/government/statistics/english-indices-of-deprivation-2025
bridgend,environment,https://uk-air.defra.gov.uk/data/pcm-data
bridgend,environment,https://api.os.uk/downloads/v1/products/OpenGreenspace
bridgend,environment,https://stats.gov.wales/en-GB/2f8dfe38-bfa8-4f61-bc34-1d84d470a940
bridgend,environment,https://stats.gov.wales/en-GB/8c4e387a-d221-4a24-9fd4-50bdaacbe273
llanelli,environment,https://uk-air.defra.gov.uk/data/pcm-data
llanelli,environment,https://api.os.uk/downloads/v1/products/OpenGreenspace
llanelli,environment,https://stats.gov.wales/en-GB/2f8dfe38-bfa8-4f61-bc34-1d84d470a940
llanelli,environment,https://stats.gov.wales/en-GB/8c4e387a-d221-4a24-9fd4-50bdaacbe273
bangor,environment,https://uk-air.defra.gov.uk/data/pcm-data
bangor,environment,https://api.os.uk/downloads/v1/products/OpenGreenspace
bangor,environment,https://stats.gov.wales/en-GB/2f8dfe38-bfa8-4f61-bc34-1d84d470a940
bangor,environment,https://stats.gov.wales/en-GB/8c4e387a-d221-4a24-9fd4-50bdaacbe273
rhyl,environment,https://uk-air.defra.gov.uk/data/pcm-data
rhyl,environment,https://api.os.uk/downloads/v1/products/OpenGreenspace
rhyl,environment,https://stats.gov.wales/en-GB/2f8dfe38-bfa8-4f61-bc34-1d84d470a940
rhyl,environment,https://stats.gov.wales/en-GB/8c4e387a-d221-4a24-9fd4-50bdaacbe273
york,environment,https://uk-air.defra.gov.uk/data/pcm-data
york,environment,https://api.os.uk/downloads/v1/products/OpenGreenspace
york,environment,https://www.gov.uk/government/statistics/english-indices-of-deprivation-2025
durham,environment,https://uk-air.defra.gov.uk/data/pcm-data
durham,environment,https://api.os.uk/downloads/v1/products/OpenGreenspace
durham,environment,https://www.gov.uk/government/statistics/english-indices-of-deprivation-2025
cheltenham,environment,https://uk-air.defra.gov.uk/data/pcm-data
cheltenham,environment,https://api.os.uk/downloads/v1/products/OpenGreenspace
cheltenham,environment,https://www.gov.uk/government/statistics/english-indices-of-deprivation-2025
