{"type":"FeatureCollection","crs":{"type":"name","properties":{"name":"EPSG:4326"}},"features":[{"type":"Feature","geometry":{"type":"Polygon","coordinates":[[[-2.29461584331874,51.4288015360874],[-2.27854071292375,51.4158822043192],[-2.29086160425423,51.4057121040575],[-2.281812467782,51.397228076674],[-2.2967881652906,51.3948872762533],[-2.29205636589386,51.369570098431],[-2.34433841756594,51.3455637229005],[-2.29640906948892,51.3426619850286],[-2.30092693165784,51.3332225319919],[-2.28909082429693,51.3252720485445],[-2.38718077281427,51.2946434487968],[-2.40091745014227,51.3048002330501],[-2.45172260312224,51.2742514031922],[-2.47379245297825,51.2779866230509],[-2.47800109139509,51.273096744002],[-2.50635614425412,51.2789907798003],[-2.49722110687873,51.2908409039615],[-2.55782420176251,51.3026613960108],[-2.62749343307615,51.2828708205356],[-2.63869834280671,51.2948229161123],[-2.69487895435338,51.3180942915247],[-2.68718162543518,51.3303580432272],[-2.70789213030415,51.3378032259358],[-2.69050128551099,51.3495282691268],[-2.69419382454675,51.3798568884771],[-2.6797034053066,51.3601245442586],[-2.66875141295454,51.3607837573953],[-2.67653450286138,51.3419692523128],[-2.65897203199174,51.3415074660861],[-2.64440530457317,51.3751337688209],[-2.63002323391255,51.3752130515128],[-2.62695332738531,51.3871339748704],[-2.61405177046776,51.3808794572392],[-2.62270430622918,51.389409178561],[-2.60311593760598,51.3888241977527],[-2.59013231973091,51.3975452080684],[-2.57075429208891,51.3993691613727],[-2.56087461617567,51.4117212601687],[-2.53600697442852,51.4111368088606],[-2.5262905152521,51.4347771717972],[-2.51046233684169,51.4287821637134],[-2.49171567270931,51.4290348578086],[-2.49272573969773,51.4181523242521],[-2.48095542089661,51.421578490535],[-2.46945193676625,51.4159018061483],[-2.34328969454878,51.4395334928121],[-2.32502844496388,51.4369906306011],[-2.31261574802172,51.4224461818413],[-2.29461584331874,51.4288015360874]]]},"properties":{"CSP21CD":"E22000001","CSP21NM":"Bath and North East Somerset"}},{"type":"Feature","geometry":{"type":"MultiPolygon","coordinates":[[[[-2.84028846226632,51.4599180244461],[-2.85377840040827,51.4508622808269],[-2.85064406905005,51.4545171057331],[-2.84028846226632,51.4599180244461]]],[[[-2.77348463659394,51.4946410485778],[-2.77380453235253,51.4945404183752],[-2.77348992363848,51.4946413266525],[-2.77348463659394,51.4946410485778]]],[[[-2.72923449290618,51.5016538318926],[-2.73256637495998,51.4924628953467],[-2.73633424362754,51.4926821844438],[-2.73257193895809,51.4924652110164],[-2.73052469337834,51.5022653349663],[-2.72923449290618,51.5016538318926]]],[[[-2.67380551234227,51.5444192759152],[-2.65254055854146,51.5130981654745],[-2.58098846828396,51.5174088245448],[-2.58814992658474,51.501234701161],[-2.55185112128076,51.49224881712],[-2.51586501173572,51.4938673464108],[-2.51224610442628,51.4623332964114],[-2.52177049603221,51.4501003453282],[-2.53934555000023,51.445791225602],[-2.51046233684169,51.4287821637134],[-2.5262905152521,51.4347771717972],[-2.53600697442852,51.4111368088606],[-2.56087461617567,51.4117212601687],[-2.57075429208891,51.3993691613727],[-2.59013231973091,51.3975452080684],[-2.63328561591729,51.4034758756782],[-2.62952463445009,51.4373717867571],[-2.64008287540491,51.4404634287068],[-2.62580146261484,51.4487546196468],[-2.63486374373569,51.4671861086658],[-2.66172256628183,51.4865100163059],[-2.68461040352096,51.4804864355812],[-2.71831717905998,51.5061593515884],[-2.70322347000495,51.516808568065],[-2.69521452415164,51.5224563491414],[-2.69502907561874,51.5226770052989],[-2.69463927231963,51.523176986101],[-2.69441990227519,51.5233091689153],[-2.69394982672295,51.5237406496524],[-2.69289996203398,51.5245597120031],[-2.69274033366352,51.5246757142036],[-2.69101123542083,51.5264312235809],[-2.68758582071095,51.5293628362058],[-2.68705446267965,51.5294001197288],[-2.68708535453839,51.5295587600156],[-2.68704329284383,51.5297139835105],[-2.68702568052495,51.5300256550538],[-2.68688687564706,51.5302863401237],[-2.68663297152584,51.5306619191054],[-2.68623852557524,51.531366910853],[-2.68611594882067,51.5315054072585],[-2.68581276796008,51.531952010923],[-2.68561245194708,51.5320871881619],[-2.68531927562062,51.5322564841474],[-2.68490763689702,51.5326933233956],[-2.68471619053155,51.5329274951918],[-2.68449930636539,51.5331261589039],[-2.68415210760368,51.5335219703039],[-2.68398771653097,51.5336437251785],[-2.68361912073692,51.5340140715587],[-2.68343392732323,51.5341918405646],[-2.68330727096796,51.5343683531513],[-2.68306641261421,51.5346530046254],[-2.68297491090534,51.534788432054],[-2.68275344093615,51.5349264319235],[-2.68263380897072,51.5350331590142],[-2.68259846401776,51.5351777304636],[-2.6821525214181,51.5354851229493],[-2.68203587419053,51.5356270153812],[-2.68183834719318,51.5356375603437],[-2.68106559528437,51.5354861447919],[-2.68088159698145,51.5353160663202],[-2.68065130682926,51.5350896570435],[-2.68044553449346,51.5350703576271],[-2.68059157052569,51.5352452746384],[-2.68090668514741,51.5355701554282],[-2.68131976424019,51.5360573480676],[-2.68107721726269,51.536563623552],[-2.68103778648291,51.5367440813033],[-2.68062622201021,51.5371457498173],[-2.68052900288418,51.5372788758736],[-2.68025927831707,51.5375529517305],[-2.68014277692157,51.5377297242335],[-2.67993558010505,51.5379920832083],[-2.67978256551707,51.5381701516971],[-2.67954592621418,51.5383987329048],[-2.6792140789527,51.5387270560993],[-2.67909617863981,51.5388410020219],[-2.6789505231668,51.5389353325489],[-2.67871046560374,51.539181319727],[-2.67858727776772,51.5393353848957],[-2.67832861885076,51.5395306700152],[-2.67818992798822,51.5397607102238],[-2.67804943665643,51.5398799559887],[-2.67782861337875,51.5402000457417],[-2.67755183114377,51.5403906710083],[-2.67747774476558,51.5405670638087],[-2.67728163215377,51.5407397725628],[-2.67711245986708,51.5408622724664],[-2.67678403217287,51.5412740401478],[-2.67656627541823,51.5414810030285],[-2.67637807634472,51.5417226022177],[-2.67516031656933,51.5430792426709],[-2.67476503653594,51.5434913483534],[-2.67464542575783,51.5436412597638],[-2.67445037232883,51.5437844884859],[-2.67430664232009,51.5439226864555],[-2.6741475279551,51.5441075062451],[-2.67380685384082,51.5444154899168],[-2.67380551234227,51.5444192759152]]]]},"properties":{"CSP21CD":"E22000002","CSP21NM":"Bristol, City of"}},{"type":"Feature","geometry":{"type":"Polygon","coordinates":[[[-2.68461040352096,51.4804864355812],[-2.66172256628183,51.4865100163059],[-2.63486374373569,51.4671861086658],[-2.62580146261484,51.4487546196468],[-2.64008287540491,51.4404634287068],[-2.62952463445009,51.4373717867571],[-2.63328561591729,51.4034758756782],[-2.59013231973091,51.3975452080684],[-2.60311593760598,51.3888241977527],[-2.62270430622918,51.389409178561],[-2.61405177046776,51.3808794572392],[-2.62695332738531,51.3871339748704],[-2.63002323391255,51.3752130515128],[-2.64440530457317,51.3751337688209],[-2.65897203199174,51.3415074660861],[-2.67653450286138,51.3419692523128],[-2.66875141295454,51.3607837573953],[-2.6797034053066,51.3601245442586],[-2.69419382454675,51.3798568884771],[-2.69050128551099,51.3495282691268],[-2.70789213030415,51.3378032259358],[-2.68718162543518,51.3303580432272],[-2.69487895435338,51.3180942915247],[-2.81492125367242,51.3270776950902],[-2.81023646544598,51.3014243120215],[-2.87714603016825,51.3000626729192],[-2.88491962485819,51.3066645554571],[-2.89710380982307,51.2906145791208],[-2.93687950389505,51.3030788529746],[-2.9620389423923,51.3047909942121],[-2.97261926639963,51.2957124823566],[-2.9898200343769,51.2990347778219],[-2.98627494813489,51.3144052399841],[-2.999873170693,51.3219816070862],[-2.99410965085573,51.3209312290275],[-2.98857804853391,51.3349110681583],[-2.98277461311203,51.3495687499077],[-2.99474256857583,51.3563629822913],[-2.96740470590873,51.3637100193918],[-2.96221222277922,51.3747439310613],[-2.96307610137222,51.3829080336077],[-2.9807985596263,51.3884162482098],[-2.97087764101581,51.3907804201766],[-2.93965711103968,51.3964139273111],[-2.93917583800499,51.3910429959687],[-2.91734184009278,51.3958873219358],[-2.88659906921712,51.4125514972963],[-2.864604901676,51.438232793489],[-2.85377840040827,51.4508622808269],[-2.84028846226632,51.4599180244461],[-2.77380453235253,51.4945404183752],[-2.77348463659394,51.4946410485778],[-2.73633424362754,51.4926821844438],[-2.73256637495998,51.4924628953467],[-2.72923449290618,51.5016538318926],[-2.68461040352096,51.4804864355812]]]},"properties":{"CSP21CD":"E22000003","CSP21NM":"North Somerset"}},{"type":"Feature","geometry":{"type":"Polygon","coordinates":[[[-2.291637286721,51.5936959211034],[-2.28274577923905,51.5785165620246],[-2.27255905245869,51.5775903274116],[-2.26029952338613,51.5699008247026],[-2.26650176046494,51.5362618774149],[-2.25238825054309,51.5268735558894],[-2.32432448172805,51.4975094728188],[-2.31142293570328,51.4873730705689],[-2.29046578148789,51.4866510040105],[-2.29574294629382,51.458590039344],[-2.28512472635348,51.4578448523091],[-2.29461584331874,51.4288015360874],[-2.31261574802172,51.4224461818413],[-2.32502844496388,51.4369906306011],[-2.34328969454878,51.4395334928121],[-2.46945193676625,51.4159018061483],[-2.48095542089661,51.421578490535],[-2.49272573969773,51.4181523242521],[-2.49171567270931,51.4290348578086],[-2.51046233684169,51.4287821637134],[-2.53934555000023,51.445791225602],[-2.52177049603221,51.4501003453282],[-2.51224610442628,51.4623332964114],[-2.51586501173572,51.4938673464108],[-2.55185112128076,51.49224881712],[-2.58814992658474,51.501234701161],[-2.58098846828396,51.5174088245448],[-2.65254055854146,51.5130981654745],[-2.67380551234227,51.5444192759152],[-2.66343247550199,51.5736758238068],[-2.62780625021376,51.6056350367304],[-2.63883356717067,51.6094388198503],[-2.63963765366509,51.6097161180254],[-2.63907177071659,51.6100386408695],[-2.64601394677536,51.6259787531085],[-2.61700915249418,51.6557299443292],[-2.57434611745968,51.6637451236742],[-2.54081319713281,51.6823970971399],[-2.48964025298392,51.6639615225766],[-2.49067532485481,51.6448339839705],[-2.44298352047969,51.6524918799746],[-2.38598850246378,51.6399431096316],[-2.40047490634886,51.6351434811121],[-2.38890966915367,51.6275403745685],[-2.39465737965729,51.5973688240373],[-2.37057655800009,51.5976137071762],[-2.36558135966373,51.6037346228316],[-2.33106255956941,51.5916021906171],[-2.291637286721,51.5936959211034]]]},"properties":{"CSP21CD":"E22000006","CSP21NM":"South Gloucestershire"}},{"type":"Feature","geometry":{"type":"Polygon","coordinates":[[[-0.249785149179338,52.1843710271715],[-0.28911707135863,52.1909257732246],[-0.306026233346526,52.1655590509798],[-0.32155290182113,52.1687895239726],[-0.346235054803753,52.145972440882],[-0.361081716756794,52.1441683088826],[-0.344804182727541,52.1159557948291],[-0.381287439047321,52.0934648503063],[-0.384902381057375,52.075574502543],[-0.403087301606866,52.0692234334328],[-0.440437296443602,52.0633737513436],[-0.47152698515917,52.0880086570609],[-0.499672352600228,52.0755654292168],[-0.508514766144411,52.0545431786636],[-0.54095613532627,52.0816268928893],[-0.589185945140159,52.0974991888419],[-0.583232659181244,52.1045489743997],[-0.591810331121503,52.1106918880999],[-0.607249381411581,52.1338687517842],[-0.635451654776416,52.1392536208873],[-0.640781511339957,52.1527722744294],[-0.630670852955621,52.1549239757292],[-0.627446652788111,52.1815454683205],[-0.668135637658982,52.1950341117758],[-0.63733162156624,52.2273176317195],[-0.653655470981071,52.2682893071709],[-0.610617039099608,52.2794979472719],[-0.586335338989988,52.2728313341511],[-0.565693055132987,52.2534682264436],[-0.541971909036615,52.2560727485565],[-0.531190184929433,52.2704024303694],[-0.541969414284237,52.2899424469085],[-0.514051195755829,52.3146970761678],[-0.519829880170178,52.3176925680897],[-0.465365756545097,52.3229532812371],[-0.436088655177378,52.3144708459939],[-0.435761112192004,52.2966568800962],[-0.421767439464139,52.2849474985045],[-0.375009968281875,52.2804693783712],[-0.372175068758848,52.2734998531163],[-0.382341197020937,52.2711256565426],[-0.374375681124288,52.2329982884739],[-0.341010840873401,52.2306474937778],[-0.34346885979841,52.2418744209852],[-0.335249413126625,52.2428818077989],[-0.29320898808327,52.2405161819444],[-0.285613647569757,52.2372770686813],[-0.296284378534113,52.2104870952342],[-0.261845188172905,52.2098669211304],[-0.240723002820836,52.1901931437342],[-0.249785149179338,52.1843710271715]]]},"properties":{"CSP21CD":"E22000009","CSP21NM":"Bedford"}},{"type":"Feature","geometry":{"type":"Polygon","coordinates":[[[-0.385615555724027,51.9156803959794],[-0.377489882291102,51.8984330964785],[-0.3498989071936,51.8787082193461],[-0.354833888657066,51.8740145293011],[-0.369755351222524,51.8681152304062],[-0.39586015374901,51.8705810262898],[-0.422774558845709,51.8545519365069],[-0.455274925246212,51.882287034331],[-0.505923085960359,51.9006124971274],[-0.482276166347529,51.9077947227365],[-0.485701416266266,51.9227011901167],[-0.436106923836832,51.9276663379005],[-0.421681634403011,51.9256807379631],[-0.419064998588213,51.9123036451975],[-0.385615555724027,51.9156803959794]]]},"properties":{"CSP21CD":"E22000010","CSP21NM":"Luton"}},{"type":"Feature","geometry":{"type":"Polygon","coordinates":[[[0.165415038145541,52.2344624372544],[0.154851230298712,52.2264866602941],[0.175843713742761,52.2172414362742],[0.167344322667743,52.2041480396168],[0.182686405219807,52.1981110150018],[0.181328828929856,52.1694905633957],[0.162629276293122,52.1724814283803],[0.154926887702132,52.164622885697],[0.141755789736116,52.1710045572234],[0.103429649976074,52.1579417014909],[0.104714533759209,52.1906563668759],[0.0686388413859443,52.2161085940661],[0.129870221496044,52.2356496483513],[0.147525013049652,52.2297854247939],[0.155281124144731,52.2372295579635],[0.165415038145541,52.2344624372544]]]},"properties":{"CSP21CD":"E22000013","CSP21NM":"Cambridge"}},{"type":"Feature","geometry":{"type":"Polygon","coordinates":[[[0.429344099524506,52.4364266700427],[0.374777423612123,52.4097288652912],[0.407617046340143,52.3615737978453],[0.442501205517931,52.3488315513591],[0.424221634123734,52.3292163643952],[0.431376631558306,52.3158254305483],[0.457617975720841,52.3162509322432],[0.504768754039584,52.2847156109061],[0.498802934867457,52.2730213919812],[0.424206341730438,52.2558715739394],[0.382723057789948,52.2932662512981],[0.358997248829238,52.2975427219529],[0.340002513478712,52.2676878654228],[0.360892976000256,52.249422388877],[0.342684099441605,52.2423433461623],[0.371248876090756,52.226556160209],[0.421335031399158,52.2396913210168],[0.414517804147287,52.2478611379193],[0.42696480396438,52.2536027680285],[0.480337244966199,52.2326819268452],[0.494931496203922,52.2392580216355],[0.514484042486228,52.2267794084401],[0.491332842084376,52.1651020323233],[0.470730328668491,52.163258851412],[0.452191370484852,52.1732042464939],[0.435915802809098,52.1594950938253],[0.417276418385201,52.1593066842157],[0.394914563223174,52.1579697725593],[0.321939140403521,52.178840252581],[0.22529522726676,52.2316997657552],[0.229498352846991,52.2365849567715],[0.210470006268261,52.2494597079224],[0.220617792960978,52.2635406506048],[0.211580636128012,52.2699183033744],[0.241685078397694,52.2911475367606],[0.248816823636207,52.3228537641812],[0.20473419130775,52.3167953032525],[0.197132665754747,52.3243033469886],[0.168229960875802,52.3175657522731],[0.162053915222815,52.3243105982346],[0.139897388786211,52.3207127327589],[0.0818963512694512,52.3349548735867],[0.0438681032490772,52.3528858761776],[0.0513655651189562,52.3581787892841],[0.0344207867815118,52.3857499512989],[0.0561990011248367,52.3978345544814],[0.0436466580949359,52.4181252929886],[0.0552766969157672,52.4144347639052],[0.087366925486753,52.4297652375336],[0.106639353689572,52.4253374232661],[0.126471077358065,52.4378549542291],[0.123841539271616,52.4209697633019],[0.236319141863767,52.5072905693362],[0.246040899012424,52.4998913009411],[0.256476359467244,52.5077142918304],[0.309360655162502,52.5136222736722],[0.367062169051718,52.5011737855372],[0.380706411169306,52.4795394587225],[0.428529094955595,52.4546526146309],[0.429344099524506,52.4364266700427]]]},"properties":{"CSP21CD":"E22000014","CSP21NM":"East Cambridgeshire"}},{"type":"Feature","geometry":{"type":"Polygon","coordinates":[[[0.171626068420179,52.7380317024757],[0.153570700388405,52.6822231833906],[0.184716621631441,52.6778946663696],[0.18384177886579,52.6556620737875],[0.16992534130976,52.6504354938339],[0.219300091055415,52.6218124223759],[0.191597447569428,52.598960635534],[0.218411900456042,52.5725991314084],[0.205631532529288,52.5655691362133],[0.217238460682305,52.5605940019842],[0.204708359463945,52.5546561656616],[0.205139877280549,52.5479008832994],[0.214625645028992,52.549106661398],[0.203871743966295,52.5454050574981],[0.213145009972898,52.5381717006166],[0.205847372735243,52.5338508152413],[0.230591211600485,52.5279099439945],[0.206123341125585,52.5196351215419],[0.236319141863767,52.5072905693362],[0.123841539271616,52.4209697633019],[0.126471077358065,52.4378549542291],[0.106639353689572,52.4253374232661],[0.087366925486753,52.4297652375336],[0.0552766969157672,52.4144347639052],[0.0436466580949359,52.4181252929886],[0.0561990011248367,52.3978345544814],[0.0344207867815118,52.3857499512989],[0.01902767280206,52.4141991780565],[0.0338187105468303,52.4290030114556],[0.00895227453199051,52.4545785780014],[-0.0388551390898204,52.4732856932639],[-0.0481650484637076,52.5108786260483],[-0.0696748275536814,52.5168591207057],[-0.07088338704247,52.5058915434129],[-0.0904244368105259,52.4962120850852],[-0.0976517819228543,52.5017052599111],[-0.114435864423427,52.4890400902672],[-0.187849987826575,52.541863098196],[-0.197873350783597,52.5508058317013],[-0.186980183895209,52.568506749644],[-0.0127518351453913,52.5942462282237],[-0.0312706832650579,52.6615327439854],[0.0215003524278174,52.6648872884646],[0.0485664016375671,52.6814016602111],[0.0441494759872833,52.7143823496307],[0.0636266193206916,52.7273915095045],[0.0890116953988098,52.723630166001],[0.132975309366633,52.7393044772068],[0.171626068420179,52.7380317024757]]]},"properties":{"CSP21CD":"E22000015","CSP21NM":"Fenland"}},{"type":"Feature","geometry":{"type":"Polygon","coordinates":[[[-0.187849987826575,52.541863098196],[-0.114435864423427,52.4890400902672],[-0.0976517819228543,52.5017052599111],[-0.0904244368105259,52.4962120850852],[-0.07088338704247,52.5058915434129],[-0.0696748275536814,52.5168591207057],[-0.0481650484637076,52.5108786260483],[-0.0388551390898204,52.4732856932639],[0.00895227453199051,52.4545785780014],[0.0338187105468303,52.4290030114556],[0.01902767280206,52.4141991780565],[0.0344207867815118,52.3857499512989],[0.0513655651189562,52.3581787892841],[0.0438681032490772,52.3528858761776],[0.00958956284352622,52.3417182842606],[-0.0146088188981007,52.3127272561182],[-0.0464643238179933,52.3146591561923],[-0.0577282104327206,52.2917560245381],[-0.0853879015478892,52.2725022753694],[-0.102271207101834,52.2776707725626],[-0.121149971919179,52.2573385461596],[-0.142655413949522,52.2831924637467],[-0.175476895387142,52.2802171564815],[-0.184123358290536,52.2607749977291],[-0.177496309641871,52.2502911877633],[-0.173684856000184,52.2557791425015],[-0.157122255912511,52.2543079856324],[-0.132220364100698,52.2432615468416],[-0.149040937491938,52.2259495441452],[-0.187016504134822,52.2287940609073],[-0.195608527755717,52.2044900404737],[-0.175885348138445,52.1972559926453],[-0.1528072905725,52.211996733821],[-0.10812654390922,52.2068829485299],[-0.100397965732933,52.182837188765],[-0.138032183854639,52.1844934626555],[-0.156190466824133,52.1672458688305],[-0.189534292261615,52.1692055075993],[-0.216624324385539,52.1587355439061],[-0.26069408798734,52.1764014218502],[-0.249785149179338,52.1843710271715],[-0.240723002820836,52.1901931437342],[-0.261845188172905,52.2098669211304],[-0.296284378534113,52.2104870952342],[-0.285613647569757,52.2372770686813],[-0.29320898808327,52.2405161819444],[-0.335249413126625,52.2428818077989],[-0.34346885979841,52.2418744209852],[-0.341010840873401,52.2306474937778],[-0.374375681124288,52.2329982884739],[-0.382341197020937,52.2711256565426],[-0.372175068758848,52.2734998531163],[-0.375009968281875,52.2804693783712],[-0.421767439464139,52.2849474985045],[-0.435761112192004,52.2966568800962],[-0.436088655177378,52.3144708459939],[-0.465365756545097,52.3229532812371],[-0.466656737619639,52.3389275764],[-0.483264192761938,52.3409032974573],[-0.477682425550585,52.3489199917172],[-0.498699838187518,52.3600958388278],[-0.488518815845791,52.374023541935],[-0.495946267815481,52.3795155302795],[-0.441509864468212,52.3849964344035],[-0.417072832141305,52.4115991109509],[-0.362408041008102,52.4335312780284],[-0.370217036825639,52.4399302714173],[-0.341590492473876,52.4669426273503],[-0.359399580960367,52.4898590691293],[-0.354345203263394,52.5064950723187],[-0.413602640818525,52.5256796137016],[-0.401283297186851,52.5386846825222],[-0.419593787330186,52.5589619550433],[-0.407290921113568,52.564054854817],[-0.415381402678347,52.5787426397479],[-0.396839712356373,52.5829983382952],[-0.38545106933809,52.5671897117264],[-0.348477510272296,52.5643700887977],[-0.325458398681252,52.5528890326316],[-0.332735786022453,52.5465454377598],[-0.293289613103781,52.5068891095325],[-0.269294934340273,52.5208245712026],[-0.244780466792031,52.5229988649975],[-0.234836668380396,52.5436670977253],[-0.217663960470306,52.5379234262253],[-0.200398362872374,52.5452158473434],[-0.187849987826575,52.541863098196]]]},"properties":{"CSP21CD":"E22000016","CSP21NM":"Huntingdonshire"}},{"type":"Feature","geometry":{"type":"Polygon","coordinates":[[[-0.0312706832650579,52.6615327439854],[-0.0127518351453913,52.5942462282237],[-0.186980183895209,52.568506749644],[-0.197873350783597,52.5508058317013],[-0.187849987826575,52.541863098196],[-0.200398362872374,52.5452158473434],[-0.217663960470306,52.5379234262253],[-0.234836668380396,52.5436670977253],[-0.244780466792031,52.5229988649975],[-0.269294934340273,52.5208245712026],[-0.293289613103781,52.5068891095325],[-0.332735786022453,52.5465454377598],[-0.325458398681252,52.5528890326316],[-0.348477510272296,52.5643700887977],[-0.38545106933809,52.5671897117264],[-0.396839712356373,52.5829983382952],[-0.415381402678347,52.5787426397479],[-0.478814868225147,52.573645147065],[-0.492664861408749,52.5819002633897],[-0.470921180908155,52.6235593380481],[-0.494773452953128,52.6403140726876],[-0.452694588690005,52.6542776648339],[-0.405681264519019,52.6480460971361],[-0.35022233897229,52.6616146845684],[-0.335037147761973,52.6748659736262],[-0.289240338532188,52.6702761885072],[-0.260753908799236,52.6514179778757],[-0.212501332962663,52.6666794930237],[-0.192867813968712,52.652438511053],[-0.180020104975691,52.6605611585471],[-0.14106199482318,52.6515074247825],[-0.102195958212229,52.6722061953853],[-0.087752503198597,52.6667860926836],[-0.0637138143765743,52.6752330946213],[-0.0312706832650579,52.6615327439854]]]},"properties":{"CSP21CD":"E22000017","CSP21NM":"Peterborough"}},{"type":"Feature","geometry":{"type":"Polygon","coordinates":[[[0.417276418385201,52.1593066842157],[0.418283006486572,52.1343556337397],[0.389589786598814,52.1174705817835],[0.381803808187178,52.1027012943415],[0.394996785207166,52.0959681296318],[0.404638263575799,52.0655023804364],[0.379612827815692,52.0495627147372],[0.389695372823124,52.0364665943425],[0.345959343307464,52.0497170200731],[0.32467398462829,52.0727832874379],[0.286011765577546,52.0904076513023],[0.276228961971443,52.0926383035939],[0.251573042887084,52.0767861462709],[0.235208003627414,52.089000050391],[0.203459400262098,52.0926741553906],[0.183194362384494,52.0731834554079],[0.189922071971941,52.0602013963157],[0.167570276572422,52.0549998115474],[0.166396143400974,52.048190780182],[0.151116953867509,52.0528518020285],[0.128135198304803,52.0473225716999],[0.119077515908339,52.0599625876485],[0.105736213487718,52.0602611071123],[0.0922543378316555,52.0216539889866],[0.0681274189013754,52.0057887391631],[0.0403063848297938,52.0533272918014],[0.00408275078554021,52.0497927840618],[-0.0192804872797891,52.063535584465],[-0.126567501937775,52.0209218759846],[-0.133729866748337,52.0462328527372],[-0.155121032648697,52.0530610998673],[-0.147505493490738,52.069403111962],[-0.157280871266133,52.0805472004283],[-0.144445035225132,52.1382037573564],[-0.154352348807397,52.1444079263781],[-0.171534734092178,52.1395025909765],[-0.234804043652189,52.144726758307],[-0.216624324385539,52.1587355439061],[-0.189534292261615,52.1692055075993],[-0.156190466824133,52.1672458688305],[-0.138032183854639,52.1844934626555],[-0.100397965732933,52.182837188765],[-0.10812654390922,52.2068829485299],[-0.1528072905725,52.211996733821],[-0.175885348138445,52.1972559926453],[-0.195608527755717,52.2044900404737],[-0.187016504134822,52.2287940609073],[-0.149040937491938,52.2259495441452],[-0.132220364100698,52.2432615468416],[-0.157122255912511,52.2543079856324],[-0.173684856000184,52.2557791425015],[-0.177496309641871,52.2502911877633],[-0.184123358290536,52.2607749977291],[-0.175476895387142,52.2802171564815],[-0.142655413949522,52.2831924637467],[-0.121149971919179,52.2573385461596],[-0.102271207101834,52.2776707725626],[-0.0853879015478892,52.2725022753694],[-0.0577282104327206,52.2917560245381],[-0.0464643238179933,52.3146591561923],[-0.0146088188981007,52.3127272561182],[0.00958956284352622,52.3417182842606],[0.0438681032490772,52.3528858761776],[0.0818963512694512,52.3349548735867],[0.139897388786211,52.3207127327589],[0.162053915222815,52.3243105982346],[0.168229960875802,52.3175657522731],[0.197132665754747,52.3243033469886],[0.20473419130775,52.3167953032525],[0.248816823636207,52.3228537641812],[0.241685078397694,52.2911475367606],[0.211580636128012,52.2699183033744],[0.220617792960978,52.2635406506048],[0.210470006268261,52.2494597079224],[0.229498352846991,52.2365849567715],[0.22529522726676,52.2316997657552],[0.321939140403521,52.178840252581],[0.394914563223174,52.1579697725593],[0.417276418385201,52.1593066842157]],[[0.165415038145541,52.2344624372544],[0.155281124144731,52.2372295579635],[0.147525013049652,52.2297854247939],[0.129870221496044,52.2356496483513],[0.0686388413859443,52.2161085940661],[0.104714533759209,52.1906563668759],[0.103429649976074,52.1579417014909],[0.141755789736116,52.1710045572234],[0.154926887702132,52.164622885697],[0.162629276293122,52.1724814283803],[0.181328828929856,52.1694905633957],[0.182686405219807,52.1981110150018],[0.167344322667743,52.2041480396168],[0.175843713742761,52.2172414362742],[0.154851230298712,52.2264866602941],[0.165415038145541,52.2344624372544]]]},"properties":{"CSP21CD":"E22000018","CSP21NM":"South Cambridgeshire"}},{"type":"Feature","geometry":{"type":"Polygon","coordinates":[[[-2.69063279918862,53.3853882195736],[-2.69090767295094,53.3581540148843],[-2.67464077832375,53.3536643586096],[-2.63062192979903,53.3640498201747],[-2.63146774491781,53.3460335211033],[-2.60660651159164,53.3429958909847],[-2.61912539675201,53.3310706410163],[-2.59522305170231,53.3224543711675],[-2.60908651552069,53.3120712133787],[-2.61993479574381,53.3203209116316],[-2.62412274757937,53.3093981931032],[-2.64506142803031,53.3101350721447],[-2.64155693821446,53.3050347970597],[-2.68515177103575,53.3154514620959],[-2.70080120166389,53.3058072297047],[-2.72352532885742,53.313139616089],[-2.73929214925888,53.306870369551],[-2.75248610815786,53.3147308394634],[-2.75248009287821,53.3147340379009],[-2.76305805408539,53.3309217412094],[-2.75324999879397,53.3435995570505],[-2.74020277745821,53.3450648988112],[-2.73819144575323,53.3479364637467],[-2.75913357572101,53.3496073959202],[-2.77822048538137,53.3326260444568],[-2.78428779480983,53.3364309497612],[-2.77769098803628,53.3292802782324],[-2.78863138810546,53.3225395773714],[-2.82666108253204,53.3316567922678],[-2.82795235106454,53.3314589549007],[-2.83245729486952,53.3372894346576],[-2.81877988191501,53.339771534052],[-2.81880693241227,53.3480007079547],[-2.78730169890451,53.3562903954798],[-2.77667109006624,53.3810587132587],[-2.75765407352424,53.3807378701135],[-2.74517463855405,53.402095646477],[-2.71522678914772,53.3990348997275],[-2.71280344145918,53.3906260083639],[-2.69063279918862,53.3853882195736]]]},"properties":{"CSP21CD":"E22000023","CSP21NM":"Halton"}},{"type":"Feature","geometry":{"type":"Polygon","coordinates":[[[-2.48971382174961,53.460282297438],[-2.44937818830286,53.4158914442799],[-2.47845439772895,53.3962185675272],[-2.42658992510444,53.3874615169358],[-2.43987999487119,53.3666626456098],[-2.48687843882333,53.3679038004418],[-2.52104960816655,53.3479004826802],[-2.51839296054763,53.3423902754329],[-2.56187507812781,53.3233428508857],[-2.58628969384403,53.3293968051751],[-2.59522305170231,53.3224543711675],[-2.61912539675201,53.3310706410163],[-2.60660651159164,53.3429958909847],[-2.63146774491781,53.3460335211033],[-2.63062192979903,53.3640498201747],[-2.67464077832375,53.3536643586096],[-2.69090767295094,53.3581540148843],[-2.69063279918862,53.3853882195736],[-2.67631721273559,53.3876193652007],[-2.66355469839731,53.4287136603009],[-2.67526772503103,53.4329653045709],[-2.66851362188863,53.4409070517932],[-2.68207563750069,53.4389014095777],[-2.67717041381397,53.4527862464393],[-2.63913593419739,53.4443910202317],[-2.62746241529418,53.4344126024006],[-2.59623052707265,53.442666292997],[-2.59868492292473,53.4504137677632],[-2.58529604429635,53.4398072160608],[-2.57674283317084,53.4460572083879],[-2.57038994787401,53.4584755069628],[-2.54907568465009,53.461485853743],[-2.55263854410147,53.4678134069205],[-2.4963344588829,53.4809294219504],[-2.48971382174961,53.460282297438]]]},"properties":{"CSP21CD":"E22000026","CSP21NM":"Warrington"}},{"type":"Feature","geometry":{"type":"Polygon","coordinates":[[[-1.24224048927432,54.7229684576401],[-1.24193513699867,54.7227237059714],[-1.24251971578362,54.7224307998909],[-1.24283952058514,54.7222639004376],[-1.17763328632402,54.6991864060627],[-1.1740885415506,54.6918780578959],[-1.19632938053034,54.6985649676233],[-1.18750965082326,54.6939094540718],[-1.18881024831494,54.6924104553364],[-1.19210598408711,54.6925293699222],[-1.19440538683779,54.6859600376226],[-1.19909662652751,54.6805499355793],[-1.18279969615044,54.6588044069678],[-1.17385873115574,54.6550135259616],[-1.17385179685929,54.6550061679437],[-1.17379529969732,54.6549911048115],[-1.15772382873222,54.6481937616094],[-1.16844628689693,54.645620252678],[-1.1732074084033,54.6334571776513],[-1.18876265284135,54.6326511071375],[-1.19319052119843,54.6290521251708],[-1.19319060460074,54.6290520592244],[-1.20939331192185,54.62168499561],[-1.23421018610497,54.6288774588091],[-1.25671736456406,54.6233505298615],[-1.29901427298173,54.6279818884868],[-1.31636432536428,54.6452348524527],[-1.32886363882166,54.6440016092939],[-1.33506092900011,54.6313239680584],[-1.38089831632363,54.6439170683557],[-1.34125422761501,54.6502118986462],[-1.34785151195242,54.6624209272144],[-1.33094576833901,54.6821336618463],[-1.34452598374791,54.6911209127219],[-1.31932937291836,54.6913568469572],[-1.30132668031215,54.7081010499937],[-1.30552089363155,54.7175215633233],[-1.2702517668578,54.727168687781],[-1.25186499193155,54.7196229898455],[-1.24224048927432,54.7229684576401]]]},"properties":{"CSP21CD":"E22000027","CSP21NM":"Hartlepool"}},{"type":"Feature","geometry":{"type":"Polygon","coordinates":[[[-0.791891320050298,54.5582385432083],[-0.80041918962436,54.5510109262824],[-0.826984924910033,54.5485751001643],[-0.848647297024731,54.5300038297076],[-0.848530740694743,54.4879729376572],[-0.880825023321814,54.4970468612461],[-0.952589374508347,54.4880153432179],[-1.00340105305077,54.5030121002798],[-1.0368514550928,54.4940440605226],[-1.0945238497457,54.5067598362799],[-1.11838000658732,54.4981985705854],[-1.14619694918505,54.5028216123635],[-1.13736871919394,54.5149951327635],[-1.15974002031795,54.5158365045043],[-1.16131999257655,54.5249793625718],[-1.19906310206351,54.5444972331317],[-1.16664379236633,54.5542344040448],[-1.19860514666249,54.5828675967107],[-1.1986043006574,54.5828681303308],[-1.16025484618792,54.604540133614],[-1.1491305479414,54.6143317553151],[-1.15462417112669,54.6275034995929],[-1.13544641947666,54.6296319313814],[-1.13698135239308,54.6432122052832],[-1.12994147130931,54.6400277361592],[-1.11881251870773,54.6288614434356],[-1.07234092064147,54.6201909500615],[-1.05411779142493,54.6167850848953],[-1.04048299223319,54.6107808557181],[-1.039139481805,54.6101892486378],[-1.03663668687146,54.6084867350771],[-1.02954247390402,54.6059623435705],[-0.999991565447083,54.5929366722177],[-0.962802243715658,54.5851610196721],[-0.946460454189792,54.5874498067017],[-0.936410982050694,54.588099892755],[-0.896030320054745,54.571400739644],[-0.853009737827309,54.5717439974542],[-0.844067454695567,54.5697083654142],[-0.794251723600609,54.5583524626791],[-0.791891320050298,54.5582385432083]]]},"properties":{"CSP21CD":"E22000028","CSP21NM":"Redcar and Cleveland"}},{"type":"Feature","geometry":{"type":"Polygon","coordinates":[[[-1.19860514666249,54.5828675967107],[-1.16664379236633,54.5542344040448],[-1.19906310206351,54.5444972331317],[-1.16131999257655,54.5249793625718],[-1.15974002031795,54.5158365045043],[-1.13736871919394,54.5149951327635],[-1.14619694918505,54.5028216123635],[-1.2348659056463,54.5103160454452],[-1.28224939504062,54.5183804426516],[-1.28543171080611,54.5362499540584],[-1.27061195907946,54.556024484252],[-1.28262621501787,54.5652835671641],[-1.26255895403343,54.5702928296856],[-1.25235914677446,54.5913145430831],[-1.19860514666249,54.5828675967107]]]},"properties":{"CSP21CD":"E22000029","CSP21NM":"Middlesbrough"}},{"type":"Feature","geometry":{"type":"Polygon","coordinates":[[[-1.19319060460074,54.6290520592244],[-1.20017548819034,54.6234987401544],[-1.16207680193102,54.6226475756816],[-1.16044352463709,54.6104915098874],[-1.1986043006574,54.5828681303308],[-1.19860514666249,54.5828675967107],[-1.25235914677446,54.5913145430831],[-1.26255895403343,54.5702928296856],[-1.28262621501787,54.5652835671641],[-1.27061195907946,54.556024484252],[-1.28543171080611,54.5362499540584],[-1.28224939504062,54.5183804426516],[-1.2348659056463,54.5103160454452],[-1.25667466779605,54.5011079136759],[-1.25740307371,54.4873218300283],[-1.2809785134623,54.4904431183241],[-1.30033745632526,54.4758498843291],[-1.3436289617262,54.4641554130233],[-1.34491503450455,54.4724080092533],[-1.36441713758622,54.4659524096737],[-1.37256157635986,54.4723074618139],[-1.38101055095849,54.4940289315591],[-1.39505004776972,54.4856799730286],[-1.4070888004288,54.4935296390409],[-1.4127863622095,54.4771953992089],[-1.43211777207151,54.4794545660635],[-1.43490529222604,54.4874931719167],[-1.42148546431813,54.5196376092943],[-1.44960745554185,54.5329679204731],[-1.44675561644352,54.555668351305],[-1.41134632042076,54.5648192973913],[-1.40729171028139,54.593728413478],[-1.42332719850805,54.6031268661412],[-1.43835548898022,54.5950796119261],[-1.45091359036408,54.6105135015794],[-1.41282280630222,54.6165916896935],[-1.38089831632363,54.6439170683557],[-1.33506092900011,54.6313239680584],[-1.32886363882166,54.6440016092939],[-1.31636432536428,54.6452348524527],[-1.29901427298173,54.6279818884868],[-1.25671736456406,54.6233505298615],[-1.23421018610497,54.6288774588091],[-1.20939331192185,54.62168499561],[-1.19319060460074,54.6290520592244]]]},"properties":{"CSP21CD":"E22000030","CSP21NM":"Stockton-on-Tees"}},{"type":"Feature","geometry":{"type":"Polygon","coordinates":[[[-3.14610633411415,54.9344450368019],[-3.13993967709343,54.93077642149],[-3.13379197808666,54.930333802676],[-3.13104366544652,54.9294159716341],[-3.1192840419691,54.9254875344832],[-3.12636155651395,54.9055081242796],[-3.07835540102112,54.9046298458163],[-3.07087879091759,54.8897114411286],[-3.05717362549593,54.8867463307229],[-3.07236659839359,54.876054446478],[-3.0549244607956,54.8656387780362],[-3.07054327197497,54.8607101940365],[-3.06620838845845,54.8549500636098],[-3.02270955470047,54.8524036503151],[-3.02901845942132,54.8397614784514],[-3.04745732896087,54.8334945143452],[-3.03073374639573,54.82677892812],[-3.0267709013085,54.8012027248767],[-3.00176243129184,54.8002416995219],[-3.00932118075373,54.7910708563305],[-2.98793772676021,54.7937191967152],[-2.98443760923693,54.7761576696433],[-2.99140384997999,54.7612778691106],[-3.02615141676409,54.747827484676],[-2.98364586434086,54.7209384246182],[-2.99227461063221,54.6962429132653],[-3.06379850515297,54.7000820972859],[-3.08192015283893,54.6952538424487],[-3.0871910117655,54.6860919587122],[-3.05460436414447,54.6797572034447],[-3.08665259212616,54.6635567662336],[-3.09429434660301,54.6438697705889],[-3.08694913328687,54.6126449823968],[-3.0447068534121,54.6142956820168],[-3.03434149513967,54.6027776273257],[-3.00749127913815,54.5953478539797],[-3.03706473510016,54.5809871435035],[-3.01828209753154,54.5749949140102],[-3.02879338492837,54.5669270624056],[-3.01677730569577,54.5615895576106],[-3.02576058994763,54.5300959305429],[-3.01531381341767,54.525594230663],[-3.01483453751538,54.4998433176212],[-3.07621436683208,54.4893655016804],[-3.09775314487292,54.471903443782],[-3.1094789593098,54.4740037274828],[-3.11257305674493,54.4614907783258],[-3.13644410048438,54.4707460250028],[-3.16713932401525,54.4541106699469],[-3.21932077958497,54.482024062374],[-3.21215623506086,54.4936746683757],[-3.22471589473835,54.5023360192796],[-3.30578399567594,54.5301335635497],[-3.36008514958047,54.5379537848715],[-3.37614622362221,54.573256381546],[-3.39340455840967,54.5860090203122],[-3.43398917663925,54.5974747343489],[-3.44621872416072,54.5815496626206],[-3.48112732240263,54.5811895256751],[-3.48947926412773,54.5977986502318],[-3.51113539202935,54.6047860789643],[-3.54633298918119,54.6071253384818],[-3.55422636813884,54.5964428274101],[-3.57258973803075,54.6006955384269],[-3.57258938366537,54.600696586541],[-3.56588930976736,54.6122756807922],[-3.58004670656464,54.6522464658427],[-3.57174440789781,54.6509137131655],[-3.55197577357907,54.6666398249346],[-3.51934588693345,54.6925637906769],[-3.51344175194217,54.7082000304047],[-3.50764168882994,54.7168809378574],[-3.4941864891392,54.71241899074],[-3.50712873863077,54.7176216618908],[-3.45689250893302,54.7461993584845],[-3.43901715320327,54.7563536406734],[-3.4376938248238,54.8020048530965],[-3.39984215974277,54.8674638203826],[-3.37773584583332,54.8840957609121],[-3.33884600103387,54.9002339788036],[-3.33975763510813,54.8962695814905],[-3.30220359786019,54.885130644305],[-3.28185568841979,54.8749770009027],[-3.28854072201698,54.8920400437582],[-3.275368601626,54.8918807490573],[-3.26645760261626,54.8917142688829],[-3.24909668904513,54.9017904762181],[-3.24857148359066,54.9020951870048],[-3.24913251490372,54.9029474346437],[-3.25434436260258,54.9108627365112],[-3.27490805773486,54.9030635638214],[-3.30815877544831,54.9114911800827],[-3.31327046250827,54.919198143804],[-3.30258973507406,54.9276976855922],[-3.28517845096318,54.9415436520089],[-3.26533730559232,54.9430343295852],[-3.26893828532359,54.937073522635],[-3.2504426937683,54.9452057655089],[-3.23220190324312,54.9532200164452],[-3.20439217458803,54.9538753136407],[-3.14610633411415,54.9344450368019]]]},"properties":{"CSP21CD":"E22000031","CSP21NM":"Allerdale"}},{"type":"Feature","geometry":{"type":"MultiPolygon","coordinates":[[[[-3.21016264823822,54.065092871925],[-3.20491061822777,54.05168871008],[-3.17853351091224,54.0552939096333],[-3.17413830784553,54.0483056152372],[-3.17286653371013,54.0552585869661],[-3.17306640460305,54.0470712511459],[-3.20969137925507,54.0475232385705],[-3.22374215452022,54.0618310393009],[-3.2685431990135,54.1073731458773],[-3.27644330368994,54.1427739245926],[-3.25214695221852,54.1505800131863],[-3.26571503090321,54.1440817418912],[-3.24547526112796,54.1096516436952],[-3.25151690171921,54.0963469466508],[-3.2243446090105,54.0822678830856],[-3.22092612696939,54.0804955165545],[-3.22337695772184,54.0670155235895],[-3.21016264823822,54.065092871925]]],[[[-3.14762715252191,54.2184764646447],[-3.16376735598977,54.1923644939125],[-3.14259742713054,54.1652601010732],[-3.16290743110432,54.1588809150914],[-3.159633994649,54.1349521137855],[-3.17486800915171,54.1147647073816],[-3.1447757866118,54.0994933378424],[-3.14961817985814,54.0939437570351],[-3.14911476325066,54.0935300965216],[-3.17239860228322,54.0817840932474],[-3.15071074269098,54.0647853259487],[-3.17143439584739,54.0796282902983],[-3.17799981792551,54.074899330702],[-3.17368733081195,54.0833030679684],[-3.19404943084952,54.1042601891736],[-3.22021852359832,54.0897082013504],[-3.22468164542908,54.0937088077695],[-3.24212030980976,54.1093312151482],[-3.23701633985703,54.1547406748333],[-3.24941249202574,54.1546980247532],[-3.25711251685853,54.1672821625955],[-3.22708416211791,54.1749349400244],[-3.21715247543482,54.1774638258444],[-3.22299022376769,54.1877903350444],[-3.21475777672519,54.1856590248126],[-3.21305795556075,54.2071924613385],[-3.20586051167867,54.2097031155446],[-3.20264788921824,54.2108235239544],[-3.20052151956841,54.2082276969131],[-3.16764580143073,54.2031520114218],[-3.14762715252191,54.2184764646447]]]]},"properties":{"CSP21CD":"E22000032","CSP21NM":"Barrow-in-Furness"}},{"type":"Feature","geometry":{"type":"MultiPolygon","coordinates":[[[[-3.14610633411415,54.9344450368019],[-3.13379197808666,54.930333802676],[-3.13993967709343,54.93077642149],[-3.14610633411415,54.9344450368019]]],[[[-2.5684260078781,55.0962614140758],[-2.56213639511458,55.0834621700379],[-2.50257438882916,55.0907586762788],[-2.48608636846352,55.0824435692357],[-2.503984940725,55.0624298945368],[-2.48304985288842,55.0400190767258],[-2.57285163622922,55.0163983334404],[-2.5733107670136,54.9876377877579],[-2.60142928961523,54.9713401703018],[-2.59556897269462,54.9634809328243],[-2.56849154078611,54.9583618179879],[-2.56764946010163,54.9408560220603],[-2.54527258594749,54.9291719631133],[-2.56622128211943,54.9192380637087],[-2.57641404338101,54.8967171106932],[-2.60543022085515,54.8843823124884],[-2.57335234214531,54.8535461971699],[-2.58267104737595,54.8458667824507],[-2.60376879318739,54.8533439388814],[-2.65533006186429,54.8547688186273],[-2.68013667560407,54.835317414804],[-2.70122446991913,54.8336049227518],[-2.68971646694427,54.819356125041],[-2.70566264155142,54.8163626263471],[-2.7495773675657,54.8291271616137],[-2.75642779989083,54.8228577776168],[-2.79937799358632,54.8187181647024],[-2.86306046753203,54.8372537663914],[-2.88147111850009,54.8234975647905],[-2.90740931059808,54.8219583796582],[-2.90441421867941,54.8130190789603],[-2.92108151224533,54.8092072906001],[-2.94478372699122,54.7840435613091],[-2.98443760923693,54.7761576696433],[-2.98793772676021,54.7937191967152],[-3.00932118075373,54.7910708563305],[-3.00176243129184,54.8002416995219],[-3.0267709013085,54.8012027248767],[-3.03073374639573,54.82677892812],[-3.04745732896087,54.8334945143452],[-3.02901845942132,54.8397614784514],[-3.02270955470047,54.8524036503151],[-3.06620838845845,54.8549500636098],[-3.07054327197497,54.8607101940365],[-3.0549244607956,54.8656387780362],[-3.07236659839359,54.876054446478],[-3.05717362549593,54.8867463307229],[-3.07087879091759,54.8897114411286],[-3.07835540102112,54.9046298458163],[-3.12636155651395,54.9055081242796],[-3.1192840419691,54.9254875344832],[-3.1188703594269,54.9253493029207],[-3.10301505693881,54.9296741936684],[-3.07361916114678,54.9376846537343],[-3.1297849995885,54.9344049034928],[-3.13111868505206,54.9476102225377],[-3.10873070167649,54.9491150648882],[-3.11626886093718,54.9606623011],[-3.1040230149421,54.9713739064015],[-3.07568371668852,54.9675974119312],[-3.05841740623839,54.9830657811795],[-3.0565984490646,54.9828263605182],[-3.05432366134068,54.9900402133075],[-3.0258749316412,55.0364588169844],[-3.05341969195431,55.0472840380947],[-3.05105196349537,55.0527359605647],[-2.95859356798911,55.0492945920762],[-2.93640742375778,55.0595859281934],[-2.93939843402862,55.069714852168],[-2.89704669119711,55.0778720526317],[-2.87073547004113,55.106340098517],[-2.84486932815568,55.1115859610345],[-2.82550257520544,55.1383140722935],[-2.78487492210069,55.1417752165799],[-2.70340462667013,55.1732113009497],[-2.68979023468094,55.1889842117909],[-2.67455532373979,55.1758914671104],[-2.67732441001798,55.1554875886212],[-2.65693941785208,55.1361318311632],[-2.59890282488408,55.1245757167589],[-2.59353940991365,55.1050960593852],[-2.5684260078781,55.0962614140758]]]]},"properties":{"CSP21CD":"E22000033","CSP21NM":"Carlisle"}},{"type":"Feature","geometry":{"type":"Polygon","coordinates":[[[-3.16713932401525,54.4541106699469],[-3.15701833917043,54.430281330034],[-3.13597805970072,54.4218834683168],[-3.12399616467033,54.4275066506221],[-3.11526076889582,54.4150211628492],[-3.17075794156601,54.3997302535283],[-3.19459920159338,54.3543510453189],[-3.20708504139559,54.3529577486197],[-3.24186952660748,54.323526676214],[-3.23092234559174,54.3146798562962],[-3.2304802443765,54.2697178444145],[-3.23370326983797,54.2601206927836],[-3.22951660309904,54.2568168059115],[-3.22290710382576,54.2515995590947],[-3.22931400204314,54.2500114022728],[-3.24371221256455,54.2464406610367],[-3.22930753927321,54.2497943163878],[-3.22563797533963,54.2398200232727],[-3.22894558878856,54.2376393178638],[-3.26576918176485,54.2133399730401],[-3.25401132932396,54.2103332215305],[-3.25146671737491,54.2158316181241],[-3.24519314158425,54.2093026917691],[-3.23926053888442,54.2031264331456],[-3.2630018442873,54.1903163844157],[-3.28761980211989,54.1970513433596],[-3.29936610307597,54.1884098889743],[-3.32239183677714,54.1905339834654],[-3.34228735379022,54.2082606332159],[-3.39421568711067,54.2544402207594],[-3.42140381405055,54.2844021354466],[-3.41402530612644,54.3579319805024],[-3.43528528972723,54.3433826122152],[-3.47952144260292,54.3864165814352],[-3.50961620608354,54.4156320081065],[-3.54342312949988,54.4408649104256],[-3.63885961368889,54.5118763234355],[-3.60732414964279,54.5308763846158],[-3.60482111593214,54.5374494915716],[-3.59789604687706,54.5525578934265],[-3.58978014916802,54.5498055768035],[-3.58470563696415,54.564840994852],[-3.57258973803075,54.6006955384269],[-3.55422636813884,54.5964428274101],[-3.54633298918119,54.6071253384818],[-3.51113539202935,54.6047860789643],[-3.48947926412773,54.5977986502318],[-3.48112732240263,54.5811895256751],[-3.44621872416072,54.5815496626206],[-3.43398917663925,54.5974747343489],[-3.39340455840967,54.5860090203122],[-3.37614622362221,54.573256381546],[-3.36008514958047,54.5379537848715],[-3.30578399567594,54.5301335635497],[-3.22471589473835,54.5023360192796],[-3.21215623506086,54.4936746683757],[-3.21932077958497,54.482024062374],[-3.16713932401525,54.4541106699469]]]},"properties":{"CSP21CD":"E22000034","CSP21NM":"Copeland"}},{"type":"Feature","geometry":{"type":"Polygon","coordinates":[[[-2.31208952139602,54.791015046825],[-2.32574674351607,54.7266292305767],[-2.35574349125271,54.6976521794555],[-2.35176911416252,54.6859308509191],[-2.32728766378882,54.6707277195715],[-2.29287495116333,54.6638852920078],[-2.28797868797798,54.6504801041079],[-2.32493776754246,54.6316502370591],[-2.30451453732035,54.5961978460776],[-2.20948818801938,54.5517133732167],[-2.19753056810017,54.5327039659281],[-2.17239803091537,54.5324441161867],[-2.15899719522345,54.4720296362657],[-2.17021302340634,54.4581987855746],[-2.17750847989225,54.4616256756333],[-2.18931554536681,54.4489784740485],[-2.24953922329874,54.4519434362394],[-2.29286520125281,54.4393074918431],[-2.30814588994671,54.4197937724531],[-2.30550673679387,54.3971200662175],[-2.29178388191327,54.3909045153945],[-2.2974404079712,54.3768987653342],[-2.31704255658246,54.3763105185636],[-2.34464790841351,54.3596285107861],[-2.36771223910638,54.3560706152439],[-2.38231771484371,54.3713146969214],[-2.42087391714814,54.3658451629761],[-2.44377235498822,54.3760281645282],[-2.46272910126603,54.3683843457393],[-2.48365306020572,54.3773522768534],[-2.51369072615793,54.3679335127625],[-2.538224122142,54.3942253968627],[-2.55243262104981,54.3869624633068],[-2.57525423766536,54.3919848450442],[-2.5834704734381,54.387650398224],[-2.60397555009017,54.4069285373119],[-2.64027655978954,54.4043462189631],[-2.68680357027351,54.4266652164202],[-2.68921589902779,54.4457554473157],[-2.70393368512108,54.4322068944086],[-2.78917652003913,54.4649819142245],[-2.80687704295491,54.4820601244887],[-2.81592453878377,54.4746118657015],[-2.8384958651177,54.4761541253435],[-2.86534293744356,54.49014300161],[-2.87561766303319,54.4811005457371],[-2.90627846384084,54.4813479854911],[-2.91981878893852,54.4647790666166],[-2.95534731649034,54.4845323262068],[-2.96636042360584,54.4822320509732],[-2.98047670181107,54.4959542526634],[-3.01375314975817,54.494710773992],[-3.01483453751538,54.4998433176212],[-3.01531381341767,54.525594230663],[-3.02576058994763,54.5300959305429],[-3.01677730569577,54.5615895576106],[-3.02879338492837,54.5669270624056],[-3.01828209753154,54.5749949140102],[-3.03706473510016,54.5809871435035],[-3.00749127913815,54.5953478539797],[-3.03434149513967,54.6027776273257],[-3.0447068534121,54.6142956820168],[-3.08694913328687,54.6126449823968],[-3.09429434660301,54.6438697705889],[-3.08665259212616,54.6635567662336],[-3.05460436414447,54.6797572034447],[-3.0871910117655,54.6860919587122],[-3.08192015283893,54.6952538424487],[-3.06379850515297,54.7000820972859],[-2.99227461063221,54.6962429132653],[-2.98364586434086,54.7209384246182],[-3.02615141676409,54.747827484676],[-2.99140384997999,54.7612778691106],[-2.98443760923693,54.7761576696433],[-2.94478372699122,54.7840435613091],[-2.92108151224533,54.8092072906001],[-2.90441421867941,54.8130190789603],[-2.90740931059808,54.8219583796582],[-2.88147111850009,54.8234975647905],[-2.86306046753203,54.8372537663914],[-2.79937799358632,54.8187181647024],[-2.75642779989083,54.8228577776168],[-2.7495773675657,54.8291271616137],[-2.70566264155142,54.8163626263471],[-2.68971646694427,54.819356125041],[-2.70122446991913,54.8336049227518],[-2.68013667560407,54.835317414804],[-2.65533006186429,54.8547688186273],[-2.60376879318739,54.8533439388814],[-2.58267104737595,54.8458667824507],[-2.5583066678318,54.8167246166541],[-2.5238815644532,54.806031664475],[-2.49540931690249,54.8103066701863],[-2.46059555927454,54.8341708146448],[-2.42311358990481,54.8426357115832],[-2.41162383316528,54.8564307386828],[-2.38998545538645,54.8321552442485],[-2.34842858236683,54.8070792761441],[-2.32738520521004,54.8053324704389],[-2.31208952139602,54.791015046825]]]},"properties":{"CSP21CD":"E22000035","CSP21NM":"Eden"}},{"type":"Feature","geometry":{"type":"Polygon","coordinates":[[[-2.36771223910638,54.3560706152439],[-2.30984140863991,54.3243149783909],[-2.32452246431824,54.3031836229855],[-2.31719184100725,54.2871656656679],[-2.32589176655811,54.2796929168974],[-2.31549511233031,54.2702041156934],[-2.32265675662767,54.2454601654761],[-2.34805240648407,54.2378066823428],[-2.36231711509247,54.2497526297027],[-2.37302060410132,54.2400989043776],[-2.39677965225249,54.239381080598],[-2.40563193679838,54.2249151689987],[-2.46086273483392,54.2267161360628],[-2.45958529173133,54.2395684104832],[-2.5760776553629,54.1955951834225],[-2.62495689056548,54.1955687289251],[-2.63996446425009,54.2020453818876],[-2.67987623790917,54.161134716838],[-2.73648911636349,54.1690268159802],[-2.7343869846531,54.1841109651538],[-2.76823199124557,54.1859641133149],[-2.79898153022298,54.1977407703035],[-2.83721686204006,54.1741724007201],[-2.86948659469221,54.1766675633693],[-2.86948703408624,54.1766691537113],[-2.8574329688584,54.178985905942],[-2.86411906206232,54.1920402798671],[-2.84247353495541,54.2055178713719],[-2.9050042850695,54.1947264963947],[-2.92079576903843,54.1802358113193],[-2.93523626039889,54.1669741005926],[-2.93186222923334,54.1513920411918],[-3.01362125913997,54.1315711015089],[-3.00007059075305,54.1526098696201],[-3.00217718460237,54.1664759029298],[-3.03876706696743,54.1972039241316],[-3.03241933889021,54.2113156616678],[-3.06338579985565,54.1862107722955],[-3.0608558624468,54.161998212743],[-3.10570957680404,54.1191210082036],[-3.14911019556511,54.0935323997655],[-3.14911476325066,54.0935300965216],[-3.14961817985814,54.0939437570351],[-3.1447757866118,54.0994933378424],[-3.17486800915171,54.1147647073816],[-3.159633994649,54.1349521137855],[-3.16290743110432,54.1588809150914],[-3.14259742713054,54.1652601010732],[-3.16376735598977,54.1923644939125],[-3.14762715252191,54.2184764646447],[-3.16764580143073,54.2031520114218],[-3.20052151956841,54.2082276969131],[-3.20264788921824,54.2108235239544],[-3.20181685631589,54.2111133240878],[-3.17973849012582,54.2389973238267],[-3.19756443719733,54.2287980994783],[-3.21035214492241,54.2539732392663],[-3.22904062116442,54.2599049907791],[-3.22780656700532,54.2776756459478],[-3.22994776370961,54.271302937514],[-3.2304802443765,54.2697178444145],[-3.23092234559174,54.3146798562962],[-3.24186952660748,54.323526676214],[-3.20708504139559,54.3529577486197],[-3.19459920159338,54.3543510453189],[-3.17075794156601,54.3997302535283],[-3.11526076889582,54.4150211628492],[-3.12399616467033,54.4275066506221],[-3.13597805970072,54.4218834683168],[-3.15701833917043,54.430281330034],[-3.16713932401525,54.4541106699469],[-3.13644410048438,54.4707460250028],[-3.11257305674493,54.4614907783258],[-3.1094789593098,54.4740037274828],[-3.09775314487292,54.471903443782],[-3.07621436683208,54.4893655016804],[-3.01483453751538,54.4998433176212],[-3.01375314975817,54.494710773992],[-2.98047670181107,54.4959542526634],[-2.96636042360584,54.4822320509732],[-2.95534731649034,54.4845323262068],[-2.91981878893852,54.4647790666166],[-2.90627846384084,54.4813479854911],[-2.87561766303319,54.4811005457371],[-2.86534293744356,54.49014300161],[-2.8384958651177,54.4761541253435],[-2.81592453878377,54.4746118657015],[-2.80687704295491,54.4820601244887],[-2.78917652003913,54.4649819142245],[-2.70393368512108,54.4322068944086],[-2.68921589902779,54.4457554473157],[-2.68680357027351,54.4266652164202],[-2.64027655978954,54.4043462189631],[-2.60397555009017,54.4069285373119],[-2.5834704734381,54.387650398224],[-2.57525423766536,54.3919848450442],[-2.55243262104981,54.3869624633068],[-2.538224122142,54.3942253968627],[-2.51369072615793,54.3679335127625],[-2.48365306020572,54.3773522768534],[-2.46272910126603,54.3683843457393],[-2.44377235498822,54.3760281645282],[-2.42087391714814,54.3658451629761],[-2.38231771484371,54.3713146969214],[-2.36771223910638,54.3560706152439]]]},"properties":{"CSP21CD":"E22000036","CSP21NM":"South Lakeland"}},{"type":"Feature","geometry":{"type":"Polygon","coordinates":[[[-1.3736501798879,53.1078564640497],[-1.36074246120962,53.0904018798636],[-1.33163547679324,53.0809878876668],[-1.34442765908781,53.0655425436049],[-1.33586846310334,53.0529658466922],[-1.33198647927654,53.0311450293441],[-1.30744372494867,53.0036547888145],[-1.33279192907299,52.9781425990939],[-1.37103110184689,52.9730865562144],[-1.38541377586392,52.9822974788589],[-1.40930229673632,52.9770149367444],[-1.47873510419437,52.9825521509176],[-1.47463054024943,52.9659280296716],[-1.49540548177514,52.9658793628944],[-1.508028820759,52.9374518096928],[-1.54406849888716,52.9242077388049],[-1.57010156428262,52.9357948993032],[-1.60405403031962,52.9368126339678],[-1.60713693950362,52.9471722780436],[-1.59939427987066,52.9625882794063],[-1.57104301171101,52.9665669732074],[-1.57143712832702,52.9739953802791],[-1.60214439286183,52.9854402004425],[-1.59926572121242,52.9984235715262],[-1.57679836522948,53.0020628848852],[-1.57875455926928,53.0146870956801],[-1.56674630317074,53.0136965720835],[-1.57611077695101,53.0176846478716],[-1.56632607852009,53.0224685087263],[-1.58487820301616,53.0203870674808],[-1.59856684154634,53.0304704377811],[-1.58097249379411,53.0422971433171],[-1.59143882132993,53.0547340973106],[-1.55327251700791,53.0690183908409],[-1.53360287822369,53.0869437600214],[-1.5193445618098,53.0862399068006],[-1.51205870742964,53.0933647742941],[-1.53110437537159,53.1004814375077],[-1.52351061235666,53.1204295891282],[-1.49536574441841,53.1339645595524],[-1.44825223293112,53.1036738143507],[-1.3736501798879,53.1078564640497]]]},"properties":{"CSP21CD":"E22000037","CSP21NM":"Amber Valley"}},{"type":"Feature","geometry":{"type":"Polygon","coordinates":[[[-1.20942448225347,53.2176967645087],[-1.19693616205072,53.1848179040421],[-1.2404458498629,53.1786506138327],[-1.25992533857434,53.1644794428507],[-1.29596178794204,53.1712248619122],[-1.30071178856708,53.1642145389807],[-1.32344684110941,53.1623424531774],[-1.3217802282925,53.1306503063911],[-1.30061890454589,53.1020493750728],[-1.30925140895617,53.0967701742604],[-1.30288293813129,53.0882021965164],[-1.33163547679324,53.0809878876668],[-1.36074246120962,53.0904018798636],[-1.3736501798879,53.1078564640497],[-1.37782584141351,53.1361007571847],[-1.352841764681,53.1587506561646],[-1.37826515219979,53.1737252389126],[-1.35678252359751,53.1854746469879],[-1.31849967644008,53.1859227705539],[-1.31059409915273,53.2160505065708],[-1.31920220965358,53.2395822679761],[-1.33126290167698,53.2572322959948],[-1.30130161259842,53.2638916062256],[-1.31670226716525,53.2816569344319],[-1.3241413877803,53.2951087809007],[-1.31067416988558,53.2979481124996],[-1.32189472186337,53.3090667603764],[-1.28201141324174,53.3094625902199],[-1.2438683827737,53.301569792195],[-1.23068793446757,53.3085597350777],[-1.2032390468772,53.3042232405841],[-1.19974282859,53.3114401853799],[-1.17662736690992,53.305131654038],[-1.1801170205129,53.2871347459353],[-1.1664875414478,53.277655368261],[-1.18154150249029,53.2700320636288],[-1.17468978885802,53.2651647087048],[-1.20245028564644,53.2612195426046],[-1.21302650313245,53.247672496561],[-1.20199681749734,53.2355553187409],[-1.20942448225347,53.2176967645087]]]},"properties":{"CSP21CD":"E22000038","CSP21NM":"Bolsover"}},{"type":"Feature","geometry":{"type":"Polygon","coordinates":[[[-1.31670226716525,53.2816569344319],[-1.30130161259842,53.2638916062256],[-1.33126290167698,53.2572322959948],[-1.31920220965358,53.2395822679761],[-1.34706432345177,53.2395396727593],[-1.35086226604643,53.2463887668922],[-1.38034092228456,53.2437965707079],[-1.40079809619346,53.2342824012743],[-1.40100797104627,53.2139569433573],[-1.42084291802479,53.212442201971],[-1.44000083841075,53.213593307286],[-1.44120467684798,53.220630976652],[-1.47952647311652,53.222228614821],[-1.48415747402457,53.2289759138684],[-1.47136301225008,53.2361829416791],[-1.4817114765805,53.2464810022208],[-1.47113390094636,53.2594127197118],[-1.480600717919,53.2633454892212],[-1.46419979529124,53.2679993833188],[-1.45706890180163,53.2837453417855],[-1.4390361717586,53.2802102803155],[-1.41543950334017,53.2876386849426],[-1.39927750187952,53.2819718868648],[-1.37705345004644,53.2990440943817],[-1.36689237867147,53.2891837425401],[-1.3336341862417,53.2897577453221],[-1.31670226716525,53.2816569344319]]]},"properties":{"CSP21CD":"E22000039","CSP21NM":"Chesterfield"}},{"type":"Feature","geometry":{"type":"Polygon","coordinates":[[[-1.38826315892156,52.9014683128634],[-1.4027722736366,52.9004624528618],[-1.41891258900273,52.8845464719659],[-1.42356745031987,52.8650780490912],[-1.44622683054701,52.8613094242586],[-1.46408640129894,52.8725599145534],[-1.4945127882837,52.8700789964507],[-1.50311222561322,52.8848454480296],[-1.54169100450497,52.8895399274417],[-1.55685223049924,52.9146787744349],[-1.54406849888716,52.9242077388049],[-1.508028820759,52.9374518096928],[-1.49540548177514,52.9658793628944],[-1.47463054024943,52.9659280296716],[-1.46855219193081,52.9506623061892],[-1.40928062885273,52.9503226440389],[-1.42396412434777,52.9356510691741],[-1.38307440746764,52.9259315696433],[-1.38826315892156,52.9014683128634]]]},"properties":{"CSP21CD":"E22000040","CSP21NM":"Derby"}},{"type":"Feature","geometry":{"type":"Polygon","coordinates":[[[-1.59909327897252,53.3113181996876],[-1.59744150895426,53.2957567034224],[-1.5786647805756,53.2864695793782],[-1.58939172536656,53.2787387810688],[-1.58493673817857,53.262697284829],[-1.56577992804894,53.2614283055985],[-1.55717592443607,53.2495611241683],[-1.57205620085668,53.2410130653796],[-1.56901995525591,53.223128724344],[-1.51560258494294,53.2027064199615],[-1.54829491835565,53.1999183487509],[-1.54996700353718,53.1854561390204],[-1.49536574441841,53.1339645595524],[-1.52351061235666,53.1204295891282],[-1.53110437537159,53.1004814375077],[-1.51205870742964,53.0933647742941],[-1.5193445618098,53.0862399068006],[-1.53360287822369,53.0869437600214],[-1.55327251700791,53.0690183908409],[-1.59143882132993,53.0547340973106],[-1.58097249379411,53.0422971433171],[-1.59856684154634,53.0304704377811],[-1.58487820301616,53.0203870674808],[-1.56632607852009,53.0224685087263],[-1.57611077695101,53.0176846478716],[-1.56674630317074,53.0136965720835],[-1.57875455926928,53.0146870956801],[-1.57679836522948,53.0020628848852],[-1.59926572121242,52.9984235715262],[-1.60214439286183,52.9854402004425],[-1.57143712832702,52.9739953802791],[-1.57104301171101,52.9665669732074],[-1.59939427987066,52.9625882794063],[-1.60713693950362,52.9471722780436],[-1.650235053157,52.9445668502646],[-1.65891065635608,52.9025866934573],[-1.67820390362001,52.9215855228739],[-1.70822781584505,52.9220054521117],[-1.71446720396847,52.9095864979659],[-1.74895489743199,52.912493204919],[-1.73656105939717,52.8952202881934],[-1.74600328186458,52.8686931604978],[-1.77722065071375,52.8838147408519],[-1.82820959492902,52.8844277546452],[-1.85657559960297,52.9233909598958],[-1.8297993167524,52.9457059852571],[-1.82678096538971,52.9770857589323],[-1.76240468835541,52.9998576830648],[-1.758931442407,53.037315773926],[-1.77898129670065,53.0448443741093],[-1.77565273133291,53.0593546425468],[-1.79423901989599,53.088394057015],[-1.7837258959914,53.1028279820508],[-1.82187637070365,53.136704070198],[-1.81254009047435,53.1543431162395],[-1.86073152881043,53.1884255648904],[-1.89863293086253,53.1999569790687],[-1.91855680618971,53.2179861830762],[-1.91075583269289,53.2216946035296],[-1.89759788694869,53.2104528180482],[-1.88694523567232,53.2177328346949],[-1.88264554255654,53.2033048053672],[-1.87270802942264,53.2156581707602],[-1.84242378952444,53.1947621443657],[-1.83160471957297,53.1975876313042],[-1.83125307392111,53.210649180952],[-1.87426600073336,53.2268469296227],[-1.84437803741559,53.2504108721493],[-1.79028664626895,53.2564120379379],[-1.81751600778319,53.2825642280589],[-1.82262598352133,53.3028118167011],[-1.76066346017558,53.3382391352323],[-1.73020578886302,53.3386301488433],[-1.727587602318,53.3191439053216],[-1.70044880941732,53.323624756637],[-1.69686706714368,53.3348049276724],[-1.67121303804988,53.3493671954412],[-1.67331200337525,53.369393412092],[-1.65381782187416,53.3919108271105],[-1.66354854039897,53.3665951663589],[-1.59054795436381,53.345920985244],[-1.61230306160512,53.3432186697883],[-1.63272698677736,53.3208392129653],[-1.6254937445137,53.3164239788115],[-1.6092015844932,53.3226639610628],[-1.59909327897252,53.3113181996876]]]},"properties":{"CSP21CD":"E22000041","CSP21NM":"Derbyshire Dales"}},{"type":"Feature","geometry":{"type":"Polygon","coordinates":[[[-1.26788907937114,52.8733686514596],[-1.31930687515051,52.8728694279118],[-1.3499101228729,52.880709539996],[-1.33929774733004,52.8896882239091],[-1.38826315892156,52.9014683128634],[-1.38307440746764,52.9259315696433],[-1.42396412434777,52.9356510691741],[-1.40928062885273,52.9503226440389],[-1.46855219193081,52.9506623061892],[-1.47463054024943,52.9659280296716],[-1.47873510419437,52.9825521509176],[-1.40930229673632,52.9770149367444],[-1.38541377586392,52.9822974788589],[-1.37103110184689,52.9730865562144],[-1.33279192907299,52.9781425990939],[-1.30744372494867,53.0036547888145],[-1.28774933165725,52.9696624541577],[-1.29250116524851,52.95557367756],[-1.2810311195325,52.9491583375537],[-1.2818010329585,52.9102932684363],[-1.24621503961712,52.9029859174845],[-1.23962277914605,52.8942376121918],[-1.24005549011668,52.8801088572395],[-1.26788907937114,52.8733686514596]]]},"properties":{"CSP21CD":"E22000042","CSP21NM":"Erewash"}},{"type":"Feature","geometry":{"type":"Polygon","coordinates":[[[-1.82222878111984,53.5210909218023],[-1.79628821898355,53.503152990572],[-1.80147063244941,53.4809917607504],[-1.76843734147339,53.4647669327866],[-1.74532296726174,53.4621753961118],[-1.73976196210261,53.420987916439],[-1.70853223310302,53.4173394742133],[-1.70496532088341,53.4050559739585],[-1.65381782187416,53.3919108271105],[-1.67331200337525,53.369393412092],[-1.67121303804988,53.3493671954412],[-1.69686706714368,53.3348049276724],[-1.70044880941732,53.323624756637],[-1.727587602318,53.3191439053216],[-1.73020578886302,53.3386301488433],[-1.76066346017558,53.3382391352323],[-1.82262598352133,53.3028118167011],[-1.81751600778319,53.2825642280589],[-1.79028664626895,53.2564120379379],[-1.84437803741559,53.2504108721493],[-1.87426600073336,53.2268469296227],[-1.83125307392111,53.210649180952],[-1.83160471957297,53.1975876313042],[-1.84242378952444,53.1947621443657],[-1.87270802942264,53.2156581707602],[-1.88264554255654,53.2033048053672],[-1.88694523567232,53.2177328346949],[-1.89759788694869,53.2104528180482],[-1.91075583269289,53.2216946035296],[-1.91855680618971,53.2179861830762],[-1.89863293086253,53.1999569790687],[-1.95670722983203,53.2137476093571],[-1.96236461007117,53.2262417356404],[-1.98740775867029,53.2135858487146],[-1.99026453573037,53.2229988991032],[-1.97485875420975,53.2310610534684],[-2.00948185124709,53.2606524549883],[-2.00678505242821,53.3545721125535],[-2.031058463243,53.3702623861094],[-2.03377543264394,53.3755415697783],[-2.00464286724195,53.3863272775011],[-1.99232947055908,53.4151931330374],[-2.0136971820304,53.4158901098022],[-2.0262554175393,53.4298651614286],[-2.01422750540755,53.43976275466],[-2.00421605197447,53.4359217858561],[-2.00823485273611,53.4415492995151],[-1.98579237816046,53.4552267721605],[-1.98781957548853,53.4811103993828],[-1.96338598926022,53.509827260669],[-1.95133267475833,53.5041988388905],[-1.92197284577495,53.5099546848918],[-1.92678065561025,53.5209487496897],[-1.90962083195551,53.5383909865468],[-1.89410949217378,53.5336117793005],[-1.87349262570415,53.5404296508189],[-1.84182082823365,53.5199087802658],[-1.82222878111984,53.5210909218023]]]},"properties":{"CSP21CD":"E22000043","CSP21NM":"High Peak"}},{"type":"Feature","geometry":{"type":"Polygon","coordinates":[[[-1.32466917492843,53.3288100139839],[-1.29902301015448,53.3325116373731],[-1.28858902654107,53.3262280549039],[-1.29567816421914,53.3150369724564],[-1.28201141324174,53.3094625902199],[-1.32189472186337,53.3090667603764],[-1.31067416988558,53.2979481124996],[-1.3241413877803,53.2951087809007],[-1.31670226716525,53.2816569344319],[-1.3336341862417,53.2897577453221],[-1.36689237867147,53.2891837425401],[-1.37705345004644,53.2990440943817],[-1.39927750187952,53.2819718868648],[-1.41543950334017,53.2876386849426],[-1.4390361717586,53.2802102803155],[-1.45706890180163,53.2837453417855],[-1.46419979529124,53.2679993833188],[-1.480600717919,53.2633454892212],[-1.47113390094636,53.2594127197118],[-1.4817114765805,53.2464810022208],[-1.47136301225008,53.2361829416791],[-1.48415747402457,53.2289759138684],[-1.47952647311652,53.222228614821],[-1.44120467684798,53.220630976652],[-1.44000083841075,53.213593307286],[-1.42084291802479,53.212442201971],[-1.40100797104627,53.2139569433573],[-1.40079809619346,53.2342824012743],[-1.38034092228456,53.2437965707079],[-1.35086226604643,53.2463887668922],[-1.34706432345177,53.2395396727593],[-1.31920220965358,53.2395822679761],[-1.31059409915273,53.2160505065708],[-1.31849967644008,53.1859227705539],[-1.35678252359751,53.1854746469879],[-1.37826515219979,53.1737252389126],[-1.352841764681,53.1587506561646],[-1.37782584141351,53.1361007571847],[-1.3736501798879,53.1078564640497],[-1.44825223293112,53.1036738143507],[-1.49536574441841,53.1339645595524],[-1.54996700353718,53.1854561390204],[-1.54829491835565,53.1999183487509],[-1.51560258494294,53.2027064199615],[-1.56901995525591,53.223128724344],[-1.57205620085668,53.2410130653796],[-1.55717592443607,53.2495611241683],[-1.56577992804894,53.2614283055985],[-1.58493673817857,53.262697284829],[-1.58939172536656,53.2787387810688],[-1.5786647805756,53.2864695793782],[-1.59744150895426,53.2957567034224],[-1.59909327897252,53.3113181996876],[-1.58490201019108,53.3215879523676],[-1.58053389587991,53.3117380892291],[-1.56173104513262,53.3159708929528],[-1.56172989361096,53.3064113177333],[-1.5367688622067,53.3047486744278],[-1.50213193956548,53.3175820764004],[-1.4679128327397,53.3171200557715],[-1.45522358182387,53.3218691412009],[-1.45988027916359,53.3306893691217],[-1.44197211462372,53.3374924890743],[-1.42086649613,53.334567952456],[-1.41103390674883,53.341992492071],[-1.3865715460456,53.3349025072696],[-1.38673871273592,53.3176321354686],[-1.3377510519613,53.315848052015],[-1.32466917492843,53.3288100139839]]]},"properties":{"CSP21CD":"E22000044","CSP21NM":"North East Derbyshire"}},{"type":"Feature","geometry":{"type":"Polygon","coordinates":[[[-1.54406849888716,52.9242077388049],[-1.55685223049924,52.9146787744349],[-1.54169100450497,52.8895399274417],[-1.50311222561322,52.8848454480296],[-1.4945127882837,52.8700789964507],[-1.46408640129894,52.8725599145534],[-1.44622683054701,52.8613094242586],[-1.42356745031987,52.8650780490912],[-1.41891258900273,52.8845464719659],[-1.4027722736366,52.9004624528618],[-1.38826315892156,52.9014683128634],[-1.33929774733004,52.8896882239091],[-1.3499101228729,52.880709539996],[-1.31930687515051,52.8728694279118],[-1.3253324940069,52.8659817429093],[-1.34486272111745,52.8675328855881],[-1.35117273951364,52.8532894543622],[-1.36121066727871,52.8551856719244],[-1.39432284230238,52.8367728726194],[-1.38793618388406,52.8330976564398],[-1.41770445879577,52.8016155011951],[-1.44356155232193,52.8027441687288],[-1.44239105491808,52.7929832761166],[-1.46277863628329,52.7868634599001],[-1.45588204268026,52.7770946625567],[-1.46844530449911,52.7668773517672],[-1.49398372303295,52.7590473716688],[-1.50498045308681,52.7676086627082],[-1.55278704447237,52.7633329520744],[-1.56249262187869,52.7505868369794],[-1.54464024702915,52.731694497633],[-1.55004125316774,52.7203170201837],[-1.59754104512465,52.7004217669502],[-1.655041567809,52.6987985798052],[-1.65660772699026,52.7217484729091],[-1.70415800106741,52.7320787781291],[-1.66653674723611,52.7847230322657],[-1.61112950153712,52.7814035608609],[-1.61434537917712,52.7882740475944],[-1.58887036628345,52.7998659863949],[-1.59182686047041,52.8094905911784],[-1.61049453727209,52.8164043093875],[-1.58535204003726,52.8317146205232],[-1.62675456354445,52.8544371746234],[-1.69027182016724,52.8644693782085],[-1.70060876646215,52.8605835236092],[-1.70434504999622,52.8666805919223],[-1.72532205465213,52.8596631847173],[-1.74600328186458,52.8686931604978],[-1.73656105939717,52.8952202881934],[-1.74895489743199,52.912493204919],[-1.71446720396847,52.9095864979659],[-1.70822781584505,52.9220054521117],[-1.67820390362001,52.9215855228739],[-1.65891065635608,52.9025866934573],[-1.650235053157,52.9445668502646],[-1.60713693950362,52.9471722780436],[-1.60405403031962,52.9368126339678],[-1.57010156428262,52.9357948993032],[-1.54406849888716,52.9242077388049]]]},"properties":{"CSP21CD":"E22000045","CSP21NM":"South Derbyshire"}},{"type":"Feature","geometry":{"type":"MultiPolygon","coordinates":[[[[-3.45110268623978,50.6822304431162],[-3.45145190835718,50.6819000442317],[-3.45240013882747,50.6832897993953],[-3.45110268623978,50.6822304431162]]],[[[-3.51273862290517,50.7614550781156],[-3.46520660560666,50.7450221517472],[-3.47142193174564,50.6988137016616],[-3.45934225297757,50.6889569049185],[-3.45675442438365,50.6768826384607],[-3.45793488388982,50.6757654728896],[-3.46985154455178,50.6822328638864],[-3.46836946600435,50.6776639850414],[-3.49450641574524,50.6928056332968],[-3.53909163467941,50.6929179703698],[-3.56282098725417,50.7069485911262],[-3.56966868776298,50.7450098944172],[-3.55202544701329,50.745130931981],[-3.51273862290517,50.7614550781156]]]]},"properties":{"CSP21CD":"E22000049","CSP21NM":"Exeter"}},{"type":"Feature","geometry":{"type":"MultiPolygon","coordinates":[[[[-6.349533512525,49.8983547328013],[-6.3284225415251,49.8924563041886],[-6.32851418498613,49.8920519697192],[-6.33779744285269,49.8931292309287],[-6.33833748056678,49.8934128609696],[-6.34126067461556,49.8823405149758],[-6.34234647322904,49.8828854821296],[-6.35378910888407,49.8898475282024],[-6.35435238280539,49.8912017554772],[-6.35138443048657,49.8982180312833],[-6.349533512525,49.8983547328013]]],[[[-6.27583724948072,49.9212271971615],[-6.28782901967606,49.9100221556417],[-6.30300385700417,49.9115332643619],[-6.30393769566666,49.9031962247093],[-6.306087723855,49.9054255167429],[-6.31287819443449,49.9132390686908],[-6.31336102623322,49.9129650709229],[-6.31353200551293,49.9131422731998],[-6.3136454142732,49.9128036823778],[-6.32051454207077,49.9089049764052],[-6.32663715009822,49.9116226124932],[-6.32764388457904,49.912574745035],[-6.30909422933638,49.9166184612377],[-6.31035802576913,49.9195168417113],[-6.31212451466256,49.9285359302757],[-6.29777467020217,49.9367940563496],[-6.27662950349063,49.9287815892462],[-6.27583724948072,49.9212271971615]]],[[[-6.3319078965771,49.9395919699477],[-6.3324801788493,49.9395046516455],[-6.34431729913846,49.9605686175972],[-6.34646368175665,49.9669251186171],[-6.32066634390473,49.9540682119244],[-6.31997150514811,49.9524717410326],[-6.3319078965771,49.9395919699477]]],[[[-6.34949394044684,49.9519209966503],[-6.35573538502156,49.9464509418737],[-6.36029701198825,49.9489780801963],[-6.3587203783264,49.9670131050164],[-6.34807363717608,49.9556526340887],[-6.34949394044684,49.9519209966503]]],[[[-6.29354695555875,49.9782886920487],[-6.28969532759541,49.9698806935315],[-6.28874852647404,49.966172371402],[-6.26173195232024,49.9628627173066],[-6.26337230237548,49.962310091593],[-6.28363332104675,49.9562860293912],[-6.28656620581319,49.9569667844528],[-6.30219249289494,49.9630862486861],[-6.30371415201031,49.964707248958],[-6.29538825775256,49.9758296557132],[-6.29215937203599,49.9744135937614],[-6.29365840345598,49.9781398614321],[-6.29354695555875,49.9782886920487]]]]},"properties":{"CSP21CD":"E22000050","CSP21NM":"Isles of Scilly"}},{"type":"Feature","geometry":{"type":"Polygon","coordinates":[[[-4.12306438432354,50.3467695780691],[-4.1310338628177,50.3594411898511],[-4.11244555798983,50.3594301101163],[-4.10009230754529,50.3834207215031],[-4.11570680839872,50.3617857362023],[-4.15321278582862,50.3660275291398],[-4.16476834479537,50.3607468207924],[-4.16535137702905,50.362580107746],[-4.16634674903799,50.3664639438246],[-4.16660094130526,50.3665087341889],[-4.17835892454267,50.3669307047378],[-4.18540280409291,50.3672038259462],[-4.18148185383598,50.377158193621],[-4.19454319582552,50.3920860096383],[-4.20468220497066,50.3989786801628],[-4.20440837998415,50.4014567316243],[-4.19523313039011,50.4191176967098],[-4.19234041838316,50.4246825662695],[-4.19022965658831,50.4274617752122],[-4.16939515760884,50.4230881995299],[-4.15585554605072,50.4364270138787],[-4.13566341622028,50.4329284402434],[-4.11348830320444,50.4441538016389],[-4.10954061298207,50.4320946555489],[-4.082667475929,50.4246563990732],[-4.07150999070002,50.4018503235349],[-4.03964982237787,50.4014204728754],[-4.02116944556102,50.3917770378327],[-4.02706143660235,50.3790316713663],[-4.05019965234195,50.3774707342474],[-4.05294433052337,50.3565199840264],[-4.09061840685327,50.3408970189308],[-4.12306438432354,50.3467695780691]]]},"properties":{"CSP21CD":"E22000056","CSP21NM":"Plymouth"}},{"type":"Feature","geometry":{"type":"Polygon","coordinates":[[[-3.50915764980517,50.5166235629206],[-3.50916076972318,50.516618599302],[-3.51480198384462,50.4816900261681],[-3.48060151868675,50.4635197629341],[-3.5159762298719,50.4538008833009],[-3.53932007837888,50.461082706078],[-3.55759943370912,50.4294039024659],[-3.5595216521664,50.426070081275],[-3.55612553711554,50.4081472898204],[-3.54485470844813,50.4021222960419],[-3.52833907795121,50.4048183445094],[-3.51189304470324,50.3959061287307],[-3.5051445671327,50.3999761294053],[-3.51293005010914,50.4056744631656],[-3.48236740002651,50.40006269908],[-3.50329716270522,50.3888637719051],[-3.49754089868139,50.3830401705794],[-3.50645003547681,50.3793877091035],[-3.5076303087972,50.3791555956929],[-3.50769652228915,50.3789457937974],[-3.5442558641542,50.3734825873851],[-3.55497053895562,50.3779007308647],[-3.5798511279214,50.4102051896984],[-3.61322861340488,50.4144967581369],[-3.62841211871871,50.4343239045305],[-3.61277560044036,50.4469672589289],[-3.58688486139577,50.4522296000076],[-3.58447116259375,50.4792400493677],[-3.57019369152466,50.4904444722335],[-3.5647735727694,50.4869669717565],[-3.52995146902909,50.5045871030079],[-3.52090513364388,50.5176836363678],[-3.50915764980517,50.5166235629206]]]},"properties":{"CSP21CD":"E22000060","CSP21NM":"Torbay"}},{"type":"Feature","geometry":{"type":"Polygon","coordinates":[[[-1.76211468992643,50.7253184869147],[-1.76219693354482,50.7252389469484],[-1.76433487532452,50.7233280264987],[-1.76855973013226,50.7252247583395],[-1.7634293049014,50.7186050097191],[-1.74600714011347,50.7154704272285],[-1.74269078748914,50.721531470461],[-1.74111831909839,50.7215333950856],[-1.74716921394538,50.7131255973826],[-1.74884156008202,50.7110424145048],[-1.81819023028744,50.7205543378342],[-1.81830877160212,50.7205417469648],[-1.81838267947588,50.7205518294242],[-1.81864268704619,50.7205151072101],[-1.82095940882482,50.7208291020641],[-1.83674527610679,50.7185819846303],[-1.88526989463489,50.7134092011237],[-1.89009857045093,50.7109697298412],[-1.90060853850187,50.7094670355663],[-1.905653605636,50.7255000523644],[-1.89113807267388,50.7419417015566],[-1.93760894250602,50.7556769193244],[-1.91922348632857,50.7746853837741],[-1.89375542159428,50.7800750016838],[-1.86933034269493,50.762969537104],[-1.85111892376557,50.7735659114856],[-1.84213274243242,50.7614724123312],[-1.81713820537287,50.7571292508559],[-1.81551934852153,50.7433227643003],[-1.79616029006526,50.7392744076259],[-1.79385112527273,50.7306857437386],[-1.76211468992643,50.7253184869147]]]},"properties":{"CSP21CD":"E22000063","CSP21NM":"Bournemouth"}},{"type":"Feature","geometry":{"type":"Polygon","coordinates":[[[-1.91922348632857,50.7746853837741],[-1.93760894250602,50.7556769193244],[-1.89113807267388,50.7419417015566],[-1.905653605636,50.7255000523644],[-1.90060853850187,50.7094670355663],[-1.9008993992536,50.7094254338253],[-1.94780941011738,50.6826768823314],[-1.9334973086922,50.6985845738373],[-1.95239314905922,50.7044241882931],[-1.94796114184904,50.7088503661688],[-1.95836617804212,50.7155912492025],[-1.99187925755027,50.7125093192592],[-1.98407833676974,50.7196270822901],[-1.99596095998786,50.7374884889874],[-2.00135865317464,50.7336773589283],[-2.01140062300177,50.7265844545431],[-2.00135802290319,50.719100685228],[-1.98656062448731,50.7080672751223],[-2.00135763069829,50.71097638081],[-2.03932558846356,50.7184296061275],[-2.02491632772282,50.7293553500721],[-2.02555314622614,50.7293429925368],[-2.01352898762332,50.7370535481281],[-2.00932066886414,50.7825892397548],[-1.9991328618375,50.7881281243351],[-2.0058746084598,50.7909264788556],[-1.95794557083555,50.7893060367461],[-1.9396875224583,50.798807822162],[-1.93712499118426,50.7827875920079],[-1.91950553583124,50.7840023061042],[-1.91922348632857,50.7746853837741]]]},"properties":{"CSP21CD":"E22000067","CSP21NM":"Poole"}},{"type":"Feature","geometry":{"type":"Polygon","coordinates":[[[-1.43835548898022,54.5950796119261],[-1.42332719850805,54.6031268661412],[-1.40729171028139,54.593728413478],[-1.41134632042076,54.5648192973913],[-1.44675561644352,54.555668351305],[-1.44960745554185,54.5329679204731],[-1.42148546431813,54.5196376092943],[-1.43490529222604,54.4874931719167],[-1.45850783644379,54.5039188897358],[-1.47484256726738,54.5004265241088],[-1.45838201882701,54.4925217632892],[-1.46231204065857,54.4512285066101],[-1.475464579469,54.4739075698749],[-1.49878945098745,54.4753428296909],[-1.49177548206257,54.4862004926085],[-1.51134080604103,54.4750122616584],[-1.51413191899894,54.4837750921411],[-1.52883695102378,54.4848137386155],[-1.51983281095693,54.4710470168278],[-1.54567271781715,54.4712384767644],[-1.55519520906131,54.484978191684],[-1.58298032825201,54.4971007337083],[-1.57921485380735,54.5051876853776],[-1.5918807025688,54.5043008614548],[-1.58106853741621,54.512845659506],[-1.60263741568541,54.5105816522225],[-1.61148472706396,54.5200007878436],[-1.63332908642646,54.5141114032718],[-1.63377378148266,54.5253643798481],[-1.65467519937522,54.5246500970582],[-1.65793716561516,54.5345889230914],[-1.69692636355207,54.5360064297071],[-1.70527424961459,54.5491719567045],[-1.69120671271364,54.5562446290065],[-1.70928210885412,54.5631794622174],[-1.70898440615518,54.5741416873651],[-1.69402783337592,54.586893850473],[-1.67931169574512,54.5859733295815],[-1.68242215879617,54.6177711334526],[-1.60676411917432,54.6175403660373],[-1.60621813900068,54.6034402424268],[-1.58419280946254,54.6104860465821],[-1.59340930184247,54.5950771640614],[-1.57626627480123,54.5801984886256],[-1.55282400409124,54.5823421868969],[-1.55864448318351,54.5921168483847],[-1.5267640482967,54.5964541221721],[-1.4686882777349,54.6005589269619],[-1.45170547077754,54.5908279807612],[-1.43835548898022,54.5950796119261]]]},"properties":{"CSP21CD":"E22000072","CSP21NM":"Darlington"}},{"type":"Feature","geometry":{"type":"Polygon","coordinates":[[[0.562475298241574,51.6178526489668],[0.54903494812593,51.5965783683498],[0.565918632574499,51.5882452416633],[0.542845150739926,51.5716273797751],[0.543034584481941,51.5346835168343],[0.517361390086861,51.52982691122],[0.484841617865104,51.5478758727103],[0.466763964533001,51.5467256309463],[0.461617567216431,51.5536972795233],[0.427690962988708,51.5451312865406],[0.418679588401769,51.5566167971405],[0.393532476693128,51.5576549446081],[0.391861713355575,51.5671913952283],[0.38260509348446,51.5658238168464],[0.375126917595192,51.6151727251386],[0.402327882525101,51.650994906834],[0.442935181307834,51.6466554365163],[0.446828428034759,51.6266690367407],[0.458962570063275,51.6238280903091],[0.504829548466456,51.6217164527959],[0.514680904819324,51.6269667109345],[0.520822557919768,51.6187913770902],[0.562475298241574,51.6178526489668]]]},"properties":{"CSP21CD":"E22000079","CSP21NM":"Basildon"}},{"type":"Feature","geometry":{"type":"Polygon","coordinates":[[[0.781470157197563,51.9665127651082],[0.764041523766886,51.9543199856325],[0.749490995169374,51.9546895673921],[0.726228383222954,51.905840858522],[0.69952547905277,51.9034454707767],[0.72275953870987,51.8787936230203],[0.716405250573644,51.8712528958395],[0.736606592717992,51.8716795046628],[0.752925742899607,51.8631324641424],[0.750343950072329,51.853601997155],[0.733143937599357,51.8484620763538],[0.741589664368422,51.8396764751471],[0.711904224492513,51.8345307491457],[0.72133207104262,51.8302361254676],[0.708908943887238,51.8189042153349],[0.697269448750306,51.8291268110924],[0.678690705925375,51.8106454010911],[0.659755724554981,51.8056775009888],[0.651171909709209,51.784886897125],[0.633340631573167,51.7761234612539],[0.647503769237281,51.7615109438959],[0.618606154498573,51.7625650169741],[0.598702028580882,51.7504160873722],[0.593365583908674,51.7554489607127],[0.572098394884235,51.7519008758124],[0.523790639709097,51.8034284369172],[0.534183717668937,51.8109193106637],[0.519262342777842,51.8504492140291],[0.513505104844132,51.8643974663839],[0.467205417069055,51.8786564118898],[0.433015803568579,51.9247983783062],[0.42139275161911,51.9263042112074],[0.430052576440599,51.9538209259634],[0.41247571750255,51.9710612592035],[0.423622540480258,51.9732171912397],[0.42694351589013,51.9867587229951],[0.413838915185727,52.0116820155782],[0.437755098934372,52.0140473555366],[0.431389737333571,52.0389327413527],[0.394032429672931,52.0318408064162],[0.389695372823124,52.0364665943425],[0.379612827815692,52.0495627147372],[0.404638263575799,52.0655023804364],[0.438278486414546,52.0723326770648],[0.453622595252859,52.0681472867682],[0.466666860165125,52.07845586008],[0.501678783042324,52.0538526678759],[0.511053759850194,52.0598314517354],[0.542262964458395,52.0577593101052],[0.551487374858225,52.0688101037103],[0.607376825205216,52.0809155377101],[0.619514342938114,52.0765913703434],[0.636209211077471,52.0866169107623],[0.684287675465277,52.0869469634086],[0.712752972509238,52.0711091518369],[0.703177564086779,52.0652732493605],[0.716263376587153,52.0486871974891],[0.69940006432446,52.0484380885926],[0.696511870071092,52.0393021688459],[0.714396590823323,52.0273187681222],[0.74063428386174,52.0312015497747],[0.738526974119553,52.0106986419848],[0.761149264433513,51.997483290983],[0.759667735030109,51.9854291125096],[0.774633327593334,51.9825916210538],[0.772261026840059,51.970424512006],[0.781470157197563,51.9665127651082]]]},"properties":{"CSP21CD":"E22000080","CSP21NM":"Braintree"}},{"type":"Feature","geometry":{"type":"Polygon","coordinates":[[[0.402327882525101,51.650994906834],[0.375126917595192,51.6151727251386],[0.38260509348446,51.5658238168464],[0.313035079940716,51.5658181328032],[0.290289733913774,51.5642993932384],[0.269878875433213,51.599574793483],[0.254008700235285,51.6015982016854],[0.26456196557058,51.6083206617928],[0.252194314453482,51.6177694058095],[0.224087730411796,51.6317377623678],[0.200311572516926,51.6249357576146],[0.175702646497488,51.6557918883317],[0.192990348083089,51.6530990209014],[0.190857962789022,51.6598204423112],[0.208156616441341,51.660971203477],[0.215026596279673,51.6748526086491],[0.239133871052621,51.6741724122458],[0.232545703393613,51.6838465756485],[0.26538295701511,51.6996372217881],[0.302124818855336,51.6809654475005],[0.323061908277197,51.7141676757474],[0.333999479193368,51.7170130529691],[0.346633491175168,51.6939052718589],[0.360551397063566,51.6903843547418],[0.37751794826649,51.6987196394664],[0.401497817732758,51.6824214070813],[0.412560206765404,51.6708961753466],[0.400250550167901,51.6622468357186],[0.402327882525101,51.650994906834]]]},"properties":{"CSP21CD":"E22000081","CSP21NM":"Brentwood"}},{"type":"Feature","geometry":{"type":"Polygon","coordinates":[[[0.632077284564213,51.5705294757645],[0.626828064587983,51.5379762181837],[0.610351482575613,51.5352260828876],[0.594112347720685,51.5382062975775],[0.560714815299674,51.544327118244],[0.593733167815538,51.5315423396332],[0.598785229133427,51.5295847676379],[0.631588925211052,51.5252405740425],[0.618845492085394,51.5198472907844],[0.636880210232044,51.5219712143311],[0.592630201201831,51.5121286715338],[0.573330417577274,51.5078289934012],[0.553567185916569,51.509935532909],[0.548576155769907,51.5138062739611],[0.548377938444983,51.5139599813512],[0.548030413942597,51.515743319547],[0.546051497413355,51.5157639222483],[0.539864514279404,51.5205604570386],[0.528761485890219,51.5182920084418],[0.517361554554197,51.5298265731268],[0.517361390086861,51.52982691122],[0.543034584481941,51.5346835168343],[0.542845150739926,51.5716273797751],[0.565918632574499,51.5882452416633],[0.632077284564213,51.5705294757645]]]},"properties":{"CSP21CD":"E22000082","CSP21NM":"Castle Point"}},{"type":"Feature","geometry":{"type":"Polygon","coordinates":[[[0.519262342777842,51.8504492140291],[0.534183717668937,51.8109193106637],[0.523790639709097,51.8034284369172],[0.572098394884235,51.7519008758124],[0.593365583908674,51.7554489607127],[0.589498158966398,51.7301727165479],[0.611153169522213,51.7227872547877],[0.601865180207922,51.710228003864],[0.612602850244079,51.698757719563],[0.608836706871032,51.681947117123],[0.619765914224081,51.6753398794418],[0.628712110531503,51.6395150718469],[0.649007399119237,51.636598271906],[0.58798951985483,51.6308731590823],[0.586921960017146,51.6233899445491],[0.562475298241574,51.6178526489668],[0.520822557919768,51.6187913770902],[0.514680904819324,51.6269667109345],[0.504829548466456,51.6217164527959],[0.458962570063275,51.6238280903091],[0.446828428034759,51.6266690367407],[0.442935181307834,51.6466554365163],[0.402327882525101,51.650994906834],[0.400250550167901,51.6622468357186],[0.412560206765404,51.6708961753466],[0.401497817732758,51.6824214070813],[0.37751794826649,51.6987196394664],[0.360551397063566,51.6903843547418],[0.346633491175168,51.6939052718589],[0.333999479193368,51.7170130529691],[0.347451316579649,51.7304397971731],[0.346700459081854,51.76759607116],[0.33219814337298,51.7796294025914],[0.340581328387737,51.7944781643174],[0.362617227549911,51.7949069714519],[0.361570125270334,51.8011501159103],[0.384165196931081,51.7970744310742],[0.400030261770626,51.8127617173101],[0.404615009047594,51.8074224366527],[0.41432224666562,51.8142417010379],[0.403521217558056,51.8402763270282],[0.413172153800461,51.8566590356464],[0.424031521176507,51.8541587236864],[0.431060817439215,51.8318263463602],[0.445681465775623,51.828872995119],[0.519262342777842,51.8504492140291]]]},"properties":{"CSP21CD":"E22000083","CSP21NM":"Chelmsford"}},{"type":"Feature","geometry":{"type":"MultiPolygon","coordinates":[[[[0.9457912831446,51.7747258196167],[0.902246805353056,51.7743722030166],[0.89809891466559,51.7797306584828],[0.942773993136243,51.8067462367157],[0.967656003445261,51.8086676282766],[1.00584611507955,51.7994568835307],[0.996613666695185,51.7912454923754],[0.9457912831446,51.7747258196167]]],[[[0.962589594231285,51.9771649303718],[0.970982749148486,51.9624077580481],[0.998710091163988,51.9639673353996],[1.02471198883193,51.9549023615469],[1.00577987666421,51.9356019766597],[0.957633842388884,51.9373105002943],[0.9312031470394,51.9197236262362],[0.957143069003518,51.9036483520286],[0.948809135726053,51.8967524584955],[0.962638457357751,51.8907280484037],[0.952853229415343,51.8803101610935],[0.978321077097013,51.8721615429091],[0.978104327115427,51.8540432894564],[0.965010102072273,51.8513325725558],[0.979672796878529,51.8466582041981],[0.980295642468408,51.843920737628],[0.980532766256431,51.8408147370421],[0.982322645310723,51.8173587219362],[0.952979580671106,51.8243115462738],[0.981848747059568,51.8119729513171],[0.929700245522958,51.8078283208249],[0.937152457961575,51.8058597753311],[0.907323579451686,51.7992150197217],[0.898484598230434,51.7884137965823],[0.889912502231055,51.7779329955699],[0.865036013679863,51.7842715460323],[0.867290991037235,51.7829021233144],[0.857987326826979,51.7849095645896],[0.836965883497606,51.7795171666927],[0.803929220202557,51.7897049453691],[0.815929110539679,51.789247114935],[0.811854791560073,51.7991191429389],[0.77908970393259,51.8115632019464],[0.754230218210509,51.8009691855936],[0.718171006764377,51.7973630075808],[0.713329896129475,51.8084596374464],[0.721663680782776,51.8100053953895],[0.708908943887238,51.8189042153349],[0.72133207104262,51.8302361254676],[0.711904224492513,51.8345307491457],[0.741589664368422,51.8396764751471],[0.733143937599357,51.8484620763538],[0.750343950072329,51.853601997155],[0.752925742899607,51.8631324641424],[0.736606592717992,51.8716795046628],[0.716405250573644,51.8712528958395],[0.72275953870987,51.8787936230203],[0.69952547905277,51.9034454707767],[0.726228383222954,51.905840858522],[0.749490995169374,51.9546895673921],[0.764041523766886,51.9543199856325],[0.781470157197563,51.9665127651082],[0.810877141632654,51.9606960885641],[0.824650048979386,51.9685496081194],[0.850240124999087,51.960766646477],[0.88968795561324,51.9733868575578],[0.925168792575386,51.9761942345246],[0.942911023064153,51.9706902951459],[0.962589594231285,51.9771649303718]]]]},"properties":{"CSP21CD":"E22000084","CSP21NM":"Colchester"}},{"type":"Feature","geometry":{"type":"Polygon","coordinates":[[[0.346700459081854,51.76759607116],[0.347451316579649,51.7304397971731],[0.333999479193368,51.7170130529691],[0.323061908277197,51.7141676757474],[0.302124818855336,51.6809654475005],[0.26538295701511,51.6996372217881],[0.232545703393613,51.6838465756485],[0.239133871052621,51.6741724122458],[0.215026596279673,51.6748526086491],[0.208156616441341,51.660971203477],[0.190857962789022,51.6598204423112],[0.192990348083089,51.6530990209014],[0.175702646497488,51.6557918883317],[0.200311572516926,51.6249357576146],[0.138184235471144,51.6235453969741],[0.0728322280068223,51.6046873846398],[0.021819035344359,51.6288327870281],[0.0227195416969588,51.6411154938026],[-0.0122596870547121,51.6462286971895],[-0.011918675972722,51.6808778155788],[-0.0197431177734428,51.7032159876634],[-0.0135105476770619,51.7422170644999],[0.00116831607272196,51.7450562061589],[0.0140290578120465,51.7643799998415],[0.0267994429079434,51.7741799003898],[0.0576635393893906,51.7796739282513],[0.0638379120882164,51.7515251913796],[0.0926004046887484,51.7361761600158],[0.102442501200667,51.746295249024],[0.147396560148029,51.7575676687467],[0.168018960489515,51.7827839811818],[0.146141158428203,51.796243762479],[0.15830881878831,51.8135169974375],[0.172583035411387,51.8163043896198],[0.166251617449305,51.8221540085985],[0.188443175924959,51.819654980004],[0.196660647628044,51.7957906696513],[0.231547967788357,51.7951605182497],[0.237677631557306,51.7797753274744],[0.295616775458178,51.790265054973],[0.299365659995665,51.7718598802286],[0.346700459081854,51.76759607116]]]},"properties":{"CSP21CD":"E22000085","CSP21NM":"Epping Forest"}},{"type":"Feature","geometry":{"type":"Polygon","coordinates":[[[0.0576635393893906,51.7796739282513],[0.146141158428203,51.796243762479],[0.168018960489515,51.7827839811818],[0.147396560148029,51.7575676687467],[0.102442501200667,51.746295249024],[0.0926004046887484,51.7361761600158],[0.0638379120882164,51.7515251913796],[0.0576635393893906,51.7796739282513]]]},"properties":{"CSP21CD":"E22000086","CSP21NM":"Harlow"}},{"type":"Feature","geometry":{"type":"MultiPolygon","coordinates":[[[[0.787745310755869,51.7223400568743],[0.772328635331596,51.7186612821124],[0.754509028470432,51.7245450574267],[0.777960799135979,51.7265677847928],[0.787745310755869,51.7223400568743]]],[[[0.729067482659209,51.7183476207095],[0.7104618525979,51.7185643659088],[0.721897837323274,51.7305250990684],[0.729067482659209,51.7183476207095]]],[[[0.713329896129475,51.8084596374464],[0.718171006764377,51.7973630075808],[0.754230218210509,51.8009691855936],[0.77908970393259,51.8115632019464],[0.811854791560073,51.7991191429389],[0.815929110539679,51.789247114935],[0.803929220202557,51.7897049453691],[0.836965883497606,51.7795171666927],[0.857987326826979,51.7849095645896],[0.867290991037235,51.7829021233144],[0.894608810887656,51.7663024244143],[0.860358560247457,51.7688527054442],[0.857433247672873,51.7750000963672],[0.842443020717821,51.7729091508595],[0.882708038120848,51.7576810977666],[0.856248301306463,51.743801341981],[0.847764320491224,51.7403036212819],[0.813690923492032,51.73852189236],[0.792287589833152,51.7451635899014],[0.788632320847147,51.7366533046088],[0.776743356259106,51.7439832731457],[0.735922824177569,51.7294177433572],[0.713446491774975,51.7375997664358],[0.705450830740665,51.7238530358978],[0.686968004176385,51.7310854401633],[0.711207719553796,51.713486376644],[0.769185517779274,51.7083592430127],[0.737834658474671,51.6872043993569],[0.7569367262413,51.690726396231],[0.766957965202771,51.7027447546432],[0.795624584916017,51.7081485507128],[0.793478911669239,51.7180783705809],[0.819724651511236,51.7210811878703],[0.837023190565697,51.7157573317782],[0.868682660192408,51.7223057728166],[0.894084615648782,51.7430002964733],[0.895588312188698,51.743196230139],[0.921598089187082,51.7465820151669],[0.931352588186704,51.7460057103413],[0.950578969572103,51.730778738175],[0.939342426607604,51.6619712996566],[0.934586257292759,51.6327750755985],[0.904331535139839,51.6224226101825],[0.887863110788253,51.621995052837],[0.859078181371393,51.6212421544752],[0.794569526408496,51.625541804832],[0.765755729155649,51.6379495098801],[0.765755644961755,51.6379495514375],[0.764706130829241,51.6384700367649],[0.740346218424885,51.6325427798465],[0.649007399119237,51.636598271906],[0.628712110531503,51.6395150718469],[0.619765914224081,51.6753398794418],[0.608836706871032,51.681947117123],[0.612602850244079,51.698757719563],[0.601865180207922,51.710228003864],[0.611153169522213,51.7227872547877],[0.589498158966398,51.7301727165479],[0.593365583908674,51.7554489607127],[0.598702028580882,51.7504160873722],[0.618606154498573,51.7625650169741],[0.647503769237281,51.7615109438959],[0.633340631573167,51.7761234612539],[0.651171909709209,51.784886897125],[0.659755724554981,51.8056775009888],[0.678690705925375,51.8106454010911],[0.697269448750306,51.8291268110924],[0.708908943887238,51.8189042153349],[0.721663680782776,51.8100053953895],[0.713329896129475,51.8084596374464]]]]},"properties":{"CSP21CD":"E22000087","CSP21NM":"Maldon"}},{"type":"Feature","geometry":{"type":"MultiPolygon","coordinates":[[[[0.83749146252943,51.5851768204942],[0.822949654700648,51.5648819686342],[0.80806608456375,51.5856266738987],[0.830143841716862,51.5959662795814],[0.83749146252943,51.5851768204942]]],[[[0.88447036993399,51.5685005442637],[0.866370064454003,51.5589408427057],[0.825779682464893,51.5644666816426],[0.846459621390413,51.5814329961567],[0.83799748353139,51.5936189646791],[0.866825807789834,51.5951863625849],[0.874374641083865,51.614150861476],[0.887428868519265,51.6151568404599],[0.957516615757852,51.6205323093189],[0.929866927769687,51.592446367997],[0.88447036993399,51.5685005442637]]],[[[0.771405630048233,51.6338165840955],[0.784418833216513,51.6242963749623],[0.865747039550638,51.6155698108333],[0.86613812477789,51.5992163419479],[0.820139598005628,51.5989979670987],[0.806099225639921,51.6089679720982],[0.819085879754684,51.597584269768],[0.77615475821407,51.5833478458496],[0.805932493229432,51.5861220093585],[0.79347465662121,51.5763344081255],[0.808062448680497,51.5787320083504],[0.817822952433955,51.5619967453247],[0.850680728608655,51.556320106259],[0.821184544640136,51.5406270676916],[0.821148469933387,51.5406089078058],[0.819168409590216,51.5422065408971],[0.788990551027069,51.5424441263832],[0.786689932259859,51.5529433965889],[0.675333610589035,51.5728679764088],[0.638950939122342,51.5768010714265],[0.632077284564213,51.5705294757645],[0.565918632574499,51.5882452416633],[0.54903494812593,51.5965783683498],[0.562475298241574,51.6178526489668],[0.586921960017146,51.6233899445491],[0.58798951985483,51.6308731590823],[0.649007399119237,51.636598271906],[0.740346218424885,51.6325427798465],[0.764706130829241,51.6384700367649],[0.765755644961755,51.6379495514375],[0.765755729155649,51.6379495098801],[0.771405630048233,51.6338165840955]]]]},"properties":{"CSP21CD":"E22000088","CSP21NM":"Rochford"}},{"type":"Feature","geometry":{"type":"Polygon","coordinates":[[[0.821148469933387,51.5406089078058],[0.782721016288966,51.5212505784204],[0.670165222600291,51.5383438640384],[0.643059566027389,51.5410876375611],[0.627203425407398,51.5380388380086],[0.626828064587983,51.5379762181837],[0.632077284564213,51.5705294757645],[0.638950939122342,51.5768010714265],[0.675333610589035,51.5728679764088],[0.786689932259859,51.5529433965889],[0.788990551027069,51.5424441263832],[0.819168409590216,51.5422065408971],[0.821148469933387,51.5406089078058]]]},"properties":{"CSP21CD":"E22000089","CSP21NM":"Southend-on-Sea"}},{"type":"Feature","geometry":{"type":"MultiPolygon","coordinates":[[[[1.26454817726233,51.8722699782189],[1.26470026615429,51.8639620034045],[1.25141346172304,51.8709466052629],[1.26011591795128,51.8723218639472],[1.26454817726233,51.8722699782189]]],[[[1.26221459646618,51.8806942109995],[1.26353529000147,51.8729897626272],[1.25511288305314,51.8745283807352],[1.26221459646618,51.8806942109995]]],[[[1.25703538940432,51.8837322419273],[1.24455757601824,51.8688379901674],[1.22591119747255,51.8750671360654],[1.22942460331461,51.8814277954966],[1.25703538940432,51.8837322419273]]],[[[1.27779014590612,51.8793444133148],[1.27209246804206,51.8769672829092],[1.26369001181489,51.886212760323],[1.27779014590612,51.8793444133148]]],[[[1.0688156204552,51.9503641232196],[1.06605086534423,51.9489954506621],[1.06116810447645,51.9536749672138],[1.0688156204552,51.9503641232196]]],[[[1.05992197646715,51.9542143611953],[1.063638807763,51.9484565961466],[1.05391970035632,51.9529993971053],[1.06187679912398,51.9459455151635],[1.11943852820877,51.9400398134487],[1.17028902030793,51.9480058057781],[1.18739976127137,51.9407493443885],[1.19944989830376,51.9423341537797],[1.21909627137827,51.9449150188961],[1.22741295232269,51.9394740893814],[1.24619957713146,51.9484938520146],[1.27721938424382,51.939317918195],[1.29083265364094,51.9487432791781],[1.2961197910857,51.93698533039],[1.29660137109661,51.9355886629394],[1.28466872282144,51.9366735083532],[1.25342052093349,51.9178692228537],[1.24662778202509,51.8913101619634],[1.23164841284206,51.8874261984788],[1.22601240655666,51.9037402876787],[1.21207631051526,51.896579139749],[1.22830911849721,51.8905382626348],[1.2125165477982,51.8903844140551],[1.19901633339974,51.8847874879631],[1.20978643625341,51.8784946603093],[1.19467405431066,51.875124459053],[1.17820699760417,51.8714493319392],[1.19439138030997,51.8711371565036],[1.20778053508532,51.8708772008326],[1.22442418817438,51.8805810763402],[1.21275752370026,51.8699489115482],[1.22849430213928,51.8726082480725],[1.2324077673325,51.8550740677333],[1.23715283568906,51.8619716254013],[1.24929372049842,51.8623067611672],[1.24992517945818,51.8561137313525],[1.25255379804489,51.8637590996196],[1.2699719106123,51.8636571964964],[1.26778863269749,51.8770989884705],[1.29058993735975,51.8729733879171],[1.2880042299028,51.8624159173247],[1.2746672374156,51.8508414805309],[1.24913142484896,51.8336970086614],[1.21482911708906,51.8106368987362],[1.18937340552266,51.8002217980237],[1.14093599501135,51.7803748921636],[1.13215996155794,51.7771380249699],[1.05500672319537,51.7695736077829],[1.04337631558113,51.7697081505209],[1.02924384001904,51.7886911109346],[1.03624306073502,51.7826453840293],[1.03762413894644,51.7900145682692],[1.0177502383024,51.8012852265776],[1.04939535906897,51.8014057797139],[1.0630252002298,51.8109412799927],[1.06621860050088,51.8164861789058],[1.06779719326358,51.8210873238028],[1.06358472493912,51.8177209245066],[1.06457662933151,51.8163183473523],[1.05861869055361,51.8112730212793],[1.02616698858225,51.8046160819562],[0.994185511676852,51.815949017097],[0.983827899448612,51.8283903026478],[0.991490192303133,51.8384047044795],[0.986929629813989,51.8406523664502],[0.980295642468408,51.843920737628],[0.979672796878529,51.8466582041981],[0.965010102072273,51.8513325725558],[0.978104327115427,51.8540432894564],[0.978321077097013,51.8721615429091],[0.952853229415343,51.8803101610935],[0.962638457357751,51.8907280484037],[0.948809135726053,51.8967524584955],[0.957143069003518,51.9036483520286],[0.9312031470394,51.9197236262362],[0.957633842388884,51.9373105002943],[1.00577987666421,51.9356019766597],[1.02471198883193,51.9549023615469],[1.04771159936546,51.9594983382557],[1.05992197646715,51.9542143611953]]]]},"properties":{"CSP21CD":"E22000090","CSP21NM":"Tendring"}},{"type":"Feature","geometry":{"type":"MultiPolygon","coordinates":[[[[0.548030413942597,51.515743319547],[0.548377938444983,51.5139599813512],[0.546353413498724,51.5155298257326],[0.546051497413355,51.5157639222483],[0.548030413942597,51.515743319547]]],[[[0.418679588401769,51.5566167971405],[0.427690962988708,51.5451312865406],[0.461617567216431,51.5536972795233],[0.466763964533001,51.5467256309463],[0.484841617865104,51.5478758727103],[0.517361390086861,51.52982691122],[0.517361554554197,51.5298265731268],[0.517361615403665,51.5298264477087],[0.522193879480497,51.5159664821137],[0.541334904602339,51.512613325892],[0.508165292117872,51.5051961439584],[0.455596748191591,51.5068435908517],[0.445602650721767,51.4981794208234],[0.444188670872346,51.4934554410947],[0.438320869149369,51.4738409518626],[0.430411364877323,51.4592892567937],[0.404913223365517,51.4539291983964],[0.343121972052317,51.4523853169001],[0.336584003342731,51.4564957431854],[0.318544569175499,51.4741291236697],[0.302379813846005,51.4726117856612],[0.29780622774455,51.4721820609378],[0.281402126034435,51.4613984606746],[0.21178823119352,51.4897412792462],[0.214156929096117,51.4960396107991],[0.229965349544136,51.4993659196352],[0.226597286350539,51.5065632436345],[0.241919319161816,51.507960127814],[0.23717600954358,51.5193344344092],[0.248964774122808,51.5286740297463],[0.253834318187163,51.5178858725017],[0.263682923643184,51.517869793022],[0.265347272043956,51.5321502659796],[0.334024218329939,51.5405038046851],[0.313035079940716,51.5658181328032],[0.38260509348446,51.5658238168464],[0.391861713355575,51.5671913952283],[0.393532476693128,51.5576549446081],[0.418679588401769,51.5566167971405]]]]},"properties":{"CSP21CD":"E22000091","CSP21NM":"Thurrock"}},{"type":"Feature","geometry":{"type":"Polygon","coordinates":[[[0.389695372823124,52.0364665943425],[0.394032429672931,52.0318408064162],[0.431389737333571,52.0389327413527],[0.437755098934372,52.0140473555366],[0.413838915185727,52.0116820155782],[0.42694351589013,51.9867587229951],[0.423622540480258,51.9732171912397],[0.41247571750255,51.9710612592035],[0.430052576440599,51.9538209259634],[0.42139275161911,51.9263042112074],[0.433015803568579,51.9247983783062],[0.467205417069055,51.8786564118898],[0.513505104844132,51.8643974663839],[0.519262342777842,51.8504492140291],[0.445681465775623,51.828872995119],[0.431060817439215,51.8318263463602],[0.424031521176507,51.8541587236864],[0.413172153800461,51.8566590356464],[0.403521217558056,51.8402763270282],[0.41432224666562,51.8142417010379],[0.404615009047594,51.8074224366527],[0.400030261770626,51.8127617173101],[0.384165196931081,51.7970744310742],[0.361570125270334,51.8011501159103],[0.362617227549911,51.7949069714519],[0.340581328387737,51.7944781643174],[0.33219814337298,51.7796294025914],[0.346700459081854,51.76759607116],[0.299365659995665,51.7718598802286],[0.295616775458178,51.790265054973],[0.237677631557306,51.7797753274744],[0.231547967788357,51.7951605182497],[0.196660647628044,51.7957906696513],[0.188443175924959,51.819654980004],[0.166251617449305,51.8221540085985],[0.17046768802496,51.8616221437544],[0.195594279900795,51.8680863196043],[0.174976393666944,51.8828125594953],[0.183853999516835,51.8935011903688],[0.124761446710298,51.8845855310094],[0.124847425135061,51.9236084039955],[0.10701203141805,51.9718178552015],[0.0964606111639592,51.9843259691199],[0.0690610114507331,51.9840425617869],[0.0681274189013754,52.0057887391631],[0.0922543378316555,52.0216539889866],[0.105736213487718,52.0602611071123],[0.119077515908339,52.0599625876485],[0.128135198304803,52.0473225716999],[0.151116953867509,52.0528518020285],[0.166396143400974,52.048190780182],[0.167570276572422,52.0549998115474],[0.189922071971941,52.0602013963157],[0.183194362384494,52.0731834554079],[0.203459400262098,52.0926741553906],[0.235208003627414,52.089000050391],[0.251573042887084,52.0767861462709],[0.276228961971443,52.0926383035939],[0.286011765577546,52.0904076513023],[0.32467398462829,52.0727832874379],[0.345959343307464,52.0497170200731],[0.389695372823124,52.0364665943425]]]},"properties":{"CSP21CD":"E22000092","CSP21NM":"Uttlesford"}},{"type":"Feature","geometry":{"type":"Polygon","coordinates":[[[-2.01021519154428,51.9029244535681],[-2.02525152927114,51.8642840484746],[-2.04727725730044,51.8583412596567],[-2.07075731268617,51.8650268327387],[-2.09751946164285,51.8788635210392],[-2.12775774501291,51.8797187874055],[-2.12619621798564,51.8875409112993],[-2.14241819294109,51.8845085396829],[-2.12468010024739,51.919340691929],[-2.10962242709734,51.9158536166776],[-2.10325109522481,51.9233606436611],[-2.10656542472398,51.9388815799919],[-2.03994348671729,51.9224105395833],[-2.03790035397327,51.9052760943893],[-2.01021519154428,51.9029244535681]]]},"properties":{"CSP21CD":"E22000093","CSP21NM":"Cheltenham"}},{"type":"Feature","geometry":{"type":"Polygon","coordinates":[[[-1.66575430454863,51.9874888219864],[-1.66252911046192,51.96400494758],[-1.63249065036283,51.9556514588347],[-1.61518893058729,51.9376816298851],[-1.64552984349675,51.9222942568441],[-1.63305061648252,51.8992254674722],[-1.6586519744456,51.8965511935467],[-1.66711188278055,51.8770000586035],[-1.68686790516724,51.865499769979],[-1.67638499897572,51.8503096863382],[-1.68646159226861,51.834455791808],[-1.68193160633868,51.8039930873526],[-1.71948863302901,51.783211828608],[-1.70070464063817,51.7705842309133],[-1.6870208353919,51.7398840237491],[-1.69587065656067,51.7235374534648],[-1.68800012551327,51.7120447484807],[-1.64825374342062,51.6840870667632],[-1.66845860139018,51.6804375698815],[-1.68305860763384,51.6901103608739],[-1.69683095088565,51.6920420122024],[-1.71105528242177,51.6717929473182],[-1.72755368076921,51.6672098345907],[-1.7537928604015,51.6622153587917],[-1.78861685777866,51.6670018975245],[-1.81194238645542,51.7031457130314],[-1.82317089688883,51.6734843285402],[-1.81585077037266,51.6630448007872],[-1.85048414193447,51.6562848044654],[-1.87388368376944,51.6825898311432],[-1.89901313594195,51.6796865091691],[-1.87659847508312,51.6515956109897],[-1.92090498005307,51.6572437744879],[-1.94205954029405,51.6704168715615],[-1.96305686286434,51.6586563942531],[-1.95051918865219,51.6369627916609],[-1.97732728414873,51.638091260896],[-1.99530744672495,51.6513635984319],[-2.01559230513293,51.650515500261],[-2.05717380115619,51.6724431322141],[-2.15253791543564,51.5903416239803],[-2.17949127565587,51.6000456712363],[-2.19001237832702,51.5925031496084],[-2.20655236834298,51.5959494452395],[-2.20742648164956,51.6034009928319],[-2.24186688776213,51.5921071677432],[-2.24511651561049,51.5814094740082],[-2.27255905245869,51.5775903274116],[-2.28274577923905,51.5785165620246],[-2.291637286721,51.5936959211034],[-2.27722941406557,51.6196291585294],[-2.29376042551372,51.6325141583334],[-2.3143395336621,51.6250555017559],[-2.3236003412244,51.6330857856817],[-2.283443172394,51.6657612173391],[-2.28716408754539,51.680635628314],[-2.24705011720238,51.6763448338784],[-2.23272262974501,51.6609204962304],[-2.19210837297068,51.6597614622996],[-2.18755019991579,51.6702978736746],[-2.21184460558839,51.6822446971211],[-2.20062534130353,51.6928393083854],[-2.14989196785009,51.6893402165242],[-2.12385280306125,51.7053277308451],[-2.13447010245378,51.7232159935197],[-2.08469338842162,51.7283157568882],[-2.0835171649899,51.7358144568548],[-2.06862413773313,51.7384612953311],[-2.08963314744166,51.7469942085624],[-2.10598545053789,51.7440358164395],[-2.10265228271626,51.7672784866079],[-2.07297020663909,51.7697437989972],[-2.08380980201924,51.7889499019205],[-2.11563590591199,51.7994578413805],[-2.13425447500207,51.8199190407349],[-2.11489451209384,51.8227898544858],[-2.09841042899061,51.8565598782068],[-2.08213767351869,51.854921657729],[-2.07075731268617,51.8650268327387],[-2.04727725730044,51.8583412596567],[-2.02525152927114,51.8642840484746],[-2.01021519154428,51.9029244535681],[-1.99416873912513,51.914977371872],[-1.9611967180509,51.9025178610396],[-1.92940725049796,51.9046952621516],[-1.91215942204398,51.8876007876807],[-1.89601600016554,51.8943004864249],[-1.85360869348314,51.8934302357793],[-1.88073484216912,51.8967909889447],[-1.86840447194007,51.9080679327172],[-1.88786059603436,51.9118884311054],[-1.88720560353566,51.9261932921327],[-1.92318709947832,51.9348893410897],[-1.93166063772968,51.9573250015929],[-1.91093047035078,51.9693850287386],[-1.89707026358289,51.9603254178326],[-1.8744995432948,51.9650984297205],[-1.8684651000672,51.9805911606484],[-1.88342625600984,51.9836132966571],[-1.86536382653487,51.9951591362673],[-1.81934897082943,51.9873749519654],[-1.80167920800798,51.9968951442697],[-1.83905030714283,52.0067831284916],[-1.8250228816679,52.0309334135568],[-1.8345888140813,52.0437330167182],[-1.86344917989937,52.053417723062],[-1.87440607681162,52.0699909115952],[-1.84661960637666,52.0794210956629],[-1.83175334172358,52.0727693542685],[-1.81894341276327,52.0854041151211],[-1.81273665650818,52.0787440014706],[-1.80228873762243,52.0969414695018],[-1.76764874769465,52.1125925601067],[-1.7460219368107,52.0929601720455],[-1.72856052811281,52.1001203055535],[-1.73067148453835,52.073399301398],[-1.71295296232755,52.0665849047502],[-1.70173137601653,52.0728093032742],[-1.70514106701663,52.0597066230704],[-1.6886364810542,52.0518332046415],[-1.69398075504565,52.0395278989016],[-1.66386648240206,52.0312766496843],[-1.62441776103734,52.0389813521362],[-1.61753263743828,52.0334370262087],[-1.66617341865268,51.9969179723384],[-1.66575430454863,51.9874888219864]]]},"properties":{"CSP21CD":"E22000094","CSP21NM":"Cotswold"}},{"type":"Feature","geometry":{"type":"Polygon","coordinates":[[[-2.35137852244174,52.0213590290394],[-2.35254266829771,52.0135353102849],[-2.32470967818414,52.0035672783312],[-2.32653883120796,51.9757909468963],[-2.31261970069138,51.976504974576],[-2.30043302609069,51.9667752646008],[-2.27055558557873,51.9689390809737],[-2.26754501218162,51.9531885132341],[-2.28330418613353,51.9518138083884],[-2.29532562120891,51.9332265826614],[-2.28361011835363,51.9232972674105],[-2.29721151492027,51.9029044651951],[-2.28995563002817,51.8943406749017],[-2.31981721013595,51.8885007629537],[-2.3347031298695,51.8757414820039],[-2.31597756294278,51.8608598865133],[-2.34686664520539,51.8545078933623],[-2.35177492989174,51.8462249687235],[-2.34970190053647,51.8297413575967],[-2.36248380073361,51.8227101142928],[-2.35849104204252,51.8075649618134],[-2.34634520924663,51.8026561782638],[-2.35157790483711,51.7959628849599],[-2.37852483376847,51.7946257857619],[-2.41121856608316,51.8056489552566],[-2.42207781020887,51.8185812031223],[-2.45180880117732,51.7964006680733],[-2.44432509011362,51.7840408526966],[-2.41661606153936,51.7851216237497],[-2.3925132203416,51.7772716383862],[-2.38630069294576,51.7580938926132],[-2.40861927106247,51.7498390139847],[-2.43711284075921,51.7573333351009],[-2.47256781985598,51.7409280252943],[-2.50266510222392,51.6932989280444],[-2.54081319713281,51.6823970971399],[-2.57434611745968,51.6637451236742],[-2.61700915249418,51.6557299443292],[-2.64601394677536,51.6259787531085],[-2.63907177071659,51.6100386408695],[-2.63963765366509,51.6097161180254],[-2.65879019534547,51.6163185346681],[-2.65879197642782,51.6163191486798],[-2.65664127759941,51.6227996018387],[-2.66851392778044,51.645630593601],[-2.68033178982132,51.6475470396017],[-2.66592276125787,51.6643235429583],[-2.68640198534752,51.6631552756617],[-2.65686372173786,51.6745037133579],[-2.67225329931617,51.6810001361918],[-2.66916891575376,51.6931500116545],[-2.68379147622247,51.7006275155784],[-2.66844054916154,51.7057888652485],[-2.68754079653479,51.730426259148],[-2.67222511999267,51.7363629501989],[-2.66269206735517,51.7538947436597],[-2.68045213470349,51.7689294147768],[-2.66981057919979,51.7942734507367],[-2.67853782959666,51.8028451993877],[-2.65953874455198,51.8106823741613],[-2.66087144177876,51.822753864529],[-2.65040070567432,51.8261246889383],[-2.63671005341688,51.8430952612886],[-2.62546695815918,51.8389640024544],[-2.60121663304725,51.8562162644087],[-2.58281688241695,51.849577352947],[-2.5806409604219,51.861671376437],[-2.53162394037576,51.8607715469017],[-2.50862440109418,51.8851690569453],[-2.48779469274655,51.8804175459086],[-2.43935797872739,51.8973957283352],[-2.44818479288624,51.9186682322372],[-2.4660430006938,51.9279745035373],[-2.46548701732309,51.9516964072477],[-2.50090645407367,51.9606091442864],[-2.49224484623915,51.9641287773142],[-2.49491293332375,51.9810752068267],[-2.47099259337338,51.9947360731079],[-2.49198479935107,52.0076618755015],[-2.47893230092191,52.02253041104],[-2.46407938640931,52.0232741849463],[-2.46325568883201,52.0143402782952],[-2.4365473513555,52.01479580575],[-2.43729372314514,51.9971670434287],[-2.41319627507641,51.9940903078117],[-2.3990184898963,51.9961459478794],[-2.39289223171328,52.0129587700424],[-2.35137852244174,52.0213590290394]]]},"properties":{"CSP21CD":"E22000095","CSP21NM":"Forest of Dean"}},{"type":"Feature","geometry":{"type":"Polygon","coordinates":[[[-2.18768304421766,51.8450286870212],[-2.22336229265465,51.8211694352798],[-2.22748825011489,51.8283112621528],[-2.24934494248446,51.8252234426019],[-2.26285524007275,51.80758040165],[-2.29908544876749,51.8246337062452],[-2.29822691186503,51.832602017996],[-2.27927424725923,51.844615759186],[-2.28782605309915,51.8599107460946],[-2.27429380442651,51.8630144719894],[-2.26787042466748,51.8751799418079],[-2.23805338955059,51.8832604587595],[-2.19912098394458,51.8806242784201],[-2.19638509258574,51.865543510859],[-2.17725789160801,51.8558772092473],[-2.18768304421766,51.8450286870212]]]},"properties":{"CSP21CD":"E22000096","CSP21NM":"Gloucester"}},{"type":"Feature","geometry":{"type":"Polygon","coordinates":[[[-2.29822691186503,51.832602017996],[-2.29908544876749,51.8246337062452],[-2.26285524007275,51.80758040165],[-2.24934494248446,51.8252234426019],[-2.22748825011489,51.8283112621528],[-2.22336229265465,51.8211694352798],[-2.18768304421766,51.8450286870212],[-2.16008432600099,51.8245637637066],[-2.13425447500207,51.8199190407349],[-2.11563590591199,51.7994578413805],[-2.08380980201924,51.7889499019205],[-2.07297020663909,51.7697437989972],[-2.10265228271626,51.7672784866079],[-2.10598545053789,51.7440358164395],[-2.08963314744166,51.7469942085624],[-2.06862413773313,51.7384612953311],[-2.0835171649899,51.7358144568548],[-2.08469338842162,51.7283157568882],[-2.13447010245378,51.7232159935197],[-2.12385280306125,51.7053277308451],[-2.14989196785009,51.6893402165242],[-2.20062534130353,51.6928393083854],[-2.21184460558839,51.6822446971211],[-2.18755019991579,51.6702978736746],[-2.19210837297068,51.6597614622996],[-2.23272262974501,51.6609204962304],[-2.24705011720238,51.6763448338784],[-2.28716408754539,51.680635628314],[-2.283443172394,51.6657612173391],[-2.3236003412244,51.6330857856817],[-2.3143395336621,51.6250555017559],[-2.29376042551372,51.6325141583334],[-2.27722941406557,51.6196291585294],[-2.291637286721,51.5936959211034],[-2.33106255956941,51.5916021906171],[-2.36558135966373,51.6037346228316],[-2.37057655800009,51.5976137071762],[-2.39465737965729,51.5973688240373],[-2.38890966915367,51.6275403745685],[-2.40047490634886,51.6351434811121],[-2.38598850246378,51.6399431096316],[-2.44298352047969,51.6524918799746],[-2.49067532485481,51.6448339839705],[-2.48964025298392,51.6639615225766],[-2.54081319713281,51.6823970971399],[-2.50266510222392,51.6932989280444],[-2.47256781985598,51.7409280252943],[-2.43711284075921,51.7573333351009],[-2.40861927106247,51.7498390139847],[-2.38630069294576,51.7580938926132],[-2.3925132203416,51.7772716383862],[-2.41661606153936,51.7851216237497],[-2.44432509011362,51.7840408526966],[-2.45180880117732,51.7964006680733],[-2.42207781020887,51.8185812031223],[-2.41121856608316,51.8056489552566],[-2.37852483376847,51.7946257857619],[-2.35157790483711,51.7959628849599],[-2.34634520924663,51.8026561782638],[-2.35849104204252,51.8075649618134],[-2.36248380073361,51.8227101142928],[-2.34970190053647,51.8297413575967],[-2.35177492989174,51.8462249687235],[-2.30746711014565,51.8468778223565],[-2.29822691186503,51.832602017996]]]},"properties":{"CSP21CD":"E22000097","CSP21NM":"Stroud"}},{"type":"Feature","geometry":{"type":"Polygon","coordinates":[[[-1.83905030714283,52.0067831284916],[-1.80167920800798,51.9968951442697],[-1.81934897082943,51.9873749519654],[-1.86536382653487,51.9951591362673],[-1.88342625600984,51.9836132966571],[-1.8684651000672,51.9805911606484],[-1.8744995432948,51.9650984297205],[-1.89707026358289,51.9603254178326],[-1.91093047035078,51.9693850287386],[-1.93166063772968,51.9573250015929],[-1.92318709947832,51.9348893410897],[-1.88720560353566,51.9261932921327],[-1.88786059603436,51.9118884311054],[-1.86840447194007,51.9080679327172],[-1.88073484216912,51.8967909889447],[-1.85360869348314,51.8934302357793],[-1.89601600016554,51.8943004864249],[-1.91215942204398,51.8876007876807],[-1.92940725049796,51.9046952621516],[-1.9611967180509,51.9025178610396],[-1.99416873912513,51.914977371872],[-2.01021519154428,51.9029244535681],[-2.03790035397327,51.9052760943893],[-2.03994348671729,51.9224105395833],[-2.10656542472398,51.9388815799919],[-2.10325109522481,51.9233606436611],[-2.10962242709734,51.9158536166776],[-2.12468010024739,51.919340691929],[-2.14241819294109,51.8845085396829],[-2.12619621798564,51.8875409112993],[-2.12775774501291,51.8797187874055],[-2.09751946164285,51.8788635210392],[-2.07075731268617,51.8650268327387],[-2.08213767351869,51.854921657729],[-2.09841042899061,51.8565598782068],[-2.11489451209384,51.8227898544858],[-2.13425447500207,51.8199190407349],[-2.16008432600099,51.8245637637066],[-2.18768304421766,51.8450286870212],[-2.17725789160801,51.8558772092473],[-2.19638509258574,51.865543510859],[-2.19912098394458,51.8806242784201],[-2.23805338955059,51.8832604587595],[-2.26787042466748,51.8751799418079],[-2.27429380442651,51.8630144719894],[-2.28782605309915,51.8599107460946],[-2.27927424725923,51.844615759186],[-2.29822691186503,51.832602017996],[-2.30746711014565,51.8468778223565],[-2.35177492989174,51.8462249687235],[-2.34686664520539,51.8545078933623],[-2.31597756294278,51.8608598865133],[-2.3347031298695,51.8757414820039],[-2.31981721013595,51.8885007629537],[-2.28995563002817,51.8943406749017],[-2.29721151492027,51.9029044651951],[-2.28361011835363,51.9232972674105],[-2.29532562120891,51.9332265826614],[-2.28330418613353,51.9518138083884],[-2.26754501218162,51.9531885132341],[-2.27055558557873,51.9689390809737],[-2.25135998124032,51.9665649342157],[-2.2206132435217,51.9954966448483],[-2.18508403441562,51.9905609788574],[-2.1807485360373,51.9996151713198],[-2.16463014559703,51.9961432541514],[-2.18768330302322,52.0190801576711],[-2.17688298069408,52.022616879474],[-2.18045118695184,52.0422625534122],[-2.1620361844493,52.0505671494144],[-2.11608955278632,52.0378700175261],[-2.14003952472973,52.0272716187852],[-2.15078195954122,52.0066280416879],[-2.14068698320585,51.9994641968075],[-2.11219762720392,52.0153447349971],[-2.08487319407292,52.0104785846223],[-2.06078374065176,52.0146805603219],[-2.04951417600198,52.0037962185805],[-2.03835621126119,52.0046006235229],[-1.98413574037062,52.0358792744237],[-1.95138760292282,52.0377252735293],[-1.93173022075699,52.0299592834289],[-1.91344602070409,52.0444612406154],[-1.83905030714283,52.0067831284916]]]},"properties":{"CSP21CD":"E22000098","CSP21NM":"Tewkesbury"}},{"type":"Feature","geometry":{"type":"Polygon","coordinates":[[[-2.37913211552921,53.6308703643459],[-2.37943642698578,53.6202982211543],[-2.36299441860479,53.610306608559],[-2.37705749556499,53.5929173758218],[-2.37398896308778,53.5708379977295],[-2.35603230934973,53.5606666071227],[-2.35897845853427,53.5529369657782],[-2.37358896596843,53.5539141077711],[-2.34147978194383,53.5458821355359],[-2.33819354516769,53.5336141403946],[-2.35369556560839,53.5350565931541],[-2.35438848105194,53.5262406598844],[-2.43714722764451,53.5422534894246],[-2.4510972318287,53.5286053947657],[-2.50584636407123,53.5389920829183],[-2.53374718087245,53.5230144462743],[-2.56960380656572,53.5478547881025],[-2.55962527802362,53.5612310787845],[-2.57766251928133,53.5810593435228],[-2.62590677319225,53.5936832713985],[-2.59592575554149,53.6108149806104],[-2.56927828124953,53.5955969482671],[-2.51132292934796,53.6269949667172],[-2.47919534002786,53.6170358900123],[-2.45970004381105,53.6200426941985],[-2.43872438284017,53.6460454486624],[-2.42169643500597,53.623835573874],[-2.37913211552921,53.6308703643459]]]},"properties":{"CSP21CD":"E22000099","CSP21NM":"Bolton"}},{"type":"Feature","geometry":{"type":"Polygon","coordinates":[[[-2.2717870687905,53.6145142332618],[-2.24507858231904,53.600139458401],[-2.2823739776338,53.5838881184607],[-2.27333429535468,53.5793161700283],[-2.259239989758,53.5852699814249],[-2.24330452949509,53.5717042340664],[-2.23722983442873,53.538860508026],[-2.25173729405739,53.5446085369161],[-2.26827062532941,53.5374259585062],[-2.26411429994798,53.5246904872906],[-2.24664494747926,53.5292363541213],[-2.25696583528548,53.5179457852013],[-2.29079629439424,53.5120211683573],[-2.31047252571556,53.5271872440401],[-2.33819354516769,53.5336141403946],[-2.34147978194383,53.5458821355359],[-2.37358896596843,53.5539141077711],[-2.35897845853427,53.5529369657782],[-2.35603230934973,53.5606666071227],[-2.37398896308778,53.5708379977295],[-2.37705749556499,53.5929173758218],[-2.36299441860479,53.610306608559],[-2.37943642698578,53.6202982211543],[-2.37913211552921,53.6308703643459],[-2.37032788904823,53.6315343309452],[-2.36274651451584,53.6554014742395],[-2.37123619444388,53.667080654493],[-2.31675729058951,53.654987224144],[-2.29898508317259,53.6667047891808],[-2.295272776757,53.6403952353397],[-2.2717870687905,53.6145142332618]]]},"properties":{"CSP21CD":"E22000100","CSP21NM":"Bury"}},{"type":"Feature","geometry":{"type":"Polygon","coordinates":[[[-2.23722983442873,53.538860508026],[-2.21872522512353,53.5439068308222],[-2.18601421381712,53.5290593985386],[-2.1547610370867,53.5180331570046],[-2.17871040149036,53.5058499512093],[-2.16303024605401,53.4928491976846],[-2.16806377593825,53.4800875732214],[-2.14682778417064,53.4676587261985],[-2.15845128388528,53.4549368626877],[-2.17287963616394,53.4480011075821],[-2.17647056948892,53.4330992228678],[-2.18853962247078,53.4366527361042],[-2.21342771329714,53.4189147309679],[-2.21259491408902,53.406968011696],[-2.24682802957703,53.3960599942886],[-2.24079008412411,53.3595742669914],[-2.25644728585402,53.3606768412766],[-2.30135901104771,53.340120620359],[-2.29693022964698,53.3485838120438],[-2.31399816114173,53.3574246421479],[-2.29859454979864,53.3608249460527],[-2.28566460664445,53.3762451149181],[-2.31991901980795,53.4116235539266],[-2.29771555782357,53.4083616708883],[-2.27777960010051,53.4155080296877],[-2.27362065909694,53.4225008392898],[-2.30018623198938,53.4364163338285],[-2.25368727534751,53.4599456438348],[-2.26532011730774,53.4727290184161],[-2.24513722219961,53.4860868252658],[-2.25542250647567,53.499119126694],[-2.2452274841905,53.5121567078394],[-2.25696583528548,53.5179457852013],[-2.24664494747926,53.5292363541213],[-2.26411429994798,53.5246904872906],[-2.26827062532941,53.5374259585062],[-2.25173729405739,53.5446085369161],[-2.23722983442873,53.538860508026]]]},"properties":{"CSP21CD":"E22000101","CSP21NM":"Manchester"}},{"type":"Feature","geometry":{"type":"Polygon","coordinates":[[[-2.00947078713106,53.6167795111392],[-1.94272585126694,53.5616412941119],[-1.9128846428011,53.5516436149553],[-1.90962083195551,53.5383909865468],[-1.92678065561025,53.5209487496897],[-1.92197284577495,53.5099546848918],[-1.95133267475833,53.5041988388905],[-1.96338598926022,53.509827260669],[-2.05491706940516,53.5313929556254],[-2.05414814082372,53.5222691624695],[-2.09325828992356,53.5206166937392],[-2.13612452440151,53.4919276000956],[-2.16303024605401,53.4928491976846],[-2.17871040149036,53.5058499512093],[-2.1547610370867,53.5180331570046],[-2.18601421381712,53.5290593985386],[-2.1694402426419,53.5461593060782],[-2.17199289453171,53.5582322919289],[-2.15092967782001,53.5671241537886],[-2.15658638842001,53.582287462879],[-2.12584468713238,53.5864979736429],[-2.11063766856673,53.5997088234209],[-2.05988208527965,53.5924870043127],[-2.03582706317256,53.6029323753639],[-2.02681574056412,53.6241671461057],[-2.02303595762586,53.6158394769092],[-2.00947078713106,53.6167795111392]]]},"properties":{"CSP21CD":"E22000102","CSP21NM":"Oldham"}},{"type":"Feature","geometry":{"type":"Polygon","coordinates":[[[-2.02681574056412,53.6241671461057],[-2.03582706317256,53.6029323753639],[-2.05988208527965,53.5924870043127],[-2.11063766856673,53.5997088234209],[-2.12584468713238,53.5864979736429],[-2.15658638842001,53.582287462879],[-2.15092967782001,53.5671241537886],[-2.17199289453171,53.5582322919289],[-2.1694402426419,53.5461593060782],[-2.18601421381712,53.5290593985386],[-2.21872522512353,53.5439068308222],[-2.23722983442873,53.538860508026],[-2.24330452949509,53.5717042340664],[-2.259239989758,53.5852699814249],[-2.27333429535468,53.5793161700283],[-2.2823739776338,53.5838881184607],[-2.24507858231904,53.600139458401],[-2.2717870687905,53.6145142332618],[-2.25676901587734,53.6203979547478],[-2.26986609200328,53.646136610395],[-2.24587750356036,53.663521730583],[-2.21772889962318,53.6689807388165],[-2.2052285001861,53.654348835335],[-2.18240718357035,53.6482576152006],[-2.18539583912308,53.6382240927871],[-2.1613528322883,53.6413741752366],[-2.14632807589576,53.6822315294492],[-2.14225755110277,53.6780058089642],[-2.13412727234523,53.6857340290757],[-2.1180850077117,53.6712452241623],[-2.09290647551626,53.6701611239327],[-2.05124217318775,53.6836917586463],[-2.02681574056412,53.6241671461057]]]},"properties":{"CSP21CD":"E22000103","CSP21NM":"Rochdale"}},{"type":"Feature","geometry":{"type":"Polygon","coordinates":[[[-2.33819354516769,53.5336141403946],[-2.31047252571556,53.5271872440401],[-2.29079629439424,53.5120211683573],[-2.25696583528548,53.5179457852013],[-2.2452274841905,53.5121567078394],[-2.25542250647567,53.499119126694],[-2.24513722219961,53.4860868252658],[-2.26532011730774,53.4727290184161],[-2.28158629238645,53.4648656882003],[-2.32205934253643,53.4801704925733],[-2.35497662386571,53.4740174954745],[-2.39631826576338,53.4584258556261],[-2.41958295901607,53.4293189038056],[-2.44937818830286,53.4158914442799],[-2.48971382174961,53.460282297438],[-2.43446941523023,53.4650444080407],[-2.438506957341,53.4924021569053],[-2.41453919482293,53.5148934298652],[-2.4510972318287,53.5286053947657],[-2.43714722764451,53.5422534894246],[-2.35438848105194,53.5262406598844],[-2.35369556560839,53.5350565931541],[-2.33819354516769,53.5336141403946]]]},"properties":{"CSP21CD":"E22000104","CSP21NM":"Salford"}},{"type":"Feature","geometry":{"type":"Polygon","coordinates":[[[-2.0262554175393,53.4298651614286],[-2.0136971820304,53.4158901098022],[-1.99232947055908,53.4151931330374],[-2.00464286724195,53.3863272775011],[-2.03377543264394,53.3755415697783],[-2.031058463243,53.3702623861094],[-2.04056362489501,53.3740877663963],[-2.06807780774501,53.3573936378322],[-2.09517932332602,53.3660806992136],[-2.1231957229973,53.3619466331234],[-2.13902531020559,53.3673170116013],[-2.15119059702052,53.3481331353572],[-2.14409931007101,53.3428710074742],[-2.16064754726659,53.327314696506],[-2.19416286501527,53.3386504410584],[-2.18097727745663,53.3440438011382],[-2.18544088377377,53.3526597696074],[-2.24079008412411,53.3595742669914],[-2.24682802957703,53.3960599942886],[-2.21259491408902,53.406968011696],[-2.21342771329714,53.4189147309679],[-2.18853962247078,53.4366527361042],[-2.17647056948892,53.4330992228678],[-2.17287963616394,53.4480011075821],[-2.15845128388528,53.4549368626877],[-2.14169023568556,53.4382511328352],[-2.11600873992976,53.4407309123871],[-2.10243915831795,53.4326095341406],[-2.08904002865182,53.4373095418526],[-2.0798034760136,53.426176632721],[-2.0262554175393,53.4298651614286]]]},"properties":{"CSP21CD":"E22000105","CSP21NM":"Stockport"}},{"type":"Feature","geometry":{"type":"Polygon","coordinates":[[[-1.96338598926022,53.509827260669],[-1.98781957548853,53.4811103993828],[-1.98579237816046,53.4552267721605],[-2.00823485273611,53.4415492995151],[-2.00421605197447,53.4359217858561],[-2.01422750540755,53.43976275466],[-2.0262554175393,53.4298651614286],[-2.0798034760136,53.426176632721],[-2.08904002865182,53.4373095418526],[-2.10243915831795,53.4326095341406],[-2.11600873992976,53.4407309123871],[-2.14169023568556,53.4382511328352],[-2.15845128388528,53.4549368626877],[-2.14682778417064,53.4676587261985],[-2.16806377593825,53.4800875732214],[-2.16303024605401,53.4928491976846],[-2.13612452440151,53.4919276000956],[-2.09325828992356,53.5206166937392],[-2.05414814082372,53.5222691624695],[-2.05491706940516,53.5313929556254],[-1.96338598926022,53.509827260669]]]},"properties":{"CSP21CD":"E22000106","CSP21NM":"Tameside"}},{"type":"Feature","geometry":{"type":"Polygon","coordinates":[[[-2.26532011730774,53.4727290184161],[-2.25368727534751,53.4599456438348],[-2.30018623198938,53.4364163338285],[-2.27362065909694,53.4225008392898],[-2.27777960010051,53.4155080296877],[-2.29771555782357,53.4083616708883],[-2.31991901980795,53.4116235539266],[-2.28566460664445,53.3762451149181],[-2.29859454979864,53.3608249460527],[-2.31399816114173,53.3574246421479],[-2.33987489434102,53.367377992043],[-2.37578362444177,53.3653511834138],[-2.42658992510444,53.3874615169358],[-2.47845439772895,53.3962185675272],[-2.44937818830286,53.4158914442799],[-2.41958295901607,53.4293189038056],[-2.39631826576338,53.4584258556261],[-2.35497662386571,53.4740174954745],[-2.32205934253643,53.4801704925733],[-2.28158629238645,53.4648656882003],[-2.26532011730774,53.4727290184161]]]},"properties":{"CSP21CD":"E22000107","CSP21NM":"Trafford"}},{"type":"Feature","geometry":{"type":"Polygon","coordinates":[[[-2.62590677319225,53.5936832713985],[-2.57766251928133,53.5810593435228],[-2.55962527802362,53.5612310787845],[-2.56960380656572,53.5478547881025],[-2.53374718087245,53.5230144462743],[-2.50584636407123,53.5389920829183],[-2.4510972318287,53.5286053947657],[-2.41453919482293,53.5148934298652],[-2.438506957341,53.4924021569053],[-2.43446941523023,53.4650444080407],[-2.48971382174961,53.460282297438],[-2.4963344588829,53.4809294219504],[-2.55263854410147,53.4678134069205],[-2.54907568465009,53.461485853743],[-2.57038994787401,53.4584755069628],[-2.57674283317084,53.4460572083879],[-2.61535915029557,53.4636014203614],[-2.61213826687326,53.4811380905399],[-2.64554001378709,53.4802523216723],[-2.66629583199251,53.4997574798791],[-2.6988930124327,53.5020315601885],[-2.7305209236796,53.5206001458893],[-2.71792555495459,53.5272111636733],[-2.70481914779262,53.5591921853052],[-2.71922262231971,53.5761141813386],[-2.69335212229441,53.5894286646168],[-2.68931258757785,53.6043028419438],[-2.63459215891522,53.6082827625043],[-2.62590677319225,53.5936832713985]]]},"properties":{"CSP21CD":"E22000108","CSP21NM":"Wigan"}},{"type":"Feature","geometry":{"type":"Polygon","coordinates":[[[-0.759334367357663,51.1032586720027],[-0.759443824776473,51.1035727515698],[-0.768913298414609,51.1032700214655],[-0.759334367357663,51.1032586720027],[-0.753480635682262,51.0864557098491],[-0.780786881640498,51.0793751235126],[-0.797762679451335,51.0635558616832],[-0.842847950683525,51.0668868080859],[-0.852810677861577,51.0448433200739],[-0.896993034200906,51.0220101182791],[-0.893346615712615,51.0027429856163],[-0.907864084059223,50.9942411144512],[-0.931847105710517,50.9455804293165],[-0.942110087824929,50.9428940861142],[-0.924013258512923,50.9241990391588],[-0.940245276386779,50.91805411295],[-0.957581427612506,50.8906296881445],[-0.938608222849825,50.8737210622452],[-0.963608258952876,50.8672523792294],[-0.960443269168923,50.8721837596387],[-1.01868063560648,50.9090384901756],[-1.034115914449,50.9041626454462],[-1.04845560132509,50.9025163197245],[-1.03568956879268,50.9515169068238],[-1.04616631668502,50.9545769674191],[-1.04523633261369,50.9686322726828],[-1.06336611333371,50.9776917377059],[-1.06951320464285,50.993694566283],[-1.06234063314353,51.0203291675653],[-1.07450277305263,51.0326227605065],[-1.05374125375232,51.0471855511355],[-1.08168287808978,51.0464263470281],[-1.10854431201013,51.0861986632697],[-1.07207267984385,51.1070862894534],[-1.09392528572934,51.1077683347036],[-1.09504285543171,51.1403461368238],[-1.1120165891581,51.1365859926798],[-1.13180487841333,51.1436227079001],[-1.10492064240082,51.1631489263041],[-1.07424962999226,51.1644517279016],[-1.07341484199839,51.1853264867049],[-1.06169117737115,51.190517899575],[-0.973820434641149,51.1860076626485],[-0.951175604875137,51.2004466072015],[-0.904307630884531,51.2099087520961],[-0.848912169248545,51.2107157287771],[-0.825443293261202,51.1813565059788],[-0.834203925546664,51.1475816697554],[-0.798395605296421,51.1525274777685],[-0.769280592586641,51.1171423778692],[-0.745525568291982,51.1121884663796],[-0.749272690128818,51.1032459066375],[-0.759334367357663,51.1032586720027]]]},"properties":{"CSP21CD":"E22000110","CSP21NM":"East Hampshire"}},{"type":"Feature","geometry":{"type":"Polygon","coordinates":[[[-1.26531609716883,50.8979786345441],[-1.28808842717944,50.8956567477625],[-1.30289373324194,50.8835656008102],[-1.30410232533363,50.878564777645],[-1.31661366152019,50.8756725981667],[-1.31084549357582,50.8506462802093],[-1.31114622470878,50.8494000774556],[-1.36285721535708,50.8787603361475],[-1.32197756217243,50.9009534990777],[-1.33335691001506,50.9198827716172],[-1.35793338490146,50.9307313459938],[-1.35468995194608,50.9410218344503],[-1.37989189534768,50.9475180703815],[-1.37403411160523,50.9539758078668],[-1.39646577249423,50.9685027828442],[-1.39297466014347,51.0043613192758],[-1.35346769222015,50.9981586161333],[-1.34276548676774,50.9908887768879],[-1.34663548336063,50.9813423697948],[-1.32767805842609,50.9801200677611],[-1.32236605694883,50.9876532980733],[-1.29057452599741,50.9828698015574],[-1.29342815341834,50.9741453114159],[-1.25815427373225,50.9783418927467],[-1.29248033092751,50.9486998673886],[-1.26467421680402,50.9262749661291],[-1.26531609716883,50.8979786345441]]]},"properties":{"CSP21CD":"E22000111","CSP21NM":"Eastleigh"}},{"type":"Feature","geometry":{"type":"MultiPolygon","coordinates":[[[[-1.31084549357582,50.8506462802093],[-1.31046980781217,50.8490156334397],[-1.31114622470878,50.8494000774556],[-1.31084549357582,50.8506462802093]]],[[[-1.26531609716883,50.8979786345441],[-1.25524262454376,50.8731028777484],[-1.23032669672979,50.8607703316793],[-1.21595663104328,50.8750493699141],[-1.19796096885688,50.875896438579],[-1.19581303513463,50.8849996545801],[-1.167217639143,50.8894331626648],[-1.15000240318933,50.8793815233526],[-1.14318684881353,50.8585010031066],[-1.11584760238594,50.8582717235923],[-1.11416623313347,50.8449204931181],[-1.11770596867816,50.8444391207899],[-1.1130744788478,50.8361019704413],[-1.152740219305,50.8445566437145],[-1.1544839264258,50.8450705927676],[-1.1747157221638,50.8399908253254],[-1.17489763310305,50.8399470415528],[-1.1891132405118,50.8226722269658],[-1.17959563484696,50.8131811344266],[-1.2137928874738,50.8090125515695],[-1.21414762201052,50.809296637752],[-1.30811657696464,50.8427329315362],[-1.30274919255879,50.8788774711933],[-1.30410232533363,50.878564777645],[-1.30289373324194,50.8835656008102],[-1.28808842717944,50.8956567477625],[-1.26531609716883,50.8979786345441]]]]},"properties":{"CSP21CD":"E22000112","CSP21NM":"Fareham"}},{"type":"Feature","geometry":{"type":"Polygon","coordinates":[[[-1.17485742749481,50.8399416238544],[-1.15239484064898,50.8357378692978],[-1.14988340509795,50.8271810972112],[-1.14946910556505,50.8268473818646],[-1.1238152813139,50.8061718824557],[-1.136834371007,50.8019865779332],[-1.12373864023064,50.8041263743817],[-1.11930415820005,50.796227908193],[-1.11751506405252,50.7930404743905],[-1.13442772060432,50.7858864356414],[-1.11240532319839,50.7892396651051],[-1.11374497648433,50.7884719166053],[-1.14006725082533,50.774435457242],[-1.14192354116945,50.7734986258036],[-1.15038559583599,50.7763729124517],[-1.1897136131671,50.7897184371965],[-1.19854738414372,50.7967991326231],[-1.2137928874738,50.8090125515695],[-1.17959563484696,50.8131811344266],[-1.1891132405118,50.8226722269658],[-1.17489763310305,50.8399470415528],[-1.17485742749481,50.8399416238544]]]},"properties":{"CSP21CD":"E22000113","CSP21NM":"Gosport"}},{"type":"Feature","geometry":{"type":"MultiPolygon","coordinates":[[[[-0.951007030234866,50.8237565912859],[-0.957057022429937,50.8073429352482],[-0.960861204194009,50.8115945746117],[-0.970203755184707,50.8103157146969],[-0.961788987659883,50.8078552979293],[-0.973369385839973,50.8090629970639],[-0.968970769284523,50.8027408981764],[-0.952726202122993,50.8010145244945],[-0.959144422056508,50.7949090924109],[-0.966806227057264,50.787618142444],[-0.951307489653735,50.7869062523989],[-0.958887117696148,50.7811664462494],[-0.936761630046207,50.7867972062998],[-0.937418296982671,50.7775856377763],[-1.02156303335334,50.7862615409991],[-1.02480208015478,50.7954762409172],[-1.02495287031775,50.7959051226267],[-0.994896275649865,50.7981358990826],[-0.986768415302611,50.8269492878066],[-0.969104657757568,50.8345330285317],[-0.951007030234866,50.8237565912859]]],[[[-0.960443269168923,50.8721837596387],[-0.963608258952876,50.8672523792294],[-0.938608222849825,50.8737210622452],[-0.926450186989275,50.8640917207277],[-0.934483067467462,50.8458708643047],[-0.974458244173659,50.8423034851977],[-0.981420804387822,50.834928086745],[-1.0011889802698,50.8436684848576],[-1.01990949812271,50.84319685244],[-1.02412894295409,50.8263225723426],[-1.0242823597357,50.8264364761264],[-1.02263575697472,50.8521010331396],[-1.05401492129355,50.8565508021926],[-1.05461663667125,50.8674487945788],[-1.0473811471308,50.8657496105119],[-1.03502167657584,50.8806302351526],[-1.04913126674986,50.8914658697717],[-1.034115914449,50.9041626454462],[-1.01868063560648,50.9090384901756],[-0.960443269168923,50.8721837596387]]]]},"properties":{"CSP21CD":"E22000115","CSP21NM":"Havant"}},{"type":"Feature","geometry":{"type":"Polygon","coordinates":[[[-1.30296743199966,50.7644637938478],[-1.29609714853291,50.7617764271214],[-1.29489503047226,50.7619811976485],[-1.28295875521929,50.7300328638297],[-1.29138282951802,50.7625793861034],[-1.27459439846679,50.7654370221159],[-1.24756528927249,50.7517045543324],[-1.23922967723529,50.7438581087843],[-1.22709418568823,50.7410846763805],[-1.21623427264585,50.7350913747697],[-1.21949542721982,50.7310631180976],[-1.20342735981765,50.7347701804803],[-1.15457965043347,50.7332899460151],[-1.15118200664504,50.7323594433955],[-1.10866920669963,50.7207037411965],[-1.096090623818,50.6943892812701],[-1.10283024134863,50.6997835953797],[-1.10826190424856,50.69351486888],[-1.08597697877415,50.6943278872905],[-1.07030629416136,50.6875410383512],[-1.09792737164874,50.6652233999423],[-1.13177294607928,50.6623128212288],[-1.15261565874719,50.652892071847],[-1.16042833809125,50.6493588944706],[-1.17587914948171,50.6167829782053],[-1.18513435210355,50.5972470334947],[-1.30003129378807,50.5751368036273],[-1.37409917140365,50.618015998079],[-1.3892955552381,50.6267980066969],[-1.43568345131777,50.6402208262326],[-1.44815525453561,50.6438252317992],[-1.48454702046063,50.6667930117686],[-1.58654257502514,50.6631252727173],[-1.54810985189306,50.6783633967741],[-1.52215714140962,50.7070203047123],[-1.52021113894193,50.7071372744956],[-1.50374880562458,50.7067256936048],[-1.50452257733227,50.7034431124214],[-1.50077542218917,50.7061612199406],[-1.47011842536373,50.7096403880378],[-1.43467962925856,50.7238536941595],[-1.42941880057749,50.7259619190421],[-1.42900610656298,50.7259378028961],[-1.41195858527025,50.7207712508223],[-1.41435999438048,50.7099380339067],[-1.40394236051302,50.7208491409568],[-1.38614325930411,50.7226360467314],[-1.4085235738115,50.7252044955088],[-1.39333470723844,50.729349508077],[-1.35332978714586,50.7390865613447],[-1.31614835832023,50.7648289530084],[-1.31127399971697,50.7669682092283],[-1.30296743199966,50.7644637938478]]]},"properties":{"CSP21CD":"E22000116","CSP21NM":"Isle of Wight"}},{"type":"Feature","geometry":{"type":"Polygon","coordinates":[[[-1.61975086537986,50.958566922566],[-1.59008277389713,50.9512635828306],[-1.58407499578276,50.9621178582956],[-1.54453154189991,50.9692813361334],[-1.53108447147316,50.9512366926383],[-1.50996921166519,50.9501077952993],[-1.50307689686896,50.936193401317],[-1.47732819842619,50.9284618864517],[-1.46531231398627,50.9106248066526],[-1.47872452523161,50.9252336576507],[-1.47346436698853,50.9148017776007],[-1.47631700882226,50.9106948861022],[-1.45113752862874,50.9013469696099],[-1.43258412721744,50.897343749035],[-1.42184978337485,50.8950260979151],[-1.3768527375484,50.8539368993575],[-1.35270689897512,50.8481432511722],[-1.36051272275992,50.8429123528413],[-1.34948156735922,50.8464813761991],[-1.33456761751743,50.8374574906828],[-1.33652503726811,50.827278720964],[-1.31930289698421,50.8244504593695],[-1.32559413215339,50.8169601877724],[-1.32609137360718,50.8166025981659],[-1.32582532777318,50.8167472790902],[-1.3260331930851,50.8165546145445],[-1.32323235250338,50.8181573174208],[-1.31456756067171,50.8153671825348],[-1.31551898729036,50.8211667576766],[-1.31233270063657,50.8207294641498],[-1.30851206646421,50.8161303880045],[-1.30954712901757,50.8136312879595],[-1.32314893211948,50.8042713750908],[-1.32468693397659,50.8038447099301],[-1.32773844441923,50.8011120395025],[-1.33277488375985,50.7976443213658],[-1.35259306282288,50.7839911245688],[-1.3538919096275,50.7839444649371],[-1.37503327274359,50.7850074498062],[-1.37953168874185,50.7830205692924],[-1.39961043157546,50.7822932894357],[-1.41297158724068,50.7839505214584],[-1.39267350157014,50.7774039043012],[-1.39970889980869,50.7742382882942],[-1.43415486766813,50.7674618390819],[-1.5027088298973,50.7539382816664],[-1.53527968864751,50.7638422167119],[-1.52592502725889,50.7445214998125],[-1.54185687057247,50.7397651103076],[-1.53107393692561,50.7370180962378],[-1.57954323158697,50.7177228818668],[-1.55148444331895,50.7072072737472],[-1.64105250044741,50.7322365757959],[-1.69188450568217,50.7372870657415],[-1.68181880176013,50.751850045709],[-1.74416871755885,50.7474553887605],[-1.73895962345847,50.7632705334556],[-1.74884631724303,50.7794943875112],[-1.78794920841908,50.7665658737608],[-1.81214229625864,50.8067566681678],[-1.8036350079783,50.8300239598254],[-1.79061492044422,50.8363141194303],[-1.80247295729644,50.8429625299587],[-1.80711024689597,50.8633153672182],[-1.82951847980606,50.8553189315709],[-1.85094373356272,50.8587249577509],[-1.84855553218411,50.8898873570296],[-1.8165419268142,50.9039481458121],[-1.8106580896691,50.9272033833848],[-1.84184002606343,50.931680374307],[-1.87364432144964,50.9172258897865],[-1.92084101012651,50.9614073112474],[-1.95546558071481,50.9782663327052],[-1.95682089498092,50.9898299333136],[-1.94993597428249,50.982310587126],[-1.92787590068259,50.9976972353567],[-1.88674132171074,50.9995277362902],[-1.87448162937032,51.0063305730385],[-1.87398355229609,50.9844410369727],[-1.85338113087344,51.0046795408065],[-1.83581261899271,51.009422262898],[-1.81542176154033,50.9859226506618],[-1.80031396441254,50.9913948004776],[-1.75440191299908,50.9778920957637],[-1.71961730875128,50.9767804602939],[-1.66165999760679,50.9452778925552],[-1.63496498191182,50.959242203305],[-1.61975086537986,50.958566922566]]]},"properties":{"CSP21CD":"E22000117","CSP21NM":"New Forest"}},{"type":"Feature","geometry":{"type":"MultiPolygon","coordinates":[[[[-1.11231071347631,50.7892540617358],[-1.11374497648433,50.7884719166053],[-1.11240532319839,50.7892396651051],[-1.11231071347631,50.7892540617358]]],[[[-1.0936964016375,50.8150264948138],[-1.10164342829468,50.8136706119743],[-1.09712776047337,50.8206081559356],[-1.0936964016375,50.8150264948138]]],[[[-1.1748884740786,50.8399474299914],[-1.17485742749481,50.8399416238544],[-1.17489763310305,50.8399470415528],[-1.1747157221638,50.8399908253254],[-1.1748884740786,50.8399474299914]]],[[[-1.1130744788478,50.8361019704413],[-1.11307379502852,50.8361007386277],[-1.12747328271756,50.8371051215148],[-1.14916635432342,50.8435031505916],[-1.152740219305,50.8445566437145],[-1.1130744788478,50.8361019704413]]],[[[-1.02263575697472,50.8521010331396],[-1.0242823597357,50.8264364761264],[-1.03633944137582,50.8353856790666],[-1.04411857041708,50.8321357184761],[-1.04428270786607,50.7956370085159],[-1.04430556368015,50.7905561705305],[-1.03297370566444,50.795544125283],[-1.03059167675373,50.7965923761532],[-1.03041057823932,50.7955228937616],[-1.02927313089822,50.7888043332346],[-1.08852489481203,50.7776731655532],[-1.09380640502661,50.780804176853],[-1.10896079497237,50.7904630279454],[-1.10984501657246,50.7961560110516],[-1.11152128705186,50.8069448793925],[-1.08959197814741,50.8096041200921],[-1.10025469036253,50.826720364797],[-1.08446433900521,50.8248170106085],[-1.076609255437,50.8367962352349],[-1.04413374486933,50.8338957794142],[-1.08225889794371,50.8380151466605],[-1.08923192779724,50.8286180646768],[-1.10627579853838,50.8378619590659],[-1.10327975271944,50.8464001756778],[-1.11416058664646,50.8449212613974],[-1.11416623313347,50.8449204931181],[-1.11584760238594,50.8582717235923],[-1.05401492129355,50.8565508021926],[-1.02263575697472,50.8521010331396]]]]},"properties":{"CSP21CD":"E22000118","CSP21NM":"Portsmouth"}},{"type":"Feature","geometry":{"type":"Polygon","coordinates":[[[-1.37989189534768,50.9475180703815],[-1.35468995194608,50.9410218344503],[-1.35793338490146,50.9307313459938],[-1.33335691001506,50.9198827716172],[-1.32197756217243,50.9009534990777],[-1.36285721535708,50.8787603361475],[-1.36511119783829,50.8800387529243],[-1.38331467503129,50.8895922543147],[-1.38458378467581,50.904149978375],[-1.37179405605564,50.9122261300157],[-1.38793329239829,50.9068913314699],[-1.38719993387039,50.8992205186612],[-1.39530625455968,50.8831791743093],[-1.39902240075275,50.8945485175079],[-1.40082179240361,50.8902844722774],[-1.43249294317476,50.9048647605262],[-1.43972982600234,50.9081940116725],[-1.45088313883942,50.9041228490788],[-1.46531231398627,50.9106248066526],[-1.47732819842619,50.9284618864517],[-1.44954581112644,50.9499113532644],[-1.42366272212772,50.9472334974688],[-1.40613979538219,50.9561274536544],[-1.37989189534768,50.9475180703815]]]},"properties":{"CSP21CD":"E22000120","CSP21NM":"Southampton"}},{"type":"Feature","geometry":{"type":"Polygon","coordinates":[[[-1.498298923396,51.3293760932154],[-1.42969282350092,51.3365302852492],[-1.41840912278549,51.3264777550982],[-1.42865103002015,51.3003902323683],[-1.41676583937642,51.2830690043496],[-1.45993987040412,51.2555622847695],[-1.42871457193085,51.2344140375455],[-1.42809469496602,51.2250358012397],[-1.38366598756387,51.2149002469866],[-1.36886226153206,51.202406764782],[-1.35817805146872,51.2120207156577],[-1.34124536154621,51.2054425336833],[-1.34093898175545,51.1845790347047],[-1.30882299401137,51.1947389155389],[-1.33687658286781,51.159106267339],[-1.34769582582257,51.1595248845447],[-1.37776443417788,51.1363310422693],[-1.37022272037128,51.1291418460635],[-1.40727692133246,51.1204841552869],[-1.40753527965588,51.1111298567399],[-1.43141669150899,51.116785736871],[-1.43613239031016,51.1123789457065],[-1.43629308129551,51.0978886385901],[-1.41453469377614,51.0956920149473],[-1.41164330900062,51.0697093956295],[-1.41546996769783,51.0626723007964],[-1.44102482756653,51.0573504954426],[-1.45647104383905,51.0409718873114],[-1.44189147422789,51.0251664121346],[-1.39297466014347,51.0043613192758],[-1.39646577249423,50.9685027828442],[-1.37403411160523,50.9539758078668],[-1.37989189534768,50.9475180703815],[-1.40613979538219,50.9561274536544],[-1.42366272212772,50.9472334974688],[-1.44954581112644,50.9499113532644],[-1.47732819842619,50.9284618864517],[-1.50307689686896,50.936193401317],[-1.50996921166519,50.9501077952993],[-1.53108447147316,50.9512366926383],[-1.54453154189991,50.9692813361334],[-1.58407499578276,50.9621178582956],[-1.59008277389713,50.9512635828306],[-1.61975086537986,50.958566922566],[-1.60292295662954,50.9785219275279],[-1.61964214748169,50.982996428717],[-1.62888498210167,50.9990317656901],[-1.59733922744914,51.0097526004452],[-1.59939671455144,51.0237293759632],[-1.63237574994688,51.0327797089411],[-1.63494006258514,51.0405607803365],[-1.6277285317731,51.0780113479755],[-1.63731080993168,51.092165472254],[-1.62624982084857,51.11733837822],[-1.66297542061049,51.1271919942692],[-1.65404416770563,51.1562825595718],[-1.67236777184947,51.178543907232],[-1.66883538878813,51.1907722671746],[-1.69409695143106,51.204043239813],[-1.68969464697899,51.2148276707553],[-1.63354082449386,51.2175159574141],[-1.6074261068072,51.2527700646067],[-1.57763603597239,51.255631065046],[-1.54515980286727,51.2450984925635],[-1.53603492234381,51.2485300396199],[-1.52982022728447,51.2605141199772],[-1.54051263214595,51.2608334795592],[-1.54258390871829,51.2812507359817],[-1.52280740170925,51.2870580082431],[-1.51951108457163,51.2959385817098],[-1.53356185391502,51.3162235803486],[-1.52750728243899,51.3384659578415],[-1.498298923396,51.3293760932154]]]},"properties":{"CSP21CD":"E22000121","CSP21NM":"Test Valley"}},{"type":"Feature","geometry":{"type":"Polygon","coordinates":[[[-1.13180487841333,51.1436227079001],[-1.1120165891581,51.1365859926798],[-1.09504285543171,51.1403461368238],[-1.09392528572934,51.1077683347036],[-1.07207267984385,51.1070862894534],[-1.10854431201013,51.0861986632697],[-1.08168287808978,51.0464263470281],[-1.05374125375232,51.0471855511355],[-1.07450277305263,51.0326227605065],[-1.06234063314353,51.0203291675653],[-1.06951320464285,50.993694566283],[-1.06336611333371,50.9776917377059],[-1.04523633261369,50.9686322726828],[-1.04616631668502,50.9545769674191],[-1.03568956879268,50.9515169068238],[-1.04845560132509,50.9025163197245],[-1.034115914449,50.9041626454462],[-1.04913126674986,50.8914658697717],[-1.03502167657584,50.8806302351526],[-1.0473811471308,50.8657496105119],[-1.05461663667125,50.8674487945788],[-1.05401492129355,50.8565508021926],[-1.11584760238594,50.8582717235923],[-1.14318684881353,50.8585010031066],[-1.15000240318933,50.8793815233526],[-1.167217639143,50.8894331626648],[-1.19581303513463,50.8849996545801],[-1.19796096885688,50.875896438579],[-1.21595663104328,50.8750493699141],[-1.23032669672979,50.8607703316793],[-1.25524262454376,50.8731028777484],[-1.26531609716883,50.8979786345441],[-1.26467421680402,50.9262749661291],[-1.29248033092751,50.9486998673886],[-1.25815427373225,50.9783418927467],[-1.29342815341834,50.9741453114159],[-1.29057452599741,50.9828698015574],[-1.32236605694883,50.9876532980733],[-1.32767805842609,50.9801200677611],[-1.34663548336063,50.9813423697948],[-1.34276548676774,50.9908887768879],[-1.35346769222015,50.9981586161333],[-1.39297466014347,51.0043613192758],[-1.44189147422789,51.0251664121346],[-1.45647104383905,51.0409718873114],[-1.44102482756653,51.0573504954426],[-1.41546996769783,51.0626723007964],[-1.41164330900062,51.0697093956295],[-1.41453469377614,51.0956920149473],[-1.43629308129551,51.0978886385901],[-1.43613239031016,51.1123789457065],[-1.43141669150899,51.116785736871],[-1.40753527965588,51.1111298567399],[-1.40727692133246,51.1204841552869],[-1.37022272037128,51.1291418460635],[-1.37776443417788,51.1363310422693],[-1.34769582582257,51.1595248845447],[-1.33687658286781,51.159106267339],[-1.30882299401137,51.1947389155389],[-1.22821223117263,51.1905681887399],[-1.20656057825877,51.1807020089271],[-1.19166275077916,51.1847196463669],[-1.18557231049611,51.1639886808465],[-1.21435978041846,51.158705172323],[-1.21339784077067,51.1519508460025],[-1.18444502428867,51.1443106118826],[-1.17428883824829,51.133540146428],[-1.13180487841333,51.1436227079001]]]},"properties":{"CSP21CD":"E22000122","CSP21NM":"Winchester"}},{"type":"Feature","geometry":{"type":"Polygon","coordinates":[[[0.0140290578120465,51.7643799998415],[0.00116831607272196,51.7450562061589],[-0.0135105476770619,51.7422170644999],[-0.0197431177734428,51.7032159876634],[-0.011918675972722,51.6808778155788],[-0.105779139838692,51.6918756451179],[-0.114083215832648,51.7208072582848],[-0.0986537301730089,51.73594646627],[-0.0583093358920348,51.7347015726834],[-0.0478960603690141,51.7688129480488],[-0.0216762183587019,51.7735354562918],[-0.0181333579140994,51.7805186547753],[0.00557414068484764,51.7800689421067],[0.0140290578120465,51.7643799998415]]]},"properties":{"CSP21CD":"E22000123","CSP21NM":"Broxbourne"}},{"type":"Feature","geometry":{"type":"Polygon","coordinates":[[[-0.404858806630098,51.8406074650737],[-0.416276002704226,51.8357605506638],[-0.414111631357665,51.8190855866141],[-0.428828917635401,51.8067647441419],[-0.411968409336411,51.8002788126948],[-0.413368275638838,51.7911853029532],[-0.44058423783946,51.7868783608151],[-0.422831588696582,51.765989649132],[-0.422080280259691,51.7408368511604],[-0.45008476825028,51.7255322132055],[-0.440261353822466,51.7010139280435],[-0.464105112262946,51.6953523585456],[-0.515495300031625,51.7065776710969],[-0.5242727897625,51.682112655748],[-0.548696117291794,51.6826712819357],[-0.544017145197112,51.6968174726995],[-0.563209678177221,51.7118798635673],[-0.550106348391751,51.7239122513021],[-0.559245255678629,51.7373319209044],[-0.573210294626064,51.7360508712169],[-0.586379726976092,51.752115950395],[-0.612935985356938,51.7474272560625],[-0.673469490089942,51.7684717392875],[-0.690190999010661,51.7923392108272],[-0.685394264649477,51.8001859212165],[-0.709295276544129,51.8205395961038],[-0.723653476773253,51.8177730671437],[-0.745136855962678,51.838060566032],[-0.720268145545602,51.8561471011597],[-0.692311242384645,51.8570447453158],[-0.695451174124327,51.8411104921078],[-0.667186881146876,51.8158037319664],[-0.632939595714382,51.8199461874726],[-0.581825667306615,51.8069054436194],[-0.560656237503438,51.830082630502],[-0.553628614556977,51.826712674402],[-0.519728847877412,51.8050953620297],[-0.502282758285977,51.8154586940914],[-0.511192917001904,51.8258936103662],[-0.501818268966651,51.8367948225647],[-0.471195676810699,51.8454678697177],[-0.47829846763004,51.8531365025918],[-0.470419996730907,51.8557101697987],[-0.447524508948031,51.8476015346548],[-0.421500810100557,51.8502052260499],[-0.404858806630098,51.8406074650737]]]},"properties":{"CSP21CD":"E22000124","CSP21NM":"Dacorum"}},{"type":"Feature","geometry":{"type":"Polygon","coordinates":[[[0.0690610114507331,51.9840425617869],[0.0964606111639592,51.9843259691199],[0.10701203141805,51.9718178552015],[0.124847425135061,51.9236084039955],[0.124761446710298,51.8845855310094],[0.183853999516835,51.8935011903688],[0.174976393666944,51.8828125594953],[0.195594279900795,51.8680863196043],[0.17046768802496,51.8616221437544],[0.166251617449305,51.8221540085985],[0.172583035411387,51.8163043896198],[0.15830881878831,51.8135169974375],[0.146141158428203,51.796243762479],[0.0576635393893906,51.7796739282513],[0.0267994429079434,51.7741799003898],[0.0140290578120465,51.7643799998415],[0.00557414068484764,51.7800689421067],[-0.0181333579140994,51.7805186547753],[-0.0216762183587019,51.7735354562918],[-0.0478960603690141,51.7688129480488],[-0.0583093358920348,51.7347015726834],[-0.0986537301730089,51.73594646627],[-0.0921413208351193,51.7432085753237],[-0.101193709181173,51.7451330503021],[-0.138407683202453,51.7372758517354],[-0.141441458468616,51.7737355980188],[-0.166704314006869,51.7925536450365],[-0.147972135259737,51.7990201727464],[-0.183598135116009,51.815065965133],[-0.168475731892204,51.8304157026648],[-0.178527540603468,51.8411852097161],[-0.166760340549324,51.844177436926],[-0.172785294956129,51.8565877880352],[-0.164494654721495,51.8618332496891],[-0.173584538635936,51.8753306310418],[-0.146817430268182,51.8705723531452],[-0.151295589127441,51.8853925863705],[-0.161177573086972,51.884984655121],[-0.15301947970924,51.8989977879678],[-0.162181000224759,51.9203408796996],[-0.145625877233184,51.9339893322353],[-0.119282664615647,51.9282975693621],[-0.120164696790194,51.9421882768528],[-0.110154378423714,51.9419011693739],[-0.107011864409475,51.9539594485411],[-0.0746568339442191,51.971164483687],[-0.0655399976209227,51.9568453137192],[-0.0401897897527637,51.9677013380773],[-0.0482013464453838,51.9794486448272],[-0.0306290457528503,51.9838140365357],[-0.0237338033617035,51.9971696634496],[-0.00303606519827021,51.9934457735161],[0.00246953571341248,51.9830535322524],[0.0350258000081447,51.9896289952085],[0.0690610114507331,51.9840425617869]]]},"properties":{"CSP21CD":"E22000125","CSP21NM":"East Hertfordshire"}},{"type":"Feature","geometry":{"type":"Polygon","coordinates":[[[-0.255135646164785,51.7295373738385],[-0.23897170067197,51.7061417859005],[-0.219914438243376,51.7137235893278],[-0.183327090787712,51.7065215371161],[-0.163118088645696,51.6998576292954],[-0.163493271974568,51.6881150796651],[-0.181960815257973,51.6686831956154],[-0.191066699360921,51.6638967053238],[-0.203352928676407,51.6701264989751],[-0.212135030723747,51.6613535283696],[-0.250582589477333,51.6560573522745],[-0.257332658018192,51.6418318488053],[-0.304449971011893,51.6363487201659],[-0.316672244970353,51.6405355675681],[-0.362621257698241,51.623504817498],[-0.377373414933952,51.6377333812195],[-0.371634075914503,51.6434342348192],[-0.386807955643142,51.663227259712],[-0.368766140427457,51.6783265660622],[-0.375358260285264,51.692511940941],[-0.371998946785494,51.6875908514074],[-0.355324915697035,51.690597609252],[-0.354107748949262,51.6989403319207],[-0.326857422348942,51.7034832231533],[-0.322332181329158,51.6934796393849],[-0.300019499947257,51.6965246103489],[-0.301975988436678,51.7080667033899],[-0.276953744643253,51.721284824858],[-0.286408826490258,51.7211048877995],[-0.284303148717834,51.7329982876741],[-0.264789594476538,51.73801878117],[-0.255135646164785,51.7295373738385]]]},"properties":{"CSP21CD":"E22000126","CSP21NM":"Hertsmere"}},{"type":"Feature","geometry":{"type":"Polygon","coordinates":[[[0.0681274189013754,52.0057887391631],[0.0690610114507331,51.9840425617869],[0.0350258000081447,51.9896289952085],[0.00246953571341248,51.9830535322524],[-0.00303606519827021,51.9934457735161],[-0.0237338033617035,51.9971696634496],[-0.0306290457528503,51.9838140365357],[-0.0482013464453838,51.9794486448272],[-0.0401897897527637,51.9677013380773],[-0.0655399976209227,51.9568453137192],[-0.0746568339442191,51.971164483687],[-0.107011864409475,51.9539594485411],[-0.110154378423714,51.9419011693739],[-0.120164696790194,51.9421882768528],[-0.119282664615647,51.9282975693621],[-0.145625877233184,51.9339893322353],[-0.162181000224759,51.9203408796996],[-0.184606471302981,51.9324133792184],[-0.226570006087454,51.9301135018031],[-0.234371697047689,51.9052547272262],[-0.204203619966741,51.880138389396],[-0.191903250872438,51.8829239401143],[-0.173584538635936,51.8753306310418],[-0.164494654721495,51.8618332496891],[-0.172785294956129,51.8565877880352],[-0.196832241738783,51.8593801751314],[-0.206690252020016,51.8542632561934],[-0.198911584833952,51.844146303642],[-0.21457142009006,51.8396029592808],[-0.205963250670167,51.8463994837002],[-0.212925855615528,51.8513960491995],[-0.225757677608164,51.8445442340755],[-0.224910367919265,51.8332340598732],[-0.241623749541185,51.8352989835266],[-0.247790666490696,51.8462297704693],[-0.273535467705262,51.8353646316425],[-0.319397914309365,51.836654907092],[-0.339485894640329,51.8496055510724],[-0.354833888657066,51.8740145293011],[-0.3498989071936,51.8787082193461],[-0.377489882291102,51.8984330964785],[-0.385615555724027,51.9156803959794],[-0.405607109518841,51.9324543523464],[-0.391303393359521,51.9770206444993],[-0.379630061965801,51.9779575240599],[-0.382989183780684,51.9518175704233],[-0.374104653314752,51.9477693266355],[-0.350225341620276,51.9575781039653],[-0.34926422376437,51.9711696944434],[-0.367157519155375,51.9837609716685],[-0.311555453163235,51.9821099149593],[-0.296089150328657,52.0021924394519],[-0.282415833818799,52.0015640162212],[-0.270625718816914,51.9796220434784],[-0.247983026838786,51.9850799856718],[-0.244078670645728,51.9990232893037],[-0.201256006066088,52.0098246885529],[-0.219493434451981,52.0367412591483],[-0.194982619305265,52.0624150813563],[-0.172619414626835,52.0602099377647],[-0.157280871266133,52.0805472004283],[-0.147505493490738,52.069403111962],[-0.155121032648697,52.0530610998673],[-0.133729866748337,52.0462328527372],[-0.126567501937775,52.0209218759846],[-0.0192804872797891,52.063535584465],[0.00408275078554021,52.0497927840618],[0.0403063848297938,52.0533272918014],[0.0681274189013754,52.0057887391631]]]},"properties":{"CSP21CD":"E22000127","CSP21NM":"North Hertfordshire"}},{"type":"Feature","geometry":{"type":"Polygon","coordinates":[[[-0.273535467705262,51.8353646316425],[-0.243262914392342,51.812383916015],[-0.277542611055781,51.7977860047541],[-0.275838012498282,51.772249352513],[-0.242381078068864,51.7449998665126],[-0.244427609445123,51.7318919254893],[-0.255135646164785,51.7295373738385],[-0.264789594476538,51.73801878117],[-0.284303148717834,51.7329982876741],[-0.286408826490258,51.7211048877995],[-0.276953744643253,51.721284824858],[-0.301975988436678,51.7080667033899],[-0.300019499947257,51.6965246103489],[-0.322332181329158,51.6934796393849],[-0.326857422348942,51.7034832231533],[-0.354107748949262,51.6989403319207],[-0.355324915697035,51.690597609252],[-0.371998946785494,51.6875908514074],[-0.375358260285264,51.692511940941],[-0.375558052337386,51.6929121249114],[-0.380774778230299,51.7069891488945],[-0.404990596258289,51.7125441875609],[-0.402459615530714,51.7211591871599],[-0.422080280259691,51.7408368511604],[-0.422831588696582,51.765989649132],[-0.44058423783946,51.7868783608151],[-0.413368275638838,51.7911853029532],[-0.411968409336411,51.8002788126948],[-0.428828917635401,51.8067647441419],[-0.414111631357665,51.8190855866141],[-0.416276002704226,51.8357605506638],[-0.404858806630098,51.8406074650737],[-0.373362805065754,51.8292291683642],[-0.363307665681262,51.8421047414207],[-0.339485894640329,51.8496055510724],[-0.319397914309365,51.836654907092],[-0.273535467705262,51.8353646316425]]]},"properties":{"CSP21CD":"E22000128","CSP21NM":"St Albans"}},{"type":"Feature","geometry":{"type":"Polygon","coordinates":[[[-0.162181000224759,51.9203408796996],[-0.15301947970924,51.8989977879678],[-0.161177573086972,51.884984655121],[-0.151295589127441,51.8853925863705],[-0.146817430268182,51.8705723531452],[-0.173584538635936,51.8753306310418],[-0.191903250872438,51.8829239401143],[-0.204203619966741,51.880138389396],[-0.234371697047689,51.9052547272262],[-0.226570006087454,51.9301135018031],[-0.184606471302981,51.9324133792184],[-0.162181000224759,51.9203408796996]]]},"properties":{"CSP21CD":"E22000129","CSP21NM":"Stevenage"}},{"type":"Feature","geometry":{"type":"Polygon","coordinates":[[[-0.375558052337386,51.6929121249114],[-0.402412529923532,51.7019427464431],[-0.431447962101275,51.6823522492028],[-0.42829076712754,51.6705537706483],[-0.439543240235569,51.6727502499107],[-0.424447548320378,51.6549817455278],[-0.431120637619261,51.6420961244211],[-0.377373414933952,51.6377333812195],[-0.362621257698241,51.623504817498],[-0.404003977890064,51.6131839735426],[-0.440575301279442,51.6200732393013],[-0.457130755473738,51.6122938899877],[-0.496846269376425,51.6317330365612],[-0.500595886737316,51.5996898995638],[-0.522501789242093,51.6050615818205],[-0.539260817248429,51.6380393912766],[-0.536946066041647,51.6604147052414],[-0.522777811384923,51.6583975690829],[-0.520994790005152,51.6680453786674],[-0.505107856324304,51.6730768935581],[-0.5242727897625,51.682112655748],[-0.515495300031625,51.7065776710969],[-0.464105112262946,51.6953523585456],[-0.440261353822466,51.7010139280435],[-0.45008476825028,51.7255322132055],[-0.422080280259691,51.7408368511604],[-0.402459615530714,51.7211591871599],[-0.404990596258289,51.7125441875609],[-0.380774778230299,51.7069891488945],[-0.375558052337386,51.6929121249114]]]},"properties":{"CSP21CD":"E22000130","CSP21NM":"Three Rivers"}},{"type":"Feature","geometry":{"type":"Polygon","coordinates":[[[-0.375558052337386,51.6929121249114],[-0.375358260285264,51.692511940941],[-0.368766140427457,51.6783265660622],[-0.386807955643142,51.663227259712],[-0.371634075914503,51.6434342348192],[-0.377373414933952,51.6377333812195],[-0.431120637619261,51.6420961244211],[-0.424447548320378,51.6549817455278],[-0.439543240235569,51.6727502499107],[-0.42829076712754,51.6705537706483],[-0.431447962101275,51.6823522492028],[-0.402412529923532,51.7019427464431],[-0.375558052337386,51.6929121249114]]]},"properties":{"CSP21CD":"E22000131","CSP21NM":"Watford"}},{"type":"Feature","geometry":{"type":"Polygon","coordinates":[[[-0.172785294956129,51.8565877880352],[-0.166760340549324,51.844177436926],[-0.178527540603468,51.8411852097161],[-0.168475731892204,51.8304157026648],[-0.183598135116009,51.815065965133],[-0.147972135259737,51.7990201727464],[-0.166704314006869,51.7925536450365],[-0.141441458468616,51.7737355980188],[-0.138407683202453,51.7372758517354],[-0.101193709181173,51.7451330503021],[-0.0921413208351193,51.7432085753237],[-0.0986537301730089,51.73594646627],[-0.114083215832648,51.7208072582848],[-0.105779139838692,51.6918756451179],[-0.163493271974568,51.6881150796651],[-0.163118088645696,51.6998576292954],[-0.183327090787712,51.7065215371161],[-0.219914438243376,51.7137235893278],[-0.23897170067197,51.7061417859005],[-0.255135646164785,51.7295373738385],[-0.244427609445123,51.7318919254893],[-0.242381078068864,51.7449998665126],[-0.275838012498282,51.772249352513],[-0.277542611055781,51.7977860047541],[-0.243262914392342,51.812383916015],[-0.273535467705262,51.8353646316425],[-0.247790666490696,51.8462297704693],[-0.241623749541185,51.8352989835266],[-0.224910367919265,51.8332340598732],[-0.225757677608164,51.8445442340755],[-0.212925855615528,51.8513960491995],[-0.205963250670167,51.8463994837002],[-0.21457142009006,51.8396029592808],[-0.198911584833952,51.844146303642],[-0.206690252020016,51.8542632561934],[-0.196832241738783,51.8593801751314],[-0.172785294956129,51.8565877880352]]]},"properties":{"CSP21CD":"E22000132","CSP21NM":"Welwyn Hatfield"}},{"type":"Feature","geometry":{"type":"MultiPolygon","coordinates":[[[[-0.70231610042115,53.6777418908323],[-0.702380787457698,53.6774872657324],[-0.702454259135099,53.6774943714316],[-0.70231610042115,53.6777418908323]]],[[[-0.37492744814463,54.1541131538012],[-0.346397161515299,54.1468729425246],[-0.323841934250232,54.1502969345498],[-0.304236423519452,54.1362618525541],[-0.265419797803465,54.1405585100405],[-0.22974662180302,54.1324403558],[-0.21270858443403,54.1576700829033],[-0.2126254124677,54.157632051057],[-0.164355386055063,54.146018627916],[-0.102767479736668,54.1311867337905],[-0.0763612613417822,54.1163557269544],[-0.105149133873365,54.1040103547529],[-0.166442902434849,54.0987516437959],[-0.167293083703783,54.0986784740899],[-0.198424021765174,54.0779186383578],[-0.212979436107238,54.053741698933],[-0.213111921705649,54.0227273170429],[-0.213174579820483,54.0079991942363],[-0.173626037823374,53.9350130780895],[-0.15553552124817,53.9015381548865],[-0.147551039483218,53.893946546933],[-0.147048574947464,53.8930491075493],[-0.14236823941093,53.8890170298954],[-0.0920462789980681,53.8410829983241],[-0.0419937851415021,53.7932770691133],[0.116999388453672,53.6622591258011],[0.117248469432833,53.6618008125042],[0.119456789673925,53.657737033732],[0.138435313627672,53.622779596487],[0.147951600290131,53.6041740878302],[0.146211723414338,53.6005607119552],[0.111234889937762,53.5736926906158],[0.111401370416238,53.5740614555432],[0.146278672444529,53.6035977187563],[0.142233511495843,53.6116866075267],[0.115376649019537,53.6243986054961],[0.0812834858323057,53.6405163311797],[0.0337013992099162,53.6492774239356],[0.0194766198184883,53.6452506903111],[0.000576480566651833,53.6548606853263],[0.0173273887381704,53.6449156458149],[-0.0530222328317322,53.6291732900538],[-0.0566374814626484,53.629364927906],[-0.103546755789538,53.6353418774972],[-0.148867888895607,53.6621853735776],[-0.184535110636397,53.6832751378632],[-0.227254981722302,53.708493820634],[-0.244392975615783,53.7308318104495],[-0.251688873018802,53.7328529478499],[-0.251689523491752,53.7328531281329],[-0.241403486910475,53.754908780524],[-0.254201119922905,53.7635006695599],[-0.252324831097553,53.781328333266],[-0.278250259007925,53.7820601876125],[-0.316134326202857,53.8132701672882],[-0.362337858605689,53.8049282035243],[-0.359405407063181,53.7934040126952],[-0.392219628895841,53.7911328814836],[-0.388109704295119,53.7693453926635],[-0.418203810999879,53.760632345122],[-0.422275951488394,53.7509800706341],[-0.401939174774099,53.7499873006913],[-0.422301309344807,53.7315042915925],[-0.419108244464615,53.7195980638019],[-0.419116391215722,53.7195962994844],[-0.486294814449271,53.7135378358371],[-0.542564628121348,53.7084428384764],[-0.583338034059434,53.7266004416168],[-0.630217958676938,53.73399352647],[-0.637248945922649,53.7288934519703],[-0.618534439066888,53.7305102293875],[-0.671611925277973,53.7218427376872],[-0.695979869577718,53.7043619717427],[-0.725134203664438,53.7068578793096],[-0.698498575350608,53.6976540002872],[-0.702454475005801,53.6774943917466],[-0.72176846098143,53.6793606095305],[-0.774499549375076,53.6562092291607],[-0.772135989616307,53.6640752763458],[-0.788743473253485,53.6592097362658],[-0.84826408757923,53.6330366610864],[-0.865338726025611,53.6377082330427],[-0.946844642823067,53.6591417674831],[-1.04866263627315,53.6560574799883],[-1.10335931463428,53.6694993150062],[-1.08104575027151,53.6846146790267],[-1.07493415369549,53.7039963160448],[-1.06165845001237,53.7067658870138],[-1.03892593442347,53.6938822988663],[-0.980327831289457,53.6969422764227],[-0.980486427392623,53.7050396072447],[-0.962649915494684,53.7007959045694],[-0.957714760664253,53.7148354865322],[-0.90373907840941,53.7183593948181],[-0.910951228887268,53.7326702588199],[-0.960737358021142,53.7360162959346],[-0.973605993671107,53.7498769108358],[-0.9282535548479,53.7655984452703],[-0.934499012722836,53.801777189949],[-0.920106077429086,53.8160929938847],[-0.940610986349814,53.8235184672165],[-0.948227089673736,53.8616095670861],[-0.923517752139632,53.8807664519424],[-0.920843783643936,53.8906196384527],[-0.949519693908425,53.8939148052901],[-0.92160038587963,53.9214164047554],[-0.921212172316722,53.960422224726],[-0.934106000959381,53.9684564232377],[-0.925294992911636,53.9915183749039],[-0.893902669681898,53.999535080715],[-0.878444297010193,54.0171845140492],[-0.800704633922219,54.0241186193512],[-0.799191011163153,54.0190548395313],[-0.734257303331504,54.0302587746812],[-0.730489261578151,54.0127008358487],[-0.68350162911553,54.0088018537222],[-0.687039074332374,54.0307676605558],[-0.659484342246755,54.0371698266984],[-0.644653954650704,54.0551130976901],[-0.660316933915928,54.0631000537815],[-0.615523445115742,54.0704937097045],[-0.563137247607814,54.0939995264476],[-0.524612344870749,54.0854747476295],[-0.465942458016893,54.1076329777782],[-0.454351131499513,54.1167625123579],[-0.458539666811106,54.1259736092488],[-0.427093852639448,54.1374425618928],[-0.433168631458221,54.1640727154203],[-0.418427787901165,54.1740253124123],[-0.390747238234669,54.1765207062365],[-0.37492744814463,54.1541131538012]]]]},"properties":{"CSP21CD":"E22000133","CSP21NM":"East Riding of Yorkshire"}},{"type":"Feature","geometry":{"type":"Polygon","coordinates":[[[-0.251689523491752,53.7328531281329],[-0.28674783972226,53.7425561986882],[-0.332635101552979,53.7382895946972],[-0.419108244464615,53.7195980638019],[-0.422301309344807,53.7315042915925],[-0.401939174774099,53.7499873006913],[-0.422275951488394,53.7509800706341],[-0.418203810999879,53.760632345122],[-0.388109704295119,53.7693453926635],[-0.392219628895841,53.7911328814836],[-0.359405407063181,53.7934040126952],[-0.362337858605689,53.8049282035243],[-0.316134326202857,53.8132701672882],[-0.278250259007925,53.7820601876125],[-0.252324831097553,53.781328333266],[-0.254201119922905,53.7635006695599],[-0.241403486910475,53.754908780524],[-0.251689523491752,53.7328531281329]]]},"properties":{"CSP21CD":"E22000134","CSP21NM":"Kingston upon Hull, City of"}},{"type":"Feature","geometry":{"type":"Polygon","coordinates":[[[0.0141674717161976,53.5276206055091],[-0.0147992888545281,53.5153685728982],[-0.0650454106098383,53.5187396577703],[-0.0752620038904992,53.4893357399272],[-0.0954884503108306,53.4859889965573],[-0.0898037355375292,53.4776824153005],[-0.10782063241139,53.4698627577246],[-0.0822093450711557,53.4511510063818],[-0.120343715760136,53.4335649233719],[-0.131879272038797,53.4359393973431],[-0.149227746736442,53.4466996653901],[-0.153680016923717,53.4656777580012],[-0.181804717740498,53.4686494122524],[-0.188565229273785,53.4845380584939],[-0.210604976147154,53.4862884751414],[-0.204086448790055,53.5117673428116],[-0.210589579218055,53.5317064650029],[-0.219882527217496,53.5326064916734],[-0.189340889945024,53.5659225885263],[-0.195185374970214,53.5716193575954],[-0.222558901329779,53.5680169282635],[-0.234668675193634,53.586250419398],[-0.251395553409818,53.584653076988],[-0.24847604907361,53.5936636925887],[-0.29211512919743,53.6132674312187],[-0.232616662304542,53.6240029893557],[-0.204640343782978,53.6380851714529],[-0.204422800569946,53.63790004551],[-0.186866464110171,53.6289471212396],[-0.0930117552274066,53.5809782257426],[-0.0794577311044614,53.5769301928812],[-0.0714508319280888,53.5841001127708],[-0.0608067710875563,53.5820754022731],[0.0141674717161976,53.5276206055091]]]},"properties":{"CSP21CD":"E22000135","CSP21NM":"North East Lincolnshire"}},{"type":"Feature","geometry":{"type":"MultiPolygon","coordinates":[[[[-0.520689554622808,53.6854083975217],[-0.535747773376903,53.68125643185],[-0.555487222748656,53.690516558007],[-0.520689554622808,53.6854083975217]]],[[[-0.294218607169813,53.7141462493799],[-0.245662162204274,53.6729585145737],[-0.237855982165026,53.6635711532267],[-0.237784544462012,53.6635266370441],[-0.225686326358066,53.6559855880156],[-0.204640343782978,53.6380851714529],[-0.232616662304542,53.6240029893557],[-0.29211512919743,53.6132674312187],[-0.308555246775199,53.6143287578592],[-0.300743140941247,53.5952836309763],[-0.335938821094677,53.5586265922375],[-0.41696297298743,53.5632146898956],[-0.429001046046789,53.5745247151217],[-0.467018371437879,53.5489606923849],[-0.490926930402738,53.5458749237782],[-0.50125785289296,53.5374615766105],[-0.430664749921137,53.5463371564568],[-0.408145080459695,53.5321088685983],[-0.405074524830151,53.5176169033637],[-0.488383657821996,53.5048602245041],[-0.486630004727343,53.4804701677829],[-0.471749465254693,53.4748729017697],[-0.551788631166795,53.4595199872907],[-0.629752674978015,53.4582189924615],[-0.624491104429227,53.5128392148578],[-0.739591684118626,53.5199359490779],[-0.752113860480161,53.500530608656],[-0.768109606084077,53.4989256083412],[-0.771568244935175,53.4792015606648],[-0.784388777567045,53.4766692157187],[-0.784364875033277,53.4633795465991],[-0.797483349537156,53.4550644469113],[-0.871919281432214,53.4663108039549],[-0.916249020723134,53.4602956897155],[-0.920246794246959,53.4655076505704],[-0.9004706270826,53.4751558672792],[-0.935564625288195,53.5025165293909],[-0.932094163383945,53.5106718236165],[-0.950009087300711,53.5136574344691],[-0.943715825340442,53.5306430186682],[-0.892295380495885,53.5374669638455],[-0.901265910078631,53.5479084252502],[-0.890995208077956,53.5665589822921],[-0.901117807880235,53.5687242266136],[-0.897926451077773,53.5832774385938],[-0.865338726025611,53.6377082330427],[-0.84826408757923,53.6330366610864],[-0.788743473253485,53.6592097362658],[-0.772135989616307,53.6640752763458],[-0.774499549375076,53.6562092291607],[-0.72176846098143,53.6793606095305],[-0.702454475005801,53.6774943917466],[-0.70245459876448,53.6774937638738],[-0.702454259135099,53.6774943714316],[-0.702380787457698,53.6774872657324],[-0.70231610042115,53.6777418908323],[-0.698493610813827,53.6846112510452],[-0.685346896089633,53.6767470032592],[-0.694219157767232,53.6952245662186],[-0.639504084494355,53.7101692156293],[-0.610655001690649,53.7144582506383],[-0.586254450924243,53.6933387517271],[-0.523512673390401,53.6769937310816],[-0.4870826876033,53.6915818877909],[-0.470491491336252,53.6982186748616],[-0.393535097418698,53.6968748642286],[-0.294218607169813,53.7141462493799]]]]},"properties":{"CSP21CD":"E22000136","CSP21NM":"North Lincolnshire"}},{"type":"Feature","geometry":{"type":"Polygon","coordinates":[[[0.973278769991517,51.2685947011505],[0.998201764536517,51.2513658374805],[0.98617416663555,51.2358679275338],[1.00539822153655,51.208486295856],[0.989399693095918,51.1902330547953],[1.00396996259874,51.1800529518788],[0.998436761331318,51.1647410008761],[1.01692318386774,51.1612010705517],[1.0086223946532,51.1450030685068],[1.029240945946,51.1325382915445],[1.01211773153052,51.1172003453989],[0.995589078392864,51.1223706646326],[0.979766870247916,51.1121874046152],[0.985172824272586,51.0976004397872],[0.967347282829138,51.0768978717124],[0.968928824862042,51.0629259367103],[0.944752525498726,51.0548693803419],[0.93427447051001,51.0611466889979],[0.903325122841842,51.0504622124172],[0.894482229066057,51.0369863698128],[0.870435321076767,51.0523099570633],[0.869684578193792,51.0441127913573],[0.853441042433627,51.043148827547],[0.854809948145074,51.0317634033708],[0.839094227602643,51.0313538580487],[0.830872141257871,51.0493714519338],[0.778956704972181,50.9894920251371],[0.74061137766967,51.0006767086619],[0.706770603419155,50.9936018231459],[0.676955919326293,51.0032987859205],[0.66135508907831,51.0177872994686],[0.605390823945922,51.0120699758106],[0.593500115160646,51.0418517764693],[0.611717197291198,51.0635462632039],[0.646674841425981,51.0832813402071],[0.629378307222744,51.0914214200521],[0.596623745515782,51.0902499913247],[0.590368962892355,51.1113398166163],[0.609024339126952,51.1178691337198],[0.603696921050306,51.1317175878435],[0.639475075986475,51.1412933659131],[0.664551058572249,51.1713480716875],[0.684947471056805,51.1786956101603],[0.683746386321078,51.1911260593224],[0.709781939746128,51.1996178381394],[0.716901965171267,51.2111819295769],[0.745477533435852,51.2093255633331],[0.782455390996816,51.2393650292707],[0.792657653385252,51.2380732748901],[0.795118069546067,51.2285344190026],[0.822169331483995,51.224347697565],[0.841768099989247,51.2371016836342],[0.859873527060566,51.2308377962895],[0.863494171484219,51.2388721591943],[0.919530184091044,51.2511026029702],[0.923650865268426,51.2593934538286],[0.949122169820361,51.2560341913337],[0.955032298732269,51.2702458933181],[0.973278769991517,51.2685947011505]]]},"properties":{"CSP21CD":"E22000137","CSP21NM":"Ashford"}},{"type":"Feature","geometry":{"type":"Polygon","coordinates":[[[1.25009821652181,51.3293364427624],[1.23229691312367,51.3323242697512],[1.23417364250961,51.326126299959],[1.22054559857743,51.3236972795003],[1.22938354966188,51.3160663343463],[1.20508439658685,51.3008095157442],[1.20000073158168,51.2915732078573],[1.21234589570453,51.282689091807],[1.19482287294274,51.2693174151865],[1.19264112646781,51.2571888530533],[1.21154509870001,51.2524269032771],[1.1855485461872,51.2178200303877],[1.19714402958231,51.219635575567],[1.22219426170819,51.2073953232439],[1.19457775077979,51.1841444050031],[1.18083916944454,51.1904796707328],[1.16344437538277,51.1842149632153],[1.15362978896215,51.1909113261569],[1.14763772317109,51.1771783029243],[1.1160327880216,51.1878001334685],[1.1181459326375,51.1963276084636],[1.10897162927767,51.1869617499947],[1.09119816046696,51.1890158920846],[1.05825754996227,51.2050041949687],[1.04957821242098,51.1849879658497],[1.00396996259874,51.1800529518788],[0.989399693095918,51.1902330547953],[1.00539822153655,51.208486295856],[0.98617416663555,51.2358679275338],[0.998201764536517,51.2513658374805],[0.973278769991517,51.2685947011505],[1.00596759515751,51.2837830066946],[1.00665878438881,51.3096369451168],[1.01698534649263,51.3129349284067],[0.971964542447926,51.338244158075],[0.95815190449043,51.3379535197301],[0.950303531520507,51.3457660175664],[1.0056177327114,51.3491515564247],[1.03318205483179,51.3655946390189],[1.15968969895046,51.3747317359388],[1.2241829236227,51.3793359484069],[1.22483107151689,51.3793434465229],[1.22927355205124,51.3651460486215],[1.2128742792341,51.3660440779695],[1.21383134810831,51.3567721858328],[1.25009821652181,51.3293364427624]]]},"properties":{"CSP21CD":"E22000138","CSP21NM":"Canterbury"}},{"type":"Feature","geometry":{"type":"Polygon","coordinates":[[[1.25009821652181,51.3293364427624],[1.34530468873694,51.3079727866563],[1.36340066551187,51.3135143257089],[1.36340050673157,51.3135141368771],[1.37064360827028,51.3117952739198],[1.37979848834837,51.2903115283989],[1.39501772051773,51.2545526300243],[1.40410363238168,51.2263063167181],[1.39923430364804,51.1622211128357],[1.37957862139032,51.1421788493756],[1.34282720017362,51.1309588918492],[1.34280445348973,51.130230510369],[1.3427376403994,51.1302120244471],[1.3432728408818,51.1226395627042],[1.34265970156081,51.1269004746438],[1.33927519084564,51.1264947688914],[1.33847384811342,51.1274278217455],[1.32654832821673,51.124968233945],[1.31912114364707,51.1240766816702],[1.31803897024536,51.1232122989428],[1.31742052132036,51.123084650328],[1.31757376129536,51.1228407021475],[1.31300210969668,51.119188559864],[1.32284105895175,51.1141023411669],[1.31097047865403,51.1192173607675],[1.32180992172318,51.1141789850238],[1.31365510371341,51.1147847953585],[1.3253743476035,51.1119671609425],[1.32783740808345,51.1113747840416],[1.31647224078706,51.1122203774228],[1.30167980548908,51.1133192510921],[1.29984274759579,51.112691294503],[1.29813176975605,51.1121063912895],[1.22656097971635,51.0985290369878],[1.22113713032268,51.0981105507805],[1.21996484794745,51.0974973438184],[1.20437170139432,51.0971917698531],[1.19493872028345,51.1030297836429],[1.19736760936465,51.1181487223812],[1.17155429372955,51.1242368879487],[1.211064762566,51.1514766407317],[1.2076777917894,51.1568343588373],[1.19065899966904,51.1540157762685],[1.17073509558702,51.1631360375853],[1.16099873406119,51.1583074626652],[1.14373077445535,51.1657763288577],[1.14763772317109,51.1771783029243],[1.15362978896215,51.1909113261569],[1.16344437538277,51.1842149632153],[1.18083916944454,51.1904796707328],[1.19457775077979,51.1841444050031],[1.22219426170819,51.2073953232439],[1.19714402958231,51.219635575567],[1.1855485461872,51.2178200303877],[1.21154509870001,51.2524269032771],[1.19264112646781,51.2571888530533],[1.19482287294274,51.2693174151865],[1.21234589570453,51.282689091807],[1.20000073158168,51.2915732078573],[1.20508439658685,51.3008095157442],[1.22938354966188,51.3160663343463],[1.22054559857743,51.3236972795003],[1.23417364250961,51.326126299959],[1.23229691312367,51.3323242697512],[1.25009821652181,51.3293364427624]]]},"properties":{"CSP21CD":"E22000140","CSP21NM":"Dover"}},{"type":"Feature","geometry":{"type":"Polygon","coordinates":[[[0.601403554174045,51.3333011048713],[0.604424480576533,51.3256970914135],[0.613412365120945,51.3349385953865],[0.63945152562386,51.3367559809032],[0.664320665241623,51.3289294107766],[0.673844753621703,51.2932717637991],[0.713817179163023,51.2994077132011],[0.743626909034297,51.2785766318578],[0.760063694713229,51.2793143802229],[0.749640681161822,51.2586438057354],[0.761955479504863,51.2563776481773],[0.776784190248456,51.2665644474864],[0.790547129696035,51.2617805286433],[0.792657653385252,51.2380732748901],[0.782455390996816,51.2393650292707],[0.745477533435852,51.2093255633331],[0.716901965171267,51.2111819295769],[0.709781939746128,51.1996178381394],[0.683746386321078,51.1911260593224],[0.684947471056805,51.1786956101603],[0.664551058572249,51.1713480716875],[0.639475075986475,51.1412933659131],[0.632545495143112,51.1452955476749],[0.640340470520972,51.1524743523692],[0.617199953781171,51.1482764458562],[0.601855724183474,51.1590161945922],[0.593515591115623,51.1533049790113],[0.575672633903326,51.1561134273492],[0.579305815924906,51.1446361596967],[0.559065475686518,51.1339445383835],[0.561949986617375,51.1432594090425],[0.533105662658645,51.1341528523793],[0.496896420340315,51.1447764513492],[0.469385402392689,51.1430673013431],[0.467697344081548,51.1562060840972],[0.44075379663605,51.1765128766504],[0.41640085648925,51.1805476489911],[0.38425489504458,51.1982616938891],[0.400344986655227,51.1985721626835],[0.408801571866475,51.2216682870587],[0.378698701343143,51.2350440777529],[0.409577973411235,51.2530120902836],[0.431312270677578,51.2491001063745],[0.432525436617803,51.2701200746685],[0.477656425071307,51.2722753362684],[0.499043800752973,51.2967753485136],[0.49251868074662,51.3045672709161],[0.511615594575655,51.3064345404207],[0.525641085381921,51.3347171670639],[0.544003569633395,51.3278964123716],[0.563457198962717,51.3387431250211],[0.601403554174045,51.3333011048713]]]},"properties":{"CSP21CD":"E22000142","CSP21NM":"Maidstone"}},{"type":"Feature","geometry":{"type":"MultiPolygon","coordinates":[[[[0.608113907189036,51.4015436391241],[0.615324178551404,51.3953841238209],[0.597014785868641,51.396079791584],[0.608113907189036,51.4015436391241]]],[[[0.582572584427441,51.4031341871899],[0.561520430520507,51.4022334232223],[0.564435834379171,51.4079545436261],[0.582572584427441,51.4031341871899]]],[[[0.590771751842635,51.4793694228592],[0.615237628851995,51.4750832101064],[0.659983867168387,51.4776769839281],[0.690601464729745,51.4593027377987],[0.671230359231651,51.4722444722244],[0.699865700168128,51.4727119285615],[0.720386019001547,51.4597369960201],[0.723483748269679,51.4447359562467],[0.710285623311776,51.4348165241746],[0.677888588964942,51.4331759441071],[0.671729335495567,51.4481015850234],[0.658880978068484,51.4474306813937],[0.635814795493071,51.4462226468671],[0.612448943455794,51.4296429522431],[0.605517065310631,51.4201584430774],[0.618297225044804,51.4286832665507],[0.625214867130112,51.4236691721449],[0.610866385103653,51.4174042915992],[0.587195732121722,51.4161614231781],[0.534985463206962,51.4134032424142],[0.521181129354051,51.3930467178648],[0.537620254904169,51.4103368670662],[0.560969209750434,51.3948140344158],[0.585644855626244,51.3886758744146],[0.594590544318565,51.3864489224584],[0.611856465059024,51.3788065368798],[0.620169491924448,51.3890278725001],[0.632458962255125,51.3890802553618],[0.626121810076958,51.3788125499944],[0.623292522422213,51.3692226415195],[0.63490813345762,51.3663699845452],[0.601403554174045,51.3333011048713],[0.563457198962717,51.3387431250211],[0.544003569633395,51.3278964123716],[0.525641085381921,51.3347171670639],[0.505845958766913,51.3429369755333],[0.503027462916296,51.3547185347565],[0.456233540778611,51.3687628438094],[0.453485925272683,51.3406104311936],[0.418594662757666,51.3479121920606],[0.399919664491311,51.3444569026071],[0.401283124306125,51.35295476259],[0.431109487937637,51.3880330266591],[0.45332222350032,51.3913787704197],[0.451853402814579,51.3983210211132],[0.467687121016724,51.3983013741054],[0.475140243345384,51.412947138434],[0.489235421459888,51.415325902756],[0.487960076101346,51.4432845747706],[0.457565560198211,51.4582932099819],[0.454310834301246,51.4634533393381],[0.467618434337055,51.4642019124953],[0.458057726113419,51.4679111535779],[0.474232063977492,51.4848089573021],[0.546196548076052,51.4871637205523],[0.590771751842635,51.4793694228592]]]]},"properties":{"CSP21CD":"E22000143","CSP21NM":"Medway"}},{"type":"Feature","geometry":{"type":"Polygon","coordinates":[[[0.341604421171004,51.3292161562799],[0.306889619562347,51.3431263493181],[0.304674634521184,51.3508061928972],[0.285766362322396,51.344994794742],[0.284562577168995,51.3250116648334],[0.265144095725887,51.3136373458231],[0.258453391993337,51.2972915719381],[0.263841207261726,51.2557855909626],[0.247332385013259,51.2552944078811],[0.247012834512874,51.2376860917324],[0.230962649545534,51.2322302752052],[0.223083288904804,51.2449061405922],[0.2005423369464,51.2337586440062],[0.212339510298549,51.2245975552051],[0.201945959369765,51.2205532669601],[0.207916622381616,51.2105892644016],[0.25081097256037,51.2005769021871],[0.226961569974034,51.1841543220095],[0.190971342203488,51.1713780142528],[0.212148011011079,51.1516149342956],[0.180372330923748,51.1317901553582],[0.160747944274821,51.1373192644889],[0.133117086399998,51.1472785195743],[0.0500165286936347,51.1426500167773],[0.0526003640340758,51.1806240184208],[0.0335989515635273,51.2143379727583],[0.0582428302016134,51.247778326722],[0.042396497430127,51.2926730476417],[0.085693083414603,51.2930842274768],[0.085029299988601,51.3160232052895],[0.117903913691849,51.3296632278015],[0.118456303441167,51.3441477832474],[0.136958108456318,51.3441746058011],[0.152057738933261,51.3696937056142],[0.147741030714359,51.3928010027283],[0.162384150043184,51.3924903029428],[0.148869410494427,51.4084291289347],[0.152932433172376,51.4087084822957],[0.199758777108728,51.4179756896287],[0.213529272477456,51.4048494927397],[0.20753155738838,51.3968442767175],[0.238273221529145,51.3962996629392],[0.245744537079278,51.4077123522268],[0.274894244117015,51.407457134859],[0.336678980323618,51.3865438878369],[0.341604421171004,51.3292161562799]]]},"properties":{"CSP21CD":"E22000144","CSP21NM":"Sevenoaks"}},{"type":"Feature","geometry":{"type":"Polygon","coordinates":[[[1.14763772317109,51.1771783029243],[1.14373077445535,51.1657763288577],[1.16099873406119,51.1583074626652],[1.17073509558702,51.1631360375853],[1.19065899966904,51.1540157762685],[1.2076777917894,51.1568343588373],[1.211064762566,51.1514766407317],[1.17155429372955,51.1242368879487],[1.19736760936465,51.1181487223812],[1.19493872028345,51.1030297836429],[1.20437170139432,51.0971917698531],[1.21996484794745,51.0974973438184],[1.2147989965211,51.0947948074665],[1.20588996581413,51.0910368211643],[1.2058557390283,51.0901151532059],[1.18571957692849,51.0795714793352],[1.19491298379705,51.0759704959015],[1.17179777902346,51.0734913244435],[1.13887974582584,51.0699800174188],[1.07358992487136,51.0629869148109],[0.997348035785307,51.0250792570765],[0.990338066898404,51.0131913767837],[0.985934614090111,51.0092482653219],[0.981945082853616,50.9989490580436],[0.964173987525028,50.9687605583932],[0.971355026153057,50.9416059567493],[0.978565152681135,50.9143110737567],[0.97820779601801,50.9131158913575],[0.854693263283308,50.9237287163973],[0.854687837338618,50.9237292124623],[0.867891381774926,50.933262295643],[0.855967970123694,50.9531286066064],[0.841401377893081,50.9576088287223],[0.812941746895733,50.941999575237],[0.784327858018418,50.9772296872172],[0.777134928696756,50.9754283500105],[0.778956704972181,50.9894920251371],[0.830872141257871,51.0493714519338],[0.839094227602643,51.0313538580487],[0.854809948145074,51.0317634033708],[0.853441042433627,51.043148827547],[0.869684578193792,51.0441127913573],[0.870435321076767,51.0523099570633],[0.894482229066057,51.0369863698128],[0.903325122841842,51.0504622124172],[0.93427447051001,51.0611466889979],[0.944752525498726,51.0548693803419],[0.968928824862042,51.0629259367103],[0.967347282829138,51.0768978717124],[0.985172824272586,51.0976004397872],[0.979766870247916,51.1121874046152],[0.995589078392864,51.1223706646326],[1.01211773153052,51.1172003453989],[1.029240945946,51.1325382915445],[1.0086223946532,51.1450030685068],[1.01692318386774,51.1612010705517],[0.998436761331318,51.1647410008761],[1.00396996259874,51.1800529518788],[1.04957821242098,51.1849879658497],[1.05825754996227,51.2050041949687],[1.09119816046696,51.1890158920846],[1.10897162927767,51.1869617499947],[1.1181459326375,51.1963276084636],[1.1160327880216,51.1878001334685],[1.14763772317109,51.1771783029243]]]},"properties":{"CSP21CD":"E22000145","CSP21NM":"Shepway"}},{"type":"Feature","geometry":{"type":"MultiPolygon","coordinates":[[[[0.682969207499156,51.4126452829497],[0.694536882870415,51.3966268958522],[0.67263912929164,51.3984055096318],[0.665928519130537,51.4062823352872],[0.682969207499156,51.4126452829497]]],[[[0.686969928853894,51.4222752201882],[0.6878280970548,51.4143462399168],[0.660113688487651,51.4175876632414],[0.667001839987765,51.4239086025443],[0.686969928853894,51.4222752201882]]],[[[0.763840526317191,51.3820505046339],[0.755952438417156,51.3536235163951],[0.766893352473445,51.3625819482923],[0.814325878592542,51.3582969339901],[0.865926058013313,51.3559078607682],[0.870975796132511,51.3540771701845],[0.897630039157718,51.3444082936525],[0.895647457468317,51.3370378784027],[0.904374132891047,51.343022480459],[0.950296972311206,51.3457656143682],[0.950303531520507,51.3457660175664],[0.95815190449043,51.3379535197301],[0.971964542447926,51.338244158075],[1.01698534649263,51.3129349284067],[1.00665878438881,51.3096369451168],[1.00596759515751,51.2837830066946],[0.973278769991517,51.2685947011505],[0.955032298732269,51.2702458933181],[0.949122169820361,51.2560341913337],[0.923650865268426,51.2593934538286],[0.919530184091044,51.2511026029702],[0.863494171484219,51.2388721591943],[0.859873527060566,51.2308377962895],[0.841768099989247,51.2371016836342],[0.822169331483995,51.224347697565],[0.795118069546067,51.2285344190026],[0.792657653385252,51.2380732748901],[0.790547129696035,51.2617805286433],[0.776784190248456,51.2665644474864],[0.761955479504863,51.2563776481773],[0.749640681161822,51.2586438057354],[0.760063694713229,51.2793143802229],[0.743626909034297,51.2785766318578],[0.713817179163023,51.2994077132011],[0.673844753621703,51.2932717637991],[0.664320665241623,51.3289294107766],[0.63945152562386,51.3367559809032],[0.613412365120945,51.3349385953865],[0.604424480576533,51.3256970914135],[0.601403554174045,51.3333011048713],[0.63490813345762,51.3663699845452],[0.623292522422213,51.3692226415195],[0.626121810076958,51.3788125499944],[0.632458962255125,51.3890802553618],[0.634639670120475,51.3890893934982],[0.626927098630931,51.3747310508915],[0.648018280180172,51.3976009906688],[0.670065397523827,51.3733009994225],[0.687013845726215,51.391804375081],[0.70317073642409,51.3925363209408],[0.695285660730106,51.3798223155971],[0.714032446084576,51.3841681476117],[0.696353703209261,51.4200306814445],[0.727977427880636,51.4235899561932],[0.73117255545735,51.4189825423635],[0.71627415467741,51.4132011336496],[0.726299383930113,51.3993126993728],[0.763840526317191,51.3820505046339]]],[[[0.902019423826626,51.4164905093793],[0.950391333112791,51.3722075914241],[0.897167768339267,51.3543359768916],[0.871407546544989,51.3609828692044],[0.858344453048907,51.3643506817287],[0.843784912252014,51.3635637600316],[0.806285518209497,51.3721779165912],[0.76618445437608,51.369769548133],[0.76426482343719,51.3882320571207],[0.732612479893695,51.4003447099279],[0.721502840083334,51.414470317728],[0.732135030122885,51.4090261656546],[0.741097254450325,51.4134582379802],[0.735471190343096,51.4242904339433],[0.749570548724971,51.4459626383257],[0.824485965807934,51.4256181002921],[0.875085160749728,51.4196677009224],[0.902019423826626,51.4164905093793]]]]},"properties":{"CSP21CD":"E22000146","CSP21NM":"Swale"}},{"type":"Feature","geometry":{"type":"Polygon","coordinates":[[[1.36340066551187,51.3135143257089],[1.34530468873694,51.3079727866563],[1.25009821652181,51.3293364427624],[1.21383134810831,51.3567721858328],[1.2128742792341,51.3660440779695],[1.22927355205124,51.3651460486215],[1.22483107151689,51.3793434465229],[1.31504361219488,51.3803521521397],[1.38297391278844,51.3919342573539],[1.39252326696837,51.393247893265],[1.42492483282119,51.3937887726707],[1.44205295433473,51.387192179168],[1.4459377877577,51.3588943331987],[1.44599172061281,51.3585013193235],[1.44589752155638,51.3583577329625],[1.42468182652994,51.325993098161],[1.42319472385524,51.3313725322941],[1.41458339233029,51.3274845292774],[1.42359661586834,51.3243571104349],[1.37689618483466,51.3296017045986],[1.36340066551187,51.3135143257089]]]},"properties":{"CSP21CD":"E22000147","CSP21NM":"Thanet"}},{"type":"Feature","geometry":{"type":"Polygon","coordinates":[[[0.525641085381921,51.3347171670639],[0.511615594575655,51.3064345404207],[0.49251868074662,51.3045672709161],[0.499043800752973,51.2967753485136],[0.477656425071307,51.2722753362684],[0.432525436617803,51.2701200746685],[0.431312270677578,51.2491001063745],[0.409577973411235,51.2530120902836],[0.378698701343143,51.2350440777529],[0.408801571866475,51.2216682870587],[0.400344986655227,51.1985721626835],[0.38425489504458,51.1982616938891],[0.369167737003512,51.2016169643177],[0.367513512909615,51.1948719953956],[0.341686773022714,51.1927890089308],[0.308816562121868,51.199958995492],[0.277305608479776,51.1746934858577],[0.226961569974034,51.1841543220095],[0.25081097256037,51.2005769021871],[0.207916622381616,51.2105892644016],[0.201945959369765,51.2205532669601],[0.212339510298549,51.2245975552051],[0.2005423369464,51.2337586440062],[0.223083288904804,51.2449061405922],[0.230962649545534,51.2322302752052],[0.247012834512874,51.2376860917324],[0.247332385013259,51.2552944078811],[0.263841207261726,51.2557855909626],[0.258453391993337,51.2972915719381],[0.265144095725887,51.3136373458231],[0.284562577168995,51.3250116648334],[0.285766362322396,51.344994794742],[0.304674634521184,51.3508061928972],[0.306889619562347,51.3431263493181],[0.341604421171004,51.3292161562799],[0.380220997724452,51.3298361606986],[0.37911018517935,51.3380221133365],[0.401283124306125,51.35295476259],[0.399919664491311,51.3444569026071],[0.418594662757666,51.3479121920606],[0.453485925272683,51.3406104311936],[0.456233540778611,51.3687628438094],[0.503027462916296,51.3547185347565],[0.505845958766913,51.3429369755333],[0.525641085381921,51.3347171670639]]]},"properties":{"CSP21CD":"E22000148","CSP21NM":"Tonbridge and Malling"}},{"type":"Feature","geometry":{"type":"Polygon","coordinates":[[[0.38425489504458,51.1982616938891],[0.41640085648925,51.1805476489911],[0.44075379663605,51.1765128766504],[0.467697344081548,51.1562060840972],[0.469385402392689,51.1430673013431],[0.496896420340315,51.1447764513492],[0.533105662658645,51.1341528523793],[0.561949986617375,51.1432594090425],[0.559065475686518,51.1339445383835],[0.579305815924906,51.1446361596967],[0.575672633903326,51.1561134273492],[0.593515591115623,51.1533049790113],[0.601855724183474,51.1590161945922],[0.617199953781171,51.1482764458562],[0.640340470520972,51.1524743523692],[0.632545495143112,51.1452955476749],[0.639475075986475,51.1412933659131],[0.603696921050306,51.1317175878435],[0.609024339126952,51.1178691337198],[0.590368962892355,51.1113398166163],[0.596623745515782,51.0902499913247],[0.629378307222744,51.0914214200521],[0.646674841425981,51.0832813402071],[0.611717197291198,51.0635462632039],[0.593500115160646,51.0418517764693],[0.605390823945922,51.0120699758106],[0.568381149722978,51.0038146875729],[0.541906625576079,51.0110064422455],[0.537600379824422,51.0216735768138],[0.472315360454523,51.0304415900476],[0.463267138803114,51.0547870173775],[0.418266860755534,51.0626269713542],[0.396473803046943,51.0830961518079],[0.373903542083923,51.0884647235483],[0.35081999106108,51.0840683339465],[0.358960077769589,51.104478561555],[0.334703413315617,51.1055645704394],[0.325177398042586,51.1229171225958],[0.273935045062806,51.1200787066604],[0.275670535951605,51.1123554347649],[0.244534356444898,51.1148800569018],[0.226284322804329,51.1244679125225],[0.171628358019837,51.1154102543181],[0.151200727639214,51.1238298622802],[0.160747944274821,51.1373192644889],[0.180372330923748,51.1317901553582],[0.212148011011079,51.1516149342956],[0.190971342203488,51.1713780142528],[0.226961569974034,51.1841543220095],[0.277305608479776,51.1746934858577],[0.308816562121868,51.199958995492],[0.341686773022714,51.1927890089308],[0.367513512909615,51.1948719953956],[0.369167737003512,51.2016169643177],[0.38425489504458,51.1982616938891]]]},"properties":{"CSP21CD":"E22000149","CSP21NM":"Tunbridge Wells"}},{"type":"Feature","geometry":{"type":"Polygon","coordinates":[[[-2.41098929578139,53.7051367415016],[-2.39834827805747,53.6915598628812],[-2.37442427465371,53.6872544342486],[-2.37123619444388,53.667080654493],[-2.36274651451584,53.6554014742395],[-2.37032788904823,53.6315343309452],[-2.37913211552921,53.6308703643459],[-2.42169643500597,53.623835573874],[-2.43872438284017,53.6460454486624],[-2.45970004381105,53.6200426941985],[-2.47919534002786,53.6170358900123],[-2.51132292934796,53.6269949667172],[-2.53234403392868,53.6649022653213],[-2.5153754062193,53.6916687936559],[-2.5397927263795,53.7021915934265],[-2.56160160852994,53.7469013543165],[-2.5512980543086,53.7563883886878],[-2.46580771374763,53.7808134079364],[-2.44631709415123,53.7665897010512],[-2.45178024416893,53.7564543600742],[-2.44006779499927,53.7494181204385],[-2.43386860052447,53.7191816990193],[-2.41098929578139,53.7051367415016]]]},"properties":{"CSP21CD":"E22000150","CSP21NM":"Blackburn with Darwen"}},{"type":"Feature","geometry":{"type":"Polygon","coordinates":[[[-3.01065293005663,53.8261939007195],[-2.99500424807209,53.8184887245035],[-2.98335722276106,53.7938034453417],[-3.00388680512874,53.7913422868504],[-2.99647825993957,53.7745040254686],[-3.02880130418184,53.7731167798034],[-3.03282276979925,53.7808616734318],[-3.05684455278157,53.7765799524745],[-3.05684619508057,53.7765826254856],[-3.05011615378037,53.851644342995],[-3.04806280309027,53.8744799958972],[-3.0197498931885,53.8685995788685],[-3.01065293005663,53.8261939007195]]]},"properties":{"CSP21CD":"E22000151","CSP21NM":"Blackpool"}},{"type":"Feature","geometry":{"type":"Polygon","coordinates":[[[-2.11227899052983,53.8057083891249],[-2.12835851818789,53.7990313038972],[-2.12481550058915,53.7880553424965],[-2.13636274882185,53.7801044595242],[-2.13117443618115,53.7515444483757],[-2.17329358668748,53.7230116839111],[-2.23265360476655,53.7376351679459],[-2.25168527111605,53.7550432167795],[-2.26859737309129,53.7422805683425],[-2.29527150262072,53.7519904931156],[-2.3141091073118,53.7470387958581],[-2.3423059086941,53.7948274419965],[-2.31320516595104,53.8124650365042],[-2.30196466895093,53.8210791830111],[-2.29469413540422,53.8084388282383],[-2.26980505748602,53.8150038875667],[-2.26106949964954,53.8077672065182],[-2.22396976212194,53.8178503486948],[-2.20753973869096,53.8114041496009],[-2.19609501278055,53.8252766069024],[-2.12862296414996,53.8197956795088],[-2.11227899052983,53.8057083891249]]]},"properties":{"CSP21CD":"E22000152","CSP21NM":"Burnley"}},{"type":"Feature","geometry":{"type":"Polygon","coordinates":[[[-2.56160160852994,53.7469013543165],[-2.5397927263795,53.7021915934265],[-2.5153754062193,53.6916687936559],[-2.53234403392868,53.6649022653213],[-2.51132292934796,53.6269949667172],[-2.56927828124953,53.5955969482671],[-2.59592575554149,53.6108149806104],[-2.62590677319225,53.5936832713985],[-2.63459215891522,53.6082827625043],[-2.68931258757785,53.6043028419438],[-2.6994489263829,53.6142993277877],[-2.69456786884956,53.6266454240372],[-2.70969016123837,53.6178091070108],[-2.73616787659759,53.62368473625],[-2.75873546509264,53.6146522402775],[-2.78100140595874,53.6234712225498],[-2.79595255727168,53.6159616195275],[-2.82147313255668,53.6626250330516],[-2.82012710674794,53.6871376997055],[-2.74660221516695,53.6927075181333],[-2.73003868088358,53.6862140658286],[-2.73355048868891,53.6742829583607],[-2.71253955145746,53.6713341284435],[-2.70820563111979,53.6815301845217],[-2.65882324539222,53.6806851078493],[-2.65802847557169,53.6906950380777],[-2.67759500324585,53.6936985965973],[-2.67149158270037,53.7108052013076],[-2.65844863389138,53.7176959374804],[-2.65192898020426,53.711963879582],[-2.62975495280547,53.7172919992996],[-2.61185506598451,53.7385705882985],[-2.57723740558375,53.7511458471323],[-2.56160160852994,53.7469013543165]]]},"properties":{"CSP21CD":"E22000153","CSP21NM":"Chorley"}},{"type":"Feature","geometry":{"type":"Polygon","coordinates":[[[-2.82599421787706,53.819987299716],[-2.7805305760358,53.7879504609861],[-2.79861189097798,53.7707876545346],[-2.79390048777271,53.7512956074132],[-2.82765397956143,53.7438869347907],[-2.85574032052247,53.738519212182],[-2.85682566732856,53.7382130160201],[-2.90357576992717,53.7325020217039],[-2.910979506621,53.7325678086253],[-2.953015196707,53.7329330837558],[-2.94166056928298,53.7362829033471],[-2.97656746403367,53.7340388754514],[-3.03884162124274,53.7472425348165],[-3.05684455278157,53.7765799524745],[-3.03282276979925,53.7808616734318],[-3.02880130418184,53.7731167798034],[-2.99647825993957,53.7745040254686],[-3.00388680512874,53.7913422868504],[-2.98335722276106,53.7938034453417],[-2.99500424807209,53.8184887245035],[-3.01065293005663,53.8261939007195],[-2.96177766016056,53.8283465309923],[-2.96556995199783,53.847311003301],[-2.98192393707347,53.8581762246674],[-2.97667648335888,53.8646057300676],[-2.94411124219628,53.8507156607182],[-2.90432547908246,53.8648458448533],[-2.87556086386656,53.8579333643396],[-2.89014618483959,53.8460389829644],[-2.85758673975096,53.8426065827248],[-2.8694227846563,53.8309131143337],[-2.84086959807591,53.8312779439078],[-2.82599421787706,53.819987299716]]]},"properties":{"CSP21CD":"E22000154","CSP21NM":"Fylde"}},{"type":"Feature","geometry":{"type":"Polygon","coordinates":[[[-2.3423059086941,53.7948274419965],[-2.3141091073118,53.7470387958581],[-2.32614815671146,53.7473356131677],[-2.32577142735795,53.7343535430878],[-2.34418444781331,53.7224495999405],[-2.41098929578139,53.7051367415016],[-2.43386860052447,53.7191816990193],[-2.44006779499927,53.7494181204385],[-2.45178024416893,53.7564543600742],[-2.44631709415123,53.7665897010512],[-2.46580771374763,53.7808134079364],[-2.39673657734499,53.8166191916107],[-2.39851193426364,53.8033344832256],[-2.36995253077879,53.8015384469294],[-2.36557473387386,53.793104952461],[-2.35668223770816,53.7984584865935],[-2.3423059086941,53.7948274419965]]]},"properties":{"CSP21CD":"E22000155","CSP21NM":"Hyndburn"}},{"type":"Feature","geometry":{"type":"Polygon","coordinates":[[[-2.46086273483392,54.2267161360628],[-2.53397895530311,54.1576927137726],[-2.56050449737639,54.1530521184271],[-2.56474072528009,54.1270377051971],[-2.52400965394564,54.0946224801854],[-2.50952601849528,54.0954253307687],[-2.46434741774283,54.0752794330057],[-2.46954984634616,54.0462122430995],[-2.49225722449595,54.0400744728344],[-2.50141852766252,54.0207535098021],[-2.52730971583983,54.0262454054429],[-2.54710556376612,54.0140773317266],[-2.57218584595594,54.0146226995296],[-2.58065330231768,54.0001181253483],[-2.5575263143622,53.9749121430016],[-2.6169021304247,53.9522123374932],[-2.64304254596192,53.9575883854423],[-2.64821739364283,53.9489215900485],[-2.68791654101037,53.9497022142601],[-2.70204885822574,53.9435564605428],[-2.71565576482026,53.9802440537051],[-2.73523711666107,53.974526388805],[-2.74147581990892,53.9568568458606],[-2.75537475426664,53.9523312069035],[-2.75786811323113,53.9631088155819],[-2.79642213630804,53.9754701260521],[-2.81364522020433,53.945848903528],[-2.80368814239779,53.9357544065558],[-2.86436725618549,53.9180797323255],[-2.88524464946455,53.9368388562429],[-2.87964970831221,53.9454606411801],[-2.88520312720701,53.948466311102],[-2.87043151885362,53.951581197095],[-2.88677863851504,53.9583911440691],[-2.87144059785946,53.9566693091669],[-2.86193231843211,53.9646091841082],[-2.84500555609974,53.9653802188156],[-2.87183764786366,53.9702584531968],[-2.87925462558509,53.9791130177534],[-2.85608726993118,53.9995800772018],[-2.83274199668418,53.9985182142673],[-2.83218697687557,54.0094317198619],[-2.86053240158166,54.0038525562642],[-2.87145099439062,54.0046590238401],[-2.88104026035683,53.9894528395905],[-2.88397839595716,53.9947340594748],[-2.89793355319997,53.9911029182047],[-2.90341859421465,54.0205632920916],[-2.91742711661012,54.0280903105987],[-2.92426216683015,54.0317612371643],[-2.92273300340731,54.0324210218653],[-2.92248334819463,54.0324535049729],[-2.91753730177913,54.033096920834],[-2.91241947640711,54.0337623745692],[-2.91755260654238,54.033789625481],[-2.91953651295226,54.0338000774798],[-2.91757156209447,54.0346477106877],[-2.90607856282583,54.0396041091783],[-2.88244898798303,54.0723720108795],[-2.87017326945178,54.0762289422635],[-2.84718123157456,54.0775427546716],[-2.81958801106523,54.0887961881057],[-2.81435960548866,54.094903228212],[-2.82561070732242,54.087596561246],[-2.82694730401758,54.099976939441],[-2.78498802504197,54.1349992713138],[-2.82003318116081,54.1226400380229],[-2.83631187682557,54.15067137598],[-2.86391493513039,54.1564819635056],[-2.86948659469221,54.1766675633693],[-2.83721686204006,54.1741724007201],[-2.79898153022298,54.1977407703035],[-2.76823199124557,54.1859641133149],[-2.7343869846531,54.1841109651538],[-2.73648911636349,54.1690268159802],[-2.67987623790917,54.161134716838],[-2.63996446425009,54.2020453818876],[-2.62495689056548,54.1955687289251],[-2.5760776553629,54.1955951834225],[-2.45958529173133,54.2395684104832],[-2.46086273483392,54.2267161360628]]]},"properties":{"CSP21CD":"E22000156","CSP21NM":"Lancaster"}},{"type":"Feature","geometry":{"type":"Polygon","coordinates":[[[-2.04613032171259,53.8501412464577],[-2.04692463706631,53.8295102819506],[-2.06125057169733,53.8256354819636],[-2.11227899052983,53.8057083891249],[-2.12862296414996,53.8197956795088],[-2.19609501278055,53.8252766069024],[-2.20753973869096,53.8114041496009],[-2.22396976212194,53.8178503486948],[-2.26106949964954,53.8077672065182],[-2.26980505748602,53.8150038875667],[-2.29469413540422,53.8084388282383],[-2.30196466895093,53.8210791830111],[-2.31320516595104,53.8124650365042],[-2.3171365109043,53.8278544604912],[-2.30257325913805,53.8363947619179],[-2.33364465004493,53.8406309683462],[-2.31792795935388,53.8469220078489],[-2.31911800423786,53.8615115380483],[-2.22431654694747,53.8906161773278],[-2.24584068924005,53.9332626816138],[-2.18452239163842,53.9522641300986],[-2.18228142410805,53.9353902727911],[-2.13222410689956,53.9265088512197],[-2.11334616135047,53.9156268544808],[-2.10301894796253,53.8909412971484],[-2.08144705819635,53.8756803214603],[-2.08991499194819,53.8681819729435],[-2.04613032171259,53.8501412464577]]]},"properties":{"CSP21CD":"E22000157","CSP21NM":"Pendle"}},{"type":"Feature","geometry":{"type":"Polygon","coordinates":[[[-2.59948777978481,53.7814710235385],[-2.63385816008948,53.7823756274252],[-2.62209170010117,53.7708759441471],[-2.65656846629279,53.7605582079365],[-2.66591255800608,53.7485174459671],[-2.67898725759504,53.7530352300967],[-2.71236460041922,53.748233454213],[-2.73203696101775,53.7576424371989],[-2.79390048777271,53.7512956074132],[-2.79861189097798,53.7707876545346],[-2.7805305760358,53.7879504609861],[-2.82599421787706,53.819987299716],[-2.79786437016184,53.8245883957185],[-2.80013450280164,53.8331379020111],[-2.77068881395902,53.8404204870622],[-2.75926449062936,53.8263714793363],[-2.73615752450944,53.8234460371112],[-2.74638557245605,53.8510299553688],[-2.7098165059967,53.8536423145304],[-2.68570678543673,53.8909428983428],[-2.6452312202389,53.8937579432686],[-2.62538134095007,53.8802975207155],[-2.62935972940161,53.8599865796373],[-2.60789806933386,53.8387724828244],[-2.62471372097947,53.8155648678697],[-2.59566932422328,53.7966418879511],[-2.59948777978481,53.7814710235385]]]},"properties":{"CSP21CD":"E22000158","CSP21NM":"Preston"}},{"type":"Feature","geometry":{"type":"Polygon","coordinates":[[[-2.18452239163842,53.9522641300986],[-2.24584068924005,53.9332626816138],[-2.22431654694747,53.8906161773278],[-2.31911800423786,53.8615115380483],[-2.31792795935388,53.8469220078489],[-2.33364465004493,53.8406309683462],[-2.30257325913805,53.8363947619179],[-2.3171365109043,53.8278544604912],[-2.31320516595104,53.8124650365042],[-2.3423059086941,53.7948274419965],[-2.35668223770816,53.7984584865935],[-2.36557473387386,53.793104952461],[-2.36995253077879,53.8015384469294],[-2.39851193426364,53.8033344832256],[-2.39673657734499,53.8166191916107],[-2.46580771374763,53.7808134079364],[-2.5512980543086,53.7563883886878],[-2.56427309571977,53.762012019687],[-2.54554336628584,53.7692045889281],[-2.54750548958988,53.775870978805],[-2.59948777978481,53.7814710235385],[-2.59566932422328,53.7966418879511],[-2.62471372097947,53.8155648678697],[-2.60789806933386,53.8387724828244],[-2.62935972940161,53.8599865796373],[-2.62538134095007,53.8802975207155],[-2.6452312202389,53.8937579432686],[-2.6251450363017,53.8946405269089],[-2.61340257292018,53.9082556569993],[-2.62643718901396,53.9385635383366],[-2.64821739364283,53.9489215900485],[-2.64304254596192,53.9575883854423],[-2.6169021304247,53.9522123374932],[-2.5575263143622,53.9749121430016],[-2.58065330231768,54.0001181253483],[-2.57218584595594,54.0146226995296],[-2.54710556376612,54.0140773317266],[-2.52730971583983,54.0262454054429],[-2.50141852766252,54.0207535098021],[-2.49225722449595,54.0400744728344],[-2.46954984634616,54.0462122430995],[-2.42582648982368,54.03809491029],[-2.37407297715162,54.0490890614635],[-2.35732329416741,54.019117094779],[-2.33956003667455,54.0094333175981],[-2.35231031317863,54.0105389058883],[-2.35235757480551,53.9946737861065],[-2.339923184361,53.989427713568],[-2.31915123811193,53.9938420173074],[-2.29431971644119,53.9744329549656],[-2.23034529433424,53.9815303435187],[-2.2210627540429,53.9779275819344],[-2.23201544739717,53.9712299768724],[-2.2257362558466,53.9610994519679],[-2.1960183674942,53.9695758455163],[-2.18452239163842,53.9522641300986]]]},"properties":{"CSP21CD":"E22000159","CSP21NM":"Ribble Valley"}},{"type":"Feature","geometry":{"type":"Polygon","coordinates":[[[-2.17329358668748,53.7230116839111],[-2.14632807589576,53.6822315294492],[-2.1613528322883,53.6413741752366],[-2.18539583912308,53.6382240927871],[-2.18240718357035,53.6482576152006],[-2.2052285001861,53.654348835335],[-2.21772889962318,53.6689807388165],[-2.24587750356036,53.663521730583],[-2.26986609200328,53.646136610395],[-2.25676901587734,53.6203979547478],[-2.2717870687905,53.6145142332618],[-2.295272776757,53.6403952353397],[-2.29898508317259,53.6667047891808],[-2.31675729058951,53.654987224144],[-2.37123619444388,53.667080654493],[-2.37442427465371,53.6872544342486],[-2.39834827805747,53.6915598628812],[-2.41098929578139,53.7051367415016],[-2.34418444781331,53.7224495999405],[-2.32577142735795,53.7343535430878],[-2.32614815671146,53.7473356131677],[-2.3141091073118,53.7470387958581],[-2.29527150262072,53.7519904931156],[-2.26859737309129,53.7422805683425],[-2.25168527111605,53.7550432167795],[-2.23265360476655,53.7376351679459],[-2.17329358668748,53.7230116839111]]]},"properties":{"CSP21CD":"E22000160","CSP21NM":"Rossendale"}},{"type":"Feature","geometry":{"type":"Polygon","coordinates":[[[-2.59948777978481,53.7814710235385],[-2.54750548958988,53.775870978805],[-2.54554336628584,53.7692045889281],[-2.56427309571977,53.762012019687],[-2.5512980543086,53.7563883886878],[-2.56160160852994,53.7469013543165],[-2.57723740558375,53.7511458471323],[-2.61185506598451,53.7385705882985],[-2.62975495280547,53.7172919992996],[-2.65192898020426,53.711963879582],[-2.65844863389138,53.7176959374804],[-2.67149158270037,53.7108052013076],[-2.67759500324585,53.6936985965973],[-2.65802847557169,53.6906950380777],[-2.65882324539222,53.6806851078493],[-2.70820563111979,53.6815301845217],[-2.71253955145746,53.6713341284435],[-2.73355048868891,53.6742829583607],[-2.73003868088358,53.6862140658286],[-2.74660221516695,53.6927075181333],[-2.82012710674794,53.6871376997055],[-2.83313321919376,53.6955139978336],[-2.82398181894109,53.7028535017084],[-2.8324237637153,53.7211313473031],[-2.86806794118817,53.7333954183614],[-2.86806789131898,53.7333954259141],[-2.84831612217011,53.7300131291511],[-2.85491008369852,53.7352587753292],[-2.82551831064558,53.7443358351762],[-2.82765397956143,53.7438869347907],[-2.79390048777271,53.7512956074132],[-2.73203696101775,53.7576424371989],[-2.71236460041922,53.748233454213],[-2.67898725759504,53.7530352300967],[-2.66591255800608,53.7485174459671],[-2.65656846629279,53.7605582079365],[-2.62209170010117,53.7708759441471],[-2.63385816008948,53.7823756274252],[-2.59948777978481,53.7814710235385]]]},"properties":{"CSP21CD":"E22000161","CSP21NM":"South Ribble"}},{"type":"Feature","geometry":{"type":"Polygon","coordinates":[[[-2.82012710674794,53.6871376997055],[-2.82147313255668,53.6626250330516],[-2.79595255727168,53.6159616195275],[-2.78100140595874,53.6234712225498],[-2.75873546509264,53.6146522402775],[-2.73616787659759,53.62368473625],[-2.70969016123837,53.6178091070108],[-2.69456786884956,53.6266454240372],[-2.6994489263829,53.6142993277877],[-2.68931258757785,53.6043028419438],[-2.69335212229441,53.5894286646168],[-2.71922262231971,53.5761141813386],[-2.70481914779262,53.5591921853052],[-2.71792555495459,53.5272111636733],[-2.7305209236796,53.5206001458893],[-2.76887248377879,53.513571464193],[-2.78247648838422,53.5314301969823],[-2.81674018181041,53.5121744985571],[-2.82496446472738,53.4852092192654],[-2.84442114863858,53.4841303894131],[-2.8498364247934,53.4931391728108],[-2.86515490038089,53.4920871492598],[-2.88799424321123,53.5038287420372],[-2.88171626852993,53.5205438932213],[-2.92300940751067,53.5252200425158],[-2.94789315360006,53.5443538478543],[-2.97761401698476,53.5459230779441],[-2.96296435439051,53.5237058596021],[-2.97582621873825,53.515287937911],[-3.04669858190109,53.5429583288114],[-3.04038847552938,53.565272120384],[-3.02261999765623,53.5695979068693],[-3.02070918258232,53.5836752117772],[-3.03598609449788,53.5872183408673],[-3.02882214969535,53.6023199753557],[-2.99788936527924,53.6266670880998],[-2.98182313089385,53.6222051359481],[-2.9672591070023,53.6313286187843],[-2.94014344409029,53.6586105188298],[-2.94678566949808,53.6880175654031],[-2.95621926467535,53.6974876557424],[-2.95621899267667,53.6974877504909],[-2.9415289255694,53.6965385688846],[-2.95510573115786,53.7044380076446],[-2.93364863522965,53.7042456330371],[-2.94817072222545,53.7115856742061],[-2.93828310335847,53.7249364740234],[-2.91550650829472,53.7133397809798],[-2.9293482374125,53.72416121066],[-2.91085816286212,53.7269510663948],[-2.86806794118817,53.7333954183614],[-2.8324237637153,53.7211313473031],[-2.82398181894109,53.7028535017084],[-2.83313321919376,53.6955139978336],[-2.82012710674794,53.6871376997055]]]},"properties":{"CSP21CD":"E22000162","CSP21NM":"West Lancashire"}},{"type":"Feature","geometry":{"type":"Polygon","coordinates":[[[-2.64821739364283,53.9489215900485],[-2.62643718901396,53.9385635383366],[-2.61340257292018,53.9082556569993],[-2.6251450363017,53.8946405269089],[-2.6452312202389,53.8937579432686],[-2.68570678543673,53.8909428983428],[-2.7098165059967,53.8536423145304],[-2.74638557245605,53.8510299553688],[-2.73615752450944,53.8234460371112],[-2.75926449062936,53.8263714793363],[-2.77068881395902,53.8404204870622],[-2.80013450280164,53.8331379020111],[-2.79786437016184,53.8245883957185],[-2.82599421787706,53.819987299716],[-2.84086959807591,53.8312779439078],[-2.8694227846563,53.8309131143337],[-2.85758673975096,53.8426065827248],[-2.89014618483959,53.8460389829644],[-2.87556086386656,53.8579333643396],[-2.90432547908246,53.8648458448533],[-2.94411124219628,53.8507156607182],[-2.97667648335888,53.8646057300676],[-2.98192393707347,53.8581762246674],[-2.96556995199783,53.847311003301],[-2.96177766016056,53.8283465309923],[-3.01065293005663,53.8261939007195],[-3.0197498931885,53.8685995788685],[-3.04806280309027,53.8744799958972],[-3.04795018872981,53.8757317272637],[-3.04974587073515,53.9200184213077],[-3.00796836863459,53.9286645514017],[-3.00693525378847,53.9015760694798],[-2.9993278661555,53.9285767631454],[-2.92374356174751,53.9511297176186],[-2.91561648985078,53.9457227577164],[-2.90476456086632,53.9384998736685],[-2.88664897158638,53.9416776480834],[-2.89432661972383,53.9465412930192],[-2.88520312720701,53.948466311102],[-2.87964970831221,53.9454606411801],[-2.88524464946455,53.9368388562429],[-2.86436725618549,53.9180797323255],[-2.80368814239779,53.9357544065558],[-2.81364522020433,53.945848903528],[-2.79642213630804,53.9754701260521],[-2.75786811323113,53.9631088155819],[-2.75537475426664,53.9523312069035],[-2.74147581990892,53.9568568458606],[-2.73523711666107,53.974526388805],[-2.71565576482026,53.9802440537051],[-2.70204885822574,53.9435564605428],[-2.68791654101037,53.9497022142601],[-2.64821739364283,53.9489215900485]]]},"properties":{"CSP21CD":"E22000163","CSP21NM":"Wyre"}},{"type":"Feature","geometry":{"type":"Polygon","coordinates":[[[-1.18528923933493,52.6606440961908],[-1.19065594938898,52.6403938594434],[-1.20725216803536,52.6425879716146],[-1.215980784602,52.6345335562772],[-1.16555888656328,52.6130814445452],[-1.17422436304014,52.5929263417255],[-1.15789024255452,52.5908219889961],[-1.16094169838228,52.5825305499133],[-1.14949577431606,52.5810241157686],[-1.14361854307226,52.5880254265962],[-1.13017927927289,52.5622475555247],[-1.12359691157834,52.5689129030943],[-1.09579039640856,52.5655528273632],[-1.082893928931,52.5565792045763],[-1.05939219116329,52.5589300744617],[-1.07588893949918,52.5388659328312],[-1.1212567474307,52.5451865582445],[-1.18427532257135,52.5274989936526],[-1.20213280196255,52.52743990629],[-1.23184050477181,52.5553789147062],[-1.30594754120562,52.4933952805605],[-1.32508812135485,52.5010423245412],[-1.31796578872976,52.515116938007],[-1.33484699507845,52.5330249868053],[-1.3348867845199,52.5601931857153],[-1.32370941374702,52.5677939073301],[-1.30202258537581,52.561388676947],[-1.27291557526986,52.5659721383332],[-1.26996749967124,52.5747966038336],[-1.29680102789667,52.579817043609],[-1.29837199355684,52.5858738986606],[-1.27458365029556,52.6009840896559],[-1.27447930785219,52.61617014944],[-1.25741322565196,52.6162532744945],[-1.2618766662228,52.6282116921208],[-1.24075770156081,52.6336169175882],[-1.26180193363386,52.6370662720675],[-1.23219782033718,52.6407474315098],[-1.19968163037784,52.6644018183087],[-1.18528923933493,52.6606440961908]]]},"properties":{"CSP21CD":"E22000164","CSP21NM":"Blaby"}},{"type":"Feature","geometry":{"type":"Polygon","coordinates":[[[-1.03628929191991,52.8158772842477],[-1.04590891528095,52.766032006762],[-1.03038195561504,52.756186308948],[-1.01991102008189,52.7269800871778],[-1.0010507906414,52.7236619238947],[-1.01559253375669,52.710824217107],[-1.00797633679774,52.6963927465919],[-0.948924212290192,52.6803811514559],[-0.960167239463435,52.6731065234814],[-0.9802833788725,52.6818534437987],[-1.01367915585654,52.6550807837127],[-1.04861278988328,52.6549959563935],[-1.0750788495323,52.6696256375045],[-1.11881182169027,52.673186318861],[-1.12922467843509,52.6653897823953],[-1.14326236102496,52.6871571580807],[-1.15725203286727,52.6915230260726],[-1.17806557535302,52.6780349832527],[-1.18528923933493,52.6606440961908],[-1.19968163037784,52.6644018183087],[-1.21214007902656,52.6744460604548],[-1.22694892877729,52.6700043330694],[-1.24433108910874,52.6844642667319],[-1.25901057672952,52.6820720150459],[-1.28089948242999,52.6918160106702],[-1.28271338931419,52.7146423181832],[-1.24714069691699,52.7363689781094],[-1.25111733360693,52.740872929335],[-1.26686507015886,52.7474509862867],[-1.28748662488214,52.7339722758797],[-1.30475412987616,52.7484645875578],[-1.33237870782939,52.7530181589659],[-1.33479158393321,52.7631001906093],[-1.31896100445018,52.7853885668593],[-1.27866961983227,52.7831767188637],[-1.27644940198985,52.8003283598141],[-1.26192675778543,52.8104533294567],[-1.2258860486895,52.7916775636682],[-1.19772936216661,52.7894115471348],[-1.16327577042398,52.8065222287069],[-1.13089307263852,52.8058269116307],[-1.11694190790358,52.8195772072277],[-1.07443530143318,52.8247266344066],[-1.07173821252654,52.8140112117332],[-1.03628929191991,52.8158772842477]]]},"properties":{"CSP21CD":"E22000165","CSP21NM":"Charnwood"}},{"type":"Feature","geometry":{"type":"Polygon","coordinates":[[[-0.808693242414139,52.6461260660919],[-0.805824670618499,52.6206878783449],[-0.820950352829114,52.596454861719],[-0.792435455444373,52.5976141699617],[-0.765264216008954,52.5824701798371],[-0.759893743806875,52.5649060343668],[-0.738864421751923,52.5488833379763],[-0.742206489930266,52.5394859770229],[-0.713658337963826,52.524963968358],[-0.756156309515431,52.5109947129407],[-0.774866784894676,52.5182763361657],[-0.796160634816982,52.5163651345869],[-0.868809903769565,52.5269536160128],[-0.883443190675843,52.5139701581084],[-0.882125559613792,52.4931658050431],[-0.898047834720489,52.4869184507176],[-0.882395514787867,52.4712828444433],[-0.9012806064268,52.4597558601064],[-0.942191918774036,52.4677725225308],[-0.951908262509529,52.4774239308037],[-1.00069265209655,52.4709404177629],[-1.04451053126691,52.4457480943696],[-1.03427367925882,52.4362852730348],[-1.04998493314387,52.422208448854],[-1.08438179273988,52.4362981479721],[-1.12926952385576,52.4161034521555],[-1.14935295147126,52.3970406268669],[-1.18399208837492,52.392171077156],[-1.20161328230779,52.3967317959132],[-1.30594754120562,52.4933952805605],[-1.23184050477181,52.5553789147062],[-1.20213280196255,52.52743990629],[-1.18427532257135,52.5274989936526],[-1.1212567474307,52.5451865582445],[-1.07588893949918,52.5388659328312],[-1.05939219116329,52.5589300744617],[-1.082893928931,52.5565792045763],[-1.07535444593118,52.5747348750704],[-1.04135762765073,52.5980096721263],[-1.06247912689757,52.604247152256],[-1.07048970747673,52.6180668313852],[-1.04696224710518,52.6346200812552],[-1.04861278988328,52.6549959563935],[-1.01367915585654,52.6550807837127],[-0.9802833788725,52.6818534437987],[-0.960167239463435,52.6731065234814],[-0.948924212290192,52.6803811514559],[-0.91604962363473,52.6711407165331],[-0.911926083902222,52.6771722657213],[-0.893363051690192,52.6736712787193],[-0.85554558234634,52.6849737895908],[-0.858744686220831,52.673763056959],[-0.833981489993561,52.6727049822025],[-0.829548904939887,52.6587532050366],[-0.809528311230395,52.6576117229614],[-0.822271716083747,52.6472543320311],[-0.808693242414139,52.6461260660919]]]},"properties":{"CSP21CD":"E22000166","CSP21NM":"Harborough"}},{"type":"Feature","geometry":{"type":"Polygon","coordinates":[[[-1.19968163037784,52.6644018183087],[-1.23219782033718,52.6407474315098],[-1.26180193363386,52.6370662720675],[-1.24075770156081,52.6336169175882],[-1.2618766662228,52.6282116921208],[-1.25741322565196,52.6162532744945],[-1.27447930785219,52.61617014944],[-1.27458365029556,52.6009840896559],[-1.29837199355684,52.5858738986606],[-1.29680102789667,52.579817043609],[-1.26996749967124,52.5747966038336],[-1.27291557526986,52.5659721383332],[-1.30202258537581,52.561388676947],[-1.32370941374702,52.5677939073301],[-1.3348867845199,52.5601931857153],[-1.33484699507845,52.5330249868053],[-1.31796578872976,52.515116938007],[-1.32508812135485,52.5010423245412],[-1.41734425186395,52.5344553070612],[-1.45999402369308,52.5515899273182],[-1.52286777646333,52.5706005994426],[-1.5271552279268,52.5827378316751],[-1.56075676843526,52.5961562428648],[-1.55445434227788,52.6147614151268],[-1.57135417978669,52.6352716299301],[-1.54451698666015,52.6446078764288],[-1.55177141577137,52.6674551064611],[-1.53682479949854,52.6657355358379],[-1.50236096263458,52.6776333014224],[-1.49401432483004,52.6690478684993],[-1.47701880711561,52.6777149871754],[-1.44574243138415,52.6639580217486],[-1.42420339065323,52.6840025303067],[-1.40191582367444,52.6720798155365],[-1.36058734327607,52.6764761097375],[-1.34260044712441,52.6902023961063],[-1.35109636116169,52.6941570606767],[-1.28271338931419,52.7146423181832],[-1.28089948242999,52.6918160106702],[-1.25901057672952,52.6820720150459],[-1.24433108910874,52.6844642667319],[-1.22694892877729,52.6700043330694],[-1.21214007902656,52.6744460604548],[-1.19968163037784,52.6644018183087]]]},"properties":{"CSP21CD":"E22000167","CSP21NM":"Hinckley and Bosworth"}},{"type":"Feature","geometry":{"type":"Polygon","coordinates":[[[-1.04861278988328,52.6549959563935],[-1.04696224710518,52.6346200812552],[-1.07048970747673,52.6180668313852],[-1.09661352028508,52.616491381756],[-1.10365075505458,52.595911794444],[-1.12017085196089,52.5975440768737],[-1.14361854307226,52.5880254265962],[-1.14949577431606,52.5810241157686],[-1.16094169838228,52.5825305499133],[-1.15789024255452,52.5908219889961],[-1.17422436304014,52.5929263417255],[-1.16555888656328,52.6130814445452],[-1.215980784602,52.6345335562772],[-1.20725216803536,52.6425879716146],[-1.19065594938898,52.6403938594434],[-1.18528923933493,52.6606440961908],[-1.17806557535302,52.6780349832527],[-1.15725203286727,52.6915230260726],[-1.14326236102496,52.6871571580807],[-1.12922467843509,52.6653897823953],[-1.11881182169027,52.673186318861],[-1.0750788495323,52.6696256375045],[-1.04861278988328,52.6549959563935]]]},"properties":{"CSP21CD":"E22000168","CSP21NM":"Leicester"}},{"type":"Feature","geometry":{"type":"Polygon","coordinates":[[[-0.664101453534753,52.756710460936],[-0.751697884509706,52.7367121861722],[-0.776484384415236,52.7439341917561],[-0.813435226931193,52.7291297328888],[-0.821752864472965,52.715675184548],[-0.786044854215378,52.6947410500205],[-0.782041592366397,52.669481438542],[-0.808693242414139,52.6461260660919],[-0.822271716083747,52.6472543320311],[-0.809528311230395,52.6576117229614],[-0.829548904939887,52.6587532050366],[-0.833981489993561,52.6727049822025],[-0.858744686220831,52.673763056959],[-0.85554558234634,52.6849737895908],[-0.893363051690192,52.6736712787193],[-0.911926083902222,52.6771722657213],[-0.91604962363473,52.6711407165331],[-0.948924212290192,52.6803811514559],[-1.00797633679774,52.6963927465919],[-1.01559253375669,52.710824217107],[-1.0010507906414,52.7236619238947],[-1.01991102008189,52.7269800871778],[-1.03038195561504,52.756186308948],[-1.04590891528095,52.766032006762],[-1.03628929191991,52.8158772842477],[-1.02193315697324,52.8220518883665],[-0.982709019320862,52.8206748653118],[-0.977074582062935,52.8407376633052],[-0.959503896903261,52.8437817311886],[-0.928121482481403,52.8660833095459],[-0.940573916542046,52.8768561313973],[-0.916924921846032,52.8789315831176],[-0.85763357391753,52.9056423200794],[-0.862893425264728,52.9131138452548],[-0.824360730976672,52.9417896098345],[-0.833908629870818,52.9458805032832],[-0.820021885123097,52.9604644294128],[-0.812850938336058,52.9574642126954],[-0.796150034418614,52.9767315027749],[-0.778278647253454,52.97692337951],[-0.778437336497995,52.959313820404],[-0.754950088765391,52.9495561932311],[-0.776859443622395,52.9048089050897],[-0.758468269907546,52.9004900497834],[-0.766592056271416,52.8867983634491],[-0.742722542356135,52.8831571783624],[-0.682248172878789,52.8121646787143],[-0.664101453534753,52.756710460936]]]},"properties":{"CSP21CD":"E22000169","CSP21NM":"Melton"}},{"type":"Feature","geometry":{"type":"Polygon","coordinates":[[[-1.26192675778543,52.8104533294567],[-1.27644940198985,52.8003283598141],[-1.27866961983227,52.7831767188637],[-1.31896100445018,52.7853885668593],[-1.33479158393321,52.7631001906093],[-1.33237870782939,52.7530181589659],[-1.30475412987616,52.7484645875578],[-1.28748662488214,52.7339722758797],[-1.26686507015886,52.7474509862867],[-1.25111733360693,52.740872929335],[-1.24714069691699,52.7363689781094],[-1.28271338931419,52.7146423181832],[-1.35109636116169,52.6941570606767],[-1.34260044712441,52.6902023961063],[-1.36058734327607,52.6764761097375],[-1.40191582367444,52.6720798155365],[-1.42420339065323,52.6840025303067],[-1.44574243138415,52.6639580217486],[-1.47701880711561,52.6777149871754],[-1.49401432483004,52.6690478684993],[-1.50236096263458,52.6776333014224],[-1.53682479949854,52.6657355358379],[-1.55177141577137,52.6674551064611],[-1.5896451852037,52.6872608081784],[-1.59754104512465,52.7004217669502],[-1.55004125316774,52.7203170201837],[-1.54464024702915,52.731694497633],[-1.56249262187869,52.7505868369794],[-1.55278704447237,52.7633329520744],[-1.50498045308681,52.7676086627082],[-1.49398372303295,52.7590473716688],[-1.46844530449911,52.7668773517672],[-1.45588204268026,52.7770946625567],[-1.46277863628329,52.7868634599001],[-1.44239105491808,52.7929832761166],[-1.44356155232193,52.8027441687288],[-1.41770445879577,52.8016155011951],[-1.38793618388406,52.8330976564398],[-1.39432284230238,52.8367728726194],[-1.36121066727871,52.8551856719244],[-1.35117273951364,52.8532894543622],[-1.34486272111745,52.8675328855881],[-1.3253324940069,52.8659817429093],[-1.31930687515051,52.8728694279118],[-1.26788907937114,52.8733686514596],[-1.27436347501172,52.8361295182939],[-1.26192675778543,52.8104533294567]]]},"properties":{"CSP21CD":"E22000170","CSP21NM":"North West Leicestershire"}},{"type":"Feature","geometry":{"type":"Polygon","coordinates":[[[-1.082893928931,52.5565792045763],[-1.09579039640856,52.5655528273632],[-1.12359691157834,52.5689129030943],[-1.13017927927289,52.5622475555247],[-1.14361854307226,52.5880254265962],[-1.12017085196089,52.5975440768737],[-1.10365075505458,52.595911794444],[-1.09661352028508,52.616491381756],[-1.07048970747673,52.6180668313852],[-1.06247912689757,52.604247152256],[-1.04135762765073,52.5980096721263],[-1.07535444593118,52.5747348750704],[-1.082893928931,52.5565792045763]]]},"properties":{"CSP21CD":"E22000171","CSP21NM":"Oadby and Wigston"}},{"type":"Feature","geometry":{"type":"Polygon","coordinates":[[[-0.495025802128916,52.6402363852471],[-0.517397149134818,52.6423795260649],[-0.540260653382861,52.6259657691596],[-0.552938854430842,52.6013489506897],[-0.544173532572234,52.5928882810182],[-0.558117814289337,52.5944839676649],[-0.571903726305604,52.5858033698147],[-0.581546989328586,52.5958682283079],[-0.586972401223626,52.5874288711115],[-0.603019141912138,52.5885911323283],[-0.674864344204412,52.558638382649],[-0.713658337963826,52.524963968358],[-0.742206489930266,52.5394859770229],[-0.738864421751923,52.5488833379763],[-0.759893743806875,52.5649060343668],[-0.765264216008954,52.5824701798371],[-0.792435455444373,52.5976141699617],[-0.820950352829114,52.596454861719],[-0.805824670618499,52.6206878783449],[-0.808693242414139,52.6461260660919],[-0.782041592366397,52.669481438542],[-0.786044854215378,52.6947410500205],[-0.821752864472965,52.715675184548],[-0.813435226931193,52.7291297328888],[-0.776484384415236,52.7439341917561],[-0.751697884509706,52.7367121861722],[-0.664101453534753,52.756710460936],[-0.610288468749071,52.759821379638],[-0.6054438425778,52.7504929444177],[-0.572636470370485,52.7531090381208],[-0.539974276076003,52.7384017547715],[-0.542433641184147,52.7232814494385],[-0.49453090710973,52.7096532797771],[-0.430443229209799,52.7054219474813],[-0.434054536211506,52.6837050717487],[-0.456191200774775,52.6703934333934],[-0.50667432122478,52.6595259212941],[-0.523586001633851,52.6652337202479],[-0.495025802128916,52.6402363852471]]]},"properties":{"CSP21CD":"E22000172","CSP21NM":"Rutland"}},{"type":"Feature","geometry":{"type":"Polygon","coordinates":[[[0.199579574035016,53.032649031239],[0.151425050200805,53.0081071211682],[0.0840411479757883,52.9391264347454],[0.0816974408157522,52.936722474397],[0.0790274145814466,52.9339834273632],[0.0418884116099277,52.9327113512802],[0.0783789398117855,52.9320329388233],[0.0455851764078294,52.9157070939152],[0.0271251597213525,52.8984941349446],[0.027124639557576,52.8984938210467],[-0.0403485265769237,52.8684505747377],[-0.0847935037941669,52.8645464531661],[-0.118583461895069,52.8823801573412],[-0.142651723736895,52.8849077420228],[-0.156586336630267,52.9120947672282],[-0.246705114012854,52.9288324752047],[-0.189890522849971,52.9964096722477],[-0.224945274435561,53.0299994289058],[-0.210939057909469,53.0699415032939],[-0.19611968531666,53.0695566904891],[-0.115892775599215,53.010644669309],[-0.00706054386389006,53.00112044826],[0.0452294407842013,53.0300673009941],[0.0362024911018429,53.0694968108323],[0.087487540747824,53.0716451924788],[0.137083225442511,53.0866918705947],[0.149710041647828,53.0573847222227],[0.192893788567814,53.0376816383511],[0.199579574035016,53.032649031239]]]},"properties":{"CSP21CD":"E22000173","CSP21NM":"Boston"}},{"type":"Feature","geometry":{"type":"Polygon","coordinates":[[[0.199579574035016,53.032649031239],[0.192893788567814,53.0376816383511],[0.149710041647828,53.0573847222227],[0.137083225442511,53.0866918705947],[0.087487540747824,53.0716451924788],[0.0362024911018429,53.0694968108323],[0.0452294407842013,53.0300673009941],[-0.00706054386389006,53.00112044826],[-0.115892775599215,53.010644669309],[-0.19611968531666,53.0695566904891],[-0.196596582518654,53.0834379367843],[-0.219318516789125,53.0962508430363],[-0.226236727333366,53.1249003296754],[-0.289650494644498,53.1793657728158],[-0.302263333382541,53.2104251273063],[-0.276004810707717,53.2341841042528],[-0.280242815548857,53.2497647932729],[-0.30043373851358,53.2620883777684],[-0.289817639897854,53.2639890915465],[-0.300825348202662,53.2639737593862],[-0.301895659311535,53.2753404851243],[-0.316443359257324,53.2794716479515],[-0.317460783443738,53.2982512595202],[-0.295572290080823,53.3029820964671],[-0.310260818097815,53.3200026493188],[-0.293312645836236,53.3344768002127],[-0.275517873649116,53.3218268981914],[-0.255251658026981,53.3300402123996],[-0.255899017714339,53.3441420189408],[-0.204871144805472,53.3718864370462],[-0.229394388933294,53.3980579625373],[-0.206023397059548,53.4084350035913],[-0.214467738175562,53.4286375001857],[-0.180523848023102,53.4407022488562],[-0.131879272038797,53.4359393973431],[-0.120343715760136,53.4335649233719],[-0.0822093450711557,53.4511510063818],[-0.10782063241139,53.4698627577246],[-0.0898037355375292,53.4776824153005],[-0.0954884503108306,53.4859889965573],[-0.0752620038904992,53.4893357399272],[-0.0650454106098383,53.5187396577703],[-0.0147992888545281,53.5153685728982],[0.0141674717161976,53.5276206055091],[0.0172744329779295,53.5253599631766],[0.0473833504052355,53.5146596665997],[0.0377642211156085,53.5267195914887],[0.0882370246656575,53.5148921223607],[0.0796103811413397,53.5033250122403],[0.0931366725505819,53.4939611536201],[0.108625325609473,53.4888080404226],[0.113319476190877,53.4872456459917],[0.11785076165703,53.4932361185049],[0.109367130370583,53.5037713051178],[0.10894675234592,53.5042931920239],[0.10938616980767,53.5041552447183],[0.136308052055378,53.4956988580309],[0.128575543473365,53.4845929388969],[0.143836825404672,53.4819654764698],[0.147475863120263,53.4941276138551],[0.163571804938618,53.482138152077],[0.167623003860775,53.4770723468628],[0.168030735927565,53.4765624266313],[0.165564675686365,53.4771097496836],[0.157359154015883,53.4789304827321],[0.159329928887439,53.4772228595728],[0.191420166589855,53.4493940554531],[0.185045514388302,53.4435044599508],[0.20072508765381,53.4363200299575],[0.187804612702328,53.4377082520006],[0.212471923780209,53.421393837272],[0.189536114641344,53.4173197640094],[0.210577797765362,53.4169688123803],[0.201353547606644,53.4151488228948],[0.206353273049812,53.4099859614636],[0.211927578170489,53.4160088003525],[0.208109331207884,53.4105108648528],[0.217540155073582,53.4134512081586],[0.228357498701452,53.4058668664877],[0.242546726011529,53.3729603631836],[0.288478299162668,53.3127733794637],[0.30145543989568,53.2947571279446],[0.321325718867827,53.2671395570755],[0.355627376956714,53.1920584293745],[0.342653301484478,53.1141355471574],[0.339855341391462,53.0972852924694],[0.328343142928009,53.0894540140215],[0.312468365641145,53.0891607322252],[0.240999545475965,53.0467647923851],[0.199579762381451,53.0326491275556],[0.199579574035016,53.032649031239]]]},"properties":{"CSP21CD":"E22000174","CSP21NM":"East Lindsey"}},{"type":"Feature","geometry":{"type":"Polygon","coordinates":[[[-0.495118460732746,53.2252591456533],[-0.530239206605408,53.2174997509783],[-0.539576379967853,53.2039529656868],[-0.548839773642386,53.2058631837536],[-0.552843479414256,53.1863260710722],[-0.564428804572543,53.1870028967686],[-0.61973537369394,53.2080564674487],[-0.615666393157136,53.2219109041685],[-0.570727190024195,53.2296117844263],[-0.595111924372057,53.2451701910172],[-0.514294506100039,53.253980601246],[-0.496012166981052,53.2471907558153],[-0.495118460732746,53.2252591456533]]]},"properties":{"CSP21CD":"E22000175","CSP21NM":"Lincoln"}},{"type":"Feature","geometry":{"type":"Polygon","coordinates":[[[-0.595111924372057,53.2451701910172],[-0.570727190024195,53.2296117844263],[-0.615666393157136,53.2219109041685],[-0.61973537369394,53.2080564674487],[-0.564428804572543,53.1870028967686],[-0.552843479414256,53.1863260710722],[-0.548839773642386,53.2058631837536],[-0.539576379967853,53.2039529656868],[-0.530239206605408,53.2174997509783],[-0.495118460732746,53.2252591456533],[-0.381867563043633,53.2319581075016],[-0.352433077343622,53.227921164222],[-0.319404342476346,53.1849482942825],[-0.289650494644498,53.1793657728158],[-0.226236727333366,53.1249003296754],[-0.219318516789125,53.0962508430363],[-0.196596582518654,53.0834379367843],[-0.19611968531666,53.0695566904891],[-0.210939057909469,53.0699415032939],[-0.224945274435561,53.0299994289058],[-0.189890522849971,52.9964096722477],[-0.246705114012854,52.9288324752047],[-0.256495923366334,52.9058834991008],[-0.322830151658847,52.9175299527246],[-0.357893459219591,52.9156507475207],[-0.365824278779673,52.8979311045499],[-0.437340926166954,52.8869959783769],[-0.445331962470594,52.9005719637418],[-0.46975593282411,52.9011884024851],[-0.489207639307169,52.9134700045954],[-0.493975083029989,52.9207380209547],[-0.479487583437033,52.9314244774152],[-0.494153071278651,52.9538474772594],[-0.510006490558085,52.9475734580903],[-0.517845823098921,52.9602881733246],[-0.55409911111268,52.9544308879631],[-0.543156523819534,52.9717425142686],[-0.526173082705633,52.9693872217783],[-0.522814221396275,53.0496419669518],[-0.584939309954588,53.0456766665542],[-0.689888640988675,53.0597627334977],[-0.705929513963481,53.0520029630404],[-0.716203841365838,53.0590587016488],[-0.713466500275659,53.0660465540168],[-0.695132072842781,53.0662902240033],[-0.729617825692047,53.0979020211063],[-0.716755387970816,53.1161847968106],[-0.732407362918311,53.1278015877576],[-0.715375394751415,53.136882863606],[-0.718160267478104,53.1772877899828],[-0.764018606606756,53.182575432889],[-0.730569016450559,53.2107564502185],[-0.714752926702038,53.207607769642],[-0.697616436379696,53.2202372907865],[-0.675872140728609,53.2176443564103],[-0.666577004989044,53.2397024965169],[-0.648463664459573,53.2434134811074],[-0.648376866548705,53.2531678280879],[-0.622480856346262,53.2581302454031],[-0.595111924372057,53.2451701910172]]]},"properties":{"CSP21CD":"E22000176","CSP21NM":"North Kesteven"}},{"type":"Feature","geometry":{"type":"Polygon","coordinates":[[[0.0271251597213525,52.8984941349446],[0.0685508565604842,52.9187349204807],[0.0650898500084878,52.9046071968219],[0.0800031176518236,52.9013685047766],[0.113723835053579,52.8940367868695],[0.176331510149807,52.874116224234],[0.214268020679957,52.8289513668578],[0.197208554482618,52.8297493831614],[0.215079923732144,52.828480393868],[0.214918316317624,52.822849258403],[0.204372826517713,52.7815678004385],[0.216813149607298,52.820883401607],[0.267202495238873,52.8159785066473],[0.245084460578009,52.7845238068033],[0.272208555754368,52.7728063615101],[0.186323197484379,52.7353486313374],[0.171626068420179,52.7380317024757],[0.132975309366633,52.7393044772068],[0.0890116953988098,52.723630166001],[0.0636266193206916,52.7273915095045],[0.0441494759872833,52.7143823496307],[0.0485664016375671,52.6814016602111],[0.0215003524278174,52.6648872884646],[-0.0312706832650579,52.6615327439854],[-0.0637138143765743,52.6752330946213],[-0.087752503198597,52.6667860926836],[-0.102195958212229,52.6722061953853],[-0.14106199482318,52.6515074247825],[-0.180020104975691,52.6605611585471],[-0.192867813968712,52.652438511053],[-0.212501332962663,52.6666794930237],[-0.26718009653159,52.6990861545799],[-0.306679523463898,52.743436447567],[-0.260668749033295,52.7710178126179],[-0.276331834129263,52.8612042113157],[-0.270887806844602,52.8721079104194],[-0.257030341655612,52.8671871201336],[-0.269519411161286,52.8769572051748],[-0.256495923366334,52.9058834991008],[-0.246705114012854,52.9288324752047],[-0.156586336630267,52.9120947672282],[-0.142651723736895,52.8849077420228],[-0.118583461895069,52.8823801573412],[-0.0847935037941669,52.8645464531661],[-0.0403485265769237,52.8684505747377],[0.027124639557576,52.8984938210467],[0.0271251597213525,52.8984941349446]]]},"properties":{"CSP21CD":"E22000177","CSP21NM":"South Holland"}},{"type":"Feature","geometry":{"type":"Polygon","coordinates":[[[-0.256495923366334,52.9058834991008],[-0.269519411161286,52.8769572051748],[-0.257030341655612,52.8671871201336],[-0.270887806844602,52.8721079104194],[-0.276331834129263,52.8612042113157],[-0.260668749033295,52.7710178126179],[-0.306679523463898,52.743436447567],[-0.26718009653159,52.6990861545799],[-0.212501332962663,52.6666794930237],[-0.260753908799236,52.6514179778757],[-0.289240338532188,52.6702761885072],[-0.335037147761973,52.6748659736262],[-0.35022233897229,52.6616146845684],[-0.405681264519019,52.6480460971361],[-0.452694588690005,52.6542776648339],[-0.494773452953128,52.6403140726876],[-0.495025802128916,52.6402363852471],[-0.523586001633851,52.6652337202479],[-0.50667432122478,52.6595259212941],[-0.456191200774775,52.6703934333934],[-0.434054536211506,52.6837050717487],[-0.430443229209799,52.7054219474813],[-0.49453090710973,52.7096532797771],[-0.542433641184147,52.7232814494385],[-0.539974276076003,52.7384017547715],[-0.572636470370485,52.7531090381208],[-0.6054438425778,52.7504929444177],[-0.610288468749071,52.759821379638],[-0.664101453534753,52.756710460936],[-0.682248172878789,52.8121646787143],[-0.742722542356135,52.8831571783624],[-0.766592056271416,52.8867983634491],[-0.758468269907546,52.9004900497834],[-0.776859443622395,52.9048089050897],[-0.754950088765391,52.9495561932311],[-0.778437336497995,52.959313820404],[-0.778278647253454,52.97692337951],[-0.80408612641495,53.0125054042472],[-0.795824908778034,53.0105980780874],[-0.788413809258192,53.0258533556871],[-0.760826457019771,53.0294103391587],[-0.749551780121272,53.0551156534211],[-0.716203841365838,53.0590587016488],[-0.705929513963481,53.0520029630404],[-0.689888640988675,53.0597627334977],[-0.584939309954588,53.0456766665542],[-0.522814221396275,53.0496419669518],[-0.526173082705633,52.9693872217783],[-0.543156523819534,52.9717425142686],[-0.55409911111268,52.9544308879631],[-0.517845823098921,52.9602881733246],[-0.510006490558085,52.9475734580903],[-0.494153071278651,52.9538474772594],[-0.479487583437033,52.9314244774152],[-0.493975083029989,52.9207380209547],[-0.489207639307169,52.9134700045954],[-0.46975593282411,52.9011884024851],[-0.445331962470594,52.9005719637418],[-0.437340926166954,52.8869959783769],[-0.365824278779673,52.8979311045499],[-0.357893459219591,52.9156507475207],[-0.322830151658847,52.9175299527246],[-0.256495923366334,52.9058834991008]]]},"properties":{"CSP21CD":"E22000178","CSP21NM":"South Kesteven"}},{"type":"Feature","geometry":{"type":"Polygon","coordinates":[[[-0.29211512919743,53.6132674312187],[-0.24847604907361,53.5936636925887],[-0.251395553409818,53.584653076988],[-0.234668675193634,53.586250419398],[-0.222558901329779,53.5680169282635],[-0.195185374970214,53.5716193575954],[-0.189340889945024,53.5659225885263],[-0.219882527217496,53.5326064916734],[-0.210589579218055,53.5317064650029],[-0.204086448790055,53.5117673428116],[-0.210604976147154,53.4862884751414],[-0.188565229273785,53.4845380584939],[-0.181804717740498,53.4686494122524],[-0.153680016923717,53.4656777580012],[-0.149227746736442,53.4466996653901],[-0.131879272038797,53.4359393973431],[-0.180523848023102,53.4407022488562],[-0.214467738175562,53.4286375001857],[-0.206023397059548,53.4084350035913],[-0.229394388933294,53.3980579625373],[-0.204871144805472,53.3718864370462],[-0.255899017714339,53.3441420189408],[-0.255251658026981,53.3300402123996],[-0.275517873649116,53.3218268981914],[-0.293312645836236,53.3344768002127],[-0.310260818097815,53.3200026493188],[-0.295572290080823,53.3029820964671],[-0.317460783443738,53.2982512595202],[-0.316443359257324,53.2794716479515],[-0.301895659311535,53.2753404851243],[-0.300825348202662,53.2639737593862],[-0.289817639897854,53.2639890915465],[-0.30043373851358,53.2620883777684],[-0.280242815548857,53.2497647932729],[-0.276004810707717,53.2341841042528],[-0.302263333382541,53.2104251273063],[-0.289650494644498,53.1793657728158],[-0.319404342476346,53.1849482942825],[-0.352433077343622,53.227921164222],[-0.381867563043633,53.2319581075016],[-0.495118460732746,53.2252591456533],[-0.496012166981052,53.2471907558153],[-0.514294506100039,53.253980601246],[-0.595111924372057,53.2451701910172],[-0.622480856346262,53.2581302454031],[-0.648376866548705,53.2531678280879],[-0.648463664459573,53.2434134811074],[-0.666577004989044,53.2397024965169],[-0.688027280325921,53.2583912407031],[-0.734150803388177,53.2540040459026],[-0.73508333879074,53.2438739831484],[-0.77707445272525,53.2469081695812],[-0.764279778594267,53.2727392389111],[-0.778125134023722,53.2838542983806],[-0.763502149436118,53.2994375870592],[-0.7509672806112,53.2936023704112],[-0.747138182399111,53.3043331964575],[-0.749955286880473,53.324218319306],[-0.766473605946302,53.3301074983394],[-0.75861635902076,53.3538375874827],[-0.774459228767948,53.3644324688258],[-0.791132345567737,53.3635515399955],[-0.775235921241154,53.3777587756085],[-0.790442566301084,53.3858538485282],[-0.77713967926781,53.3969143896921],[-0.788624379569326,53.4152612769651],[-0.818092247122536,53.4269787990146],[-0.820515392196552,53.4407478802065],[-0.797483349537156,53.4550644469113],[-0.784364875033277,53.4633795465991],[-0.784388777567045,53.4766692157187],[-0.771568244935175,53.4792015606648],[-0.768109606084077,53.4989256083412],[-0.752113860480161,53.500530608656],[-0.739591684118626,53.5199359490779],[-0.624491104429227,53.5128392148578],[-0.629752674978015,53.4582189924615],[-0.551788631166795,53.4595199872907],[-0.471749465254693,53.4748729017697],[-0.486630004727343,53.4804701677829],[-0.488383657821996,53.5048602245041],[-0.405074524830151,53.5176169033637],[-0.408145080459695,53.5321088685983],[-0.430664749921137,53.5463371564568],[-0.50125785289296,53.5374615766105],[-0.490926930402738,53.5458749237782],[-0.467018371437879,53.5489606923849],[-0.429001046046789,53.5745247151217],[-0.41696297298743,53.5632146898956],[-0.335938821094677,53.5586265922375],[-0.300743140941247,53.5952836309763],[-0.308555246775199,53.6143287578592],[-0.29211512919743,53.6132674312187]]]},"properties":{"CSP21CD":"E22000179","CSP21NM":"West Lindsey"}},{"type":"Feature","geometry":{"type":"Polygon","coordinates":[[[-0.0801829480544452,51.5068722658641],[-0.109174000436823,51.509874369998],[-0.111444375072681,51.5097746995747],[-0.111567824442113,51.5153350300017],[-0.105290341558648,51.5185548587508],[-0.0852326450965759,51.5203483971845],[-0.078528821845199,51.521511881852],[-0.0801829480544452,51.5068722658641]]]},"properties":{"CSP21CD":"E22000180","CSP21NM":"City of London"}},{"type":"Feature","geometry":{"type":"Polygon","coordinates":[[[-2.82496446472738,53.4852092192654],[-2.81871177202822,53.4668910846076],[-2.80440775663566,53.4672364387449],[-2.79506946349562,53.4432300921268],[-2.80502953645005,53.4386600052569],[-2.77620142616997,53.4266870417184],[-2.78677596712423,53.4011875685258],[-2.74517463855405,53.402095646477],[-2.75765407352424,53.3807378701135],[-2.77667109006624,53.3810587132587],[-2.78730169890451,53.3562903954798],[-2.81880693241227,53.3480007079547],[-2.84040558010117,53.3473311035908],[-2.85349581026672,53.3635144479379],[-2.85616502047381,53.378814988182],[-2.82195480947219,53.3806670450162],[-2.83719376161634,53.3997413922119],[-2.85621983009431,53.3949601434108],[-2.89241121568825,53.4107621255249],[-2.86592724972323,53.4183016094447],[-2.8678553409707,53.4492945977933],[-2.90031500926339,53.4691586779097],[-2.91437759224157,53.4650051646435],[-2.92261510760143,53.4749832157279],[-2.88799424321123,53.5038287420372],[-2.86515490038089,53.4920871492598],[-2.8498364247934,53.4931391728108],[-2.84442114863858,53.4841303894131],[-2.82496446472738,53.4852092192654]]]},"properties":{"CSP21CD":"E22000181","CSP21NM":"Knowsley"}},{"type":"Feature","geometry":{"type":"Polygon","coordinates":[[[-2.81880693241227,53.3480007079547],[-2.81877988191501,53.339771534052],[-2.83245729486952,53.3372894346576],[-2.82795235106454,53.3314589549007],[-2.85442768254741,53.3273991325323],[-2.8781584032105,53.3341988138049],[-2.90270834299598,53.3455569250269],[-2.97465151939055,53.3787774641337],[-3.00184540968685,53.4103255854949],[-3.0086319423609,53.4378809959021],[-2.97491461632544,53.4433239988498],[-2.97382315442724,53.4627566033193],[-2.95630659000364,53.4729934783111],[-2.92261510760143,53.4749832157279],[-2.91437759224157,53.4650051646435],[-2.90031500926339,53.4691586779097],[-2.8678553409707,53.4492945977933],[-2.86592724972323,53.4183016094447],[-2.89241121568825,53.4107621255249],[-2.85621983009431,53.3949601434108],[-2.83719376161634,53.3997413922119],[-2.82195480947219,53.3806670450162],[-2.85616502047381,53.378814988182],[-2.85349581026672,53.3635144479379],[-2.84040558010117,53.3473311035908],[-2.81880693241227,53.3480007079547]]]},"properties":{"CSP21CD":"E22000182","CSP21NM":"Liverpool"}},{"type":"Feature","geometry":{"type":"Polygon","coordinates":[[[-2.95621926467535,53.6974876557424],[-2.94678566949808,53.6880175654031],[-2.94014344409029,53.6586105188298],[-2.9672591070023,53.6313286187843],[-2.98182313089385,53.6222051359481],[-2.99788936527924,53.6266670880998],[-3.02882214969535,53.6023199753557],[-3.03598609449788,53.5872183408673],[-3.02070918258232,53.5836752117772],[-3.02261999765623,53.5695979068693],[-3.04038847552938,53.565272120384],[-3.04669858190109,53.5429583288114],[-2.97582621873825,53.515287937911],[-2.96296435439051,53.5237058596021],[-2.97761401698476,53.5459230779441],[-2.94789315360006,53.5443538478543],[-2.92300940751067,53.5252200425158],[-2.88171626852993,53.5205438932213],[-2.88799424321123,53.5038287420372],[-2.92261510760143,53.4749832157279],[-2.95630659000364,53.4729934783111],[-2.97382315442724,53.4627566033193],[-2.97491461632544,53.4433239988498],[-3.0086319423609,53.4378809959021],[-3.00875530418757,53.4383815421642],[-3.02653011797526,53.4531481415705],[-3.02629543118617,53.4540608100115],[-3.03820410962348,53.4628394099234],[-3.04141347475124,53.4655027479079],[-3.0573781765958,53.4920389699387],[-3.06506183006108,53.5047971873254],[-3.06248233293205,53.5295750807606],[-3.07190951752182,53.5216158589669],[-3.10003494701199,53.5397288395841],[-3.10445245054277,53.5588206991641],[-3.04272333876982,53.6363293800141],[-2.99897348764794,53.6723144926613],[-2.9671418349254,53.6984478763779],[-2.97148810101294,53.692163169498],[-2.95621926467535,53.6974876557424]]]},"properties":{"CSP21CD":"E22000183","CSP21NM":"Sefton"}},{"type":"Feature","geometry":{"type":"Polygon","coordinates":[[[-2.7305209236796,53.5206001458893],[-2.6988930124327,53.5020315601885],[-2.66629583199251,53.4997574798791],[-2.64554001378709,53.4802523216723],[-2.61213826687326,53.4811380905399],[-2.61535915029557,53.4636014203614],[-2.57674283317084,53.4460572083879],[-2.58529604429635,53.4398072160608],[-2.59868492292473,53.4504137677632],[-2.59623052707265,53.442666292997],[-2.62746241529418,53.4344126024006],[-2.63913593419739,53.4443910202317],[-2.67717041381397,53.4527862464393],[-2.68207563750069,53.4389014095777],[-2.66851362188863,53.4409070517932],[-2.67526772503103,53.4329653045709],[-2.66355469839731,53.4287136603009],[-2.67631721273559,53.3876193652007],[-2.69063279918862,53.3853882195736],[-2.71280344145918,53.3906260083639],[-2.71522678914772,53.3990348997275],[-2.74517463855405,53.402095646477],[-2.78677596712423,53.4011875685258],[-2.77620142616997,53.4266870417184],[-2.80502953645005,53.4386600052569],[-2.79506946349562,53.4432300921268],[-2.80440775663566,53.4672364387449],[-2.81871177202822,53.4668910846076],[-2.82496446472738,53.4852092192654],[-2.81674018181041,53.5121744985571],[-2.78247648838422,53.5314301969823],[-2.76887248377879,53.513571464193],[-2.7305209236796,53.5206001458893]]]},"properties":{"CSP21CD":"E22000184","CSP21NM":"St. Helens"}},{"type":"Feature","geometry":{"type":"Polygon","coordinates":[[[-2.92875516917647,53.3084140557764],[-2.9316025858093,53.3060687965256],[-2.9395513248261,53.3104155952951],[-2.96803333271532,53.3012551099336],[-2.99273779101907,53.3071087583506],[-3.02613955180197,53.297748658583],[-3.07416551138978,53.3163809033363],[-3.10373311984728,53.2999943623789],[-3.10373302503566,53.2999982492732],[-3.10901471665783,53.2972575074564],[-3.11663410974725,53.3117186580135],[-3.12234023238004,53.3225416740621],[-3.18627704194038,53.3644468407128],[-3.20037654033885,53.3875016780633],[-3.04123796139626,53.4429299025684],[-3.00252063441103,53.3747324575536],[-2.93416686940746,53.3132880607901],[-2.92875516917647,53.3084140557764]]]},"properties":{"CSP21CD":"E22000185","CSP21NM":"Wirral"}},{"type":"Feature","geometry":{"type":"Polygon","coordinates":[[[0.160070434887064,51.5117180686838],[0.158721674353943,51.5121868037474],[0.127174719390063,51.5194438180819],[0.0981235234370036,51.514948979275],[0.0981208875036929,51.5149478231565],[0.0926015481694193,51.5256979972447],[0.0727454762217297,51.5292747377932],[0.0683616946338665,51.5443903901028],[0.0935197644735265,51.5458578943684],[0.118901016628217,51.5573709910212],[0.131578541181193,51.5718243720301],[0.126386612488677,51.5867252210564],[0.14820590165784,51.5989684651636],[0.146703647684621,51.5687966342285],[0.161893735700278,51.5616168738061],[0.185180463309676,51.565513082632],[0.190222134044087,51.5526523970523],[0.160070434887064,51.5117180686838]]]},"properties":{"CSP21CD":"E22000186","CSP21NM":"Barking and Dagenham"}},{"type":"Feature","geometry":{"type":"Polygon","coordinates":[[[-0.181960815257973,51.6686831956154],[-0.185893323219588,51.6628453455918],[-0.154731838818758,51.6555451451849],[-0.129093931888576,51.6322654489497],[-0.144495116086128,51.61550901254],[-0.13870599645949,51.6101857871696],[-0.151330701481231,51.5974710999655],[-0.156483326473497,51.6053245779659],[-0.157130981863992,51.586191395252],[-0.17123183297214,51.5724182514717],[-0.213486677002519,51.5551909329255],[-0.233417227576263,51.571982958421],[-0.251130244193254,51.5702838725287],[-0.248234179694855,51.5843137322831],[-0.267113115479641,51.6003719685842],[-0.304449971011893,51.6363487201659],[-0.257332658018192,51.6418318488053],[-0.250582589477333,51.6560573522745],[-0.212135030723747,51.6613535283696],[-0.203352928676407,51.6701264989751],[-0.191066699360921,51.6638967053238],[-0.181960815257973,51.6686831956154]]]},"properties":{"CSP21CD":"E22000187","CSP21NM":"Barnet"}},{"type":"Feature","geometry":{"type":"Polygon","coordinates":[[[0.162739293045405,51.504601723944],[0.169345999431547,51.4989028153533],[0.1693496162239,51.4988982797298],[0.169378544693525,51.4988619930468],[0.183561825342217,51.4810640392001],[0.217626605727214,51.4804723127929],[0.221175205611589,51.4788020767745],[0.203352887998954,51.4543284771579],[0.172854347046178,51.4432451868752],[0.164328170821928,51.4285849613143],[0.155875040956964,51.430876583241],[0.152932433172376,51.4087084822957],[0.148869410494427,51.4084291289347],[0.107022545170679,51.4142643650807],[0.0753602122612816,51.4319866522164],[0.0874267537477507,51.4432843433436],[0.0823130755655458,51.4666413136235],[0.0982449117858053,51.4754522361765],[0.12419108741121,51.4768490203682],[0.118677599229483,51.5113102822883],[0.120239031684623,51.5114451021843],[0.162739293045405,51.504601723944]]]},"properties":{"CSP21CD":"E22000188","CSP21NM":"Bexley"}},{"type":"Feature","geometry":{"type":"Polygon","coordinates":[[[-0.213486677002519,51.5551909329255],[-0.191467608561554,51.53629235907],[-0.196479321959949,51.5276386365623],[-0.205142405490973,51.5329559016986],[-0.216020723983129,51.5279203611675],[-0.228440758153743,51.5303191572033],[-0.246281570983423,51.5327375103472],[-0.284241047709167,51.5289125958301],[-0.282457376588103,51.5386486768895],[-0.307453582279767,51.5330870588732],[-0.307735039440403,51.5458788158286],[-0.335555531666752,51.556556900043],[-0.322148244821014,51.5696770571547],[-0.326642146067183,51.5787751472833],[-0.304696795432772,51.5870525533089],[-0.282465247610045,51.585034967364],[-0.290405901610672,51.5935438017632],[-0.267113115479641,51.6003719685842],[-0.248234179694855,51.5843137322831],[-0.251130244193254,51.5702838725287],[-0.233417227576263,51.571982958421],[-0.213486677002519,51.5551909329255]]]},"properties":{"CSP21CD":"E22000189","CSP21NM":"Brent"}},{"type":"Feature","geometry":{"type":"Polygon","coordinates":[[[0.0753602122612816,51.4319866522164],[0.107022545170679,51.4142643650807],[0.148869410494427,51.4084291289347],[0.162384150043184,51.3924903029428],[0.147741030714359,51.3928010027283],[0.152057738933261,51.3696937056142],[0.136958108456318,51.3441746058011],[0.118456303441167,51.3441477832474],[0.117903913691849,51.3296632278015],[0.085029299988601,51.3160232052895],[0.085693083414603,51.2930842274768],[0.042396497430127,51.2926730476417],[0.0329094179322316,51.3075209115003],[0.0150093784679093,51.2917860700628],[0.00225531192400326,51.3291348350343],[-0.0267665701211415,51.3793759354172],[-0.0369028641950523,51.3770169041371],[-0.0365234986870309,51.3884315374295],[-0.0682015255568677,51.403488310827],[-0.0785581840224735,51.4198738371398],[-0.0782876818800692,51.4206047143525],[-0.0739072566834679,51.4262131746527],[-0.0302158963800441,51.4256827905951],[-0.0103120802634173,51.4135777940386],[0.0254589773282689,51.4289732426829],[0.0362760239316944,51.4224184619141],[0.029378666547999,51.4417048836482],[0.061705411141948,51.4237003708481],[0.0753602122612816,51.4319866522164]]]},"properties":{"CSP21CD":"E22000190","CSP21NM":"Bromley"}},{"type":"Feature","geometry":{"type":"Polygon","coordinates":[[[-0.14239561120072,51.569106002885],[-0.122563726204788,51.5307531143397],[-0.105290341558648,51.5185548587508],[-0.111567824442113,51.5153350300017],[-0.129335251259481,51.5134727060722],[-0.152684835329384,51.5375107539967],[-0.191467608561554,51.53629235907],[-0.213486677002519,51.5551909329255],[-0.17123183297214,51.5724182514717],[-0.14239561120072,51.569106002885]]]},"properties":{"CSP21CD":"E22000191","CSP21NM":"Camden"}},{"type":"Feature","geometry":{"type":"Polygon","coordinates":[[[-0.111567824442113,51.5153350300017],[-0.111444375072681,51.5097746995747],[-0.129471243203922,51.4858909438919],[-0.149806087718761,51.4845459966315],[-0.158457848304668,51.5022261978148],[-0.179521115667993,51.4977661145868],[-0.216020723983129,51.5279203611675],[-0.205142405490973,51.5329559016986],[-0.196479321959949,51.5276386365623],[-0.191467608561554,51.53629235907],[-0.152684835329384,51.5375107539967],[-0.129335251259481,51.5134727060722],[-0.111567824442113,51.5153350300017]]]},"properties":{"CSP21CD":"E22000192","CSP21NM":"Westminster"}},{"type":"Feature","geometry":{"type":"Polygon","coordinates":[[[-0.0785581840224735,51.4198738371398],[-0.0682015255568677,51.403488310827],[-0.0365234986870309,51.3884315374295],[-0.0369028641950523,51.3770169041371],[-0.0267665701211415,51.3793759354172],[0.00225531192400326,51.3291348350343],[-0.0378922709023185,51.3387044848688],[-0.0513070785090949,51.322447895544],[-0.0789238675463831,51.3197692489207],[-0.0911679398530003,51.3014725405068],[-0.124292859195443,51.2867586590943],[-0.137313517589503,51.3007809054645],[-0.155317700345265,51.3012743946668],[-0.156523624561657,51.3214852871721],[-0.14557670392873,51.3234929549983],[-0.144576133845834,51.342087666098],[-0.116842029977448,51.3457628600102],[-0.134321993903791,51.3908470670978],[-0.124139637510634,51.3976095688766],[-0.127725276437184,51.4123163590814],[-0.112631773723551,51.4232442695196],[-0.0785581840224735,51.4198738371398]]]},"properties":{"CSP21CD":"E22000193","CSP21NM":"Croydon"}},{"type":"Feature","geometry":{"type":"Polygon","coordinates":[[[-0.246281570983423,51.5327375103472],[-0.253040909966186,51.5014223351426],[-0.267676633366511,51.4939192521225],[-0.280772402092,51.502847528294],[-0.294015372580519,51.5015593270701],[-0.311911168808834,51.491971458578],[-0.350619148399036,51.4991066579968],[-0.371851047191365,51.4904761558315],[-0.406918399587474,51.4996663980547],[-0.3761902207783,51.5288173315821],[-0.419452371528133,51.5403323264042],[-0.395285532006663,51.5425516337396],[-0.398706173814887,51.5478973606328],[-0.377843376019978,51.5549770644285],[-0.335555531666752,51.556556900043],[-0.307735039440403,51.5458788158286],[-0.307453582279767,51.5330870588732],[-0.282457376588103,51.5386486768895],[-0.284241047709167,51.5289125958301],[-0.246281570983423,51.5327375103472]]]},"properties":{"CSP21CD":"E22000194","CSP21NM":"Ealing"}},{"type":"Feature","geometry":{"type":"Polygon","coordinates":[[[-0.011918675972722,51.6808778155788],[-0.0122596870547121,51.6462286971895],[-0.041390716789704,51.6056467853338],[-0.13870599645949,51.6101857871696],[-0.144495116086128,51.61550901254],[-0.129093931888576,51.6322654489497],[-0.154731838818758,51.6555451451849],[-0.185893323219588,51.6628453455918],[-0.181960815257973,51.6686831956154],[-0.163493271974568,51.6881150796651],[-0.105779139838692,51.6918756451179],[-0.011918675972722,51.6808778155788]]]},"properties":{"CSP21CD":"E22000195","CSP21NM":"Enfield"}},{"type":"Feature","geometry":{"type":"MultiPolygon","coordinates":[[[[-0.0170903180449492,51.4804097986413],[-0.019574557846535,51.4781875457555],[-0.0220224593331982,51.4836873403963],[-0.0170903180449492,51.4804097986413]]],[[[-0.00835204155534904,51.4870914256055],[-0.00842626347200854,51.4865849416834],[-0.0107790596985122,51.487045008731],[-0.00835204155534904,51.4870914256055]]],[[[0.118677599229483,51.5113102822883],[0.12419108741121,51.4768490203682],[0.0982449117858053,51.4754522361765],[0.0823130755655458,51.4666413136235],[0.0874267537477507,51.4432843433436],[0.0753602122612816,51.4319866522164],[0.061705411141948,51.4237003708481],[0.029378666547999,51.4417048836482],[0.00996216568892469,51.459395038133],[0.017962965802973,51.4738300342707],[-0.0150615449572877,51.4680444328338],[-0.0191589319605109,51.477253606318],[0.00198910838619466,51.4884607053535],[0.00159166619080429,51.5018461636424],[0.00152003165441884,51.5042583359731],[0.00210311720250397,51.50438074129],[0.00704825833232711,51.5017528496616],[0.0154689842566118,51.4972769294655],[0.021603259899357,51.4940154391145],[0.0580550441412564,51.4940592298271],[0.0767242003442003,51.4959503606347],[0.0819998586586594,51.5004456071487],[0.0907286947453919,51.5078810541512],[0.0935310221486465,51.5091361596761],[0.118677599229483,51.5113102822883]]]]},"properties":{"CSP21CD":"E22000196","CSP21NM":"Greenwich"}},{"type":"Feature","geometry":{"type":"Polygon","coordinates":[[[-0.0171743352515583,51.5515772846382],[-0.016549676137034,51.5433298677014],[-0.0624344459546157,51.5355324984557],[-0.078528821845199,51.521511881852],[-0.0852326450965759,51.5203483971845],[-0.0970323369192638,51.5330033403366],[-0.0765590869722008,51.5478395023438],[-0.104373934561655,51.5647666585031],[-0.0977417526281106,51.5736234700734],[-0.0611585720665009,51.5777860371156],[-0.047079099058099,51.562592111406],[-0.0283905349440393,51.5610202509554],[-0.0171743352515583,51.5515772846382]]]},"properties":{"CSP21CD":"E22000197","CSP21NM":"Hackney"}},{"type":"Feature","geometry":{"type":"Polygon","coordinates":[[[-0.228440758153743,51.5303191572033],[-0.214177221386136,51.500834183064],[-0.177749617256423,51.4775403719498],[-0.190529144136711,51.4642750813426],[-0.221737464202912,51.4723323148367],[-0.229959225072846,51.4879286520431],[-0.243366811301174,51.4878917266905],[-0.253040909966186,51.5014223351426],[-0.246281570983423,51.5327375103472],[-0.228440758153743,51.5303191572033]]]},"properties":{"CSP21CD":"E22000198","CSP21NM":"Hammersmith and Fulham"}},{"type":"Feature","geometry":{"type":"Polygon","coordinates":[[[-0.041390716789704,51.6056467853338],[-0.0611585720665009,51.5777860371156],[-0.0977417526281106,51.5736234700734],[-0.104373934561655,51.5647666585031],[-0.119534587269282,51.5755067662442],[-0.14239561120072,51.569106002885],[-0.17123183297214,51.5724182514717],[-0.157130981863992,51.586191395252],[-0.156483326473497,51.6053245779659],[-0.151330701481231,51.5974710999655],[-0.13870599645949,51.6101857871696],[-0.041390716789704,51.6056467853338]]]},"properties":{"CSP21CD":"E22000199","CSP21NM":"Haringey"}},{"type":"Feature","geometry":{"type":"Polygon","coordinates":[[[-0.304449971011893,51.6363487201659],[-0.267113115479641,51.6003719685842],[-0.290405901610672,51.5935438017632],[-0.282465247610045,51.585034967364],[-0.304696795432772,51.5870525533089],[-0.326642146067183,51.5787751472833],[-0.322148244821014,51.5696770571547],[-0.335555531666752,51.556556900043],[-0.377843376019978,51.5549770644285],[-0.404003977890064,51.6131839735426],[-0.362621257698241,51.623504817498],[-0.316672244970353,51.6405355675681],[-0.304449971011893,51.6363487201659]]]},"properties":{"CSP21CD":"E22000200","CSP21NM":"Harrow"}},{"type":"Feature","geometry":{"type":"MultiPolygon","coordinates":[[[[0.165106118862449,51.5042201171508],[0.169345999431547,51.4989028153533],[0.162739293045405,51.504601723944],[0.165106118862449,51.5042201171508]]],[[[0.269878875433213,51.599574793483],[0.290289733913774,51.5642993932384],[0.313035079940716,51.5658181328032],[0.334024218329939,51.5405038046851],[0.265347272043956,51.5321502659796],[0.263682923643184,51.517869793022],[0.253834318187163,51.5178858725017],[0.248964774122808,51.5286740297463],[0.23717600954358,51.5193344344092],[0.241919319161816,51.507960127814],[0.226597286350539,51.5065632436345],[0.229965349544136,51.4993659196352],[0.214156929096117,51.4960396107991],[0.21178823119352,51.4897412792462],[0.210553951469516,51.4902431073138],[0.187684066854566,51.4878588743526],[0.18205827466809,51.498626898443],[0.178579552338734,51.5052828274227],[0.160070434887064,51.5117180686838],[0.190222134044087,51.5526523970523],[0.185180463309676,51.565513082632],[0.161893735700278,51.5616168738061],[0.146703647684621,51.5687966342285],[0.14820590165784,51.5989684651636],[0.138184235471144,51.6235453969741],[0.200311572516926,51.6249357576146],[0.224087730411796,51.6317377623678],[0.252194314453482,51.6177694058095],[0.26456196557058,51.6083206617928],[0.254008700235285,51.6015982016854],[0.269878875433213,51.599574793483]]]]},"properties":{"CSP21CD":"E22000201","CSP21NM":"Havering"}},{"type":"Feature","geometry":{"type":"Polygon","coordinates":[[[-0.404003977890064,51.6131839735426],[-0.377843376019978,51.5549770644285],[-0.398706173814887,51.5478973606328],[-0.395285532006663,51.5425516337396],[-0.419452371528133,51.5403323264042],[-0.3761902207783,51.5288173315821],[-0.406918399587474,51.4996663980547],[-0.41691849392387,51.4824764811865],[-0.411131663867979,51.4698875147721],[-0.443949638873137,51.4532905922729],[-0.458648736498806,51.456304763582],[-0.509701400845035,51.4691759477034],[-0.490024731164425,51.4947476352948],[-0.483162290087155,51.5071277167705],[-0.495487343928382,51.538545230935],[-0.476620654293635,51.5591888378134],[-0.500595886737316,51.5996898995638],[-0.496846269376425,51.6317330365612],[-0.457130755473738,51.6122938899877],[-0.440575301279442,51.6200732393013],[-0.404003977890064,51.6131839735426]]]},"properties":{"CSP21CD":"E22000202","CSP21NM":"Hillingdon"}},{"type":"Feature","geometry":{"type":"Polygon","coordinates":[[[-0.253040909966186,51.5014223351426],[-0.243366811301174,51.4878917266905],[-0.257492822103567,51.4712055254932],[-0.292096182057123,51.4872815603599],[-0.326934014640788,51.457010899904],[-0.373024056271843,51.4574730212235],[-0.387815795898182,51.4494384564353],[-0.366823470215651,51.4416233272208],[-0.39131707100993,51.422315412796],[-0.45646755928571,51.438106680605],[-0.458648736498806,51.456304763582],[-0.443949638873137,51.4532905922729],[-0.411131663867979,51.4698875147721],[-0.41691849392387,51.4824764811865],[-0.406918399587474,51.4996663980547],[-0.371851047191365,51.4904761558315],[-0.350619148399036,51.4991066579968],[-0.311911168808834,51.491971458578],[-0.294015372580519,51.5015593270701],[-0.280772402092,51.502847528294],[-0.267676633366511,51.4939192521225],[-0.253040909966186,51.5014223351426]]]},"properties":{"CSP21CD":"E22000203","CSP21NM":"Hounslow"}},{"type":"Feature","geometry":{"type":"Polygon","coordinates":[[[-0.104373934561655,51.5647666585031],[-0.0765590869722008,51.5478395023438],[-0.0970323369192638,51.5330033403366],[-0.0852326450965759,51.5203483971845],[-0.105290341558648,51.5185548587508],[-0.122563726204788,51.5307531143397],[-0.14239561120072,51.569106002885],[-0.119534587269282,51.5755067662442],[-0.104373934561655,51.5647666585031]]]},"properties":{"CSP21CD":"E22000204","CSP21NM":"Islington"}},{"type":"Feature","geometry":{"type":"Polygon","coordinates":[[[-0.216020723983129,51.5279203611675],[-0.179521115667993,51.4977661145868],[-0.158457848304668,51.5022261978148],[-0.149806087718761,51.4845459966315],[-0.177749617256423,51.4775403719498],[-0.214177221386136,51.500834183064],[-0.228440758153743,51.5303191572033],[-0.216020723983129,51.5279203611675]]]},"properties":{"CSP21CD":"E22000205","CSP21NM":"Kensington and Chelsea"}},{"type":"Feature","geometry":{"type":"Polygon","coordinates":[[[-0.251084874462843,51.4325583350773],[-0.239691091190174,51.3892739332481],[-0.245030254723365,51.3800339655478],[-0.261148561801962,51.3795998020746],[-0.285437834458319,51.3642491750106],[-0.306191996680517,51.3350844126725],[-0.330655551869037,51.329009639034],[-0.330510146371957,51.3484194360646],[-0.307365443633207,51.3783835460082],[-0.317697879461912,51.3936670802519],[-0.308788746091744,51.4019168836956],[-0.310650913997973,51.4322095278795],[-0.290616410459767,51.4289901652493],[-0.286559992341689,51.4201854936901],[-0.254065780291257,51.4372880704664],[-0.251084874462843,51.4325583350773]]]},"properties":{"CSP21CD":"E22000206","CSP21NM":"Kingston upon Thames"}},{"type":"Feature","geometry":{"type":"Polygon","coordinates":[[[-0.0782876818800692,51.4206047143525],[-0.0785581840224735,51.4198738371398],[-0.112631773723551,51.4232442695196],[-0.127725276437184,51.4123163590814],[-0.148064535784428,51.412870113391],[-0.140358848161646,51.419263704504],[-0.135888414709844,51.441975893415],[-0.143610577448564,51.4418389626398],[-0.151211614592545,51.4658611561446],[-0.129471243203922,51.4858909438919],[-0.111444375072681,51.5097746995747],[-0.109174000436823,51.509874369998],[-0.108224646364217,51.4803067891912],[-0.0900394926505244,51.4660655951708],[-0.101383008257306,51.4519239784235],[-0.0782876818800692,51.4206047143525]]]},"properties":{"CSP21CD":"E22000207","CSP21NM":"Lambeth"}},{"type":"Feature","geometry":{"type":"Polygon","coordinates":[[[-0.0220224593331982,51.4836873403963],[-0.019574557846535,51.4781875457555],[-0.0227415564966814,51.4753541721059],[-0.0191589319605109,51.477253606318],[-0.0150615449572877,51.4680444328338],[0.017962965802973,51.4738300342707],[0.00996216568892469,51.459395038133],[0.029378666547999,51.4417048836482],[0.0362760239316944,51.4224184619141],[0.0254589773282689,51.4289732426829],[-0.0103120802634173,51.4135777940386],[-0.0302158963800441,51.4256827905951],[-0.0739072566834679,51.4262131746527],[-0.0618014306463358,51.4477865780211],[-0.0416433271958962,51.4550049763367],[-0.0539719679477537,51.487938386745],[-0.0323028875982802,51.4929734743406],[-0.0248209130048979,51.4855466869121],[-0.0220224593331982,51.4836873403963]]]},"properties":{"CSP21CD":"E22000208","CSP21NM":"Lewisham"}},{"type":"Feature","geometry":{"type":"Polygon","coordinates":[[[-0.140358848161646,51.419263704504],[-0.148064535784428,51.412870113391],[-0.127725276437184,51.4123163590814],[-0.124139637510634,51.3976095688766],[-0.134321993903791,51.3908470670978],[-0.165214785175961,51.3879717147472],[-0.174812978456833,51.3934129467947],[-0.188399006002823,51.3854342815212],[-0.209783879622302,51.3882997560731],[-0.218080128415406,51.380182375519],[-0.239691091190174,51.3892739332481],[-0.251084874462843,51.4325583350773],[-0.190026527777626,51.4414645849425],[-0.181939169287309,51.4247312723482],[-0.140358848161646,51.419263704504]]]},"properties":{"CSP21CD":"E22000209","CSP21NM":"Merton"}},{"type":"Feature","geometry":{"type":"MultiPolygon","coordinates":[[[[0.0935310221486465,51.5091361596761],[0.0907286947453919,51.5078810541512],[0.0920521298111928,51.5090081180973],[0.0935310221486465,51.5091361596761]]],[[[0.0503449924892256,51.5640217712285],[0.0683616946338665,51.5443903901028],[0.0727454762217297,51.5292747377932],[0.0926015481694193,51.5256979972447],[0.0981208875036929,51.5149478231565],[0.0657301416748321,51.5007336325903],[0.0603530510383987,51.4983722936561],[0.0203123102542816,51.4994126263162],[0.0164678190712487,51.5015912012079],[0.0156794482898565,51.5020379139321],[0.00550198796636781,51.5078035449561],[-0.021129061565773,51.5365081698437],[-0.016549676137034,51.5433298677014],[-0.0171743352515583,51.5515772846382],[0.0204742041657707,51.5561281259928],[0.0462726110117307,51.5548299406866],[0.0503449924892256,51.5640217712285]]]]},"properties":{"CSP21CD":"E22000210","CSP21NM":"Newham"}},{"type":"Feature","geometry":{"type":"Polygon","coordinates":[[[0.138184235471144,51.6235453969741],[0.14820590165784,51.5989684651636],[0.126386612488677,51.5867252210564],[0.131578541181193,51.5718243720301],[0.118901016628217,51.5573709910212],[0.0935197644735265,51.5458578943684],[0.0683616946338665,51.5443903901028],[0.0503449924892256,51.5640217712285],[0.0462726110117307,51.5548299406866],[0.0204742041657707,51.5561281259928],[0.0120959005062663,51.5926905016606],[0.0214437715851012,51.6118028978794],[0.00869444540428972,51.6190699023705],[0.021819035344359,51.6288327870281],[0.0728322280068223,51.6046873846398],[0.138184235471144,51.6235453969741]]]},"properties":{"CSP21CD":"E22000211","CSP21NM":"Redbridge"}},{"type":"Feature","geometry":{"type":"Polygon","coordinates":[[[-0.221737464202912,51.4723323148367],[-0.232733298874365,51.4725107596367],[-0.233290023158623,51.4639717465339],[-0.256187822981795,51.4628340756871],[-0.259111198831886,51.4549534898709],[-0.24159865877434,51.4431179860039],[-0.254065780291257,51.4372880704664],[-0.286559992341689,51.4201854936901],[-0.290616410459767,51.4289901652493],[-0.310650913997973,51.4322095278795],[-0.308788746091744,51.4019168836956],[-0.317697879461912,51.3936670802519],[-0.327817849624804,51.3918371426333],[-0.359139332144209,51.4119031613367],[-0.383350026681253,51.4085382960086],[-0.39131707100993,51.422315412796],[-0.366823470215651,51.4416233272208],[-0.387815795898182,51.4494384564353],[-0.373024056271843,51.4574730212235],[-0.326934014640788,51.457010899904],[-0.292096182057123,51.4872815603599],[-0.257492822103567,51.4712055254932],[-0.243366811301174,51.4878917266905],[-0.229959225072846,51.4879286520431],[-0.221737464202912,51.4723323148367]]]},"properties":{"CSP21CD":"E22000212","CSP21NM":"Richmond upon Thames"}},{"type":"Feature","geometry":{"type":"Polygon","coordinates":[[[-0.0801829480544452,51.5068722658641],[-0.0746630743185934,51.505459475014],[-0.0753409725848945,51.5044968724155],[-0.0706960478939298,51.5030584649584],[-0.0629539512210729,51.5006603803221],[-0.0598854952723742,51.5016755833543],[-0.0598766380719737,51.5016733145072],[-0.0414152391586924,51.5065762430284],[-0.0349554373518265,51.5058344600814],[-0.033050113499948,51.5012085114603],[-0.0323446068577172,51.4930148776834],[-0.0323028875982802,51.4929734743406],[-0.0539719679477537,51.487938386745],[-0.0416433271958962,51.4550049763367],[-0.0618014306463358,51.4477865780211],[-0.0739072566834679,51.4262131746527],[-0.0782876818800692,51.4206047143525],[-0.101383008257306,51.4519239784235],[-0.0900394926505244,51.4660655951708],[-0.108224646364217,51.4803067891912],[-0.109174000436823,51.509874369998],[-0.0801829480544452,51.5068722658641]]]},"properties":{"CSP21CD":"E22000213","CSP21NM":"Southwark"}},{"type":"Feature","geometry":{"type":"Polygon","coordinates":[[[-0.134321993903791,51.3908470670978],[-0.116842029977448,51.3457628600102],[-0.144576133845834,51.342087666098],[-0.14557670392873,51.3234929549983],[-0.156523624561657,51.3214852871721],[-0.197319340394251,51.3435951607866],[-0.220942481489805,51.3298630685462],[-0.229822682346971,51.3365228054854],[-0.217264425534208,51.343387091722],[-0.222736428311044,51.3570860732802],[-0.245404841047607,51.3668454406997],[-0.245030254723365,51.3800339655478],[-0.239691091190174,51.3892739332481],[-0.218080128415406,51.380182375519],[-0.209783879622302,51.3882997560731],[-0.188399006002823,51.3854342815212],[-0.174812978456833,51.3934129467947],[-0.165214785175961,51.3879717147472],[-0.134321993903791,51.3908470670978]]]},"properties":{"CSP21CD":"E22000214","CSP21NM":"Sutton"}},{"type":"Feature","geometry":{"type":"MultiPolygon","coordinates":[[[[0.00210311720250397,51.50438074129],[0.00152003165441884,51.5042583359731],[0.00150698872386104,51.5046974964933],[0.00210311720250397,51.50438074129]]],[[[-0.0331499255811245,51.5024341156335],[-0.033050113499948,51.5012085114603],[-0.0349554373518265,51.5058344600814],[-0.0334124364026298,51.505657214861],[-0.0331499255811245,51.5024341156335]]],[[[-0.0414152391586924,51.5065762430284],[-0.0598766380719737,51.5016733145072],[-0.0598854952723742,51.5016755833543],[-0.0565128817388922,51.5028242835727],[-0.0443406946294275,51.5069120478321],[-0.0414152391586924,51.5065762430284]]],[[[-0.021129061565773,51.5365081698437],[0.00550198796636781,51.5078035449561],[0.00456249606948157,51.508335663972],[-0.00571053079481539,51.5051084208278],[-0.00616959191253631,51.5019784279724],[-0.00835204155534904,51.4870914256055],[-0.0107790596985122,51.487045008731],[-0.0249261115879089,51.4898102071022],[-0.0292339127584592,51.5023682074221],[-0.0312450475415669,51.5082286520727],[-0.0454934206186031,51.5093949362899],[-0.0612067977791973,51.5029019702357],[-0.0739980061300342,51.5064038121682],[-0.0746629685532788,51.5054596252533],[-0.0746630743185934,51.505459475014],[-0.0801829480544452,51.5068722658641],[-0.078528821845199,51.521511881852],[-0.0624344459546157,51.5355324984557],[-0.016549676137034,51.5433298677014],[-0.021129061565773,51.5365081698437]]]]},"properties":{"CSP21CD":"E22000215","CSP21NM":"Tower Hamlets"}},{"type":"Feature","geometry":{"type":"Polygon","coordinates":[[[0.021819035344359,51.6288327870281],[0.00869444540428972,51.6190699023705],[0.0214437715851012,51.6118028978794],[0.0120959005062663,51.5926905016606],[0.0204742041657707,51.5561281259928],[-0.0171743352515583,51.5515772846382],[-0.0283905349440393,51.5610202509554],[-0.047079099058099,51.562592111406],[-0.0611585720665009,51.5777860371156],[-0.041390716789704,51.6056467853338],[-0.0122596870547121,51.6462286971895],[0.0227195416969588,51.6411154938026],[0.021819035344359,51.6288327870281]]]},"properties":{"CSP21CD":"E22000216","CSP21NM":"Waltham Forest"}},{"type":"Feature","geometry":{"type":"Polygon","coordinates":[[[-0.140358848161646,51.419263704504],[-0.181939169287309,51.4247312723482],[-0.190026527777626,51.4414645849425],[-0.251084874462843,51.4325583350773],[-0.254065780291257,51.4372880704664],[-0.24159865877434,51.4431179860039],[-0.259111198831886,51.4549534898709],[-0.256187822981795,51.4628340756871],[-0.233290023158623,51.4639717465339],[-0.232733298874365,51.4725107596367],[-0.221737464202912,51.4723323148367],[-0.190529144136711,51.4642750813426],[-0.177749617256423,51.4775403719498],[-0.149806087718761,51.4845459966315],[-0.129471243203922,51.4858909438919],[-0.151211614592545,51.4658611561446],[-0.143610577448564,51.4418389626398],[-0.135888414709844,51.441975893415],[-0.140358848161646,51.419263704504]]]},"properties":{"CSP21CD":"E22000217","CSP21NM":"Wandsworth"}},{"type":"Feature","geometry":{"type":"Polygon","coordinates":[[[0.993595563736057,52.798360130469],[1.00024100685239,52.7657853254176],[1.04477167586478,52.7690433619161],[1.05109033212312,52.7504129841557],[1.08024376204267,52.7409573877092],[1.08855324374822,52.7231945138689],[1.10520292235781,52.7146933545914],[1.08424744080033,52.7025432124078],[1.10832230213001,52.6825228094119],[1.09769532453148,52.6497571881857],[1.0789850585888,52.6487396114135],[1.07464965721593,52.6381682669594],[1.05443160319313,52.6633292123355],[1.04309623570674,52.646511506676],[1.02355341005236,52.6397518949431],[1.01886566194489,52.6157456113418],[1.03690078392437,52.6157979371521],[1.03948553904799,52.5881729211356],[0.963777554477301,52.5946439830528],[0.953711887586994,52.5849422144167],[0.962188162284998,52.5811771724996],[0.947028051906419,52.575832526637],[0.973508910176613,52.5547936543748],[1.03378942157567,52.5374722652502],[1.06139961589719,52.5371837183005],[1.09528850619334,52.5183222367236],[1.07895302299997,52.5070094399482],[1.09464888459413,52.4602774017586],[1.0731496208433,52.4547552402787],[1.05713609835948,52.4200913916736],[1.04279915998169,52.4256535017812],[1.0212675472306,52.4163789356085],[1.03410180611481,52.4157766123154],[1.02141653334724,52.4059715001546],[1.02995703023961,52.3787354707697],[0.965974324767661,52.3702501873211],[0.930232140374662,52.388838223642],[0.866872972281114,52.3903459075399],[0.840930010077761,52.4007964602404],[0.808172226111564,52.3895244619185],[0.765966099968042,52.3903574978612],[0.747404613361451,52.3831865529757],[0.737589057243696,52.3951383208205],[0.690769162292105,52.3975309961829],[0.668498405684804,52.4089744007281],[0.718652932708369,52.4497079722705],[0.68397338808772,52.4531649536221],[0.66632259090494,52.4625083462197],[0.641832795782061,52.4509649991787],[0.582501080763578,52.4518613705246],[0.613366574939682,52.5316344036079],[0.579834025686101,52.5595721712369],[0.536615894431817,52.5658042898853],[0.530523497608883,52.5760931986972],[0.564176066562852,52.5964662134376],[0.578507877662727,52.6535150892683],[0.562176977907956,52.6552955715408],[0.564736336268216,52.6715897634956],[0.55098193693527,52.6805208584252],[0.61198953416129,52.699970969644],[0.626018539049057,52.7018137082571],[0.647748882789367,52.6906779890292],[0.653757916232628,52.7040643586161],[0.687779367606846,52.6979346659612],[0.711029187941861,52.7090061524916],[0.718227293937456,52.7217939448202],[0.70112740422226,52.7361914269572],[0.668133232960425,52.7405569663694],[0.688725333662393,52.751971709214],[0.690081472145795,52.7700319704237],[0.707938541626203,52.788471945511],[0.795830918139486,52.769097124227],[0.839443297458997,52.8111265219668],[0.86541919288883,52.8074282067164],[0.890788931203673,52.7907168333923],[0.917646446440741,52.8033124052332],[0.938442435926573,52.7879726822227],[0.936844100618029,52.7955805705964],[0.967662626261251,52.807737707054],[0.993595563736057,52.798360130469]]]},"properties":{"CSP21CD":"E22000218","CSP21NM":"Breckland"}},{"type":"Feature","geometry":{"type":"Polygon","coordinates":[[[1.25108259963859,52.8205222605915],[1.25458861952036,52.8134471764758],[1.27412542426518,52.8188199731139],[1.28888250409315,52.8046676641846],[1.30819930813922,52.8068095895211],[1.31479230064,52.7796957884046],[1.35700623176759,52.7462705926445],[1.38765966727958,52.7400074167535],[1.39733110439214,52.7291060076058],[1.40590063608155,52.7325142870333],[1.40244393720517,52.715700432497],[1.42398606367433,52.7034577923183],[1.41857385003315,52.6919002989685],[1.43444560409194,52.6895749935132],[1.44142812632381,52.7014505023144],[1.46095728669355,52.7056645840165],[1.47396531692767,52.6893075045196],[1.48811009934787,52.6932827099841],[1.49489152830311,52.6871726764172],[1.51194427776104,52.6900347158583],[1.51224512812449,52.6816350411437],[1.5189429710122,52.6869658764442],[1.54921374413448,52.6815417842342],[1.56808055257896,52.6378511139666],[1.59048361434122,52.6382288002893],[1.60532952996843,52.6240242906802],[1.64420867038343,52.6304052137436],[1.67717455293514,52.6140190806809],[1.64197672919657,52.604227673581],[1.63101020653619,52.5925017498981],[1.64681231110017,52.5890922700778],[1.62301933546576,52.5742308000171],[1.60752521123045,52.5740325673089],[1.59180555646641,52.5580432541314],[1.54058399920127,52.5555931595448],[1.52240618300701,52.5627089283031],[1.51843751737937,52.5758310449798],[1.4977934646546,52.5713191714991],[1.48468446126094,52.5877787920395],[1.45453930072335,52.5945602511792],[1.43469715556091,52.6200569135315],[1.41362777647813,52.6211718330535],[1.40033108259077,52.61199945106],[1.38953262303608,52.6045463684405],[1.38907415349396,52.6049906903857],[1.36933178521193,52.6241138858038],[1.36177884698382,52.6239555402396],[1.32816700115169,52.6232450585418],[1.3252853193424,52.6231837202796],[1.34057159020138,52.6497078693582],[1.3229765785634,52.6450242247629],[1.29260098356352,52.65492794957],[1.30018441402634,52.6768559668829],[1.29233000873307,52.6849351236194],[1.28294526256745,52.6773351609882],[1.26285930653953,52.6774055351358],[1.28426219966871,52.6576427497524],[1.24850807288233,52.647743163614],[1.23418840299529,52.668075733109],[1.21827531582857,52.6728080192608],[1.20509756188853,52.6600213701701],[1.19074158464773,52.6785425474329],[1.17376479207634,52.6651667993078],[1.14729632159643,52.6713663264046],[1.13524482492509,52.6428594948174],[1.09769532453148,52.6497571881857],[1.10832230213001,52.6825228094119],[1.08424744080033,52.7025432124078],[1.10520292235781,52.7146933545914],[1.08855324374822,52.7231945138689],[1.08024376204267,52.7409573877092],[1.05109033212312,52.7504129841557],[1.04477167586478,52.7690433619161],[1.00024100685239,52.7657853254176],[0.993595563736057,52.798360130469],[1.02228022825475,52.8000309471855],[1.03526283921457,52.8118272928564],[1.0879021025879,52.815846617301],[1.10178892592779,52.829343655469],[1.14960114849772,52.812104996268],[1.14527048180662,52.8239074701461],[1.15645453665868,52.8217003129147],[1.17259684212461,52.8306138134714],[1.19338825216963,52.8153177407955],[1.21438805158281,52.8297135929567],[1.25108259963859,52.8205222605915]]]},"properties":{"CSP21CD":"E22000219","CSP21NM":"Broadland"}},{"type":"Feature","geometry":{"type":"Polygon","coordinates":[[[1.74037086158233,52.5321004523097],[1.72600396630919,52.530642210805],[1.70200760958483,52.5446606889162],[1.66771403660963,52.5502446806417],[1.62858219413556,52.5260180537284],[1.60582469300421,52.5448706696815],[1.64856480110717,52.5762597632047],[1.64681231110017,52.5890922700778],[1.63101020653619,52.5925017498981],[1.64197672919657,52.604227673581],[1.67717455293514,52.6140190806809],[1.64420867038343,52.6304052137436],[1.60532952996843,52.6240242906802],[1.59048361434122,52.6382288002893],[1.56808055257896,52.6378511139666],[1.54921374413448,52.6815417842342],[1.55066076175355,52.6993647597735],[1.61931306231951,52.7175860722469],[1.63929336434014,52.7343197582868],[1.67515106371282,52.7426468964027],[1.69756952029172,52.7235391919583],[1.69946045293605,52.7198939229344],[1.73703918995161,52.6473233217331],[1.73986413568505,52.5730539076773],[1.73006906037372,52.5819935358945],[1.73250643605888,52.5720638982536],[1.73865478399609,52.5719758464401],[1.73179428577798,52.5647142680484],[1.7337187802011,52.5574764573507],[1.73314975594608,52.5565691572312],[1.73840211283154,52.5387740259891],[1.74037086158233,52.5321004523097]]]},"properties":{"CSP21CD":"E22000220","CSP21NM":"Great Yarmouth"}},{"type":"Feature","geometry":{"type":"MultiPolygon","coordinates":[[[[0.781890238487148,52.9765773266809],[0.789872474531785,52.8998508773454],[0.816990319700058,52.9000673387631],[0.821569075850233,52.8928574204099],[0.806896433224581,52.8794380756437],[0.794871833323118,52.8835102951114],[0.790969959741264,52.859883141154],[0.727774001373804,52.8553386830594],[0.725084114481119,52.8428734372567],[0.756336655100949,52.8164392102802],[0.707938541626203,52.788471945511],[0.690081472145795,52.7700319704237],[0.688725333662393,52.751971709214],[0.668133232960425,52.7405569663694],[0.70112740422226,52.7361914269572],[0.718227293937456,52.7217939448202],[0.711029187941861,52.7090061524916],[0.687779367606846,52.6979346659612],[0.653757916232628,52.7040643586161],[0.647748882789367,52.6906779890292],[0.626018539049057,52.7018137082571],[0.61198953416129,52.699970969644],[0.55098193693527,52.6805208584252],[0.564736336268216,52.6715897634956],[0.562176977907956,52.6552955715408],[0.578507877662727,52.6535150892683],[0.564176066562852,52.5964662134376],[0.530523497608883,52.5760931986972],[0.536615894431817,52.5658042898853],[0.579834025686101,52.5595721712369],[0.613366574939682,52.5316344036079],[0.582501080763578,52.4518613705246],[0.554704781403604,52.4560251879721],[0.52366248098813,52.4481795781055],[0.445538699626893,52.4473717805671],[0.429344099524506,52.4364266700427],[0.428529094955595,52.4546526146309],[0.380706411169306,52.4795394587225],[0.367062169051718,52.5011737855372],[0.309360655162502,52.5136222736722],[0.256476359467244,52.5077142918304],[0.246040899012424,52.4998913009411],[0.236319141863767,52.5072905693362],[0.206123341125585,52.5196351215419],[0.230591211600485,52.5279099439945],[0.205847372735243,52.5338508152413],[0.213145009972898,52.5381717006166],[0.203871743966295,52.5454050574981],[0.214625645028992,52.549106661398],[0.205139877280549,52.5479008832994],[0.204708359463945,52.5546561656616],[0.217238460682305,52.5605940019842],[0.205631532529288,52.5655691362133],[0.218411900456042,52.5725991314084],[0.191597447569428,52.598960635534],[0.219300091055415,52.6218124223759],[0.16992534130976,52.6504354938339],[0.18384177886579,52.6556620737875],[0.184716621631441,52.6778946663696],[0.153570700388405,52.6822231833906],[0.171626068420179,52.7380317024757],[0.186323197484379,52.7353486313374],[0.272208555754368,52.7728063615101],[0.245084460578009,52.7845238068033],[0.267202495238873,52.8159785066473],[0.268754370160788,52.8158270843777],[0.331642243071902,52.818006989078],[0.351260210465709,52.8098187766673],[0.366635715084623,52.7911197548306],[0.370988272041447,52.783886477422],[0.374303287840653,52.7783759086299],[0.371115697348748,52.7862299560923],[0.367079087639445,52.7961723057717],[0.357429019781087,52.8117195078011],[0.372903765403541,52.8190779871635],[0.444915921558595,52.8532607613126],[0.445457944511947,52.8739018094377],[0.480333796600579,52.9315138357286],[0.490501165396875,52.9482778290013],[0.541665954874524,52.9758692136925],[0.562666434372037,52.9765926286555],[0.57148514945007,52.9679084345988],[0.586419008661196,52.973172789302],[0.60401200032319,52.9675940010856],[0.589322046130764,52.9767593826442],[0.617857088312115,52.9736335801811],[0.616287627755553,52.968511293506],[0.619921251747934,52.9737751560565],[0.674037486782248,52.9761598981465],[0.667567381005655,52.9701512456319],[0.679261147300379,52.973554972805],[0.695141897905431,52.9781747050659],[0.708703961523633,52.9740949542215],[0.731653441710388,52.9722448708911],[0.737357998598962,52.964321494132],[0.757875478594679,52.9693463949263],[0.761332907706025,52.9758250318897],[0.751646967408224,52.9771395793821],[0.781378464686652,52.9766857081126],[0.781890238487148,52.9765773266809]]],[[[0.705934460368579,52.985983787323],[0.751091161906312,52.9784032922688],[0.714497792355086,52.9770498193174],[0.698375896375984,52.9841016764278],[0.681327900115898,52.977458603544],[0.683502846274776,52.9859874477132],[0.680030948501695,52.9859944508022],[0.66225732920733,52.9860287419782],[0.680084899460115,52.9868670439495],[0.690484589137457,52.9873548462958],[0.705934460368579,52.985983787323]]]]},"properties":{"CSP21CD":"E22000221","CSP21NM":"King's Lynn and West Norfolk"}},{"type":"Feature","geometry":{"type":"MultiPolygon","coordinates":[[[[0.869928864881533,52.9580684145304],[0.852402947113729,52.958124130519],[0.867462022811089,52.9794065081211],[0.911242378846394,52.965438297676],[0.901060890459605,52.9616901485103],[0.873120030163217,52.9610367453478],[0.869928864881533,52.9580684145304]]],[[[0.977626594697955,52.9798917653942],[1.12461667032645,52.9512654386865],[1.27229131472209,52.9358571675516],[1.30106648259715,52.9328320522943],[1.36093212366608,52.9098565639902],[1.42871219333837,52.8837777877323],[1.56012611240663,52.8155133053323],[1.58671256096868,52.8016594826067],[1.67515092541234,52.7426470140252],[1.67515106371282,52.7426468964027],[1.63929336434014,52.7343197582868],[1.61931306231951,52.7175860722469],[1.55066076175355,52.6993647597735],[1.54921374413448,52.6815417842342],[1.5189429710122,52.6869658764442],[1.51224512812449,52.6816350411437],[1.51194427776104,52.6900347158583],[1.49489152830311,52.6871726764172],[1.48811009934787,52.6932827099841],[1.47396531692767,52.6893075045196],[1.46095728669355,52.7056645840165],[1.44142812632381,52.7014505023144],[1.43444560409194,52.6895749935132],[1.41857385003315,52.6919002989685],[1.42398606367433,52.7034577923183],[1.40244393720517,52.715700432497],[1.40590063608155,52.7325142870333],[1.39733110439214,52.7291060076058],[1.38765966727958,52.7400074167535],[1.35700623176759,52.7462705926445],[1.31479230064,52.7796957884046],[1.30819930813922,52.8068095895211],[1.28888250409315,52.8046676641846],[1.27412542426518,52.8188199731139],[1.25458861952036,52.8134471764758],[1.25108259963859,52.8205222605915],[1.21438805158281,52.8297135929567],[1.19338825216963,52.8153177407955],[1.17259684212461,52.8306138134714],[1.15645453665868,52.8217003129147],[1.14527048180662,52.8239074701461],[1.14960114849772,52.812104996268],[1.10178892592779,52.829343655469],[1.0879021025879,52.815846617301],[1.03526283921457,52.8118272928564],[1.02228022825475,52.8000309471855],[0.993595563736057,52.798360130469],[0.967662626261251,52.807737707054],[0.936844100618029,52.7955805705964],[0.938442435926573,52.7879726822227],[0.917646446440741,52.8033124052332],[0.890788931203673,52.7907168333923],[0.86541919288883,52.8074282067164],[0.839443297458997,52.8111265219668],[0.795830918139486,52.769097124227],[0.707938541626203,52.788471945511],[0.756336655100949,52.8164392102802],[0.725084114481119,52.8428734372567],[0.727774001373804,52.8553386830594],[0.790969959741264,52.859883141154],[0.794871833323118,52.8835102951114],[0.806896433224581,52.8794380756437],[0.821569075850233,52.8928574204099],[0.816990319700058,52.9000673387631],[0.789872474531785,52.8998508773454],[0.781890238487148,52.9765773266809],[0.813782607431816,52.9698179109362],[0.813785481527131,52.9773840007136],[0.851728268939883,52.9734202269077],[0.850992503753587,52.9577794243737],[0.870476587068996,52.9549325972513],[0.875247677888794,52.9601886120786],[0.917779113539185,52.9604284177405],[0.919698873763485,52.9656464381126],[0.935391972218756,52.9588416481291],[0.976467172003385,52.9630326583871],[0.983985947882986,52.9637981727965],[1.01450755993171,52.962999667153],[1.01537033237577,52.9554796568017],[1.01859498930205,52.9641055062146],[1.03576948365905,52.9671068072465],[0.991192905084561,52.9763182879689],[0.977268437219929,52.9746829567444],[0.957814093216684,52.9723953704161],[0.977626594697955,52.9798917653942]]]]},"properties":{"CSP21CD":"E22000222","CSP21NM":"North Norfolk"}},{"type":"Feature","geometry":{"type":"Polygon","coordinates":[[[1.32816700115169,52.6232450585418],[1.28640210465433,52.5961777532063],[1.25791299047834,52.5980896766823],[1.24354551879901,52.6171352058383],[1.23145286532477,52.6181044658508],[1.23056516202285,52.6309266337314],[1.21295431519191,52.627164526929],[1.20389047148497,52.644703803805],[1.23545363042815,52.6409334501171],[1.24850807288233,52.647743163614],[1.28426219966871,52.6576427497524],[1.26285930653953,52.6774055351358],[1.28294526256745,52.6773351609882],[1.29233000873307,52.6849351236194],[1.30018441402634,52.6768559668829],[1.29260098356352,52.65492794957],[1.3229765785634,52.6450242247629],[1.34057159020138,52.6497078693582],[1.3252853193424,52.6231837202796],[1.32816700115169,52.6232450585418]]]},"properties":{"CSP21CD":"E22000223","CSP21NM":"Norwich"}},{"type":"Feature","geometry":{"type":"Polygon","coordinates":[[[1.24850807288233,52.647743163614],[1.23545363042815,52.6409334501171],[1.20389047148497,52.644703803805],[1.21295431519191,52.627164526929],[1.23056516202285,52.6309266337314],[1.23145286532477,52.6181044658508],[1.24354551879901,52.6171352058383],[1.25791299047834,52.5980896766823],[1.28640210465433,52.5961777532063],[1.32816700115169,52.6232450585418],[1.36177884698382,52.6239555402396],[1.36933178521193,52.6241138858038],[1.38907415349396,52.6049906903857],[1.38953262303608,52.6045463684405],[1.40033108259077,52.61199945106],[1.41362777647813,52.6211718330535],[1.43469715556091,52.6200569135315],[1.45453930072335,52.5945602511792],[1.48468446126094,52.5877787920395],[1.4977934646546,52.5713191714991],[1.51843751737937,52.5758310449798],[1.52240618300701,52.5627089283031],[1.54058399920127,52.5555931595448],[1.59180555646641,52.5580432541314],[1.60752521123045,52.5740325673089],[1.62301933546576,52.5742308000171],[1.64681231110017,52.5890922700778],[1.64856480110717,52.5762597632047],[1.60582469300421,52.5448706696815],[1.62858219413556,52.5260180537284],[1.65427974170962,52.5014166495002],[1.67208067706344,52.5038667142681],[1.6824718572743,52.4950505688784],[1.65882710408097,52.4684044748324],[1.64654874610189,52.4720031493637],[1.63454251516346,52.4629545134124],[1.61850457866027,52.4632774828035],[1.58618952013244,52.4786934308108],[1.56802007943695,52.4746308730977],[1.5578231460997,52.4576964856642],[1.52973012916731,52.4683473365544],[1.50802174571599,52.4617522835664],[1.48074305837944,52.4718923988074],[1.44616961756398,52.4560079198093],[1.42014985219332,52.4710466444201],[1.41101790623206,52.4615967765915],[1.43326842093664,52.4559597435333],[1.43259225016739,52.4453419219624],[1.40791389338578,52.4444093171351],[1.36365762338152,52.4274785172394],[1.34710101168893,52.4044110222302],[1.31630320168472,52.3873912310738],[1.28623475061443,52.3906896612778],[1.25999663283469,52.3710993802039],[1.21386742646296,52.3553904430284],[1.06818590337788,52.3785211468662],[1.02995703023961,52.3787354707697],[1.02141653334724,52.4059715001546],[1.03410180611481,52.4157766123154],[1.0212675472306,52.4163789356085],[1.04279915998169,52.4256535017812],[1.05713609835948,52.4200913916736],[1.0731496208433,52.4547552402787],[1.09464888459413,52.4602774017586],[1.07895302299997,52.5070094399482],[1.09528850619334,52.5183222367236],[1.06139961589719,52.5371837183005],[1.03378942157567,52.5374722652502],[0.973508910176613,52.5547936543748],[0.947028051906419,52.575832526637],[0.962188162284998,52.5811771724996],[0.953711887586994,52.5849422144167],[0.963777554477301,52.5946439830528],[1.03948553904799,52.5881729211356],[1.03690078392437,52.6157979371521],[1.01886566194489,52.6157456113418],[1.02355341005236,52.6397518949431],[1.04309623570674,52.646511506676],[1.05443160319313,52.6633292123355],[1.07464965721593,52.6381682669594],[1.0789850585888,52.6487396114135],[1.09769532453148,52.6497571881857],[1.13524482492509,52.6428594948174],[1.14729632159643,52.6713663264046],[1.17376479207634,52.6651667993078],[1.19074158464773,52.6785425474329],[1.20509756188853,52.6600213701701],[1.21827531582857,52.6728080192608],[1.23418840299529,52.668075733109],[1.24850807288233,52.647743163614]]]},"properties":{"CSP21CD":"E22000224","CSP21NM":"South Norfolk"}},{"type":"Feature","geometry":{"type":"Polygon","coordinates":[[[-0.664142438734659,52.4544766684017],[-0.669877896565218,52.4637558576484],[-0.683757315464344,52.4621830032557],[-0.671310770073345,52.4689192085368],[-0.684807611872416,52.4782700946912],[-0.720222424846929,52.4567785264821],[-0.737880960445235,52.4581461546794],[-0.741567684277463,52.4701314317041],[-0.771633536789636,52.4720479163621],[-0.786111096686172,52.4951857169828],[-0.807932487268112,52.5065640730571],[-0.796160634816982,52.5163651345869],[-0.774866784894676,52.5182763361657],[-0.756156309515431,52.5109947129407],[-0.713658337963826,52.524963968358],[-0.674864344204412,52.558638382649],[-0.669461128601003,52.5449138836314],[-0.643134163563423,52.5363572953434],[-0.635842930864812,52.5238924011304],[-0.665337469691762,52.5179682915342],[-0.671966381319754,52.5068259943286],[-0.635643457116519,52.5159540476938],[-0.597640436221111,52.5119791907583],[-0.609297407440196,52.5086319576625],[-0.596387479988672,52.4969443813947],[-0.601379493727831,52.4868196105947],[-0.627813312758164,52.4794915094187],[-0.631894254691984,52.4645987700665],[-0.664142438734659,52.4544766684017]]]},"properties":{"CSP21CD":"E22000233","CSP21NM":"Corby"}},{"type":"Feature","geometry":{"type":"Polygon","coordinates":[[[-0.495025802128916,52.6402363852471],[-0.494773452953128,52.6403140726876],[-0.470921180908155,52.6235593380481],[-0.492664861408749,52.5819002633897],[-0.478814868225147,52.573645147065],[-0.415381402678347,52.5787426397479],[-0.407290921113568,52.564054854817],[-0.419593787330186,52.5589619550433],[-0.401283297186851,52.5386846825222],[-0.413602640818525,52.5256796137016],[-0.354345203263394,52.5064950723187],[-0.359399580960367,52.4898590691293],[-0.341590492473876,52.4669426273503],[-0.370217036825639,52.4399302714173],[-0.362408041008102,52.4335312780284],[-0.417072832141305,52.4115991109509],[-0.441509864468212,52.3849964344035],[-0.495946267815481,52.3795155302795],[-0.488518815845791,52.374023541935],[-0.498699838187518,52.3600958388278],[-0.477682425550585,52.3489199917172],[-0.483264192761938,52.3409032974573],[-0.466656737619639,52.3389275764],[-0.465365756545097,52.3229532812371],[-0.519829880170178,52.3176925680897],[-0.514051195755829,52.3146970761678],[-0.541969414284237,52.2899424469085],[-0.531190184929433,52.2704024303694],[-0.541971909036615,52.2560727485565],[-0.565693055132987,52.2534682264436],[-0.586335338989988,52.2728313341511],[-0.610617039099608,52.2794979472719],[-0.638094301518318,52.2992419763533],[-0.641250613919852,52.3171934997942],[-0.622795650488665,52.3420069837962],[-0.63236003369748,52.3615743220248],[-0.621099927350296,52.3693736181365],[-0.628390506378743,52.3826238211307],[-0.613774985968855,52.4196397167474],[-0.627602625709018,52.4348740825473],[-0.65871114904856,52.4342821996569],[-0.654483046577412,52.4481645008965],[-0.664142438734659,52.4544766684017],[-0.631894254691984,52.4645987700665],[-0.627813312758164,52.4794915094187],[-0.601379493727831,52.4868196105947],[-0.596387479988672,52.4969443813947],[-0.609297407440196,52.5086319576625],[-0.597640436221111,52.5119791907583],[-0.635643457116519,52.5159540476938],[-0.671966381319754,52.5068259943286],[-0.665337469691762,52.5179682915342],[-0.635842930864812,52.5238924011304],[-0.643134163563423,52.5363572953434],[-0.669461128601003,52.5449138836314],[-0.674864344204412,52.558638382649],[-0.603019141912138,52.5885911323283],[-0.586972401223626,52.5874288711115],[-0.581546989328586,52.5958682283079],[-0.571903726305604,52.5858033698147],[-0.558117814289337,52.5944839676649],[-0.544173532572234,52.5928882810182],[-0.552938854430842,52.6013489506897],[-0.540260653382861,52.6259657691596],[-0.517397149134818,52.6423795260649],[-0.495025802128916,52.6402363852471]]]},"properties":{"CSP21CD":"E22000235","CSP21NM":"East Northamptonshire"}},{"type":"Feature","geometry":{"type":"Polygon","coordinates":[[[-0.796160634816982,52.5163651345869],[-0.807932487268112,52.5065640730571],[-0.786111096686172,52.4951857169828],[-0.771633536789636,52.4720479163621],[-0.741567684277463,52.4701314317041],[-0.737880960445235,52.4581461546794],[-0.720222424846929,52.4567785264821],[-0.684807611872416,52.4782700946912],[-0.671310770073345,52.4689192085368],[-0.683757315464344,52.4621830032557],[-0.669877896565218,52.4637558576484],[-0.664142438734659,52.4544766684017],[-0.654483046577412,52.4481645008965],[-0.65871114904856,52.4342821996569],[-0.627602625709018,52.4348740825473],[-0.613774985968855,52.4196397167474],[-0.628390506378743,52.3826238211307],[-0.621099927350296,52.3693736181365],[-0.63236003369748,52.3615743220248],[-0.653580369561948,52.3481193660044],[-0.685455991360314,52.3499617120966],[-0.700456937295434,52.3643726516742],[-0.7270378486857,52.3612129336552],[-0.747844597293201,52.3472151751077],[-0.778819215766853,52.3537542506966],[-0.788655312511267,52.347306715857],[-0.796316867231841,52.3616629718005],[-0.831109333196692,52.3761733888416],[-0.840569709237446,52.3928466277642],[-0.873695474959517,52.4026739574774],[-0.890537063118278,52.3985942544952],[-0.886936611261352,52.4233541360679],[-0.864327833503826,52.4342245420732],[-0.904383712639054,52.4421710764276],[-0.9012806064268,52.4597558601064],[-0.882395514787867,52.4712828444433],[-0.898047834720489,52.4869184507176],[-0.882125559613792,52.4931658050431],[-0.883443190675843,52.5139701581084],[-0.868809903769565,52.5269536160128],[-0.796160634816982,52.5163651345869]]]},"properties":{"CSP21CD":"E22000236","CSP21NM":"Kettering"}},{"type":"Feature","geometry":{"type":"Polygon","coordinates":[[[-0.809141414260567,52.2753276939684],[-0.791415863707147,52.2422415137879],[-0.840978727455684,52.2369705025746],[-0.83013504447069,52.2234597040107],[-0.837008529872476,52.211688367528],[-0.878187023320081,52.1950628607528],[-0.892290917769688,52.1969521743887],[-0.894324152048576,52.186103760205],[-0.967660427484477,52.2186818014777],[-0.96552338456007,52.2561620976718],[-0.922652319089951,52.2767042927399],[-0.898042533895132,52.2806684879993],[-0.885118246660801,52.2753892858712],[-0.873601223404701,52.2827114982801],[-0.809141414260567,52.2753276939684]]]},"properties":{"CSP21CD":"E22000237","CSP21NM":"Northampton"}},{"type":"Feature","geometry":{"type":"Polygon","coordinates":[[[-0.63236003369748,52.3615743220248],[-0.622795650488665,52.3420069837962],[-0.641250613919852,52.3171934997942],[-0.638094301518318,52.2992419763533],[-0.610617039099608,52.2794979472719],[-0.653655470981071,52.2682893071709],[-0.63733162156624,52.2273176317195],[-0.668135637658982,52.1950341117758],[-0.705455584072188,52.1915707007857],[-0.727573120973776,52.2381960138822],[-0.76219493252577,52.2487689016435],[-0.791415863707147,52.2422415137879],[-0.809141414260567,52.2753276939684],[-0.817950353609315,52.3095959445528],[-0.785779453314657,52.3306167672904],[-0.788655312511267,52.347306715857],[-0.778819215766853,52.3537542506966],[-0.747844597293201,52.3472151751077],[-0.7270378486857,52.3612129336552],[-0.700456937295434,52.3643726516742],[-0.685455991360314,52.3499617120966],[-0.653580369561948,52.3481193660044],[-0.63236003369748,52.3615743220248]]]},"properties":{"CSP21CD":"E22000239","CSP21NM":"Wellingborough"}},{"type":"Feature","geometry":{"type":"Polygon","coordinates":[[[-1.76948002257309,54.9809468096864],[-1.74712742734807,54.9817656286182],[-1.71966203044078,54.9674837138505],[-1.7016247557818,54.970866107632],[-1.6400739876474,54.9592656699677],[-1.59433261330954,54.9706053999804],[-1.55388177614905,54.9590848858707],[-1.53552528994903,54.9652348447808],[-1.51532982678574,54.9573498033564],[-1.51121751654077,54.9316658784504],[-1.56889133560984,54.9246247988281],[-1.55708031451973,54.9092112536279],[-1.55941079225447,54.8820371188128],[-1.57990946563576,54.8777701487896],[-1.5941643487215,54.9020186477846],[-1.65055954794471,54.8793235541439],[-1.64931878603612,54.8929873124636],[-1.67557639645876,54.8980968546757],[-1.6747777845835,54.9095601452187],[-1.69168984097383,54.9025976041606],[-1.69863268713228,54.9090535661242],[-1.72490759208956,54.9088004446038],[-1.73620435852969,54.9185809665409],[-1.7687448779223,54.9067261188574],[-1.78166825321071,54.9115449903063],[-1.79492647061852,54.9035467792898],[-1.82063806458852,54.9057789839002],[-1.85272134451354,54.9174135398416],[-1.84114925719419,54.9297254843691],[-1.82695158315244,54.9302255591541],[-1.83369021184788,54.9533134990629],[-1.81281285032777,54.9763217920699],[-1.78834993660814,54.9842559893285],[-1.76948002257309,54.9809468096864]]]},"properties":{"CSP21CD":"E22000244","CSP21NM":"Gateshead"}},{"type":"Feature","geometry":{"type":"Polygon","coordinates":[[[-1.63789356936638,55.0647685986038],[-1.63850785874478,55.0415513474158],[-1.59263768532565,55.0389403658381],[-1.58738252090505,55.0257777727946],[-1.60026644234707,55.0098384131371],[-1.55850401184555,55.0055436440418],[-1.56298107729353,54.9923174956305],[-1.52921303495831,54.9833413264886],[-1.53552528994903,54.9652348447808],[-1.55388177614905,54.9590848858707],[-1.59433261330954,54.9706053999804],[-1.6400739876474,54.9592656699677],[-1.7016247557818,54.970866107632],[-1.71966203044078,54.9674837138505],[-1.74712742734807,54.9817656286182],[-1.76948002257309,54.9809468096864],[-1.77384237281685,55.0041394758906],[-1.75656332387461,55.0032632890456],[-1.75024527652204,55.0240207799207],[-1.69488396423029,55.0429273263424],[-1.7137596650152,55.0654793996354],[-1.64768125804879,55.07938870152],[-1.63789356936638,55.0647685986038]]]},"properties":{"CSP21CD":"E22000245","CSP21NM":"Newcastle upon Tyne"}},{"type":"Feature","geometry":{"type":"Polygon","coordinates":[[[-1.52921063467668,54.983341469991],[-1.52921092711284,54.9833414504513],[-1.52921303495831,54.9833413264886],[-1.56298107729353,54.9923174956305],[-1.55850401184555,55.0055436440418],[-1.60026644234707,55.0098384131371],[-1.58738252090505,55.0257777727946],[-1.59263768532565,55.0389403658381],[-1.63850785874478,55.0415513474158],[-1.63789356936638,55.0647685986038],[-1.57853962866581,55.0630812854251],[-1.57508009741004,55.0556198920735],[-1.55704085213466,55.0541781953993],[-1.53986836433209,55.0615906947845],[-1.53233965274555,55.0541494832595],[-1.51028423064551,55.0550089123519],[-1.50863206332108,55.048020180091],[-1.48781361425184,55.0535919966449],[-1.49232860365529,55.0660583862958],[-1.46180183760668,55.0743562402069],[-1.46179852131807,55.0743523283102],[-1.4499410257551,55.0585804132727],[-1.45053056692368,55.0551970721259],[-1.44423632400828,55.0509857117952],[-1.42067662295208,55.0195873236398],[-1.40316515545493,55.0146050961698],[-1.41678966933527,55.0165301479979],[-1.42184475177701,55.0136052849296],[-1.42984160397748,55.0132284721176],[-1.45330357880934,54.9898153439475],[-1.52921063467668,54.983341469991]]]},"properties":{"CSP21CD":"E22000246","CSP21NM":"North Tyneside"}},{"type":"Feature","geometry":{"type":"Polygon","coordinates":[[[-1.36399878923812,54.943874636548],[-1.41937079278914,54.9299239966335],[-1.51121751654077,54.9316658784504],[-1.51532982678574,54.9573498033564],[-1.53552528994903,54.9652348447808],[-1.52921303495831,54.9833413264886],[-1.52921092711284,54.9833414504513],[-1.52921063467668,54.983341469991],[-1.44943213958569,54.9843513379793],[-1.42575452729015,55.0064542435601],[-1.42004180027125,55.0045567371052],[-1.41865785674011,55.0032629631643],[-1.41223226015833,55.0061645049837],[-1.41066110692229,54.9985768437269],[-1.37660160131053,54.9775455648772],[-1.35663012909279,54.9651987906574],[-1.36396963371884,54.9441195064483],[-1.36399878923812,54.943874636548]]]},"properties":{"CSP21CD":"E22000247","CSP21NM":"South Tyneside"}},{"type":"Feature","geometry":{"type":"Polygon","coordinates":[[[-1.3472334910808,54.8604448639491],[-1.42153633763303,54.8394761549227],[-1.41295475126421,54.8236547090542],[-1.4225524435527,54.803170907028],[-1.49072646804405,54.7993041361112],[-1.48185556201966,54.8096514145345],[-1.50427968057368,54.8312298106981],[-1.50667012936049,54.8711408351331],[-1.531781773186,54.8781883872433],[-1.56180965217131,54.8757167569592],[-1.55941079225447,54.8820371188128],[-1.55708031451973,54.9092112536279],[-1.56889133560984,54.9246247988281],[-1.51121751654077,54.9316658784504],[-1.41937079278914,54.9299239966335],[-1.36399878923812,54.943874636548],[-1.3652899473725,54.9330273662184],[-1.36611379018477,54.9261028898172],[-1.35894579830935,54.9236318387718],[-1.35864321855331,54.9221365626983],[-1.36341118979104,54.9227431167075],[-1.37088122886461,54.9117678928286],[-1.35763882925126,54.9171723074099],[-1.35475454303075,54.9029098024569],[-1.36164017161025,54.898297515157],[-1.34744802833526,54.8606295970162],[-1.3472334910808,54.8604448639491]]]},"properties":{"CSP21CD":"E22000248","CSP21NM":"Sunderland"}},{"type":"Feature","geometry":{"type":"Polygon","coordinates":[[[-1.25992533857434,53.1644794428507],[-1.25532439346219,53.1546158019483],[-1.24098319291805,53.1530960471872],[-1.23991758113468,53.1395866227267],[-1.17789116216515,53.1148104411525],[-1.16425148277133,53.1032693686635],[-1.22586958413942,53.0814987308061],[-1.23128870787785,53.0620648987529],[-1.21742440913161,53.0490292471594],[-1.18205544415117,53.0484050626716],[-1.1827461829988,53.01856914589],[-1.20988267810726,53.0181426638433],[-1.22514776798074,53.0080958021553],[-1.22906420446731,53.0227439746174],[-1.25343361975741,53.0397926900493],[-1.28482567275839,53.0482272928874],[-1.30352544996191,53.0418840565674],[-1.33586846310334,53.0529658466922],[-1.34442765908781,53.0655425436049],[-1.33163547679324,53.0809878876668],[-1.30288293813129,53.0882021965164],[-1.30925140895617,53.0967701742604],[-1.30061890454589,53.1020493750728],[-1.3217802282925,53.1306503063911],[-1.32344684110941,53.1623424531774],[-1.30071178856708,53.1642145389807],[-1.29596178794204,53.1712248619122],[-1.25992533857434,53.1644794428507]]]},"properties":{"CSP21CD":"E22000251","CSP21NM":"Ashfield"}},{"type":"Feature","geometry":{"type":"Polygon","coordinates":[[[-0.797483349537156,53.4550644469113],[-0.820515392196552,53.4407478802065],[-0.818092247122536,53.4269787990146],[-0.788624379569326,53.4152612769651],[-0.77713967926781,53.3969143896921],[-0.790442566301084,53.3858538485282],[-0.775235921241154,53.3777587756085],[-0.791132345567737,53.3635515399955],[-0.774459228767948,53.3644324688258],[-0.75861635902076,53.3538375874827],[-0.766473605946302,53.3301074983394],[-0.749955286880473,53.324218319306],[-0.747138182399111,53.3043331964575],[-0.7509672806112,53.2936023704112],[-0.763502149436118,53.2994375870592],[-0.778125134023722,53.2838542983806],[-0.764279778594267,53.2727392389111],[-0.77707445272525,53.2469081695812],[-0.780363092510896,53.1963979236758],[-0.787292538562419,53.2045654574049],[-0.821570910330909,53.2013504363431],[-0.839819523742066,53.2189203278969],[-0.857838669762247,53.2122066505459],[-0.894248026633959,53.2236714797239],[-0.948919729878981,53.2141191641516],[-0.94726263076158,53.225830103792],[-0.967542265148865,53.2353336118408],[-1.00701071190992,53.2363175178303],[-1.02763231143685,53.2610348651001],[-1.10329585420785,53.2356073423104],[-1.12380734716512,53.2246448342204],[-1.20942448225347,53.2176967645087],[-1.20199681749734,53.2355553187409],[-1.21302650313245,53.247672496561],[-1.20245028564644,53.2612195426046],[-1.17468978885802,53.2651647087048],[-1.18154150249029,53.2700320636288],[-1.1664875414478,53.277655368261],[-1.1801170205129,53.2871347459353],[-1.17662736690992,53.305131654038],[-1.19974282859,53.3114401853799],[-1.13871810210376,53.3413828117799],[-1.14100746087464,53.3467476780075],[-1.15684339220656,53.344969500268],[-1.16261328765896,53.356843862023],[-1.13853968203233,53.3559075142163],[-1.14603291441165,53.3690411457852],[-1.13053708984926,53.3755712195116],[-1.13460768887929,53.3900315644246],[-1.11557938044441,53.3971857499007],[-1.11604100602787,53.4073493537968],[-1.08043943279743,53.4268678599403],[-1.0309498187762,53.4309795264014],[-1.03051529485536,53.4251953103943],[-1.01434673955409,53.4262954965662],[-0.995669798894032,53.4369266843309],[-0.985978085087804,53.471673371995],[-0.953259205587141,53.4844235292892],[-0.935564625288195,53.5025165293909],[-0.9004706270826,53.4751558672792],[-0.920246794246959,53.4655076505704],[-0.916249020723134,53.4602956897155],[-0.871919281432214,53.4663108039549],[-0.797483349537156,53.4550644469113]]]},"properties":{"CSP21CD":"E22000252","CSP21NM":"Bassetlaw"}},{"type":"Feature","geometry":{"type":"Polygon","coordinates":[[[-1.17789116216515,53.1148104411525],[-1.23991758113468,53.1395866227267],[-1.24098319291805,53.1530960471872],[-1.25532439346219,53.1546158019483],[-1.25992533857434,53.1644794428507],[-1.2404458498629,53.1786506138327],[-1.19693616205072,53.1848179040421],[-1.20942448225347,53.2176967645087],[-1.12380734716512,53.2246448342204],[-1.10329585420785,53.2356073423104],[-1.09476360068258,53.2286140887751],[-1.11122683351695,53.1989261925677],[-1.15302086212712,53.1751374522516],[-1.11105637906414,53.1534275287742],[-1.13014131655365,53.1416180270334],[-1.12021727234224,53.1190809038545],[-1.14712327303786,53.1219553860463],[-1.17789116216515,53.1148104411525]]]},"properties":{"CSP21CD":"E22000255","CSP21NM":"Mansfield"}},{"type":"Feature","geometry":{"type":"Polygon","coordinates":[[[-0.666577004989044,53.2397024965169],[-0.675872140728609,53.2176443564103],[-0.697616436379696,53.2202372907865],[-0.714752926702038,53.207607769642],[-0.730569016450559,53.2107564502185],[-0.764018606606756,53.182575432889],[-0.718160267478104,53.1772877899828],[-0.715375394751415,53.136882863606],[-0.732407362918311,53.1278015877576],[-0.716755387970816,53.1161847968106],[-0.729617825692047,53.0979020211063],[-0.695132072842781,53.0662902240033],[-0.713466500275659,53.0660465540168],[-0.716203841365838,53.0590587016488],[-0.749551780121272,53.0551156534211],[-0.760826457019771,53.0294103391587],[-0.788413809258192,53.0258533556871],[-0.795824908778034,53.0105980780874],[-0.80408612641495,53.0125054042472],[-0.778278647253454,52.97692337951],[-0.796150034418614,52.9767315027749],[-0.812850938336058,52.9574642126954],[-0.820021885123097,52.9604644294128],[-0.836071500009117,52.9679213738065],[-0.815158220785605,52.9856613505293],[-0.822916664810415,53.000985976254],[-0.86455298548022,53.0113444806934],[-0.879779846883795,53.0063528895912],[-0.91012044940713,53.0359284297717],[-0.976683096118702,52.9860160289073],[-1.03116640718296,52.9926743526634],[-1.0342123449526,53.005002976961],[-1.05389548598109,53.0143599682281],[-1.02972993483392,53.024255950206],[-1.08066428208619,53.0524706838391],[-1.09343130623312,53.0673531607007],[-1.08827247465485,53.077305231134],[-1.13039044601313,53.0736085943854],[-1.12064330180414,53.0867493873343],[-1.14014786135167,53.0923519179963],[-1.13928710703244,53.0996450286007],[-1.16425148277133,53.1032693686635],[-1.17789116216515,53.1148104411525],[-1.14712327303786,53.1219553860463],[-1.12021727234224,53.1190809038545],[-1.13014131655365,53.1416180270334],[-1.11105637906414,53.1534275287742],[-1.15302086212712,53.1751374522516],[-1.11122683351695,53.1989261925677],[-1.09476360068258,53.2286140887751],[-1.10329585420785,53.2356073423104],[-1.02763231143685,53.2610348651001],[-1.00701071190992,53.2363175178303],[-0.967542265148865,53.2353336118408],[-0.94726263076158,53.225830103792],[-0.948919729878981,53.2141191641516],[-0.894248026633959,53.2236714797239],[-0.857838669762247,53.2122066505459],[-0.839819523742066,53.2189203278969],[-0.821570910330909,53.2013504363431],[-0.787292538562419,53.2045654574049],[-0.780363092510896,53.1963979236758],[-0.77707445272525,53.2469081695812],[-0.73508333879074,53.2438739831484],[-0.734150803388177,53.2540040459026],[-0.688027280325921,53.2583912407031],[-0.666577004989044,53.2397024965169]]]},"properties":{"CSP21CD":"E22000256","CSP21NM":"Newark and Sherwood"}},{"type":"Feature","geometry":{"type":"Polygon","coordinates":[[[-1.22514776798074,53.0080958021553],[-1.20988267810726,53.0181426638433],[-1.1827461829988,53.01856914589],[-1.14351267958868,53.0065011444905],[-1.15365597377739,52.9971852178717],[-1.13825471637456,52.9948435788441],[-1.14248865969578,52.9862884053635],[-1.12278627374494,52.9834669491086],[-1.12010685417214,52.9678253942361],[-1.08611507246246,52.9485698839615],[-1.0996766978426,52.9419751354145],[-1.13176001590183,52.9428159257364],[-1.14188338396034,52.9319895309035],[-1.15228878148246,52.9370264523314],[-1.15860361808389,52.9000621139604],[-1.17650783554812,52.8890431094161],[-1.21749932409475,52.9006511110567],[-1.2109863800737,52.912111996016],[-1.1990092076238,52.9094788675439],[-1.1823012510609,52.9173362705305],[-1.24689074252863,52.9531957032849],[-1.23197884944612,52.9676427065689],[-1.24683864344809,52.9845431945876],[-1.22617837809272,52.9811421831213],[-1.20335222289226,52.9875294856986],[-1.21910727681773,52.9914992580779],[-1.22514776798074,53.0080958021553]]]},"properties":{"CSP21CD":"E22000257","CSP21NM":"Nottingham"}},{"type":"Feature","geometry":{"type":"Polygon","coordinates":[[[-1.34873341137308,53.5833476300582],[-1.32680704640604,53.5581853270764],[-1.29765726882895,53.551496216825],[-1.29380884811291,53.535810405983],[-1.27572648676218,53.5298373129109],[-1.28617228194707,53.5267603459674],[-1.28128337823297,53.5164922779904],[-1.31244277467456,53.5137944816166],[-1.38009949340725,53.514228083387],[-1.42796513905113,53.4858537054123],[-1.44105081986194,53.4911054898742],[-1.4522066569649,53.4849288644871],[-1.4552192140429,53.471750945559],[-1.49474873428307,53.4862692667841],[-1.51481383416335,53.4636667757772],[-1.51317073618626,53.4514230223319],[-1.5329268641654,53.4383153120021],[-1.55126185631079,53.4462043902545],[-1.53904691905296,53.4617154908734],[-1.5496581099153,53.4784942363179],[-1.60659084349599,53.4929071730766],[-1.70108876364153,53.5031209760333],[-1.73198288405881,53.4908966467704],[-1.73870787712309,53.4771520288136],[-1.78364816833515,53.4847989979638],[-1.80147063244941,53.4809917607504],[-1.79628821898355,53.503152990572],[-1.82222878111984,53.5210909218023],[-1.80428301600162,53.5370133734778],[-1.77187711533163,53.5338525681019],[-1.74155538329141,53.5410707350573],[-1.7231775076069,53.5599267415214],[-1.66946580092353,53.5532275163473],[-1.64823447446973,53.5621950353801],[-1.61563188440644,53.5630283217832],[-1.59619871324849,53.5769869083184],[-1.60175211286839,53.5877589598561],[-1.58797836748171,53.5934865509527],[-1.58645325959614,53.6071740555695],[-1.56045276872154,53.6075517956732],[-1.53078144404236,53.5931293799247],[-1.51867106657984,53.5997192966797],[-1.49656246300737,53.5973737497565],[-1.49511957803327,53.6031902329812],[-1.48370858443037,53.5948687916124],[-1.44763061376209,53.6127388206827],[-1.4003598366971,53.5986710223328],[-1.37670296002844,53.606478418801],[-1.34873341137308,53.5833476300582]]]},"properties":{"CSP21CD":"E22000259","CSP21NM":"Barnsley"}},{"type":"Feature","geometry":{"type":"Polygon","coordinates":[[[-0.865338726025611,53.6377082330427],[-0.897926451077773,53.5832774385938],[-0.901117807880235,53.5687242266136],[-0.890995208077956,53.5665589822921],[-0.901265910078631,53.5479084252502],[-0.892295380495885,53.5374669638455],[-0.943715825340442,53.5306430186682],[-0.950009087300711,53.5136574344691],[-0.932094163383945,53.5106718236165],[-0.935564625288195,53.5025165293909],[-0.953259205587141,53.4844235292892],[-0.985978085087804,53.471673371995],[-0.995669798894032,53.4369266843309],[-1.01434673955409,53.4262954965662],[-1.03051529485536,53.4251953103943],[-1.0309498187762,53.4309795264014],[-1.08043943279743,53.4268678599403],[-1.11604100602787,53.4073493537968],[-1.14594565153652,53.4123246237971],[-1.13601973902786,53.4244825565683],[-1.16049315962097,53.4243522324476],[-1.17029071040231,53.435301635616],[-1.23809855203463,53.4327545117386],[-1.25815500897971,53.454983094882],[-1.24992621552798,53.4768236603122],[-1.26981681024038,53.4858463225594],[-1.29849026472853,53.47558742853],[-1.28906385046596,53.4910408571929],[-1.3100581321947,53.4979329061978],[-1.31244277467456,53.5137944816166],[-1.28128337823297,53.5164922779904],[-1.28617228194707,53.5267603459674],[-1.27572648676218,53.5298373129109],[-1.29380884811291,53.535810405983],[-1.29765726882895,53.551496216825],[-1.32680704640604,53.5581853270764],[-1.34873341137308,53.5833476300582],[-1.3078197080881,53.5753669707637],[-1.28824945731244,53.5807323871395],[-1.25802813621318,53.5919974498377],[-1.24824986714938,53.6163532847014],[-1.22791199943292,53.617330409457],[-1.23284427243353,53.6211122464196],[-1.21746850825603,53.6242243268899],[-1.20982718259376,53.6431641296687],[-1.19031348882413,53.6359169283835],[-1.15229786876077,53.6427766599575],[-1.1354072030232,53.632728679272],[-1.12174363004979,53.6467186421691],[-1.06607212816008,53.6488912746875],[-1.04866263627315,53.6560574799883],[-0.946844642823067,53.6591417674831],[-0.865338726025611,53.6377082330427]]]},"properties":{"CSP21CD":"E22000260","CSP21NM":"Doncaster"}},{"type":"Feature","geometry":{"type":"Polygon","coordinates":[[[-1.31244277467456,53.5137944816166],[-1.3100581321947,53.4979329061978],[-1.28906385046596,53.4910408571929],[-1.29849026472853,53.47558742853],[-1.26981681024038,53.4858463225594],[-1.24992621552798,53.4768236603122],[-1.25815500897971,53.454983094882],[-1.23809855203463,53.4327545117386],[-1.17029071040231,53.435301635616],[-1.16049315962097,53.4243522324476],[-1.13601973902786,53.4244825565683],[-1.14594565153652,53.4123246237971],[-1.11604100602787,53.4073493537968],[-1.11557938044441,53.3971857499007],[-1.13460768887929,53.3900315644246],[-1.13053708984926,53.3755712195116],[-1.14603291441165,53.3690411457852],[-1.13853968203233,53.3559075142163],[-1.16261328765896,53.356843862023],[-1.15684339220656,53.344969500268],[-1.14100746087464,53.3467476780075],[-1.13871810210376,53.3413828117799],[-1.19974282859,53.3114401853799],[-1.2032390468772,53.3042232405841],[-1.23068793446757,53.3085597350777],[-1.2438683827737,53.301569792195],[-1.28201141324174,53.3094625902199],[-1.29567816421914,53.3150369724564],[-1.28858902654107,53.3262280549039],[-1.29902301015448,53.3325116373731],[-1.32466917492843,53.3288100139839],[-1.3319766635888,53.3523558731307],[-1.39139831426442,53.3833206447868],[-1.37579834104707,53.3936742394447],[-1.39352979520877,53.4200030136557],[-1.3804390068682,53.4241688666922],[-1.40850407737209,53.420349395185],[-1.44153520395415,53.4454336444506],[-1.4552192140429,53.471750945559],[-1.4522066569649,53.4849288644871],[-1.44105081986194,53.4911054898742],[-1.42796513905113,53.4858537054123],[-1.38009949340725,53.514228083387],[-1.31244277467456,53.5137944816166]]]},"properties":{"CSP21CD":"E22000261","CSP21NM":"Rotherham"}},{"type":"Feature","geometry":{"type":"Polygon","coordinates":[[[-1.4552192140429,53.471750945559],[-1.44153520395415,53.4454336444506],[-1.40850407737209,53.420349395185],[-1.3804390068682,53.4241688666922],[-1.39352979520877,53.4200030136557],[-1.37579834104707,53.3936742394447],[-1.39139831426442,53.3833206447868],[-1.3319766635888,53.3523558731307],[-1.32466917492843,53.3288100139839],[-1.3377510519613,53.315848052015],[-1.38673871273592,53.3176321354686],[-1.3865715460456,53.3349025072696],[-1.41103390674883,53.341992492071],[-1.42086649613,53.334567952456],[-1.44197211462372,53.3374924890743],[-1.45988027916359,53.3306893691217],[-1.45522358182387,53.3218691412009],[-1.4679128327397,53.3171200557715],[-1.50213193956548,53.3175820764004],[-1.5367688622067,53.3047486744278],[-1.56172989361096,53.3064113177333],[-1.56173104513262,53.3159708929528],[-1.58053389587991,53.3117380892291],[-1.58490201019108,53.3215879523676],[-1.59909327897252,53.3113181996876],[-1.6092015844932,53.3226639610628],[-1.6254937445137,53.3164239788115],[-1.63272698677736,53.3208392129653],[-1.61230306160512,53.3432186697883],[-1.59054795436381,53.345920985244],[-1.66354854039897,53.3665951663589],[-1.65381782187416,53.3919108271105],[-1.70496532088341,53.4050559739585],[-1.70853223310302,53.4173394742133],[-1.73976196210261,53.420987916439],[-1.74532296726174,53.4621753961118],[-1.76843734147339,53.4647669327866],[-1.80147063244941,53.4809917607504],[-1.78364816833515,53.4847989979638],[-1.73870787712309,53.4771520288136],[-1.73198288405881,53.4908966467704],[-1.70108876364153,53.5031209760333],[-1.60659084349599,53.4929071730766],[-1.5496581099153,53.4784942363179],[-1.53904691905296,53.4617154908734],[-1.55126185631079,53.4462043902545],[-1.5329268641654,53.4383153120021],[-1.51317073618626,53.4514230223319],[-1.51481383416335,53.4636667757772],[-1.49474873428307,53.4862692667841],[-1.4552192140429,53.471750945559]]]},"properties":{"CSP21CD":"E22000262","CSP21NM":"Sheffield"}},{"type":"Feature","geometry":{"type":"Polygon","coordinates":[[[-1.95456973548851,52.6626411711504],[-1.96096309818208,52.6428146771464],[-1.98655031223884,52.6404092782399],[-2.00407919311923,52.668682773699],[-2.05188262521733,52.6787047955323],[-2.05463221958658,52.6900591908124],[-2.03099393545077,52.7053059635142],[-2.02680200618696,52.7363177599337],[-2.01758273269507,52.7592645630292],[-1.97312973286761,52.7615582311563],[-1.94394384912081,52.7737595605108],[-1.91163679191924,52.7592713835694],[-1.91080679278257,52.7511909520294],[-1.93770107368434,52.7162726361045],[-1.91551067849955,52.7106385962707],[-1.95925002169886,52.6841490088174],[-1.95456973548851,52.6626411711504]]]},"properties":{"CSP21CD":"E22000263","CSP21NM":"Cannock Chase"}},{"type":"Feature","geometry":{"type":"Polygon","coordinates":[[[-1.74600328186458,52.8686931604978],[-1.72532205465213,52.8596631847173],[-1.70434504999622,52.8666805919223],[-1.70060876646215,52.8605835236092],[-1.69027182016724,52.8644693782085],[-1.62675456354445,52.8544371746234],[-1.58535204003726,52.8317146205232],[-1.61049453727209,52.8164043093875],[-1.59182686047041,52.8094905911784],[-1.58887036628345,52.7998659863949],[-1.61434537917712,52.7882740475944],[-1.61112950153712,52.7814035608609],[-1.66653674723611,52.7847230322657],[-1.70415800106741,52.7320787781291],[-1.75060323462366,52.7391478547364],[-1.76714647798798,52.7508067459013],[-1.78416863642376,52.7458038317539],[-1.79053172784644,52.7537863068469],[-1.81752567730303,52.7551908930745],[-1.82841986857942,52.7690419872315],[-1.80950438320068,52.7831429255512],[-1.81784572515464,52.793125376617],[-1.84235656303219,52.795931841874],[-1.85373542110968,52.7823218254392],[-1.88987926640653,52.8003739283409],[-1.90194307011178,52.7953224972254],[-1.9513271234175,52.8074284016666],[-1.96787108189404,52.8243611889176],[-1.93678499829896,52.8480934653785],[-1.93598454472311,52.8706097464558],[-1.96053699763473,52.8702266211041],[-1.9796598616377,52.8932790745874],[-1.99970376972739,52.8922684792706],[-2.01274965740766,52.9065814438428],[-2.04152635969792,52.9174768209124],[-1.97111589349816,52.9407913774536],[-1.94050966116128,52.9314762224626],[-1.92689294949817,52.941296679003],[-1.91018560060171,52.9398093355698],[-1.90354888786314,52.9460130007683],[-1.92546730389491,52.9631909652496],[-1.85990902474116,52.9777692742303],[-1.88059504440698,52.9946023784427],[-1.88417697630507,53.0200550802302],[-1.87159514611283,53.0200323501187],[-1.85603268760378,53.034096988681],[-1.830481989006,53.0329722259979],[-1.81313863812884,53.0293874853172],[-1.79600054534464,53.0132086514519],[-1.78486501187173,53.0245837108726],[-1.79466029845962,53.0393359647006],[-1.77898129670065,53.0448443741093],[-1.758931442407,53.037315773926],[-1.76240468835541,52.9998576830648],[-1.82678096538971,52.9770857589323],[-1.8297993167524,52.9457059852571],[-1.85657559960297,52.9233909598958],[-1.82820959492902,52.8844277546452],[-1.77722065071375,52.8838147408519],[-1.74600328186458,52.8686931604978]]]},"properties":{"CSP21CD":"E22000264","CSP21NM":"East Staffordshire"}},{"type":"Feature","geometry":{"type":"Polygon","coordinates":[[[-1.70415800106741,52.7320787781291],[-1.65660772699026,52.7217484729091],[-1.655041567809,52.6987985798052],[-1.59754104512465,52.7004217669502],[-1.5896451852037,52.6872608081784],[-1.6449429538447,52.6575167797495],[-1.68430929213946,52.6472468072414],[-1.72243859366367,52.6513847375884],[-1.73446600372403,52.644593500739],[-1.7313327682519,52.6327866225972],[-1.70220633979308,52.6158497398001],[-1.69151155798808,52.6175079720329],[-1.7003926529636,52.5909126449143],[-1.729310527494,52.5879332938725],[-1.74240800261814,52.5943253674271],[-1.7880812993329,52.5878626088221],[-1.7965280894026,52.5991229386816],[-1.82812858189664,52.6087219886757],[-1.85395416211155,52.6019250354407],[-1.87256445035415,52.5849446957769],[-1.8922660164266,52.599151928031],[-1.88608807518652,52.6154115328795],[-1.91598526501652,52.6352857818685],[-1.90508380548937,52.6432075574539],[-1.91801459097475,52.6498947404699],[-1.91087797950224,52.656500776471],[-1.93356858004758,52.6616101045633],[-1.9454019192549,52.6562986344432],[-1.95456973548851,52.6626411711504],[-1.95925002169886,52.6841490088174],[-1.91551067849955,52.7106385962707],[-1.93770107368434,52.7162726361045],[-1.91080679278257,52.7511909520294],[-1.91163679191924,52.7592713835694],[-1.94394384912081,52.7737595605108],[-1.95813101906937,52.7984909833021],[-1.9513271234175,52.8074284016666],[-1.90194307011178,52.7953224972254],[-1.88987926640653,52.8003739283409],[-1.85373542110968,52.7823218254392],[-1.84235656303219,52.795931841874],[-1.81784572515464,52.793125376617],[-1.80950438320068,52.7831429255512],[-1.82841986857942,52.7690419872315],[-1.81752567730303,52.7551908930745],[-1.79053172784644,52.7537863068469],[-1.78416863642376,52.7458038317539],[-1.76714647798798,52.7508067459013],[-1.75060323462366,52.7391478547364],[-1.70415800106741,52.7320787781291]]]},"properties":{"CSP21CD":"E22000265","CSP21NM":"Lichfield"}},{"type":"Feature","geometry":{"type":"Polygon","coordinates":[[[-2.18120675463031,53.0897970691097],[-2.19861521468755,53.0927192437964],[-2.23876135172224,53.0733392655837],[-2.20251669188531,53.0199598851989],[-2.21548673693578,53.01530509862],[-2.20434090153092,52.9813982117568],[-2.21251375044799,52.9805793513013],[-2.27014671138498,52.9634783588718],[-2.27801964973347,52.9512470282375],[-2.26411218227811,52.9236963755586],[-2.31991220615414,52.9324323564755],[-2.34737048201078,52.9141099900731],[-2.3579169642929,52.9185967383695],[-2.37917217385222,52.9128870996625],[-2.37893788163928,52.8917205240456],[-2.44041158371091,52.8812273008096],[-2.44614159360973,52.8740080691121],[-2.47084125003617,52.9058690823754],[-2.43712308232414,52.9435990148052],[-2.42526929753461,52.9499985200323],[-2.40560245084248,52.9472941546176],[-2.41289866473101,52.9617402681845],[-2.38620832086667,52.9532172782145],[-2.37971828550886,52.9760652635183],[-2.36873055737941,52.9793594897758],[-2.38079367936827,52.9984110622549],[-2.38304468514478,53.0077867863604],[-2.37046780521562,53.0145758528387],[-2.38422739108102,53.0261675781643],[-2.38124882129727,53.0525513186491],[-2.34758567134112,53.05617029333],[-2.31805098763611,53.0813587571192],[-2.29337580822828,53.0783263881931],[-2.25324849091567,53.0939769935289],[-2.24740691731874,53.0898498474901],[-2.2113149262639,53.1158244641231],[-2.18120675463031,53.0897970691097]]]},"properties":{"CSP21CD":"E22000266","CSP21NM":"Newcastle-under-Lyme"}},{"type":"Feature","geometry":{"type":"Polygon","coordinates":[[[-2.02680200618696,52.7363177599337],[-2.03099393545077,52.7053059635142],[-2.05463221958658,52.6900591908124],[-2.05188262521733,52.6787047955323],[-2.00407919311923,52.668682773699],[-1.98655031223884,52.6404092782399],[-2.02946571800893,52.6256739087564],[-2.03012315423271,52.6169545037431],[-2.05071786918317,52.6205226805822],[-2.08100174127972,52.6119049797521],[-2.10124106052418,52.6350533628848],[-2.13164409930699,52.6376230837758],[-2.16835061769236,52.6199896641602],[-2.16915726306721,52.609338362556],[-2.19639726168784,52.6066153665899],[-2.18918611805601,52.5887750856374],[-2.20669618824762,52.5851794880261],[-2.18033702695975,52.5745049379407],[-2.1755346715768,52.5544071322454],[-2.13348672789088,52.5540666639507],[-2.13558727620906,52.5344609374318],[-2.15221000603085,52.525696073702],[-2.1442106820995,52.5170740585455],[-2.19194049675542,52.5034552744859],[-2.16741962532073,52.4715410983952],[-2.17648315747155,52.4548218475081],[-2.16485128257998,52.4302041413132],[-2.16381069752851,52.4232580756115],[-2.19287601440949,52.4232923129682],[-2.21787724424581,52.4353683733733],[-2.2615026509419,52.4369411086874],[-2.2949641030381,52.4489476840565],[-2.28738237113973,52.4553169285039],[-2.3127491667011,52.4892088291572],[-2.29139000182827,52.511679924962],[-2.26094318513366,52.5241024164049],[-2.2692153554449,52.5306887975025],[-2.25640506809536,52.5417964785155],[-2.28247661716922,52.5533960748376],[-2.26193773864192,52.5690598023103],[-2.30029269773898,52.5930271010792],[-2.32202449570949,52.5936360480848],[-2.32379942705026,52.6129531057319],[-2.28158430525676,52.6058738514889],[-2.25617061500712,52.6097982928444],[-2.23289449572097,52.6476942062433],[-2.23470907735918,52.6558541575355],[-2.24768735730075,52.6566601357049],[-2.23871532272218,52.6637013164014],[-2.24772940707176,52.6830743924378],[-2.30304049939528,52.6829527800275],[-2.3199078211235,52.6953977627732],[-2.3248336041539,52.7053358311102],[-2.30860350792447,52.7207461373701],[-2.3155761976627,52.7329474158237],[-2.31220754402045,52.7408672184566],[-2.27495563664029,52.7427888975716],[-2.24534640092645,52.7151642267369],[-2.2168022783053,52.7329196537792],[-2.18772872330033,52.7329892533792],[-2.17790045977053,52.7440112564352],[-2.16073470017171,52.7427441161817],[-2.14704337264416,52.7825837624332],[-2.11458197427732,52.7688057093479],[-2.09896118624033,52.7732329024224],[-2.09516427457231,52.7864326579289],[-2.06596394391865,52.7735465975854],[-2.0761640810361,52.7669672288949],[-2.04340108804976,52.7613494845061],[-2.02680200618696,52.7363177599337]]]},"properties":{"CSP21CD":"E22000267","CSP21NM":"South Staffordshire"}},{"type":"Feature","geometry":{"type":"Polygon","coordinates":[[[-2.08812772094549,52.97385200276],[-2.0430316722824,52.9513532166664],[-2.0630432575224,52.922439189818],[-2.04152635969792,52.9174768209124],[-2.01274965740766,52.9065814438428],[-1.99970376972739,52.8922684792706],[-1.9796598616377,52.8932790745874],[-1.96053699763473,52.8702266211041],[-1.93598454472311,52.8706097464558],[-1.93678499829896,52.8480934653785],[-1.96787108189404,52.8243611889176],[-1.9513271234175,52.8074284016666],[-1.95813101906937,52.7984909833021],[-1.94394384912081,52.7737595605108],[-1.97312973286761,52.7615582311563],[-2.01758273269507,52.7592645630292],[-2.02680200618696,52.7363177599337],[-2.04340108804976,52.7613494845061],[-2.0761640810361,52.7669672288949],[-2.06596394391865,52.7735465975854],[-2.09516427457231,52.7864326579289],[-2.09896118624033,52.7732329024224],[-2.11458197427732,52.7688057093479],[-2.14704337264416,52.7825837624332],[-2.16073470017171,52.7427441161817],[-2.17790045977053,52.7440112564352],[-2.18772872330033,52.7329892533792],[-2.2168022783053,52.7329196537792],[-2.24534640092645,52.7151642267369],[-2.27495563664029,52.7427888975716],[-2.31220754402045,52.7408672184566],[-2.38503139730095,52.7895534240477],[-2.37141425861748,52.7952845564449],[-2.37765452620115,52.8116428164253],[-2.41634660240013,52.8270059910047],[-2.39375624971319,52.8366200385749],[-2.37893788163928,52.8917205240456],[-2.37917217385222,52.9128870996625],[-2.3579169642929,52.9185967383695],[-2.34737048201078,52.9141099900731],[-2.31991220615414,52.9324323564755],[-2.26411218227811,52.9236963755586],[-2.27801964973347,52.9512470282375],[-2.27014671138498,52.9634783588718],[-2.21251375044799,52.9805793513013],[-2.18160900755644,52.9462064203344],[-2.17689847312917,52.9537071390054],[-2.16259461482334,52.9533653743282],[-2.14571072867989,52.9761107985749],[-2.13040308885892,52.9711763983094],[-2.12165690294565,52.9560862416133],[-2.08121832441748,52.9669059044845],[-2.08812772094549,52.97385200276]]]},"properties":{"CSP21CD":"E22000268","CSP21NM":"Stafford"}},{"type":"Feature","geometry":{"type":"Polygon","coordinates":[[[-1.89863293086253,53.1999569790687],[-1.86073152881043,53.1884255648904],[-1.81254009047435,53.1543431162395],[-1.82187637070365,53.136704070198],[-1.7837258959914,53.1028279820508],[-1.79423901989599,53.088394057015],[-1.77565273133291,53.0593546425468],[-1.77898129670065,53.0448443741093],[-1.79466029845962,53.0393359647006],[-1.78486501187173,53.0245837108726],[-1.79600054534464,53.0132086514519],[-1.81313863812884,53.0293874853172],[-1.830481989006,53.0329722259979],[-1.85603268760378,53.034096988681],[-1.87159514611283,53.0200323501187],[-1.88417697630507,53.0200550802302],[-1.88059504440698,52.9946023784427],[-1.85990902474116,52.9777692742303],[-1.92546730389491,52.9631909652496],[-1.90354888786314,52.9460130007683],[-1.91018560060171,52.9398093355698],[-1.92689294949817,52.941296679003],[-1.94050966116128,52.9314762224626],[-1.97111589349816,52.9407913774536],[-2.04152635969792,52.9174768209124],[-2.0630432575224,52.922439189818],[-2.0430316722824,52.9513532166664],[-2.08812772094549,52.97385200276],[-2.07923858928417,52.9745002729811],[-2.09188751542851,52.9856083946605],[-2.08857143159409,52.9971386482893],[-2.10494759680283,52.997693828823],[-2.10346667550099,53.0108579649111],[-2.12373740877799,53.0216381396693],[-2.13177855900004,53.0473338825019],[-2.11658296910728,53.0480329248832],[-2.1253995147537,53.0645792460147],[-2.16114742947303,53.0701202061733],[-2.17170015872383,53.0894471480733],[-2.18120675463031,53.0897970691097],[-2.2113149262639,53.1158244641231],[-2.15564486007666,53.1596189582844],[-2.14141084525282,53.1566523921091],[-2.14043876356931,53.1838127686142],[-2.11207676340303,53.168659809964],[-2.07023261967513,53.1716862930231],[-2.04652710695863,53.19264765637],[-2.00020198978735,53.1937374977999],[-1.98740775867029,53.2135858487146],[-1.96236461007117,53.2262417356404],[-1.95670722983203,53.2137476093571],[-1.89863293086253,53.1999569790687]]]},"properties":{"CSP21CD":"E22000269","CSP21NM":"Staffordshire Moorlands"}},{"type":"Feature","geometry":{"type":"Polygon","coordinates":[[[-2.18120675463031,53.0897970691097],[-2.17170015872383,53.0894471480733],[-2.16114742947303,53.0701202061733],[-2.1253995147537,53.0645792460147],[-2.11658296910728,53.0480329248832],[-2.13177855900004,53.0473338825019],[-2.12373740877799,53.0216381396693],[-2.10346667550099,53.0108579649111],[-2.10494759680283,52.997693828823],[-2.08857143159409,52.9971386482893],[-2.09188751542851,52.9856083946605],[-2.07923858928417,52.9745002729811],[-2.08812772094549,52.97385200276],[-2.08121832441748,52.9669059044845],[-2.12165690294565,52.9560862416133],[-2.13040308885892,52.9711763983094],[-2.14571072867989,52.9761107985749],[-2.16259461482334,52.9533653743282],[-2.17689847312917,52.9537071390054],[-2.18160900755644,52.9462064203344],[-2.21251375044799,52.9805793513013],[-2.20434090153092,52.9813982117568],[-2.21548673693578,53.01530509862],[-2.20251669188531,53.0199598851989],[-2.23876135172224,53.0733392655837],[-2.19861521468755,53.0927192437964],[-2.18120675463031,53.0897970691097]]]},"properties":{"CSP21CD":"E22000270","CSP21NM":"Stoke-on-Trent"}},{"type":"Feature","geometry":{"type":"Polygon","coordinates":[[[-1.7003926529636,52.5909126449143],[-1.69151155798808,52.6175079720329],[-1.70220633979308,52.6158497398001],[-1.7313327682519,52.6327866225972],[-1.73446600372403,52.644593500739],[-1.72243859366367,52.6513847375884],[-1.68430929213946,52.6472468072414],[-1.6449429538447,52.6575167797495],[-1.6329197884851,52.6434814243958],[-1.64242246730325,52.6409402951618],[-1.64377721430859,52.6033547323874],[-1.66563959036358,52.5922522330128],[-1.7003926529636,52.5909126449143]]]},"properties":{"CSP21CD":"E22000271","CSP21NM":"Tamworth"}},{"type":"Feature","geometry":{"type":"Polygon","coordinates":[[[1.15783883919243,52.0887516359453],[1.16425793503936,52.0794997743491],[1.18989426782392,52.0804499950831],[1.20645480899155,52.0640187414338],[1.20179540916572,52.037348306232],[1.22361032387657,52.0294342540291],[1.20947704335699,52.020768655973],[1.18158129451729,52.0205029993996],[1.17718507552128,52.0223174787701],[1.1602141106821,52.0306974619909],[1.15639036906824,52.0347772305377],[1.12957709153612,52.0299545272446],[1.11294353316438,52.0345776233272],[1.10727569557284,52.0461857793896],[1.12200400218201,52.0574246634065],[1.10872677287488,52.0707046480323],[1.10913580284497,52.0880664805701],[1.1385333911626,52.0883927989776],[1.14229237480986,52.0944696524962],[1.15783883919243,52.0887516359453]]]},"properties":{"CSP21CD":"E22000273","CSP21NM":"Ipswich"}},{"type":"Feature","geometry":{"type":"Polygon","coordinates":[[[1.66751657694607,52.3117356919592],[1.66718952949072,52.3116669600516],[1.66104956474806,52.3052886561429],[1.64997060805831,52.3001890918486],[1.63450274018159,52.2790199229837],[1.63431487777089,52.2774902111981],[1.63291584771641,52.2760343684471],[1.63274142136704,52.2745471701844],[1.63244316017698,52.2742310410655],[1.63008453736531,52.2518800749908],[1.62246654016175,52.1867268614345],[1.62065373224237,52.1826457510136],[1.58010284399161,52.0911453276196],[1.49979131055122,52.0612624056402],[1.48628114234227,52.0562258326301],[1.49983364030653,52.0618040033462],[1.5421215291904,52.0791900472204],[1.51795666716782,52.0758736797178],[1.51051560612363,52.0695621253273],[1.50131802636998,52.070685030641],[1.50048495415032,52.0701334985044],[1.46784254868552,52.0485071178678],[1.46249723334774,52.0466426792767],[1.43290292758741,52.0083688247945],[1.4301737229319,52.0048354072551],[1.3942079958038,51.9872535481904],[1.3885363129039,51.9993970091953],[1.36157574979603,52.0061919043514],[1.39146705805036,51.9893249484338],[1.38876750236975,51.9793394260395],[1.344921726115,51.9569230567128],[1.31995224916844,51.9332464236795],[1.31632041981086,51.9486651507585],[1.31589643272566,51.9511942520874],[1.31570427197097,51.9512800359253],[1.31567357181875,51.9514103174531],[1.31393514006575,51.9520697816394],[1.28591820064354,51.9645692000684],[1.28446943570779,51.9652151558667],[1.28257035583894,51.9660618372783],[1.28231495226014,51.9692718189585],[1.28217107472601,51.9710798174362],[1.28041975900796,51.9930853285958],[1.21544879166983,52.0065143601235],[1.2043564983581,52.0110979327022],[1.19473098656884,52.0150738129229],[1.18158129451729,52.0205029993996],[1.20947704335699,52.020768655973],[1.22361032387657,52.0294342540291],[1.20179540916572,52.037348306232],[1.20645480899155,52.0640187414338],[1.18989426782392,52.0804499950831],[1.16425793503936,52.0794997743491],[1.15783883919243,52.0887516359453],[1.17776704064408,52.120699989455],[1.16946895373073,52.1312496797732],[1.1914028583232,52.1399843478625],[1.21396540228161,52.166538517313],[1.23984272640861,52.1704287404425],[1.25417322954768,52.1881313576604],[1.25673033002399,52.1983645734966],[1.24180865493968,52.2017510388662],[1.24745199595254,52.2288974410189],[1.28673064742665,52.2405442760123],[1.30101765522609,52.2590162475327],[1.33976743265743,52.2659261870131],[1.3412686786876,52.2844484425427],[1.32759083059411,52.2984791455401],[1.34729559476377,52.2934050160267],[1.34443170383238,52.2820896515259],[1.35565738472947,52.2740773869985],[1.40164540153403,52.2856981107003],[1.38414039866127,52.2941055672069],[1.38402188782499,52.3106666321455],[1.35747614271954,52.322156548649],[1.35740456555122,52.3372743253787],[1.4095085144785,52.3632651065005],[1.43680120135918,52.3662489049152],[1.4872722534349,52.3485595623726],[1.48948521878075,52.3282943174123],[1.52513608411831,52.338651083316],[1.56067217624971,52.3298555395537],[1.57072449777652,52.3381814615692],[1.61097598504299,52.3315135818376],[1.62943205212866,52.3354307430847],[1.65875306394395,52.32398016402],[1.66751657694607,52.3117356919592]]]},"properties":{"CSP21CD":"E22000274","CSP21NM":"Suffolk Coastal"}},{"type":"Feature","geometry":{"type":"Polygon","coordinates":[[[1.74037086158233,52.5321004523097],[1.74087263185543,52.5312053902356],[1.76357118981522,52.4816350668861],[1.75764488705135,52.4769276931525],[1.75619826236595,52.4715532630885],[1.73749459714103,52.4509197485784],[1.73457442173044,52.4479710995646],[1.73457422914285,52.4479698508464],[1.73457272949391,52.4479683439194],[1.7345641883533,52.4479047986958],[1.73452327672054,52.4476397276461],[1.73425650618193,52.4473452144853],[1.73293904808308,52.4373725933787],[1.72693883443914,52.3984335329192],[1.71474421772151,52.377333523983],[1.70406949013301,52.3599568300765],[1.67552678162559,52.313418753663],[1.66751657694607,52.3117356919592],[1.65875306394395,52.32398016402],[1.62943205212866,52.3354307430847],[1.61097598504299,52.3315135818376],[1.57072449777652,52.3381814615692],[1.56067217624971,52.3298555395537],[1.52513608411831,52.338651083316],[1.48948521878075,52.3282943174123],[1.4872722534349,52.3485595623726],[1.43680120135918,52.3662489049152],[1.4095085144785,52.3632651065005],[1.37485702054714,52.3946773751995],[1.34710101168893,52.4044110222302],[1.36365762338152,52.4274785172394],[1.40791389338578,52.4444093171351],[1.43259225016739,52.4453419219624],[1.43326842093664,52.4559597435333],[1.41101790623206,52.4615967765915],[1.42014985219332,52.4710466444201],[1.44616961756398,52.4560079198093],[1.48074305837944,52.4718923988074],[1.50802174571599,52.4617522835664],[1.52973012916731,52.4683473365544],[1.5578231460997,52.4576964856642],[1.56802007943695,52.4746308730977],[1.58618952013244,52.4786934308108],[1.61850457866027,52.4632774828035],[1.63454251516346,52.4629545134124],[1.64654874610189,52.4720031493637],[1.65882710408097,52.4684044748324],[1.6824718572743,52.4950505688784],[1.67208067706344,52.5038667142681],[1.65427974170962,52.5014166495002],[1.62858219413556,52.5260180537284],[1.66771403660963,52.5502446806417],[1.70200760958483,52.5446606889162],[1.72600396630919,52.530642210805],[1.74037086158233,52.5321004523097]]]},"properties":{"CSP21CD":"E22000278","CSP21NM":"Waveney"}},{"type":"Feature","geometry":{"type":"Polygon","coordinates":[[[-0.317697879461912,51.3936670802519],[-0.307365443633207,51.3783835460082],[-0.330510146371957,51.3484194360646],[-0.330655551869037,51.329009639034],[-0.360315847342355,51.3118031069032],[-0.396926448018453,51.3128169239413],[-0.394742082222749,51.2979482192583],[-0.405326341630148,51.2948923633347],[-0.409537745543495,51.3031437518805],[-0.43996088237951,51.3046572123127],[-0.445698682468252,51.324141136932],[-0.437162905522467,51.3274465972177],[-0.462343997790484,51.3299602984635],[-0.46365364983465,51.3406157494153],[-0.48115569977815,51.3493580616654],[-0.466971498106567,51.3565753201173],[-0.475477748721481,51.3640888255256],[-0.457990747179475,51.3805669610262],[-0.442599666489796,51.3898217184714],[-0.432213276047323,51.3839901249963],[-0.409579415403137,51.4046570174564],[-0.383350026681253,51.4085382960086],[-0.359139332144209,51.4119031613367],[-0.327817849624804,51.3918371426333],[-0.317697879461912,51.3936670802519]]]},"properties":{"CSP21CD":"E22000279","CSP21NM":"Elmbridge"}},{"type":"Feature","geometry":{"type":"Polygon","coordinates":[[[-0.220942481489805,51.3298630685462],[-0.242968399924459,51.3212801730898],[-0.247126332962136,51.2980435000969],[-0.264399318689037,51.299545299108],[-0.272234355213241,51.2923303488632],[-0.306191996680517,51.3350844126725],[-0.285437834458319,51.3642491750106],[-0.261148561801962,51.3795998020746],[-0.245030254723365,51.3800339655478],[-0.245404841047607,51.3668454406997],[-0.222736428311044,51.3570860732802],[-0.217264425534208,51.343387091722],[-0.229822682346971,51.3365228054854],[-0.220942481489805,51.3298630685462]]]},"properties":{"CSP21CD":"E22000280","CSP21NM":"Epsom and Ewell"}},{"type":"Feature","geometry":{"type":"Polygon","coordinates":[[[-0.394742082222749,51.2979482192583],[-0.387142549569629,51.2650815815861],[-0.396963682669025,51.2378886770269],[-0.434648247892369,51.2399058425111],[-0.425676136085806,51.2303233409765],[-0.438436754321913,51.209679497252],[-0.409878126861738,51.1926995143207],[-0.408336773385754,51.1757072374421],[-0.418564944938553,51.1731814316052],[-0.443917219476152,51.1835915047329],[-0.457066414257566,51.1749509071562],[-0.505342574276898,51.1836026922863],[-0.505637157377342,51.2050191915872],[-0.532445111045568,51.2134482277123],[-0.55555854676358,51.1992584328673],[-0.573768634483239,51.1983145374262],[-0.577337681886423,51.1881117124006],[-0.593696933552262,51.1912571310897],[-0.584865392339834,51.1985992734047],[-0.592499804328719,51.2028835069165],[-0.614114278544194,51.2080541587251],[-0.634478709718005,51.2021087899835],[-0.631155096734634,51.1841288148503],[-0.648119784721682,51.1758370146029],[-0.663407226571203,51.2002462029549],[-0.688263388859445,51.1887139577476],[-0.70656060909044,51.202710653211],[-0.731757685171569,51.1969218531394],[-0.74830533372076,51.2106763082818],[-0.745540379663864,51.2304563901334],[-0.729325694545441,51.2561119199112],[-0.731093833410657,51.2803620913767],[-0.703638544243205,51.2841633770862],[-0.687495803758243,51.3138115864281],[-0.646791891855231,51.311902363558],[-0.647890639256157,51.3043550614778],[-0.618172659721204,51.2827098576143],[-0.600757131642726,51.2861125333275],[-0.544369609523115,51.2655035662757],[-0.534168073985833,51.2737087826652],[-0.549190828578912,51.2846604719572],[-0.540223452263802,51.3009722557656],[-0.529804504372652,51.2975584031837],[-0.51029827103137,51.3131208357125],[-0.500847942727971,51.3065641762707],[-0.475466591165513,51.3163606090918],[-0.48895888826278,51.3298982046708],[-0.462343997790484,51.3299602984635],[-0.437162905522467,51.3274465972177],[-0.445698682468252,51.324141136932],[-0.43996088237951,51.3046572123127],[-0.409537745543495,51.3031437518805],[-0.405326341630148,51.2948923633347],[-0.394742082222749,51.2979482192583]]]},"properties":{"CSP21CD":"E22000281","CSP21NM":"Guildford"}},{"type":"Feature","geometry":{"type":"Polygon","coordinates":[[[-0.272234355213241,51.2923303488632],[-0.265744188633882,51.2613870714458],[-0.225979838096361,51.2537870496791],[-0.250727849513248,51.227077334579],[-0.235368419024377,51.2223529749021],[-0.225070450961816,51.212321859175],[-0.234758467871148,51.2060859570187],[-0.21282050222531,51.1933190618504],[-0.242900492881345,51.1895073215749],[-0.243069491111796,51.1828342966092],[-0.209701098276684,51.1723092754262],[-0.18981943629061,51.181413932691],[-0.17670622529243,51.1668499726532],[-0.212142089174476,51.1554548864805],[-0.214234803403043,51.1484637545475],[-0.255167664563843,51.1441405976481],[-0.25461326381062,51.1390503685817],[-0.300346786136933,51.1247356968359],[-0.391524793518279,51.1165107863938],[-0.419203500082164,51.1052045809821],[-0.418564944938553,51.1731814316052],[-0.408336773385754,51.1757072374421],[-0.409878126861738,51.1926995143207],[-0.438436754321913,51.209679497252],[-0.425676136085806,51.2303233409765],[-0.434648247892369,51.2399058425111],[-0.396963682669025,51.2378886770269],[-0.387142549569629,51.2650815815861],[-0.394742082222749,51.2979482192583],[-0.396926448018453,51.3128169239413],[-0.360315847342355,51.3118031069032],[-0.330655551869037,51.329009639034],[-0.306191996680517,51.3350844126725],[-0.272234355213241,51.2923303488632]]]},"properties":{"CSP21CD":"E22000282","CSP21NM":"Mole Valley"}},{"type":"Feature","geometry":{"type":"Polygon","coordinates":[[[-0.156523624561657,51.3214852871721],[-0.155317700345265,51.3012743946668],[-0.137313517589503,51.3007809054645],[-0.124292859195443,51.2867586590943],[-0.126801913009311,51.2617366468228],[-0.145662531474983,51.2513461844377],[-0.154960683838719,51.2306904435125],[-0.145502224615067,51.2107335246101],[-0.135853604848161,51.2120469051219],[-0.143508138023478,51.1865346237394],[-0.127719191942197,51.1650403415156],[-0.140462480803131,51.1600473191154],[-0.17670622529243,51.1668499726532],[-0.18981943629061,51.181413932691],[-0.209701098276684,51.1723092754262],[-0.243069491111796,51.1828342966092],[-0.242900492881345,51.1895073215749],[-0.21282050222531,51.1933190618504],[-0.234758467871148,51.2060859570187],[-0.225070450961816,51.212321859175],[-0.235368419024377,51.2223529749021],[-0.250727849513248,51.227077334579],[-0.225979838096361,51.2537870496791],[-0.265744188633882,51.2613870714458],[-0.272234355213241,51.2923303488632],[-0.264399318689037,51.299545299108],[-0.247126332962136,51.2980435000969],[-0.242968399924459,51.3212801730898],[-0.220942481489805,51.3298630685462],[-0.197319340394251,51.3435951607866],[-0.156523624561657,51.3214852871721]]]},"properties":{"CSP21CD":"E22000283","CSP21NM":"Reigate and Banstead"}},{"type":"Feature","geometry":{"type":"Polygon","coordinates":[[[-0.522765050804453,51.4353004066197],[-0.510388842732972,51.4297833794783],[-0.512428223777769,51.4172208108943],[-0.493203011998266,51.4118872641491],[-0.485249628577854,51.3871812672346],[-0.47711285196372,51.3903176310543],[-0.457990747179475,51.3805669610262],[-0.475477748721481,51.3640888255256],[-0.466971498106567,51.3565753201173],[-0.48115569977815,51.3493580616654],[-0.515625226017991,51.3388579994845],[-0.548549357282802,51.3480208970891],[-0.555233930841177,51.3619357331498],[-0.569624549913198,51.3603371735561],[-0.573954104510097,51.3708220869724],[-0.618495201013367,51.3923882534352],[-0.59393878288985,51.4416606269605],[-0.571675217761157,51.451007631736],[-0.522765050804453,51.4353004066197]]]},"properties":{"CSP21CD":"E22000284","CSP21NM":"Runnymede"}},{"type":"Feature","geometry":{"type":"Polygon","coordinates":[[[-0.509701400845035,51.4691759477034],[-0.458648736498806,51.456304763582],[-0.45646755928571,51.438106680605],[-0.39131707100993,51.422315412796],[-0.383350026681253,51.4085382960086],[-0.409579415403137,51.4046570174564],[-0.432213276047323,51.3839901249963],[-0.442599666489796,51.3898217184714],[-0.457990747179475,51.3805669610262],[-0.47711285196372,51.3903176310543],[-0.485249628577854,51.3871812672346],[-0.493203011998266,51.4118872641491],[-0.512428223777769,51.4172208108943],[-0.510388842732972,51.4297833794783],[-0.522765050804453,51.4353004066197],[-0.54061316396913,51.4578521275783],[-0.524358681535487,51.471528484042],[-0.509701400845035,51.4691759477034]]]},"properties":{"CSP21CD":"E22000285","CSP21NM":"Spelthorne"}},{"type":"Feature","geometry":{"type":"Polygon","coordinates":[[[-0.548549357282802,51.3480208970891],[-0.576897905019913,51.3362640384203],[-0.625920142929749,51.3348367423125],[-0.62350625912094,51.3199060197418],[-0.646791891855231,51.311902363558],[-0.687495803758243,51.3138115864281],[-0.703638544243205,51.2841633770862],[-0.731093833410657,51.2803620913767],[-0.744167106040696,51.3092949290082],[-0.775466206963731,51.3319589032434],[-0.735335360826244,51.3650095832703],[-0.667634283855982,51.3845713456129],[-0.616344267326498,51.3835395923837],[-0.618495201013367,51.3923882534352],[-0.573954104510097,51.3708220869724],[-0.569624549913198,51.3603371735561],[-0.555233930841177,51.3619357331498],[-0.548549357282802,51.3480208970891]]]},"properties":{"CSP21CD":"E22000286","CSP21NM":"Surrey Heath"}},{"type":"Feature","geometry":{"type":"Polygon","coordinates":[[[0.00225531192400326,51.3291348350343],[0.0150093784679093,51.2917860700628],[0.0329094179322316,51.3075209115003],[0.042396497430127,51.2926730476417],[0.0582428302016134,51.247778326722],[0.0335989515635273,51.2143379727583],[0.0526003640340758,51.1806240184208],[0.0500165286936347,51.1426500167773],[0.0273612247660835,51.1398505070994],[-0.137571778320172,51.1421596105082],[-0.132959635268358,51.1588837320771],[-0.140462480803131,51.1600473191154],[-0.127719191942197,51.1650403415156],[-0.143508138023478,51.1865346237394],[-0.135853604848161,51.2120469051219],[-0.145502224615067,51.2107335246101],[-0.154960683838719,51.2306904435125],[-0.145662531474983,51.2513461844377],[-0.126801913009311,51.2617366468228],[-0.124292859195443,51.2867586590943],[-0.0911679398530003,51.3014725405068],[-0.0789238675463831,51.3197692489207],[-0.0513070785090949,51.322447895544],[-0.0378922709023185,51.3387044848688],[0.00225531192400326,51.3291348350343]]]},"properties":{"CSP21CD":"E22000287","CSP21NM":"Tandridge"}},{"type":"Feature","geometry":{"type":"MultiPolygon","coordinates":[[[[-0.759334367357663,51.1032586720027],[-0.768913298414609,51.1032700214655],[-0.759443824776473,51.1035727515698],[-0.759334367357663,51.1032586720027]]],[[[-0.759334367357663,51.1032586720027],[-0.749272690128818,51.1032459066375],[-0.745525568291982,51.1121884663796],[-0.769280592586641,51.1171423778692],[-0.798395605296421,51.1525274777685],[-0.834203925546664,51.1475816697554],[-0.825443293261202,51.1813565059788],[-0.848912169248545,51.2107157287771],[-0.804941854081592,51.2450523274807],[-0.801740042684925,51.2390387633544],[-0.776089010502037,51.2419556695792],[-0.745540379663864,51.2304563901334],[-0.74830533372076,51.2106763082818],[-0.731757685171569,51.1969218531394],[-0.70656060909044,51.202710653211],[-0.688263388859445,51.1887139577476],[-0.663407226571203,51.2002462029549],[-0.648119784721682,51.1758370146029],[-0.631155096734634,51.1841288148503],[-0.634478709718005,51.2021087899835],[-0.614114278544194,51.2080541587251],[-0.592499804328719,51.2028835069165],[-0.584865392339834,51.1985992734047],[-0.593696933552262,51.1912571310897],[-0.577337681886423,51.1881117124006],[-0.573768634483239,51.1983145374262],[-0.55555854676358,51.1992584328673],[-0.532445111045568,51.2134482277123],[-0.505637157377342,51.2050191915872],[-0.505342574276898,51.1836026922863],[-0.457066414257566,51.1749509071562],[-0.443917219476152,51.1835915047329],[-0.418564944938553,51.1731814316052],[-0.419203500082164,51.1052045809821],[-0.492127175324818,51.0944841769189],[-0.505377191977252,51.0882620388685],[-0.53497929663322,51.0935789223352],[-0.539215848650127,51.0820248780022],[-0.577592603888771,51.0866537667245],[-0.601139330735967,51.0796996902626],[-0.629370733100882,51.0889926951674],[-0.696752296390414,51.0714916867383],[-0.753480635682262,51.0864557098491],[-0.759334367357663,51.1032586720027]]]]},"properties":{"CSP21CD":"E22000288","CSP21NM":"Waverley"}},{"type":"Feature","geometry":{"type":"Polygon","coordinates":[[[-0.462343997790484,51.3299602984635],[-0.48895888826278,51.3298982046708],[-0.475466591165513,51.3163606090918],[-0.500847942727971,51.3065641762707],[-0.51029827103137,51.3131208357125],[-0.529804504372652,51.2975584031837],[-0.540223452263802,51.3009722557656],[-0.549190828578912,51.2846604719572],[-0.534168073985833,51.2737087826652],[-0.544369609523115,51.2655035662757],[-0.600757131642726,51.2861125333275],[-0.618172659721204,51.2827098576143],[-0.647890639256157,51.3043550614778],[-0.646791891855231,51.311902363558],[-0.62350625912094,51.3199060197418],[-0.625920142929749,51.3348367423125],[-0.576897905019913,51.3362640384203],[-0.548549357282802,51.3480208970891],[-0.515625226017991,51.3388579994845],[-0.48115569977815,51.3493580616654],[-0.46365364983465,51.3406157494153],[-0.462343997790484,51.3299602984635]]]},"properties":{"CSP21CD":"E22000289","CSP21NM":"Woking"}},{"type":"Feature","geometry":{"type":"Polygon","coordinates":[[[-0.244970867103618,50.8638089043948],[-0.216742956953296,50.8275468905715],[-0.245856753456057,50.8265038202516],[-0.243093476914911,50.8304409667303],[-0.251531340627853,50.8301359483395],[-0.249120362677604,50.8264083342384],[-0.268164208388195,50.826124684943],[-0.277635265912743,50.8267812793037],[-0.297658048965492,50.8233896749733],[-0.332696992934127,50.8174449934391],[-0.333187187964557,50.8173773169813],[-0.355465206030984,50.8270961841037],[-0.367453204005458,50.8605318030971],[-0.364597872567908,50.874525774452],[-0.340900799159014,50.8626233700559],[-0.256579131963737,50.8623352673194],[-0.255303084256952,50.8715514534251],[-0.244970867103618,50.8638089043948]]]},"properties":{"CSP21CD":"E22000290","CSP21NM":"Adur"}},{"type":"Feature","geometry":{"type":"Polygon","coordinates":[[[-0.553103369727624,50.9015170630147],[-0.542964813476796,50.8912162101402],[-0.561038073639796,50.8878503544162],[-0.548874388887642,50.8800890036735],[-0.538178804166781,50.8862228616469],[-0.524791780450509,50.8829842203387],[-0.499918002526275,50.8998827901598],[-0.493116801617838,50.8852631740563],[-0.482842229556523,50.899096530345],[-0.476587743698464,50.8850558593004],[-0.464921296449302,50.883971357533],[-0.451502334771634,50.8954674969696],[-0.439984275251173,50.8775273632214],[-0.430516086934304,50.8929731605709],[-0.41173986085569,50.8865590828638],[-0.413160900377152,50.8795880482317],[-0.392715664647458,50.8933728689554],[-0.380064174941901,50.8855934500295],[-0.363896226067984,50.888479674543],[-0.364597872567908,50.874525774452],[-0.367453204005458,50.8605318030971],[-0.381582934820488,50.8631684468331],[-0.409280310594487,50.8522635902785],[-0.422793813030102,50.860234940193],[-0.422299655454207,50.8406771088609],[-0.446007008879058,50.8398542062517],[-0.4357488879658,50.803168200414],[-0.435962219779812,50.8031385423776],[-0.542009647618174,50.8002402945864],[-0.554975558415334,50.7984114869282],[-0.568357859782355,50.7980312450668],[-0.582462404102651,50.795663571595],[-0.608682929303202,50.791257015947],[-0.625154431776405,50.7884854890772],[-0.701665724755937,50.7776112350396],[-0.710843959196016,50.7740240783862],[-0.725552073562097,50.7715344832963],[-0.738846508461528,50.7630720794854],[-0.751068398904742,50.7582883159994],[-0.75627433410234,50.7641136732221],[-0.76309159880609,50.7729192300593],[-0.763798650912126,50.7725303077463],[-0.764797055835808,50.7736468636155],[-0.749831943663349,50.7815064822368],[-0.755091993383259,50.7906853976602],[-0.734760035409668,50.7936625865718],[-0.73474122055306,50.8094428140428],[-0.719106654148629,50.8052478343137],[-0.689896912275325,50.8128150606207],[-0.692031311286889,50.8496595219095],[-0.681124757559029,50.8632854747442],[-0.650345247333325,50.8669446520376],[-0.654944510369044,50.9056787576394],[-0.649201647600831,50.9000115485459],[-0.617385108843538,50.905562050286],[-0.553103369727624,50.9015170630147]]]},"properties":{"CSP21CD":"E22000291","CSP21NM":"Arun"}},{"type":"Feature","geometry":{"type":"Polygon","coordinates":[[[-0.135010046704454,50.8866345160191],[-0.135283671366533,50.8781049946469],[-0.12179965145279,50.8734281552786],[-0.0975192636219945,50.8779454253866],[-0.0849276342430443,50.8731196294769],[-0.0734418548386787,50.8412445322818],[-0.0368425495084804,50.8412388952519],[-0.0459683931136427,50.8218246617317],[-0.02042837615218,50.8218303556257],[-0.0160023583696679,50.8148750652864],[-0.0379176121570963,50.7994501892508],[-0.0382291560903875,50.7994865700922],[-0.0384591598760658,50.7991967950238],[-0.0449897163009249,50.8002456919868],[-0.0923842825191576,50.8107610121948],[-0.0918941989358085,50.8077671207774],[-0.110438195568513,50.8107349153178],[-0.110237460333136,50.8131761130774],[-0.192523173695902,50.823832099417],[-0.216037848185231,50.8275720622804],[-0.216742956953296,50.8275468905715],[-0.244970867103618,50.8638089043948],[-0.239238286310074,50.8678855967986],[-0.226719329968901,50.8781806386737],[-0.18773445855603,50.8685704699966],[-0.182422854403572,50.8883247766278],[-0.168612081924965,50.8923683218769],[-0.168126160025174,50.880748243002],[-0.135010046704454,50.8866345160191]]]},"properties":{"CSP21CD":"E22000292","CSP21NM":"Brighton and Hove"}},{"type":"Feature","geometry":{"type":"MultiPolygon","coordinates":[[[[-0.751068398904742,50.7582883159994],[-0.751603742863967,50.758078728818],[-0.75627433410234,50.7641136732221],[-0.751068398904742,50.7582883159994]]],[[[-0.907846679423383,50.8169013945908],[-0.911075386322456,50.8033054219083],[-0.942576239176295,50.8153971838409],[-0.939485198313122,50.8302983203622],[-0.912066861462007,50.827368070577],[-0.907846679423383,50.8169013945908]]],[[[-0.492127175324818,51.0944841769189],[-0.478407137730045,51.0664716463984],[-0.484127197017171,51.0568110052102],[-0.475638537554662,51.0563778666051],[-0.483927399071397,51.0409915189776],[-0.473194275922599,51.0338500047922],[-0.475855112121638,51.0209572911801],[-0.486220867919728,51.0101060811816],[-0.510680386474117,51.0078176732675],[-0.517645475452731,50.9985535030564],[-0.507268466407569,50.990530056988],[-0.524857296093485,50.9870384391957],[-0.533749334088352,50.9502449021559],[-0.549673691097473,50.9539834076421],[-0.568709250007313,50.9425120888031],[-0.556066484192898,50.9234771422107],[-0.536969271661823,50.9167536585229],[-0.551499237936528,50.9132502440574],[-0.553103369727624,50.9015170630147],[-0.617385108843538,50.905562050286],[-0.649201647600831,50.9000115485459],[-0.654944510369044,50.9056787576394],[-0.650345247333325,50.8669446520376],[-0.681124757559029,50.8632854747442],[-0.692031311286889,50.8496595219095],[-0.689896912275325,50.8128150606207],[-0.719106654148629,50.8052478343137],[-0.73474122055306,50.8094428140428],[-0.734760035409668,50.7936625865718],[-0.755091993383259,50.7906853976602],[-0.749831943663349,50.7815064822368],[-0.764797055835808,50.7736468636155],[-0.763798650912126,50.7725303077463],[-0.786824265863068,50.7598587821117],[-0.772799075997144,50.7616409855897],[-0.761800601668765,50.7511394894991],[-0.750112327571396,50.7571661514393],[-0.761594568507379,50.7459651074644],[-0.788378831896235,50.7231513952583],[-0.793788001137857,50.7238695831169],[-0.804076920040298,50.7294862414029],[-0.842858878917751,50.7535596409708],[-0.85893491539582,50.7593961927518],[-0.859551324439,50.7597319026934],[-0.860450339122846,50.759946160595],[-0.867056407382965,50.7623432002339],[-0.916824423616899,50.7803818826026],[-0.912317560519599,50.7889696159418],[-0.915624389402393,50.7804417685642],[-0.90489912169883,50.7822796505078],[-0.892232255537899,50.7942935496388],[-0.878154796664749,50.8076361038119],[-0.866034204222169,50.8046128657868],[-0.844726907625558,50.7992937128858],[-0.825369020741774,50.8044772298219],[-0.815784406718147,50.8191101294875],[-0.844574177083222,50.8048543842501],[-0.865837269385998,50.8127463450021],[-0.86881292938066,50.8138502393572],[-0.865667476121567,50.8197595451964],[-0.86124487345675,50.8280655561645],[-0.858414768304809,50.83965771455],[-0.865174894037754,50.8401002597533],[-0.870893526378935,50.8404742645952],[-0.865761480962515,50.8269584479823],[-0.877575295682931,50.8115029341834],[-0.892312330433291,50.8185132809955],[-0.895033107906676,50.8385762468329],[-0.913462909914305,50.8400232933253],[-0.912399553053592,50.827711993437],[-0.920838920233523,50.8330376555267],[-0.935108259274956,50.8302603180774],[-0.932477907919786,50.8460494381527],[-0.934483067467462,50.8458708643047],[-0.926450186989275,50.8640917207277],[-0.938608222849825,50.8737210622452],[-0.957581427612506,50.8906296881445],[-0.940245276386779,50.91805411295],[-0.924013258512923,50.9241990391588],[-0.942110087824929,50.9428940861142],[-0.931847105710517,50.9455804293165],[-0.907864084059223,50.9942411144512],[-0.893346615712615,51.0027429856163],[-0.896993034200906,51.0220101182791],[-0.852810677861577,51.0448433200739],[-0.842847950683525,51.0668868080859],[-0.797762679451335,51.0635558616832],[-0.780786881640498,51.0793751235126],[-0.753480635682262,51.0864557098491],[-0.696752296390414,51.0714916867383],[-0.629370733100882,51.0889926951674],[-0.601139330735967,51.0796996902626],[-0.577592603888771,51.0866537667245],[-0.539215848650127,51.0820248780022],[-0.53497929663322,51.0935789223352],[-0.505377191977252,51.0882620388685],[-0.492127175324818,51.0944841769189]]]]},"properties":{"CSP21CD":"E22000293","CSP21NM":"Chichester"}},{"type":"Feature","geometry":{"type":"Polygon","coordinates":[[[-0.140462480803131,51.1600473191154],[-0.132959635268358,51.1588837320771],[-0.137571778320172,51.1421596105082],[-0.145185443413673,51.1026412830466],[-0.173845222306386,51.0893224590308],[-0.211977567162676,51.086584504198],[-0.219371621174042,51.0995655559003],[-0.232490577974214,51.0973508250544],[-0.236892213653541,51.109440790403],[-0.200274263901966,51.1390924662514],[-0.25461326381062,51.1390503685817],[-0.255167664563843,51.1441405976481],[-0.214234803403043,51.1484637545475],[-0.212142089174476,51.1554548864805],[-0.17670622529243,51.1668499726532],[-0.140462480803131,51.1600473191154]]]},"properties":{"CSP21CD":"E22000294","CSP21NM":"Crawley"}},{"type":"Feature","geometry":{"type":"Polygon","coordinates":[[[0.339068954712183,50.799072970422],[0.309859331803233,50.7766871511999],[0.266416130400038,50.7433391865819],[0.259983401150871,50.7383957366913],[0.209874723145517,50.7384226786385],[0.20980656998003,50.7384453699206],[0.216419303137371,50.7747197062314],[0.233877609327566,50.795415222528],[0.227722839634515,50.8008717407788],[0.245877996801349,50.80548923199],[0.258804521819086,50.7993756198279],[0.267350514506759,50.8105620435539],[0.276900346944744,50.8047664455901],[0.29776844630845,50.812910367498],[0.339068954712183,50.799072970422]]]},"properties":{"CSP21CD":"E22000295","CSP21NM":"Eastbourne"}},{"type":"Feature","geometry":{"type":"Polygon","coordinates":[[[0.657908554069432,50.8697648057175],[0.645513346252494,50.8666972568115],[0.555775034182195,50.8507368709396],[0.531928022617872,50.8464819895661],[0.503205087656567,50.8431415523831],[0.508573338553853,50.8508696525959],[0.521188998821682,50.8517435599408],[0.520026491998375,50.8773862582302],[0.53695003209693,50.8948246030523],[0.603727635234924,50.87854882383],[0.620897942218763,50.8841843402221],[0.657908554069432,50.8697648057175]]]},"properties":{"CSP21CD":"E22000296","CSP21NM":"Hastings"}},{"type":"Feature","geometry":{"type":"Polygon","coordinates":[[[-0.211977567162676,51.086584504198],[-0.211745593131795,51.0646433798615],[-0.222628051705148,51.0602111351807],[-0.226757883310084,51.0415682335827],[-0.2191588962465,51.0379219310535],[-0.24693749454031,51.03350720686],[-0.249081348544969,51.0249473507198],[-0.236649304684154,51.0210840170849],[-0.245296732216148,51.0123316670864],[-0.232015221809748,51.0108472780265],[-0.240869656719023,50.9527154348775],[-0.224455571773511,50.9429458075818],[-0.231943080899741,50.9358151960846],[-0.223783863677265,50.9117841373855],[-0.244154461994183,50.9073634506356],[-0.248659770651226,50.8730707787815],[-0.239238286310074,50.8678855967986],[-0.244970867103618,50.8638089043948],[-0.255303084256952,50.8715514534251],[-0.256579131963737,50.8623352673194],[-0.340900799159014,50.8626233700559],[-0.364597872567908,50.874525774452],[-0.363896226067984,50.888479674543],[-0.380064174941901,50.8855934500295],[-0.392715664647458,50.8933728689554],[-0.413160900377152,50.8795880482317],[-0.41173986085569,50.8865590828638],[-0.430516086934304,50.8929731605709],[-0.439984275251173,50.8775273632214],[-0.451502334771634,50.8954674969696],[-0.464921296449302,50.883971357533],[-0.476587743698464,50.8850558593004],[-0.482842229556523,50.899096530345],[-0.493116801617838,50.8852631740563],[-0.499918002526275,50.8998827901598],[-0.524791780450509,50.8829842203387],[-0.538178804166781,50.8862228616469],[-0.548874388887642,50.8800890036735],[-0.561038073639796,50.8878503544162],[-0.542964813476796,50.8912162101402],[-0.553103369727624,50.9015170630147],[-0.551499237936528,50.9132502440574],[-0.536969271661823,50.9167536585229],[-0.556066484192898,50.9234771422107],[-0.568709250007313,50.9425120888031],[-0.549673691097473,50.9539834076421],[-0.533749334088352,50.9502449021559],[-0.524857296093485,50.9870384391957],[-0.507268466407569,50.990530056988],[-0.517645475452731,50.9985535030564],[-0.510680386474117,51.0078176732675],[-0.486220867919728,51.0101060811816],[-0.475855112121638,51.0209572911801],[-0.473194275922599,51.0338500047922],[-0.483927399071397,51.0409915189776],[-0.475638537554662,51.0563778666051],[-0.484127197017171,51.0568110052102],[-0.478407137730045,51.0664716463984],[-0.492127175324818,51.0944841769189],[-0.419203500082164,51.1052045809821],[-0.391524793518279,51.1165107863938],[-0.300346786136933,51.1247356968359],[-0.25461326381062,51.1390503685817],[-0.200274263901966,51.1390924662514],[-0.236892213653541,51.109440790403],[-0.232490577974214,51.0973508250544],[-0.219371621174042,51.0995655559003],[-0.211977567162676,51.086584504198]]]},"properties":{"CSP21CD":"E22000297","CSP21NM":"Horsham"}},{"type":"Feature","geometry":{"type":"Polygon","coordinates":[[[0.150057010486397,50.7583149982823],[0.148479166081973,50.7588390678617],[0.122143900185406,50.7584048890057],[0.102852693662671,50.7658353967334],[0.069698417371271,50.7811969247599],[0.0683542962557273,50.7818192930819],[0.0615657637253718,50.7817197810742],[0.0562455432396833,50.7837648406709],[0.056854183196409,50.781650488324],[0.0558878147287466,50.7816362529696],[0.055953899554049,50.781440055788],[0.0577744408965582,50.776034561509],[0.0341606952479632,50.7818222383536],[-0.0149414030772817,50.7938372266967],[-0.0379176121570963,50.7994501892508],[-0.0160023583696679,50.8148750652864],[-0.02042837615218,50.8218303556257],[-0.0459683931136427,50.8218246617317],[-0.0368425495084804,50.8412388952519],[-0.0734418548386787,50.8412445322818],[-0.0849276342430443,50.8731196294769],[-0.0975192636219945,50.8779454253866],[-0.12179965145279,50.8734281552786],[-0.135283671366533,50.8781049946469],[-0.135010046704454,50.8866345160191],[-0.119726379417298,50.9423412102197],[-0.104170556405776,50.9464765866343],[-0.115214890805893,50.9760771371799],[-0.0736194177331807,50.9916752634281],[-0.0615918410922555,50.9784204161656],[-0.0246042590087526,50.9800251742248],[-0.0164097807035256,51.0025138340307],[0.00379029548643699,50.9936586259854],[0.0111656724667305,50.9776178934043],[0.0272896816249424,50.9809042554027],[0.0390131854734992,50.9666198985723],[0.0535517654417585,50.9678464635486],[0.0482299035890433,50.9465116151954],[0.0573042096256776,50.9260912181989],[0.121913595707189,50.9152809833097],[0.091881452118935,50.8849473998175],[0.0984976573399234,50.8699934616043],[0.11463910436336,50.8706797114258],[0.127327472414253,50.8567606483002],[0.0979338059590281,50.8203197555347],[0.119229803475203,50.7942343005471],[0.143685958735401,50.7927675588819],[0.150057010486397,50.7583149982823]]]},"properties":{"CSP21CD":"E22000298","CSP21NM":"Lewes"}},{"type":"Feature","geometry":{"type":"Polygon","coordinates":[[[-0.0164097807035256,51.0025138340307],[-0.0246042590087526,50.9800251742248],[-0.0615918410922555,50.9784204161656],[-0.0736194177331807,50.9916752634281],[-0.115214890805893,50.9760771371799],[-0.104170556405776,50.9464765866343],[-0.119726379417298,50.9423412102197],[-0.135010046704454,50.8866345160191],[-0.168126160025174,50.880748243002],[-0.168612081924965,50.8923683218769],[-0.182422854403572,50.8883247766278],[-0.18773445855603,50.8685704699966],[-0.226719329968901,50.8781806386737],[-0.239238286310074,50.8678855967986],[-0.248659770651226,50.8730707787815],[-0.244154461994183,50.9073634506356],[-0.223783863677265,50.9117841373855],[-0.231943080899741,50.9358151960846],[-0.224455571773511,50.9429458075818],[-0.240869656719023,50.9527154348775],[-0.232015221809748,51.0108472780265],[-0.245296732216148,51.0123316670864],[-0.236649304684154,51.0210840170849],[-0.249081348544969,51.0249473507198],[-0.24693749454031,51.03350720686],[-0.2191588962465,51.0379219310535],[-0.226757883310084,51.0415682335827],[-0.222628051705148,51.0602111351807],[-0.211745593131795,51.0646433798615],[-0.211977567162676,51.086584504198],[-0.173845222306386,51.0893224590308],[-0.145185443413673,51.1026412830466],[-0.137571778320172,51.1421596105082],[0.0273612247660835,51.1398505070994],[0.0281525549528462,51.1177196620482],[0.0445609234559397,51.1106440838784],[0.0186185679112131,51.1035755135794],[0.00950504621663548,51.1103919565056],[0.0104731924967344,51.1021824825989],[-0.036213376436162,51.0934295234327],[-0.0268520992180162,51.0751128713046],[-0.0132566088248517,51.0739671029142],[-0.00854815740438445,51.0564579880245],[0.0137255550641094,51.0570126028937],[-0.00300172769009489,51.0475643235525],[-0.00156549234049123,51.0357549877935],[-0.0219136818421872,51.0265124439424],[-0.0164097807035256,51.0025138340307]]]},"properties":{"CSP21CD":"E22000299","CSP21NM":"Mid Sussex"}},{"type":"Feature","geometry":{"type":"Polygon","coordinates":[[[0.605390823945922,51.0120699758106],[0.66135508907831,51.0177872994686],[0.676955919326293,51.0032987859205],[0.706770603419155,50.9936018231459],[0.74061137766967,51.0006767086619],[0.778956704972181,50.9894920251371],[0.777134928696756,50.9754283500105],[0.784327858018418,50.9772296872172],[0.812941746895733,50.941999575237],[0.841401377893081,50.9576088287223],[0.855967970123694,50.9531286066064],[0.867891381774926,50.933262295643],[0.854687837338618,50.9237292124623],[0.844450909484931,50.9246653258379],[0.772016625670185,50.9312619628115],[0.774608367802382,50.9275991040565],[0.731888375092546,50.9145571091332],[0.658567755686958,50.8699278953798],[0.657908554069432,50.8697648057175],[0.620897942218763,50.8841843402221],[0.603727635234924,50.87854882383],[0.53695003209693,50.8948246030523],[0.520026491998375,50.8773862582302],[0.521188998821682,50.8517435599408],[0.508573338553853,50.8508696525959],[0.503205087656567,50.8431415523831],[0.503196648295346,50.8431405695266],[0.378243036220255,50.8204322370952],[0.37541342272816,50.8406045073138],[0.441196831362921,50.8678297601759],[0.449085367631327,50.8789513128557],[0.435503334595761,50.8938987061535],[0.416084010052589,50.8969114017833],[0.379053948874133,50.883535906227],[0.367896482111999,50.8879521754214],[0.374302835573211,50.8983928175872],[0.35776195415492,50.917302635028],[0.366808338587786,50.9329769961941],[0.342689856803908,50.9394409160142],[0.335932708623537,50.9530437342539],[0.343584189463465,50.959146632636],[0.324024938278467,50.9629210990255],[0.321585740673586,50.9966843436248],[0.328658782105634,51.0128817938823],[0.354012040310152,51.0175279790972],[0.346599966421665,51.0240996285963],[0.361353436327948,51.0652765595889],[0.395772076313833,51.0739134336549],[0.396473803046943,51.0830961518079],[0.418266860755534,51.0626269713542],[0.463267138803114,51.0547870173775],[0.472315360454523,51.0304415900476],[0.537600379824422,51.0216735768138],[0.541906625576079,51.0110064422455],[0.568381149722978,51.0038146875729],[0.605390823945922,51.0120699758106]]]},"properties":{"CSP21CD":"E22000300","CSP21NM":"Rother"}},{"type":"Feature","geometry":{"type":"Polygon","coordinates":[[[0.160747944274821,51.1373192644889],[0.151200727639214,51.1238298622802],[0.171628358019837,51.1154102543181],[0.226284322804329,51.1244679125225],[0.244534356444898,51.1148800569018],[0.275670535951605,51.1123554347649],[0.273935045062806,51.1200787066604],[0.325177398042586,51.1229171225958],[0.334703413315617,51.1055645704394],[0.358960077769589,51.104478561555],[0.35081999106108,51.0840683339465],[0.373903542083923,51.0884647235483],[0.396473803046943,51.0830961518079],[0.395772076313833,51.0739134336549],[0.361353436327948,51.0652765595889],[0.346599966421665,51.0240996285963],[0.354012040310152,51.0175279790972],[0.328658782105634,51.0128817938823],[0.321585740673586,50.9966843436248],[0.324024938278467,50.9629210990255],[0.343584189463465,50.959146632636],[0.335932708623537,50.9530437342539],[0.342689856803908,50.9394409160142],[0.366808338587786,50.9329769961941],[0.35776195415492,50.917302635028],[0.374302835573211,50.8983928175872],[0.367896482111999,50.8879521754214],[0.379053948874133,50.883535906227],[0.416084010052589,50.8969114017833],[0.435503334595761,50.8938987061535],[0.449085367631327,50.8789513128557],[0.441196831362921,50.8678297601759],[0.37541342272816,50.8406045073138],[0.378243036220255,50.8204322370952],[0.377512425932031,50.8202989644588],[0.339219102663853,50.799187965233],[0.339068954712183,50.799072970422],[0.29776844630845,50.812910367498],[0.276900346944744,50.8047664455901],[0.267350514506759,50.8105620435539],[0.258804521819086,50.7993756198279],[0.245877996801349,50.80548923199],[0.227722839634515,50.8008717407788],[0.233877609327566,50.795415222528],[0.216419303137371,50.7747197062314],[0.20980656998003,50.7384453699206],[0.15017770300174,50.7582749083675],[0.150057010486397,50.7583149982823],[0.143685958735401,50.7927675588819],[0.119229803475203,50.7942343005471],[0.0979338059590281,50.8203197555347],[0.127327472414253,50.8567606483002],[0.11463910436336,50.8706797114258],[0.0984976573399234,50.8699934616043],[0.091881452118935,50.8849473998175],[0.121913595707189,50.9152809833097],[0.0573042096256776,50.9260912181989],[0.0482299035890433,50.9465116151954],[0.0535517654417585,50.9678464635486],[0.0390131854734992,50.9666198985723],[0.0272896816249424,50.9809042554027],[0.0111656724667305,50.9776178934043],[0.00379029548643699,50.9936586259854],[-0.0164097807035256,51.0025138340307],[-0.0219136818421872,51.0265124439424],[-0.00156549234049123,51.0357549877935],[-0.00300172769009489,51.0475643235525],[0.0137255550641094,51.0570126028937],[-0.00854815740438445,51.0564579880245],[-0.0132566088248517,51.0739671029142],[-0.0268520992180162,51.0751128713046],[-0.036213376436162,51.0934295234327],[0.0104731924967344,51.1021824825989],[0.00950504621663548,51.1103919565056],[0.0186185679112131,51.1035755135794],[0.0445609234559397,51.1106440838784],[0.0281525549528462,51.1177196620482],[0.0273612247660835,51.1398505070994],[0.0500165286936347,51.1426500167773],[0.133117086399998,51.1472785195743],[0.160747944274821,51.1373192644889]]]},"properties":{"CSP21CD":"E22000301","CSP21NM":"Wealden"}},{"type":"Feature","geometry":{"type":"Polygon","coordinates":[[[-0.367453204005458,50.8605318030971],[-0.355465206030984,50.8270961841037],[-0.333187187964557,50.8173773169813],[-0.4357488879658,50.803168200414],[-0.446007008879058,50.8398542062517],[-0.422299655454207,50.8406771088609],[-0.422793813030102,50.860234940193],[-0.409280310594487,50.8522635902785],[-0.381582934820488,50.8631684468331],[-0.367453204005458,50.8605318030971]]]},"properties":{"CSP21CD":"E22000302","CSP21NM":"Worthing"}},{"type":"Feature","geometry":{"type":"Polygon","coordinates":[[[-0.871325629151714,52.0402518525726],[-0.819817648789318,52.0122859293589],[-0.803659591001856,51.985523165789],[-0.761997302027608,51.9855584760346],[-0.740379237640103,51.9698626271811],[-0.713941366477039,51.9778705046005],[-0.713113480946886,51.9898099441801],[-0.652978332552365,51.9692289650499],[-0.702156753865155,51.909119113469],[-0.692702688447145,51.9001506745719],[-0.672969117918549,51.9017527155225],[-0.651979972895783,51.8867905129487],[-0.6200891563295,51.8854855177811],[-0.583563578497735,51.8703238406752],[-0.537628502381233,51.8314108502272],[-0.543650555088771,51.8245178244047],[-0.553628614556977,51.826712674402],[-0.560656237503438,51.830082630502],[-0.581825667306615,51.8069054436194],[-0.632939595714382,51.8199461874726],[-0.667186881146876,51.8158037319664],[-0.695451174124327,51.8411104921078],[-0.692311242384645,51.8570447453158],[-0.720268145545602,51.8561471011597],[-0.745136855962678,51.838060566032],[-0.723653476773253,51.8177730671437],[-0.709295276544129,51.8205395961038],[-0.685394264649477,51.8001859212165],[-0.690190999010661,51.7923392108272],[-0.673469490089942,51.7684717392875],[-0.694796833386992,51.7493751252125],[-0.724174769398191,51.7491283055612],[-0.711253609707488,51.725319107655],[-0.736638640576195,51.7191608617569],[-0.76478606956886,51.7500579783444],[-0.771492112980621,51.7741877594922],[-0.785309716691474,51.7697615594595],[-0.808935620366348,51.7824522097181],[-0.839370053001916,51.7779412004329],[-0.835068176410987,51.7690301924756],[-0.862420511244381,51.7672063584824],[-0.856395144713735,51.7608250062814],[-0.876962353641736,51.7480625634827],[-0.904553087781989,51.7517818379624],[-0.912782127785908,51.7370282589383],[-0.935931545949247,51.7534439374786],[-0.979612216726482,51.7607182368057],[-0.986130838090777,51.752120263877],[-1.02982767504363,51.7578812989774],[-1.03043536180328,51.7449285729707],[-1.04547146097639,51.7445992127829],[-1.08085173738086,51.756553657355],[-1.08323928312899,51.7805175968097],[-1.10636133376123,51.781630502706],[-1.12354117099906,51.7941812934693],[-1.12488968962276,51.8075112142446],[-1.11009656481819,51.8173050363525],[-1.14067612335695,51.8346897793604],[-1.12159886352224,51.8453420987276],[-1.07844944295484,51.8292545769782],[-1.0471229362899,51.8398136635254],[-1.06197784920729,51.8441266357268],[-1.0646424320269,51.8686971833462],[-1.07760518877841,51.876730766172],[-1.06897524962351,51.8872626698247],[-1.09351899137334,51.8939368967027],[-1.07935639023285,51.9172219822449],[-1.0866733468149,51.9226458788993],[-1.05461629259457,51.9479588124095],[-1.07895146640041,51.9433664355141],[-1.09516668657217,51.9574323430641],[-1.05312118626513,52.0024529965756],[-1.11808639729751,52.015426172085],[-1.13666519177378,52.0222431393199],[-1.12198746604179,52.0451472428701],[-1.06206502018462,52.0627354079628],[-1.02766844665035,52.0637342663437],[-1.04232729762762,52.0737102723463],[-1.02631761576578,52.0756821097282],[-0.967805300661276,52.0709109281604],[-0.951872932630787,52.0815336222521],[-0.906030231113269,52.0212211091716],[-0.890118209223622,52.0315605650901],[-0.877468741364391,52.0299715979081],[-0.871325629151714,52.0402518525726]]]},"properties":{"CSP21CD":"E22000303","CSP21NM":"Aylesbury Vale"}},{"type":"Feature","geometry":{"type":"Polygon","coordinates":[[[-0.667634283855982,51.3845713456129],[-0.735335360826244,51.3650095832703],[-0.775466206963731,51.3319589032434],[-0.837349302933734,51.3528712213498],[-0.813571306715724,51.3703184869801],[-0.788839993914029,51.3717507068192],[-0.801521116860122,51.4053010341783],[-0.792505466831662,51.4088496305634],[-0.800019761547891,51.4411821496758],[-0.78256490664671,51.4686900761317],[-0.76462816963277,51.459722619744],[-0.724526232749236,51.4561391526177],[-0.71441818197128,51.4671441640858],[-0.688866170515666,51.4669598587046],[-0.672746126800362,51.4578491131412],[-0.656755756603434,51.4614941608613],[-0.661982328325828,51.4443193337879],[-0.630552938632746,51.442192361264],[-0.631309270281672,51.4144545434314],[-0.676260503648725,51.4315828698535],[-0.696540470455116,51.4109103697849],[-0.667634283855982,51.3845713456129]]]},"properties":{"CSP21CD":"E22000304","CSP21NM":"Bracknell Forest"}},{"type":"Feature","geometry":{"type":"Polygon","coordinates":[[[-1.11808639729751,52.015426172085],[-1.05312118626513,52.0024529965756],[-1.09516668657217,51.9574323430641],[-1.07895146640041,51.9433664355141],[-1.05461629259457,51.9479588124095],[-1.0866733468149,51.9226458788993],[-1.07935639023285,51.9172219822449],[-1.09351899137334,51.8939368967027],[-1.06897524962351,51.8872626698247],[-1.07760518877841,51.876730766172],[-1.0646424320269,51.8686971833462],[-1.06197784920729,51.8441266357268],[-1.0471229362899,51.8398136635254],[-1.07844944295484,51.8292545769782],[-1.12159886352224,51.8453420987276],[-1.14067612335695,51.8346897793604],[-1.11009656481819,51.8173050363525],[-1.12488968962276,51.8075112142446],[-1.12354117099906,51.7941812934693],[-1.12681833186115,51.7995025010055],[-1.15407614008041,51.7966337638041],[-1.16741030149783,51.8137775288111],[-1.1873168621068,51.8121356431289],[-1.1945190849172,51.7969943973653],[-1.24196364597874,51.809995834108],[-1.25270442593651,51.7864991531116],[-1.25809430677354,51.793510545404],[-1.2836503550751,51.7962718701282],[-1.3028200145808,51.7809650253817],[-1.30498622633723,51.7898010345648],[-1.32234287012786,51.7878396561035],[-1.33834131829048,51.8199522812362],[-1.32669493699096,51.8266162070273],[-1.34200086859349,51.8301814278012],[-1.33917530058564,51.8561728951774],[-1.33399446573874,51.8624789496846],[-1.29674534670812,51.8610999190669],[-1.30211341142281,51.8691160663026],[-1.28625255166708,51.874838306894],[-1.29799206239821,51.8883930432814],[-1.29133318851888,51.8966808426208],[-1.30369055755698,51.9026123785015],[-1.29891894233659,51.9131558163255],[-1.33995155587948,51.9349007546276],[-1.33246526558143,51.9421494292283],[-1.36185805954152,51.9483750320843],[-1.36139623053788,51.9685367691785],[-1.37731865869742,51.9796369123785],[-1.40186767483595,51.979870255467],[-1.40965214114723,51.9727077076961],[-1.43737183445808,51.9891925734778],[-1.45407737299139,51.9796705536453],[-1.49366830577976,51.974898785987],[-1.52282569381325,51.9968433232583],[-1.48780444309778,52.0939574330421],[-1.47730164801721,52.1013509449693],[-1.44718785165916,52.0976250329561],[-1.45345845225059,52.1130088171451],[-1.42585527139589,52.1182494968197],[-1.38539981246728,52.0941455730689],[-1.35776965526573,52.101310424564],[-1.37084214071868,52.1175341834914],[-1.39330253064253,52.1189629049398],[-1.36614709694777,52.136075238415],[-1.34870798028103,52.135132199429],[-1.3318971346503,52.168485056197],[-1.2480850615427,52.0971607919138],[-1.32116486414435,52.0870189284444],[-1.31815993117564,52.0799212576787],[-1.29750881413832,52.0780566948102],[-1.31292004347286,52.0514526634399],[-1.27816401885651,52.0142726693672],[-1.28339696573283,51.9795473067363],[-1.24161223468245,51.9862933638439],[-1.19625975033443,51.9774314432067],[-1.16382348465592,51.993412226747],[-1.13432869833779,51.997296387881],[-1.11808639729751,52.015426172085]]]},"properties":{"CSP21CD":"E22000305","CSP21NM":"Cherwell"}},{"type":"Feature","geometry":{"type":"Polygon","coordinates":[[[-0.5242727897625,51.682112655748],[-0.505107856324304,51.6730768935581],[-0.520994790005152,51.6680453786674],[-0.522777811384923,51.6583975690829],[-0.536946066041647,51.6604147052414],[-0.539260817248429,51.6380393912766],[-0.522501789242093,51.6050615818205],[-0.542874577101279,51.5919854998595],[-0.587371892415535,51.5915576869909],[-0.608652764929919,51.5982059470404],[-0.612724918844844,51.6324171443429],[-0.635873327422898,51.6347988373245],[-0.642696260825631,51.6190871984453],[-0.675380961925464,51.6078566535394],[-0.679080587349797,51.620604795734],[-0.689167419844808,51.618604793455],[-0.692078411446415,51.6550869265302],[-0.757955586021824,51.6939821936114],[-0.762109038045583,51.7023640904387],[-0.746462216778467,51.7043205165346],[-0.736638640576195,51.7191608617569],[-0.711253609707488,51.725319107655],[-0.724174769398191,51.7491283055612],[-0.694796833386992,51.7493751252125],[-0.673469490089942,51.7684717392875],[-0.612935985356938,51.7474272560625],[-0.586379726976092,51.752115950395],[-0.573210294626064,51.7360508712169],[-0.559245255678629,51.7373319209044],[-0.550106348391751,51.7239122513021],[-0.563209678177221,51.7118798635673],[-0.544017145197112,51.6968174726995],[-0.548696117291794,51.6826712819357],[-0.5242727897625,51.682112655748]]]},"properties":{"CSP21CD":"E22000306","CSP21NM":"Chiltern"}},{"type":"Feature","geometry":{"type":"Polygon","coordinates":[[[-0.591810331121503,52.1106918880999],[-0.66897597717708,52.0487168407765],[-0.643047384421451,52.03724943846],[-0.640200287337004,52.0240657826329],[-0.651023980572764,52.0184860767988],[-0.643476890212709,52.0108547037243],[-0.661689665376442,51.9997363853462],[-0.645680806107934,51.9722283113145],[-0.652978332552365,51.9692289650499],[-0.713113480946886,51.9898099441801],[-0.713941366477039,51.9778705046005],[-0.740379237640103,51.9698626271811],[-0.761997302027608,51.9855584760346],[-0.803659591001856,51.985523165789],[-0.819817648789318,52.0122859293589],[-0.871325629151714,52.0402518525726],[-0.852446930044217,52.0507050939995],[-0.862678645822757,52.0609340387573],[-0.839500488570763,52.0638277803285],[-0.8314182458155,52.0719470001652],[-0.846712543491745,52.0915087034718],[-0.869530890831007,52.1000376603272],[-0.871450101645923,52.1117534347483],[-0.887015710951311,52.1142093372576],[-0.880720326962998,52.126331782706],[-0.828204674516664,52.1326105528126],[-0.831966629471785,52.1436835087174],[-0.814041227993611,52.14247234185],[-0.807587882658753,52.1569790143848],[-0.792091270533438,52.1513294604513],[-0.777975100575612,52.1687324929908],[-0.749734768722189,52.1668767684431],[-0.705455584072188,52.1915707007857],[-0.668135637658982,52.1950341117758],[-0.627446652788111,52.1815454683205],[-0.630670852955621,52.1549239757292],[-0.640781511339957,52.1527722744294],[-0.635451654776416,52.1392536208873],[-0.607249381411581,52.1338687517842],[-0.591810331121503,52.1106918880999]]]},"properties":{"CSP21CD":"E22000307","CSP21NM":"Milton Keynes"}},{"type":"Feature","geometry":{"type":"Polygon","coordinates":[[[-1.25270442593651,51.7864991531116],[-1.22081529286482,51.7722583988805],[-1.18020789289045,51.7658652833379],[-1.19438454639127,51.7566635061015],[-1.1939880439724,51.736529927586],[-1.1757937183455,51.7334815381521],[-1.19031280782343,51.7270457254817],[-1.18958644135103,51.7145615010862],[-1.22228852086272,51.7109837159491],[-1.24130957964358,51.7251596978921],[-1.29073760877581,51.7507150391397],[-1.3028200145808,51.7809650253817],[-1.2836503550751,51.7962718701282],[-1.25809430677354,51.793510545404],[-1.25270442593651,51.7864991531116]]]},"properties":{"CSP21CD":"E22000308","CSP21NM":"Oxford"}},{"type":"Feature","geometry":{"type":"Polygon","coordinates":[[[-0.949167813963054,51.4595133249537],[-0.928475285041177,51.4451620949531],[-0.945215133170977,51.4461698757389],[-0.943398584563263,51.42930984107],[-0.961925701360532,51.4123449068238],[-0.973699998502634,51.4097807646839],[-1.00114760374169,51.426382336042],[-1.03398294957401,51.4527275339556],[-1.04918512239338,51.4514113000552],[-1.05297452901207,51.46036993537],[-1.03655747758827,51.4752267537868],[-1.01356370078558,51.466292019823],[-0.99839893680447,51.4843048201943],[-0.957486894679264,51.4930805511612],[-0.941136942904626,51.4749776500995],[-0.955183902930422,51.4653338410832],[-0.949167813963054,51.4595133249537]]]},"properties":{"CSP21CD":"E22000309","CSP21NM":"Reading"}},{"type":"Feature","geometry":{"type":"Polygon","coordinates":[[[-0.490024731164425,51.4947476352948],[-0.509701400845035,51.4691759477034],[-0.524358681535487,51.471528484042],[-0.534354978818388,51.4867853339592],[-0.560550664270769,51.4972117158478],[-0.565568404210051,51.4913420176521],[-0.600575771452686,51.5023044758944],[-0.607716162352804,51.4972515023419],[-0.626529885484881,51.5044137150605],[-0.642211995205478,51.5006272384143],[-0.659271318680068,51.5049023574704],[-0.659944895908714,51.5284469814789],[-0.6305355776221,51.5388952073441],[-0.589867740822717,51.5226767053001],[-0.567256016672106,51.532981036095],[-0.57509465893991,51.5292998722364],[-0.56870897687743,51.5112690474853],[-0.526981060815463,51.5095056025316],[-0.531819526768283,51.4933944621435],[-0.490024731164425,51.4947476352948]]]},"properties":{"CSP21CD":"E22000310","CSP21NM":"Slough"}},{"type":"Feature","geometry":{"type":"Polygon","coordinates":[[[-0.522501789242093,51.6050615818205],[-0.500595886737316,51.5996898995638],[-0.476620654293635,51.5591888378134],[-0.495487343928382,51.538545230935],[-0.483162290087155,51.5071277167705],[-0.490024731164425,51.4947476352948],[-0.531819526768283,51.4933944621435],[-0.526981060815463,51.5095056025316],[-0.56870897687743,51.5112690474853],[-0.57509465893991,51.5292998722364],[-0.567256016672106,51.532981036095],[-0.589867740822717,51.5226767053001],[-0.6305355776221,51.5388952073441],[-0.659944895908714,51.5284469814789],[-0.659271318680068,51.5049023574704],[-0.642211995205478,51.5006272384143],[-0.633881969088683,51.492381769527],[-0.652125325213239,51.4854936423975],[-0.70316470355774,51.5111067363008],[-0.694176987502014,51.5621755151605],[-0.678240865724877,51.5636371861889],[-0.672145945804548,51.5726249442025],[-0.675380961925464,51.6078566535394],[-0.642696260825631,51.6190871984453],[-0.635873327422898,51.6347988373245],[-0.612724918844844,51.6324171443429],[-0.608652764929919,51.5982059470404],[-0.587371892415535,51.5915576869909],[-0.542874577101279,51.5919854998595],[-0.522501789242093,51.6050615818205]]]},"properties":{"CSP21CD":"E22000311","CSP21NM":"South Bucks"}},{"type":"Feature","geometry":{"type":"Polygon","coordinates":[[[-1.12354117099906,51.7941812934693],[-1.10636133376123,51.781630502706],[-1.08323928312899,51.7805175968097],[-1.08085173738086,51.756553657355],[-1.04547146097639,51.7445992127829],[-1.03043536180328,51.7449285729707],[-1.02982767504363,51.7578812989774],[-0.986130838090777,51.752120263877],[-0.979612216726482,51.7607182368057],[-0.935931545949247,51.7534439374786],[-0.912782127785908,51.7370282589383],[-0.887630286857886,51.7182260168282],[-0.894772980132941,51.6925222890904],[-0.879895887122356,51.6808648769757],[-0.897896373360577,51.6764007553867],[-0.877706762468148,51.6683850758408],[-0.910172503442839,51.673860957203],[-0.930795874678352,51.6660937383426],[-0.927251214485182,51.6514436207499],[-0.950725842013544,51.6507411973348],[-0.934577414537855,51.6366382662182],[-0.948873179869862,51.6313658168914],[-0.950124006389325,51.6215618646881],[-0.938565867318077,51.6179431619577],[-0.942988074255198,51.6047878597917],[-0.916925918131782,51.5996867680738],[-0.94152974306921,51.5854612162853],[-0.938602277224955,51.5710416033617],[-0.901701148010454,51.5560859225982],[-0.896882190115767,51.5448630133878],[-0.900134311968213,51.5366613900098],[-0.878512270321433,51.5234856398144],[-0.870252757150505,51.503629332783],[-0.893850448342287,51.4966426179206],[-0.921698113833287,51.4679314581436],[-0.949167813963054,51.4595133249537],[-0.955183902930422,51.4653338410832],[-0.941136942904626,51.4749776500995],[-0.957486894679264,51.4930805511612],[-0.99839893680447,51.4843048201943],[-1.01356370078558,51.466292019823],[-1.03655747758827,51.4752267537868],[-1.05134983656427,51.4918599385978],[-1.0878821588534,51.4857544151913],[-1.10217985266957,51.4896735713327],[-1.1131863917855,51.5095922555857],[-1.14205314180795,51.5161954403677],[-1.14037476539537,51.5429113017947],[-1.20465030082425,51.5283945154373],[-1.20464416143085,51.537603894896],[-1.22679203559485,51.5351584620885],[-1.20387167686045,51.5921362506322],[-1.23006158168828,51.5803267001726],[-1.26928645199502,51.5845720580304],[-1.29022497489805,51.5778972221941],[-1.2650627542983,51.6037527455444],[-1.2732700469337,51.6116354970477],[-1.26538459228854,51.6188894500276],[-1.24306670442577,51.6225174114359],[-1.21905544821979,51.6418692144828],[-1.26308105278683,51.6500929250291],[-1.28052218271166,51.6430248442564],[-1.28946797949619,51.6469132285708],[-1.27811228417182,51.6686584685411],[-1.25003569003515,51.6665927811393],[-1.22680521841189,51.6760921561972],[-1.22213031987653,51.6882907714596],[-1.24130957964358,51.7251596978921],[-1.22228852086272,51.7109837159491],[-1.18958644135103,51.7145615010862],[-1.19031280782343,51.7270457254817],[-1.1757937183455,51.7334815381521],[-1.1939880439724,51.736529927586],[-1.19438454639127,51.7566635061015],[-1.18020789289045,51.7658652833379],[-1.22081529286482,51.7722583988805],[-1.25270442593651,51.7864991531116],[-1.24196364597874,51.809995834108],[-1.1945190849172,51.7969943973653],[-1.1873168621068,51.8121356431289],[-1.16741030149783,51.8137775288111],[-1.15407614008041,51.7966337638041],[-1.12681833186115,51.7995025010055],[-1.12354117099906,51.7941812934693]]]},"properties":{"CSP21CD":"E22000312","CSP21NM":"South Oxfordshire"}},{"type":"Feature","geometry":{"type":"Polygon","coordinates":[[[-1.3028200145808,51.7809650253817],[-1.29073760877581,51.7507150391397],[-1.24130957964358,51.7251596978921],[-1.22213031987653,51.6882907714596],[-1.22680521841189,51.6760921561972],[-1.25003569003515,51.6665927811393],[-1.27811228417182,51.6686584685411],[-1.28946797949619,51.6469132285708],[-1.28052218271166,51.6430248442564],[-1.26308105278683,51.6500929250291],[-1.21905544821979,51.6418692144828],[-1.24306670442577,51.6225174114359],[-1.26538459228854,51.6188894500276],[-1.2732700469337,51.6116354970477],[-1.2650627542983,51.6037527455444],[-1.29022497489805,51.5778972221941],[-1.26928645199502,51.5845720580304],[-1.23006158168828,51.5803267001726],[-1.20387167686045,51.5921362506322],[-1.22679203559485,51.5351584620885],[-1.26065559107578,51.5377899051538],[-1.3287207966799,51.5637124135033],[-1.34240310935362,51.543686280692],[-1.3673210476583,51.5524667176092],[-1.38377881234937,51.5404262109553],[-1.4048577107684,51.5472352184892],[-1.42276866886813,51.5357649276512],[-1.42659119274702,51.5455988598669],[-1.44783186160006,51.5364265429324],[-1.46442254094774,51.5385166987317],[-1.47074436480117,51.5286068389578],[-1.51293889355992,51.5507598098694],[-1.53095864819817,51.5460694666429],[-1.55500824660554,51.5533709401076],[-1.58118687450076,51.5369949629826],[-1.58470801107569,51.5249121192573],[-1.60281227577577,51.5182950573493],[-1.64769133240668,51.5719518965806],[-1.65504455154451,51.576506273878],[-1.6765398170414,51.5694390418873],[-1.69111065938545,51.583523727724],[-1.69061673406566,51.6054499290187],[-1.66700965139022,51.6162644740119],[-1.67373615894307,51.6228498665634],[-1.65995432000758,51.6349908726268],[-1.69193809184422,51.6521645874729],[-1.70018909588819,51.6707416649703],[-1.68305860763384,51.6901103608739],[-1.66845860139018,51.6804375698815],[-1.64825374342062,51.6840870667632],[-1.6060445725769,51.6922559630325],[-1.59856301284033,51.6879094324822],[-1.5756449815067,51.7000887081066],[-1.54518762589617,51.7032393324392],[-1.48986639733624,51.6940163752854],[-1.47903856716974,51.7038495613709],[-1.46455653590803,51.6996296312283],[-1.45900923427453,51.7133043203131],[-1.39191993739824,51.7062959256464],[-1.36871464191471,51.7237374922592],[-1.36378477917518,51.7721067733093],[-1.32234287012786,51.7878396561035],[-1.30498622633723,51.7898010345648],[-1.3028200145808,51.7809650253817]]]},"properties":{"CSP21CD":"E22000313","CSP21NM":"Vale of White Horse"}},{"type":"Feature","geometry":{"type":"Polygon","coordinates":[[[-1.22679203559485,51.5351584620885],[-1.20464416143085,51.537603894896],[-1.20465030082425,51.5283945154373],[-1.14037476539537,51.5429113017947],[-1.14205314180795,51.5161954403677],[-1.1131863917855,51.5095922555857],[-1.10217985266957,51.4896735713327],[-1.0878821588534,51.4857544151913],[-1.05134983656427,51.4918599385978],[-1.03655747758827,51.4752267537868],[-1.05297452901207,51.46036993537],[-1.04918512239338,51.4514113000552],[-1.03398294957401,51.4527275339556],[-1.00114760374169,51.426382336042],[-1.01188405929674,51.392866627908],[-0.981724611413117,51.3757487836556],[-0.986123750530059,51.3628482885656],[-1.05001598396462,51.3581479361663],[-1.08661908661563,51.3839155779629],[-1.1154571911925,51.374214909415],[-1.11579091152374,51.3604661648818],[-1.13858996979348,51.3571910724835],[-1.17689427560879,51.3573240538202],[-1.25113955136333,51.3720405294303],[-1.34953197885892,51.3671056168504],[-1.41106775678437,51.3728524330013],[-1.42843862520728,51.3566900764731],[-1.44410966916138,51.3549284015044],[-1.42969282350092,51.3365302852492],[-1.498298923396,51.3293760932154],[-1.48571137940255,51.3476828433187],[-1.5006084786642,51.3562679618628],[-1.49544914388954,51.3696644487562],[-1.55560283150743,51.3955841256927],[-1.55298802119079,51.4100439112545],[-1.57105280218741,51.415577604998],[-1.56511865145832,51.4220434340803],[-1.52661427053083,51.4239307445952],[-1.52399091949678,51.4474805546288],[-1.58229087127299,51.4941117966021],[-1.58470801107569,51.5249121192573],[-1.58118687450076,51.5369949629826],[-1.55500824660554,51.5533709401076],[-1.53095864819817,51.5460694666429],[-1.51293889355992,51.5507598098694],[-1.47074436480117,51.5286068389578],[-1.46442254094774,51.5385166987317],[-1.44783186160006,51.5364265429324],[-1.42659119274702,51.5455988598669],[-1.42276866886813,51.5357649276512],[-1.4048577107684,51.5472352184892],[-1.38377881234937,51.5404262109553],[-1.3673210476583,51.5524667176092],[-1.34240310935362,51.543686280692],[-1.3287207966799,51.5637124135033],[-1.26065559107578,51.5377899051538],[-1.22679203559485,51.5351584620885]]]},"properties":{"CSP21CD":"E22000314","CSP21NM":"West Berkshire"}},{"type":"Feature","geometry":{"type":"Polygon","coordinates":[[[-1.32234287012786,51.7878396561035],[-1.36378477917518,51.7721067733093],[-1.36871464191471,51.7237374922592],[-1.39191993739824,51.7062959256464],[-1.45900923427453,51.7133043203131],[-1.46455653590803,51.6996296312283],[-1.47903856716974,51.7038495613709],[-1.48986639733624,51.6940163752854],[-1.54518762589617,51.7032393324392],[-1.5756449815067,51.7000887081066],[-1.59856301284033,51.6879094324822],[-1.6060445725769,51.6922559630325],[-1.64825374342062,51.6840870667632],[-1.68800012551327,51.7120447484807],[-1.69587065656067,51.7235374534648],[-1.6870208353919,51.7398840237491],[-1.70070464063817,51.7705842309133],[-1.71948863302901,51.783211828608],[-1.68193160633868,51.8039930873526],[-1.68646159226861,51.834455791808],[-1.67638499897572,51.8503096863382],[-1.68686790516724,51.865499769979],[-1.66711188278055,51.8770000586035],[-1.6586519744456,51.8965511935467],[-1.63305061648252,51.8992254674722],[-1.64552984349675,51.9222942568441],[-1.61518893058729,51.9376816298851],[-1.63249065036283,51.9556514588347],[-1.66252911046192,51.96400494758],[-1.66575430454863,51.9874888219864],[-1.61234247849955,51.9554034171782],[-1.5916338243768,51.9704499714443],[-1.60030155963125,51.9769415562367],[-1.56353907898642,51.977040370489],[-1.5496712341503,51.9808596590458],[-1.55722360987893,51.9916576656612],[-1.52282569381325,51.9968433232583],[-1.49366830577976,51.974898785987],[-1.45407737299139,51.9796705536453],[-1.43737183445808,51.9891925734778],[-1.40965214114723,51.9727077076961],[-1.40186767483595,51.979870255467],[-1.37731865869742,51.9796369123785],[-1.36139623053788,51.9685367691785],[-1.36185805954152,51.9483750320843],[-1.33246526558143,51.9421494292283],[-1.33995155587948,51.9349007546276],[-1.29891894233659,51.9131558163255],[-1.30369055755698,51.9026123785015],[-1.29133318851888,51.8966808426208],[-1.29799206239821,51.8883930432814],[-1.28625255166708,51.874838306894],[-1.30211341142281,51.8691160663026],[-1.29674534670812,51.8610999190669],[-1.33399446573874,51.8624789496846],[-1.33917530058564,51.8561728951774],[-1.34200086859349,51.8301814278012],[-1.32669493699096,51.8266162070273],[-1.33834131829048,51.8199522812362],[-1.32234287012786,51.7878396561035]]]},"properties":{"CSP21CD":"E22000315","CSP21NM":"West Oxfordshire"}},{"type":"Feature","geometry":{"type":"Polygon","coordinates":[[[-0.694176987502014,51.5621755151605],[-0.70316470355774,51.5111067363008],[-0.652125325213239,51.4854936423975],[-0.633881969088683,51.492381769527],[-0.642211995205478,51.5006272384143],[-0.626529885484881,51.5044137150605],[-0.607716162352804,51.4972515023419],[-0.600575771452686,51.5023044758944],[-0.565568404210051,51.4913420176521],[-0.560550664270769,51.4972117158478],[-0.534354978818388,51.4867853339592],[-0.524358681535487,51.471528484042],[-0.54061316396913,51.4578521275783],[-0.522765050804453,51.4353004066197],[-0.571675217761157,51.451007631736],[-0.59393878288985,51.4416606269605],[-0.618495201013367,51.3923882534352],[-0.616344267326498,51.3835395923837],[-0.667634283855982,51.3845713456129],[-0.696540470455116,51.4109103697849],[-0.676260503648725,51.4315828698535],[-0.631309270281672,51.4144545434314],[-0.630552938632746,51.442192361264],[-0.661982328325828,51.4443193337879],[-0.656755756603434,51.4614941608613],[-0.672746126800362,51.4578491131412],[-0.688866170515666,51.4669598587046],[-0.71441818197128,51.4671441640858],[-0.724526232749236,51.4561391526177],[-0.76462816963277,51.459722619744],[-0.78256490664671,51.4686900761317],[-0.800019761547891,51.4411821496758],[-0.818085732865223,51.4431909950858],[-0.833754365368195,51.4640986840307],[-0.821784170089364,51.472602466139],[-0.829375464515667,51.4870691973525],[-0.817390197616722,51.5072375468219],[-0.853907491772685,51.5260731085118],[-0.842743668055121,51.5447586197339],[-0.792963793969878,51.5513590831944],[-0.775040570148754,51.5666832765511],[-0.756939373908322,51.5649056087313],[-0.726956836479073,51.5774183669602],[-0.715602285190667,51.5765931805618],[-0.710365049380513,51.5638589951775],[-0.694176987502014,51.5621755151605]]]},"properties":{"CSP21CD":"E22000316","CSP21NM":"Windsor and Maidenhead"}},{"type":"Feature","geometry":{"type":"Polygon","coordinates":[[[-0.842743668055121,51.5447586197339],[-0.853907491772685,51.5260731085118],[-0.817390197616722,51.5072375468219],[-0.829375464515667,51.4870691973525],[-0.821784170089364,51.472602466139],[-0.833754365368195,51.4640986840307],[-0.818085732865223,51.4431909950858],[-0.800019761547891,51.4411821496758],[-0.792505466831662,51.4088496305634],[-0.801521116860122,51.4053010341783],[-0.788839993914029,51.3717507068192],[-0.813571306715724,51.3703184869801],[-0.837349302933734,51.3528712213498],[-0.877856218050537,51.3525912694795],[-0.92369481434098,51.3660104953327],[-0.986123750530059,51.3628482885656],[-0.981724611413117,51.3757487836556],[-1.01188405929674,51.392866627908],[-1.00114760374169,51.426382336042],[-0.973699998502634,51.4097807646839],[-0.961925701360532,51.4123449068238],[-0.943398584563263,51.42930984107],[-0.945215133170977,51.4461698757389],[-0.928475285041177,51.4451620949531],[-0.949167813963054,51.4595133249537],[-0.921698113833287,51.4679314581436],[-0.893850448342287,51.4966426179206],[-0.870252757150505,51.503629332783],[-0.878512270321433,51.5234856398144],[-0.900134311968213,51.5366613900098],[-0.896882190115767,51.5448630133878],[-0.879723062320183,51.5621275783588],[-0.842743668055121,51.5447586197339]]]},"properties":{"CSP21CD":"E22000317","CSP21NM":"Wokingham"}},{"type":"Feature","geometry":{"type":"Polygon","coordinates":[[[-0.736638640576195,51.7191608617569],[-0.746462216778467,51.7043205165346],[-0.762109038045583,51.7023640904387],[-0.757955586021824,51.6939821936114],[-0.692078411446415,51.6550869265302],[-0.689167419844808,51.618604793455],[-0.679080587349797,51.620604795734],[-0.675380961925464,51.6078566535394],[-0.672145945804548,51.5726249442025],[-0.678240865724877,51.5636371861889],[-0.694176987502014,51.5621755151605],[-0.710365049380513,51.5638589951775],[-0.715602285190667,51.5765931805618],[-0.726956836479073,51.5774183669602],[-0.756939373908322,51.5649056087313],[-0.775040570148754,51.5666832765511],[-0.792963793969878,51.5513590831944],[-0.842743668055121,51.5447586197339],[-0.879723062320183,51.5621275783588],[-0.896882190115767,51.5448630133878],[-0.901701148010454,51.5560859225982],[-0.938602277224955,51.5710416033617],[-0.94152974306921,51.5854612162853],[-0.916925918131782,51.5996867680738],[-0.942988074255198,51.6047878597917],[-0.938565867318077,51.6179431619577],[-0.950124006389325,51.6215618646881],[-0.948873179869862,51.6313658168914],[-0.934577414537855,51.6366382662182],[-0.950725842013544,51.6507411973348],[-0.927251214485182,51.6514436207499],[-0.930795874678352,51.6660937383426],[-0.910172503442839,51.673860957203],[-0.877706762468148,51.6683850758408],[-0.897896373360577,51.6764007553867],[-0.879895887122356,51.6808648769757],[-0.894772980132941,51.6925222890904],[-0.887630286857886,51.7182260168282],[-0.912782127785908,51.7370282589383],[-0.904553087781989,51.7517818379624],[-0.876962353641736,51.7480625634827],[-0.856395144713735,51.7608250062814],[-0.862420511244381,51.7672063584824],[-0.835068176410987,51.7690301924756],[-0.839370053001916,51.7779412004329],[-0.808935620366348,51.7824522097181],[-0.785309716691474,51.7697615594595],[-0.771492112980621,51.7741877594922],[-0.76478606956886,51.7500579783444],[-0.736638640576195,51.7191608617569]]]},"properties":{"CSP21CD":"E22000318","CSP21NM":"Wycombe"}},{"type":"Feature","geometry":{"type":"Polygon","coordinates":[[[-1.55177141577137,52.6674551064611],[-1.54451698666015,52.6446078764288],[-1.57135417978669,52.6352716299301],[-1.55445434227788,52.6147614151268],[-1.56075676843526,52.5961562428648],[-1.5271552279268,52.5827378316751],[-1.52286777646333,52.5706005994426],[-1.45999402369308,52.5515899273182],[-1.4866528408289,52.5403890439232],[-1.55603559037648,52.5319321835245],[-1.55339055836026,52.5134058496332],[-1.51429674358654,52.4828597403338],[-1.51482261244222,52.4762667858341],[-1.54517522173032,52.4726560844762],[-1.5303566547521,52.4704146881316],[-1.53979081939549,52.4647986868735],[-1.56119166725727,52.4552225703466],[-1.58986310702649,52.4619121090901],[-1.59548725924308,52.4559197590616],[-1.62445220517117,52.4635386718159],[-1.64139672496165,52.4433435753493],[-1.66228667335888,52.4442993244246],[-1.66658594082774,52.4354715665142],[-1.67715419118533,52.4363566272537],[-1.75352319084031,52.5129668960538],[-1.753810175173,52.5212131624278],[-1.72887793344338,52.524562767624],[-1.74908599922833,52.5314223642904],[-1.7559982648358,52.5553824957752],[-1.7742300480517,52.5646277806898],[-1.76354616286319,52.5709791319543],[-1.7880812993329,52.5878626088221],[-1.74240800261814,52.5943253674271],[-1.729310527494,52.5879332938725],[-1.7003926529636,52.5909126449143],[-1.66563959036358,52.5922522330128],[-1.64377721430859,52.6033547323874],[-1.64242246730325,52.6409402951618],[-1.6329197884851,52.6434814243958],[-1.6449429538447,52.6575167797495],[-1.5896451852037,52.6872608081784],[-1.55177141577137,52.6674551064611]]]},"properties":{"CSP21CD":"E22000319","CSP21NM":"North Warwickshire"}},{"type":"Feature","geometry":{"type":"Polygon","coordinates":[[[-1.41734425186395,52.5344553070612],[-1.42886842891357,52.5161906605039],[-1.40546220185868,52.5131340262037],[-1.40502759218658,52.4763771323366],[-1.4104105897706,52.4665662889779],[-1.43762247762905,52.4680470683586],[-1.45905317416489,52.4551580337385],[-1.49198212413026,52.4585847543545],[-1.50503396324006,52.4500892412062],[-1.53979081939549,52.4647986868735],[-1.5303566547521,52.4704146881316],[-1.54517522173032,52.4726560844762],[-1.51482261244222,52.4762667858341],[-1.51429674358654,52.4828597403338],[-1.55339055836026,52.5134058496332],[-1.55603559037648,52.5319321835245],[-1.4866528408289,52.5403890439232],[-1.45999402369308,52.5515899273182],[-1.41734425186395,52.5344553070612]]]},"properties":{"CSP21CD":"E22000320","CSP21NM":"Nuneaton and Bedworth"}},{"type":"Feature","geometry":{"type":"Polygon","coordinates":[[[-1.32508812135485,52.5010423245412],[-1.30594754120562,52.4933952805605],[-1.20161328230779,52.3967317959132],[-1.17497303441117,52.3562898079582],[-1.23338985998341,52.3465160426244],[-1.26535489040084,52.3283606829397],[-1.20923383158981,52.3152040796742],[-1.23378294833003,52.290328106844],[-1.21573028066017,52.2663781647675],[-1.23299880379763,52.2532588499543],[-1.25947790368642,52.256503368883],[-1.2878031010097,52.2736257371497],[-1.30901531727689,52.2574734664414],[-1.38915222664198,52.3008573192689],[-1.41940775930447,52.3037535843654],[-1.40697286704422,52.3191214441215],[-1.43597554528106,52.3284165584949],[-1.44364269087787,52.3455356790609],[-1.45619918213479,52.3467772347763],[-1.44805105842048,52.3536774400587],[-1.46491357144704,52.3580775285269],[-1.46401360334253,52.3732671682518],[-1.43139440360837,52.3968694682758],[-1.43804556686305,52.4102573583979],[-1.4239324884753,52.4329788214798],[-1.45905317416489,52.4551580337385],[-1.43762247762905,52.4680470683586],[-1.4104105897706,52.4665662889779],[-1.40502759218658,52.4763771323366],[-1.40546220185868,52.5131340262037],[-1.42886842891357,52.5161906605039],[-1.41734425186395,52.5344553070612],[-1.32508812135485,52.5010423245412]]]},"properties":{"CSP21CD":"E22000321","CSP21NM":"Rugby"}},{"type":"Feature","geometry":{"type":"Polygon","coordinates":[[[-2.61803476082432,52.3069569825661],[-2.66320843615968,52.3039209964968],[-2.63987718684578,52.2863754817816],[-2.59793122459573,52.2816177134603],[-2.62829691741787,52.261164580506],[-2.6289691880592,52.2403729170107],[-2.57420551071335,52.2527313850736],[-2.53167300470246,52.2532767669944],[-2.52581952783101,52.2480966409567],[-2.4956508287493,52.2569415191676],[-2.50311281254,52.2774495632506],[-2.45140272258487,52.2850827749681],[-2.42799581004903,52.2706099357052],[-2.46809895102878,52.256038011508],[-2.47470174108041,52.2413590868946],[-2.46485757968369,52.2343739358296],[-2.42306524241214,52.2372605126344],[-2.38440013667357,52.225234829949],[-2.40389375615873,52.2214504115743],[-2.39267869727477,52.2086147380727],[-2.40783866986951,52.2027510521613],[-2.42194842839694,52.1724751157631],[-2.43517518126441,52.1682166248627],[-2.41519497909439,52.1452402389999],[-2.37932119133153,52.1551116070678],[-2.35140196148415,52.1446241346638],[-2.35214734429092,52.1034855887708],[-2.33796261565779,52.0898846202391],[-2.35137852244174,52.0213590290394],[-2.39289223171328,52.0129587700424],[-2.3990184898963,51.9961459478794],[-2.41319627507641,51.9940903078117],[-2.43729372314514,51.9971670434287],[-2.4365473513555,52.01479580575],[-2.46325568883201,52.0143402782952],[-2.46407938640931,52.0232741849463],[-2.47893230092191,52.02253041104],[-2.49198479935107,52.0076618755015],[-2.47099259337338,51.9947360731079],[-2.49491293332375,51.9810752068267],[-2.49224484623915,51.9641287773142],[-2.50090645407367,51.9606091442864],[-2.46548701732309,51.9516964072477],[-2.4660430006938,51.9279745035373],[-2.44818479288624,51.9186682322372],[-2.43935797872739,51.8973957283352],[-2.48779469274655,51.8804175459086],[-2.50862440109418,51.8851690569453],[-2.53162394037576,51.8607715469017],[-2.5806409604219,51.861671376437],[-2.58281688241695,51.849577352947],[-2.60121663304725,51.8562162644087],[-2.62546695815918,51.8389640024544],[-2.63671005341688,51.8430952612886],[-2.65040070567432,51.8261246889383],[-2.66619753963782,51.8356235570426],[-2.69329553822647,51.8338410121663],[-2.69730211579747,51.844809127665],[-2.71512837058452,51.840243927709],[-2.71960515391467,51.8489192761031],[-2.73884858634764,51.8366165103794],[-2.77879887552431,51.8658590666979],[-2.76842830785132,51.8805409983434],[-2.83610068001895,51.9060450000692],[-2.84190837020532,51.9177264823441],[-2.86191985467354,51.9140181537124],[-2.84493489320752,51.9220259976496],[-2.87783522764085,51.9338143761337],[-2.97184633087118,51.9049816267882],[-2.97666533447377,51.9274901991849],[-3.00812331564277,51.9271305466736],[-3.02594450042839,51.9572822872311],[-3.06736793856371,51.9831427879402],[-3.09919890693024,52.0226858085701],[-3.08628664345927,52.0401943744894],[-3.09058811273154,52.0505132879254],[-3.12589561704003,52.0783108216199],[-3.1227151698686,52.1031579308801],[-3.10546572555448,52.105386239037],[-3.10498507710709,52.116727616734],[-3.14192072484887,52.1278671854243],[-3.13587330508285,52.1379083922528],[-3.09369007605061,52.144305996423],[-3.0725382658941,52.1557732347873],[-3.08254318096633,52.1630471608847],[-3.09889603996449,52.1547338860874],[-3.12243047087079,52.1634196055799],[-3.09465104889233,52.1837422730342],[-3.10208187078616,52.2027204256414],[-3.07209180392951,52.213087287645],[-3.07303671184147,52.2358769206231],[-3.04421511843317,52.2379274562371],[-3.04831809735968,52.2502329092591],[-3.03586088954314,52.2567570188263],[-3.00577598466957,52.2642595027327],[-2.97718162692593,52.2596861472059],[-2.94963475580722,52.2694682342234],[-3.01260808725634,52.2791690028117],[-3.00086604665785,52.3217658053593],[-2.96680116367831,52.3294490746378],[-2.95465135625057,52.3491547628498],[-2.93314924449305,52.3500521344638],[-2.93888929692198,52.3610579830377],[-2.9261433373763,52.366995255805],[-2.90080513581716,52.3672702614202],[-2.92231079516907,52.3751473465218],[-2.9176851490735,52.3862884794478],[-2.89313510339412,52.3740884938803],[-2.88845681203454,52.385154203445],[-2.85501758555997,52.3954853452774],[-2.81822288080805,52.3912299529276],[-2.80543256064045,52.3882520709597],[-2.80732909741049,52.3759114490775],[-2.79250462990759,52.375283534138],[-2.79242010801848,52.3568636039561],[-2.73276668080261,52.3555324881577],[-2.74837976314791,52.3349023999633],[-2.76698682979255,52.3361126175067],[-2.71424980497088,52.3088778910858],[-2.67981117516044,52.312023092938],[-2.68912776448561,52.3166054827206],[-2.66606616454924,52.3423011032391],[-2.6239344865987,52.3213941367398],[-2.61803476082432,52.3069569825661]]]},"properties":{"CSP21CD":"E22000326","CSP21NM":"Herefordshire, County of"}},{"type":"Feature","geometry":{"type":"Polygon","coordinates":[[[-1.93461083149063,52.2520178646591],[-1.91746463165546,52.2181838110153],[-1.93563393045851,52.2041212314579],[-1.94164148445488,52.177406344066],[-1.96040736772155,52.1686717313137],[-1.93548275837819,52.1695570853923],[-1.9443024167711,52.1553331527715],[-1.92188699893781,52.1530062956869],[-1.90347301013314,52.133450944486],[-1.88511820710407,52.1468531416659],[-1.89422974637425,52.1482514762684],[-1.88977183547481,52.1562131340578],[-1.86692724441238,52.153007967663],[-1.85418798079449,52.138520914398],[-1.8396721464105,52.152713685185],[-1.82334774779545,52.1459250780329],[-1.82321733193223,52.1363823220937],[-1.80843385608566,52.1398755712958],[-1.78554803075531,52.1320586070751],[-1.79100431323698,52.1201935592893],[-1.75739824866764,52.1159444098204],[-1.76764874769465,52.1125925601067],[-1.80228873762243,52.0969414695018],[-1.81273665650818,52.0787440014706],[-1.81894341276327,52.0854041151211],[-1.83175334172358,52.0727693542685],[-1.84661960637666,52.0794210956629],[-1.87440607681162,52.0699909115952],[-1.86344917989937,52.053417723062],[-1.8345888140813,52.0437330167182],[-1.8250228816679,52.0309334135568],[-1.83905030714283,52.0067831284916],[-1.91344602070409,52.0444612406154],[-1.93173022075699,52.0299592834289],[-1.95138760292282,52.0377252735293],[-1.98413574037062,52.0358792744237],[-2.03835621126119,52.0046006235229],[-2.04951417600198,52.0037962185805],[-2.06078374065176,52.0146805603219],[-2.08487319407292,52.0104785846223],[-2.11219762720392,52.0153447349971],[-2.14068698320585,51.9994641968075],[-2.15078195954122,52.0066280416879],[-2.14003952472973,52.0272716187852],[-2.11608955278632,52.0378700175261],[-2.1620361844493,52.0505671494144],[-2.18045118695184,52.0422625534122],[-2.17688298069408,52.022616879474],[-2.18768330302322,52.0190801576711],[-2.16463014559703,51.9961432541514],[-2.1807485360373,51.9996151713198],[-2.18508403441562,51.9905609788574],[-2.2206132435217,51.9954966448483],[-2.25135998124032,51.9665649342157],[-2.27055558557873,51.9689390809737],[-2.30043302609069,51.9667752646008],[-2.31261970069138,51.976504974576],[-2.32653883120796,51.9757909468963],[-2.32470967818414,52.0035672783312],[-2.35254266829771,52.0135353102849],[-2.35137852244174,52.0213590290394],[-2.33796261565779,52.0898846202391],[-2.35214734429092,52.1034855887708],[-2.35140196148415,52.1446241346638],[-2.37932119133153,52.1551116070678],[-2.41519497909439,52.1452402389999],[-2.43517518126441,52.1682166248627],[-2.42194842839694,52.1724751157631],[-2.40783866986951,52.2027510521613],[-2.39267869727477,52.2086147380727],[-2.40389375615873,52.2214504115743],[-2.38440013667357,52.225234829949],[-2.42306524241214,52.2372605126344],[-2.46485757968369,52.2343739358296],[-2.47470174108041,52.2413590868946],[-2.46809895102878,52.256038011508],[-2.42799581004903,52.2706099357052],[-2.45140272258487,52.2850827749681],[-2.50311281254,52.2774495632506],[-2.4956508287493,52.2569415191676],[-2.52581952783101,52.2480966409567],[-2.53167300470246,52.2532767669944],[-2.57420551071335,52.2527313850736],[-2.6289691880592,52.2403729170107],[-2.62829691741787,52.261164580506],[-2.59793122459573,52.2816177134603],[-2.63987718684578,52.2863754817816],[-2.66320843615968,52.3039209964968],[-2.61803476082432,52.3069569825661],[-2.57485259380717,52.3175760228212],[-2.56264435828822,52.3111365754448],[-2.56221899576703,52.3331082832588],[-2.53914994730822,52.3441390883156],[-2.51212945833582,52.3371102595184],[-2.51320477489778,52.3292139122079],[-2.48179590843371,52.3310777473859],[-2.48832715242412,52.3553975393889],[-2.4747702332673,52.3671455210521],[-2.41492339318484,52.3682547125976],[-2.42099179302258,52.3330604710681],[-2.43648185662274,52.3239967731417],[-2.4030097826163,52.326730309894],[-2.38953678297832,52.321226740951],[-2.36981647301464,52.3268066307973],[-2.36328281500724,52.3148509529162],[-2.32894394578,52.320273983945],[-2.31093194204397,52.340550090416],[-2.29916401578431,52.3223600109167],[-2.27388986097079,52.3289321407385],[-2.2646416216017,52.3234081422406],[-2.26921248450315,52.3362826117621],[-2.24951375440456,52.3456721751835],[-2.24568386647501,52.361036233594],[-2.2321338655023,52.3612192577164],[-2.20786954120452,52.3532704713595],[-2.19046415007379,52.3289358869164],[-2.17088025950861,52.3316414417445],[-2.1696826530118,52.3171266575446],[-2.14885868348592,52.3463082528745],[-2.12774126903038,52.3522441067154],[-2.13147114145511,52.347079656597],[-2.11328311687734,52.3371619384153],[-2.12405512062693,52.3145029140462],[-2.08516367736649,52.3134990097277],[-2.09168999868822,52.2885608696368],[-2.00245990914605,52.2795824171182],[-2.01552960892091,52.2700022303517],[-2.01698243774291,52.2373748329788],[-1.96758525140064,52.2370254601366],[-1.93461083149063,52.2520178646591]]]},"properties":{"CSP21CD":"E22000332","CSP21NM":"South Worcester"}},{"type":"Feature","geometry":{"type":"Polygon","coordinates":[[[-2.31220754402045,52.7408672184566],[-2.3155761976627,52.7329474158237],[-2.35792862635308,52.7312125484689],[-2.37654762449238,52.7395970625078],[-2.41902901166181,52.6628920164182],[-2.41829505360872,52.6337749410688],[-2.43663474871759,52.6270940478354],[-2.43811069608761,52.6145585603198],[-2.50177354912493,52.6290188142103],[-2.54845742726727,52.6547126133052],[-2.55564737354675,52.6710981077424],[-2.62254969542173,52.6990321685353],[-2.59741996828975,52.7182511698821],[-2.66023986584404,52.731624688758],[-2.66341537473471,52.7604411712564],[-2.64312849256875,52.7670846596779],[-2.63233128566817,52.7595905538297],[-2.62100320767185,52.7765219605895],[-2.59224445077165,52.7768495572435],[-2.59800685838951,52.7979685830807],[-2.58278551595992,52.8056251581841],[-2.55183543570501,52.8025350827926],[-2.53380989885022,52.7941188252219],[-2.53751454460714,52.7851089648203],[-2.5219890237145,52.7989513218527],[-2.50302787014664,52.7966042669454],[-2.48650658342808,52.8052457111754],[-2.47712088994151,52.7993785524561],[-2.48970354173006,52.7829732899282],[-2.47280977449132,52.7804223278005],[-2.45625527532494,52.7841864530811],[-2.47289499273347,52.8208034197707],[-2.41634660240013,52.8270059910047],[-2.37765452620115,52.8116428164253],[-2.37141425861748,52.7952845564449],[-2.38503139730095,52.7895534240477],[-2.31220754402045,52.7408672184566]]]},"properties":{"CSP21CD":"E22000333","CSP21NM":"Telford and Wrekin"}},{"type":"Feature","geometry":{"type":"Polygon","coordinates":[[[-1.7880812993329,52.5878626088221],[-1.76354616286319,52.5709791319543],[-1.7742300480517,52.5646277806898],[-1.7559982648358,52.5553824957752],[-1.74908599922833,52.5314223642904],[-1.72887793344338,52.524562767624],[-1.753810175173,52.5212131624278],[-1.75352319084031,52.5129668960538],[-1.7994466173531,52.504293229929],[-1.75578291862516,52.4994801098965],[-1.75960051292333,52.45191095861],[-1.77914629442649,52.4501546161748],[-1.80031736681895,52.4582975785202],[-1.83464356060036,52.4174332812171],[-1.84449615918718,52.4102526399837],[-1.86664513342295,52.4110453152608],[-1.86874678259764,52.4047375099132],[-1.8826972850066,52.3998129649372],[-1.91367502449958,52.4074643041657],[-1.93431470610424,52.3872363795687],[-1.95361379620871,52.3933706517577],[-1.99848638916746,52.3811379967551],[-2.03364061279039,52.4023279275498],[-1.98603705906246,52.4167261859898],[-2.01699028095924,52.4326829309962],[-2.01324348263751,52.4621907903812],[-1.97789677393305,52.4671654765627],[-1.96400703683339,52.481985693935],[-1.95077702386458,52.4832466622701],[-1.93813215324312,52.4984247557075],[-1.96302485370939,52.5048973105992],[-1.96198143019223,52.5284157207099],[-1.92944100148343,52.5312992140848],[-1.93314991922693,52.5458128130404],[-1.91815749708244,52.5473065302947],[-1.87871599452266,52.5694343752689],[-1.87256445035415,52.5849446957769],[-1.85395416211155,52.6019250354407],[-1.82812858189664,52.6087219886757],[-1.7965280894026,52.5991229386816],[-1.7880812993329,52.5878626088221]]]},"properties":{"CSP21CD":"E22000335","CSP21NM":"Birmingham"}},{"type":"Feature","geometry":{"type":"Polygon","coordinates":[[[-1.45905317416489,52.4551580337385],[-1.4239324884753,52.4329788214798],[-1.43804556686305,52.4102573583979],[-1.43139440360837,52.3968694682758],[-1.46401360334253,52.3732671682518],[-1.50449893765669,52.377807147852],[-1.51391247813349,52.3690618020562],[-1.52465132517521,52.3794009009746],[-1.5524124217106,52.3638920750157],[-1.56760688746162,52.3846889239322],[-1.60106738247379,52.3892994855589],[-1.60217550224297,52.41605701555],[-1.61445000065458,52.4279679997273],[-1.60827084648276,52.4388409749033],[-1.59522861041217,52.4399264159155],[-1.59548725924308,52.4559197590616],[-1.58986310702649,52.4619121090901],[-1.56119166725727,52.4552225703466],[-1.53979081939549,52.4647986868735],[-1.50503396324006,52.4500892412062],[-1.49198212413026,52.4585847543545],[-1.45905317416489,52.4551580337385]]]},"properties":{"CSP21CD":"E22000336","CSP21NM":"Coventry"}},{"type":"Feature","geometry":{"type":"Polygon","coordinates":[[[-2.07394205771191,52.5498796749801],[-2.07959040786026,52.5240847825462],[-2.0572576082469,52.5122714753012],[-2.0643228987227,52.4871689853206],[-2.09709041517253,52.4683948200989],[-2.05901666622542,52.4619753507455],[-2.02274923685235,52.480551405526],[-2.01324348263751,52.4621907903812],[-2.01699028095924,52.4326829309962],[-2.03698776266666,52.4275457075304],[-2.03788100010757,52.4415575551052],[-2.05578306154507,52.4413058490695],[-2.06246734325287,52.4274306533899],[-2.06805186468972,52.4351950959813],[-2.08482057426392,52.4321975526348],[-2.09856509199697,52.4452835394779],[-2.13602683609072,52.4262682229475],[-2.16485128257998,52.4302041413132],[-2.17648315747155,52.4548218475081],[-2.16741962532073,52.4715410983952],[-2.19194049675542,52.5034552744859],[-2.1442106820995,52.5170740585455],[-2.15221000603085,52.525696073702],[-2.13558727620906,52.5344609374318],[-2.13348672789088,52.5540666639507],[-2.12145369207196,52.5569349883017],[-2.10824437895226,52.54394488066],[-2.07977875403891,52.5570273186346],[-2.07394205771191,52.5498796749801]]]},"properties":{"CSP21CD":"E22000337","CSP21NM":"Dudley"}},{"type":"Feature","geometry":{"type":"Polygon","coordinates":[[[-1.91815749708244,52.5473065302947],[-1.93314991922693,52.5458128130404],[-1.92944100148343,52.5312992140848],[-1.96198143019223,52.5284157207099],[-1.96302485370939,52.5048973105992],[-1.93813215324312,52.4984247557075],[-1.95077702386458,52.4832466622701],[-1.96400703683339,52.481985693935],[-1.97789677393305,52.4671654765627],[-2.01324348263751,52.4621907903812],[-2.02274923685235,52.480551405526],[-2.05901666622542,52.4619753507455],[-2.09709041517253,52.4683948200989],[-2.0643228987227,52.4871689853206],[-2.0572576082469,52.5122714753012],[-2.07959040786026,52.5240847825462],[-2.07394205771191,52.5498796749801],[-2.05098246778017,52.5527291152837],[-2.01097848483523,52.5690653353549],[-1.97549655588075,52.5555604055438],[-1.96414344608535,52.563226772202],[-1.95106861813868,52.556833061133],[-1.93392727461876,52.5600341734747],[-1.91815749708244,52.5473065302947]]]},"properties":{"CSP21CD":"E22000338","CSP21NM":"Sandwell"}},{"type":"Feature","geometry":{"type":"Polygon","coordinates":[[[-1.59548725924308,52.4559197590616],[-1.59522861041217,52.4399264159155],[-1.60827084648276,52.4388409749033],[-1.61445000065458,52.4279679997273],[-1.60217550224297,52.41605701555],[-1.60106738247379,52.3892994855589],[-1.62340074737034,52.3655514483218],[-1.65131028325382,52.3564211107174],[-1.66088809306568,52.3656701065801],[-1.68432272655293,52.3632320067302],[-1.69388500073929,52.3510133572142],[-1.71854635203768,52.3557377229793],[-1.72025822194711,52.3725740130338],[-1.7349710475099,52.3702434620116],[-1.74616686933364,52.354935208379],[-1.77922436694685,52.3645399179904],[-1.77767963614628,52.3477398329617],[-1.80780141734951,52.3666080026736],[-1.87203384032481,52.3675985302351],[-1.84549830963187,52.3997822153889],[-1.86874678259764,52.4047375099132],[-1.86664513342295,52.4110453152608],[-1.84449615918718,52.4102526399837],[-1.83464356060036,52.4174332812171],[-1.80031736681895,52.4582975785202],[-1.77914629442649,52.4501546161748],[-1.75960051292333,52.45191095861],[-1.75578291862516,52.4994801098965],[-1.7994466173531,52.504293229929],[-1.75352319084031,52.5129668960538],[-1.67715419118533,52.4363566272537],[-1.66658594082774,52.4354715665142],[-1.66228667335888,52.4442993244246],[-1.64139672496165,52.4433435753493],[-1.62445220517117,52.4635386718159],[-1.59548725924308,52.4559197590616]]]},"properties":{"CSP21CD":"E22000339","CSP21NM":"Solihull"}},{"type":"Feature","geometry":{"type":"Polygon","coordinates":[[[-1.87256445035415,52.5849446957769],[-1.87871599452266,52.5694343752689],[-1.91815749708244,52.5473065302947],[-1.93392727461876,52.5600341734747],[-1.95106861813868,52.556833061133],[-1.96414344608535,52.563226772202],[-1.97549655588075,52.5555604055438],[-2.01097848483523,52.5690653353549],[-2.05098246778017,52.5527291152837],[-2.06195257793633,52.55824905929],[-2.05002212961767,52.5721405432493],[-2.07782393325462,52.5860604686774],[-2.05459907538167,52.600847565362],[-2.05071786918317,52.6205226805822],[-2.03012315423271,52.6169545037431],[-2.02946571800893,52.6256739087564],[-1.98655031223884,52.6404092782399],[-1.96096309818208,52.6428146771464],[-1.95456973548851,52.6626411711504],[-1.9454019192549,52.6562986344432],[-1.93356858004758,52.6616101045633],[-1.91087797950224,52.656500776471],[-1.91801459097475,52.6498947404699],[-1.90508380548937,52.6432075574539],[-1.91598526501652,52.6352857818685],[-1.88608807518652,52.6154115328795],[-1.8922660164266,52.599151928031],[-1.87256445035415,52.5849446957769]]]},"properties":{"CSP21CD":"E22000340","CSP21NM":"Walsall"}},{"type":"Feature","geometry":{"type":"Polygon","coordinates":[[[-2.05071786918317,52.6205226805822],[-2.05459907538167,52.600847565362],[-2.07782393325462,52.5860604686774],[-2.05002212961767,52.5721405432493],[-2.06195257793633,52.55824905929],[-2.05098246778017,52.5527291152837],[-2.07394205771191,52.5498796749801],[-2.07977875403891,52.5570273186346],[-2.10824437895226,52.54394488066],[-2.12145369207196,52.5569349883017],[-2.13348672789088,52.5540666639507],[-2.1755346715768,52.5544071322454],[-2.18033702695975,52.5745049379407],[-2.20669618824762,52.5851794880261],[-2.18918611805601,52.5887750856374],[-2.19639726168784,52.6066153665899],[-2.16915726306721,52.609338362556],[-2.16835061769236,52.6199896641602],[-2.13164409930699,52.6376230837758],[-2.10124106052418,52.6350533628848],[-2.08100174127972,52.6119049797521],[-2.05071786918317,52.6205226805822]]]},"properties":{"CSP21CD":"E22000341","CSP21NM":"Wolverhampton"}},{"type":"Feature","geometry":{"type":"Polygon","coordinates":[[[-1.72721624906541,53.9101971483664],[-1.73204875024348,53.8959432218969],[-1.71705760201342,53.892261688153],[-1.72543076198769,53.8856892551507],[-1.75635481095995,53.8847060962697],[-1.78746483055355,53.8969004813653],[-1.80042422664219,53.8859645649888],[-1.76051110244658,53.8636090293232],[-1.71528600995672,53.8662445633474],[-1.6950919532714,53.857537953259],[-1.7119957394645,53.7830697684932],[-1.68227057161415,53.7864149156248],[-1.67423335807779,53.7800047806695],[-1.64040591340331,53.7796837040251],[-1.64956380563777,53.7681979235657],[-1.68162088419758,53.7564689245215],[-1.71443157386961,53.7624581400957],[-1.73376536725727,53.7469183394299],[-1.74722512348894,53.7468142079434],[-1.74590093133047,53.7344898403371],[-1.76090891409939,53.7346454154492],[-1.77008624312907,53.7262523423731],[-1.80936786794178,53.7643807054358],[-1.82783641987897,53.7637326806219],[-1.85545631955713,53.7483079538574],[-1.87265337279891,53.7549408823826],[-1.87340280610694,53.7786904064963],[-1.92817167079471,53.7875770158841],[-1.98084882466309,53.786352988811],[-1.98676518647138,53.7961506149606],[-2.06125057169733,53.8256354819636],[-2.04692463706631,53.8295102819506],[-2.04613032171259,53.8501412464577],[-2.02175085543423,53.8715375090729],[-1.98019888373294,53.8711154028578],[-1.97941943031718,53.9011319984765],[-1.95256707298634,53.9035332799352],[-1.97686723160789,53.9264177673808],[-1.96307646765848,53.9334042141564],[-1.96618594335563,53.9515549652604],[-1.95068342650275,53.9567427305714],[-1.92797977690032,53.9504588455711],[-1.87951306390985,53.9628386251705],[-1.86053481166236,53.9327892449092],[-1.83619999295911,53.9314203881017],[-1.84768927934353,53.9407727583562],[-1.80508916329937,53.9390226691492],[-1.77597854946963,53.9214883686093],[-1.74562604180612,53.9230037629874],[-1.72721624906541,53.9101971483664]]]},"properties":{"CSP21CD":"E22000342","CSP21NM":"Bradford"}},{"type":"Feature","geometry":{"type":"Polygon","coordinates":[[[-1.77008624312907,53.7262523423731],[-1.75363679123141,53.7258602592013],[-1.73587108417812,53.7132428087885],[-1.7312828026626,53.6803720024641],[-1.74730180983464,53.6945945763215],[-1.8257242712751,53.6702562149199],[-1.85368284031579,53.6725378797399],[-1.8435662907843,53.6661219127021],[-1.89459856432188,53.6454218122128],[-1.93415227599983,53.648339612259],[-1.97274372991519,53.6257734751548],[-2.00947078713106,53.6167795111392],[-2.02303595762586,53.6158394769092],[-2.02681574056412,53.6241671461057],[-2.05124217318775,53.6836917586463],[-2.09290647551626,53.6701611239327],[-2.1180850077117,53.6712452241623],[-2.13412727234523,53.6857340290757],[-2.14225755110277,53.6780058089642],[-2.14632807589576,53.6822315294492],[-2.17329358668748,53.7230116839111],[-2.13117443618115,53.7515444483757],[-2.13636274882185,53.7801044595242],[-2.12481550058915,53.7880553424965],[-2.12835851818789,53.7990313038972],[-2.11227899052983,53.8057083891249],[-2.06125057169733,53.8256354819636],[-1.98676518647138,53.7961506149606],[-1.98084882466309,53.786352988811],[-1.92817167079471,53.7875770158841],[-1.87340280610694,53.7786904064963],[-1.87265337279891,53.7549408823826],[-1.85545631955713,53.7483079538574],[-1.82783641987897,53.7637326806219],[-1.80936786794178,53.7643807054358],[-1.77008624312907,53.7262523423731]]]},"properties":{"CSP21CD":"E22000343","CSP21NM":"Calderdale"}},{"type":"Feature","geometry":{"type":"Polygon","coordinates":[[[-1.68162088419758,53.7564689245215],[-1.65844402016115,53.7454578020209],[-1.63788191727483,53.7477289075381],[-1.62337162846243,53.7185469364097],[-1.59220422650418,53.7185362009558],[-1.57112226540619,53.7064046046417],[-1.59837596840081,53.699780779735],[-1.60249939450877,53.6921715716353],[-1.59192004962801,53.6893347377382],[-1.61521688403456,53.6775811411908],[-1.59062606036591,53.6606635870612],[-1.62490150410721,53.6536421795104],[-1.61367561435389,53.6245731561925],[-1.58645325959614,53.6071740555695],[-1.58797836748171,53.5934865509527],[-1.60175211286839,53.5877589598561],[-1.59619871324849,53.5769869083184],[-1.61563188440644,53.5630283217832],[-1.64823447446973,53.5621950353801],[-1.66946580092353,53.5532275163473],[-1.7231775076069,53.5599267415214],[-1.74155538329141,53.5410707350573],[-1.77187711533163,53.5338525681019],[-1.80428301600162,53.5370133734778],[-1.82222878111984,53.5210909218023],[-1.84182082823365,53.5199087802658],[-1.87349262570415,53.5404296508189],[-1.89410949217378,53.5336117793005],[-1.90962083195551,53.5383909865468],[-1.9128846428011,53.5516436149553],[-1.94272585126694,53.5616412941119],[-2.00947078713106,53.6167795111392],[-1.97274372991519,53.6257734751548],[-1.93415227599983,53.648339612259],[-1.89459856432188,53.6454218122128],[-1.8435662907843,53.6661219127021],[-1.85368284031579,53.6725378797399],[-1.8257242712751,53.6702562149199],[-1.74730180983464,53.6945945763215],[-1.7312828026626,53.6803720024641],[-1.73587108417812,53.7132428087885],[-1.75363679123141,53.7258602592013],[-1.77008624312907,53.7262523423731],[-1.76090891409939,53.7346454154492],[-1.74590093133047,53.7344898403371],[-1.74722512348894,53.7468142079434],[-1.73376536725727,53.7469183394299],[-1.71443157386961,53.7624581400957],[-1.68162088419758,53.7564689245215]]]},"properties":{"CSP21CD":"E22000344","CSP21NM":"Kirklees"}},{"type":"Feature","geometry":{"type":"Polygon","coordinates":[[[-1.30204330436809,53.7417246404076],[-1.39972167293612,53.719309451865],[-1.44314942704306,53.7282265989543],[-1.48829823391603,53.7277569920528],[-1.49572802686815,53.7223084256306],[-1.5103956286997,53.7296901101937],[-1.55932285722572,53.698983710792],[-1.57112226540619,53.7064046046417],[-1.59220422650418,53.7185362009558],[-1.62337162846243,53.7185469364097],[-1.63788191727483,53.7477289075381],[-1.65844402016115,53.7454578020209],[-1.68162088419758,53.7564689245215],[-1.64956380563777,53.7681979235657],[-1.64040591340331,53.7796837040251],[-1.67423335807779,53.7800047806695],[-1.68227057161415,53.7864149156248],[-1.7119957394645,53.7830697684932],[-1.6950919532714,53.857537953259],[-1.71528600995672,53.8662445633474],[-1.76051110244658,53.8636090293232],[-1.80042422664219,53.8859645649888],[-1.78746483055355,53.8969004813653],[-1.75635481095995,53.8847060962697],[-1.72543076198769,53.8856892551507],[-1.71705760201342,53.892261688153],[-1.73204875024348,53.8959432218969],[-1.72721624906541,53.9101971483664],[-1.71795853789499,53.9085427041814],[-1.70708308020122,53.9191312559919],[-1.68462724326052,53.9105880911715],[-1.65508298511049,53.9124842989602],[-1.65167333078899,53.9056634267775],[-1.6205370027283,53.9033949628561],[-1.59999326213106,53.9097763415128],[-1.58748702273655,53.9012478438027],[-1.58362508033644,53.9092938714238],[-1.55184394518572,53.9029404093386],[-1.54879322245249,53.9109138390916],[-1.49878116161895,53.9153069395781],[-1.46286089102335,53.9060033314643],[-1.43299734465415,53.9108051834652],[-1.43260133613277,53.9272366053921],[-1.40670956648195,53.927849708617],[-1.39718249968378,53.9425351723531],[-1.34040516519185,53.9458881880291],[-1.34471178616765,53.9395016380663],[-1.30719144950096,53.9345431953114],[-1.30899203821525,53.9240979121676],[-1.29418700007587,53.9268395419134],[-1.30730970961428,53.9214943608407],[-1.29720353407231,53.9216820282659],[-1.30058786897724,53.9074856419048],[-1.3217821329462,53.9029207235655],[-1.31237643321928,53.8656824033419],[-1.3529698771545,53.8567507520096],[-1.32655713555967,53.840423430327],[-1.33609674496188,53.8335897533881],[-1.30362345902206,53.8165359902506],[-1.31487208408644,53.8095574148486],[-1.3138104637926,53.7815557510231],[-1.29038607046352,53.7631944604615],[-1.29494201036989,53.7554628317844],[-1.31223876959692,53.7558885052162],[-1.31535677889255,53.7436807014006],[-1.30204330436809,53.7417246404076]]]},"properties":{"CSP21CD":"E22000345","CSP21NM":"Leeds"}},{"type":"Feature","geometry":{"type":"Polygon","coordinates":[[[-1.23284427243353,53.6211122464196],[-1.22791199943292,53.617330409457],[-1.24824986714938,53.6163532847014],[-1.25802813621318,53.5919974498377],[-1.28824945731244,53.5807323871395],[-1.3078197080881,53.5753669707637],[-1.34873341137308,53.5833476300582],[-1.37670296002844,53.606478418801],[-1.4003598366971,53.5986710223328],[-1.44763061376209,53.6127388206827],[-1.48370858443037,53.5948687916124],[-1.49511957803327,53.6031902329812],[-1.49656246300737,53.5973737497565],[-1.51867106657984,53.5997192966797],[-1.53078144404236,53.5931293799247],[-1.56045276872154,53.6075517956732],[-1.58645325959614,53.6071740555695],[-1.61367561435389,53.6245731561925],[-1.62490150410721,53.6536421795104],[-1.59062606036591,53.6606635870612],[-1.61521688403456,53.6775811411908],[-1.59192004962801,53.6893347377382],[-1.60249939450877,53.6921715716353],[-1.59837596840081,53.699780779735],[-1.57112226540619,53.7064046046417],[-1.55932285722572,53.698983710792],[-1.5103956286997,53.7296901101937],[-1.49572802686815,53.7223084256306],[-1.48829823391603,53.7277569920528],[-1.44314942704306,53.7282265989543],[-1.39972167293612,53.719309451865],[-1.30204330436809,53.7417246404076],[-1.2687022564653,53.7149803707965],[-1.2295729261433,53.7149054470182],[-1.22654062265956,53.7098831299786],[-1.21981187384993,53.7144190177334],[-1.19881814854623,53.7007329060597],[-1.19901535684986,53.6948883427854],[-1.2444169836956,53.6924295623026],[-1.25547556487338,53.6454182650975],[-1.23284427243353,53.6211122464196]]]},"properties":{"CSP21CD":"E22000346","CSP21NM":"Wakefield"}},{"type":"Feature","geometry":{"type":"Polygon","coordinates":[[[-1.68305860763384,51.6901103608739],[-1.70018909588819,51.6707416649703],[-1.69193809184422,51.6521645874729],[-1.65995432000758,51.6349908726268],[-1.67373615894307,51.6228498665634],[-1.66700965139022,51.6162644740119],[-1.69061673406566,51.6054499290187],[-1.69111065938545,51.583523727724],[-1.6765398170414,51.5694390418873],[-1.65504455154451,51.576506273878],[-1.64769133240668,51.5719518965806],[-1.60281227577577,51.5182950573493],[-1.71908165367462,51.5007055402528],[-1.71573673989899,51.4883833461806],[-1.77433053529391,51.4824545734086],[-1.79779682111143,51.4844459329131],[-1.81345034633343,51.5070421801524],[-1.83758492292658,51.5008374700594],[-1.8467781476724,51.5244433133136],[-1.83697437954741,51.5109029296059],[-1.83007974454265,51.5154395575391],[-1.85382409898453,51.546301920144],[-1.84927684261657,51.5533094800488],[-1.86512233688029,51.5595913798443],[-1.86010361511537,51.5652438120408],[-1.84518926584843,51.5617183805608],[-1.84314557581213,51.5786591525959],[-1.823733053229,51.5822091981918],[-1.83756146498663,51.5872419196361],[-1.83185653592711,51.5967288742393],[-1.84230296662443,51.61256022152],[-1.82784729058069,51.625325780464],[-1.78858341785345,51.6327136502205],[-1.79908052936856,51.6625047228664],[-1.78861685777866,51.6670018975245],[-1.7537928604015,51.6622153587917],[-1.72755368076921,51.6672098345907],[-1.71105528242177,51.6717929473182],[-1.69683095088565,51.6920420122024],[-1.68305860763384,51.6901103608739]]]},"properties":{"CSP21CD":"E22000350","CSP21NM":"Swindon"}},{"type":"Feature","geometry":{"type":"MultiPolygon","coordinates":[[[[0.343121972052317,51.4523853169001],[0.340845314551084,51.4523277384814],[0.336584003342731,51.4564957431854],[0.343121972052317,51.4523853169001]]],[[[0.221175205611589,51.4788020767745],[0.274866956990035,51.4536599393937],[0.301803096476891,51.4611659050003],[0.315245500704433,51.464908478204],[0.315321307136906,51.4649295785285],[0.32525531306127,51.4502939427533],[0.382222028591014,51.4432913635479],[0.440243932398772,51.4474203478798],[0.459301472726115,51.4555405474753],[0.457565560198211,51.4582932099819],[0.487960076101346,51.4432845747706],[0.489235421459888,51.415325902756],[0.475140243345384,51.412947138434],[0.467687121016724,51.3983013741054],[0.451853402814579,51.3983210211132],[0.45332222350032,51.3913787704197],[0.431109487937637,51.3880330266591],[0.401283124306125,51.35295476259],[0.37911018517935,51.3380221133365],[0.380220997724452,51.3298361606986],[0.341604421171004,51.3292161562799],[0.336678980323618,51.3865438878369],[0.274894244117015,51.407457134859],[0.245744537079278,51.4077123522268],[0.238273221529145,51.3962996629392],[0.20753155738838,51.3968442767175],[0.213529272477456,51.4048494927397],[0.199758777108728,51.4179756896287],[0.152932433172376,51.4087084822957],[0.155875040956964,51.430876583241],[0.164328170821928,51.4285849613143],[0.172854347046178,51.4432451868752],[0.203352887998954,51.4543284771579],[0.221175205611589,51.4788020767745]]]]},"properties":{"CSP21CD":"E22000352","CSP21NM":"Dartford and Gravesham"}},{"type":"Feature","geometry":{"type":"Polygon","coordinates":[[[-0.249785149179338,52.1843710271715],[-0.26069408798734,52.1764014218502],[-0.216624324385539,52.1587355439061],[-0.234804043652189,52.144726758307],[-0.171534734092178,52.1395025909765],[-0.154352348807397,52.1444079263781],[-0.144445035225132,52.1382037573564],[-0.157280871266133,52.0805472004283],[-0.172619414626835,52.0602099377647],[-0.194982619305265,52.0624150813563],[-0.219493434451981,52.0367412591483],[-0.201256006066088,52.0098246885529],[-0.244078670645728,51.9990232893037],[-0.247983026838786,51.9850799856718],[-0.270625718816914,51.9796220434784],[-0.282415833818799,52.0015640162212],[-0.296089150328657,52.0021924394519],[-0.311555453163235,51.9821099149593],[-0.367157519155375,51.9837609716685],[-0.34926422376437,51.9711696944434],[-0.350225341620276,51.9575781039653],[-0.374104653314752,51.9477693266355],[-0.382989183780684,51.9518175704233],[-0.379630061965801,51.9779575240599],[-0.391303393359521,51.9770206444993],[-0.405607109518841,51.9324543523464],[-0.385615555724027,51.9156803959794],[-0.419064998588213,51.9123036451975],[-0.421681634403011,51.9256807379631],[-0.436106923836832,51.9276663379005],[-0.485701416266266,51.9227011901167],[-0.482276166347529,51.9077947227365],[-0.505923085960359,51.9006124971274],[-0.455274925246212,51.882287034331],[-0.422774558845709,51.8545519365069],[-0.39586015374901,51.8705810262898],[-0.369755351222524,51.8681152304062],[-0.354833888657066,51.8740145293011],[-0.339485894640329,51.8496055510724],[-0.363307665681262,51.8421047414207],[-0.373362805065754,51.8292291683642],[-0.404858806630098,51.8406074650737],[-0.421500810100557,51.8502052260499],[-0.447524508948031,51.8476015346548],[-0.470419996730907,51.8557101697987],[-0.47829846763004,51.8531365025918],[-0.471195676810699,51.8454678697177],[-0.501818268966651,51.8367948225647],[-0.511192917001904,51.8258936103662],[-0.502282758285977,51.8154586940914],[-0.519728847877412,51.8050953620297],[-0.553628614556977,51.826712674402],[-0.543650555088771,51.8245178244047],[-0.537628502381233,51.8314108502272],[-0.583563578497735,51.8703238406752],[-0.6200891563295,51.8854855177811],[-0.651979972895783,51.8867905129487],[-0.672969117918549,51.9017527155225],[-0.692702688447145,51.9001506745719],[-0.702156753865155,51.909119113469],[-0.652978332552365,51.9692289650499],[-0.645680806107934,51.9722283113145],[-0.661689665376442,51.9997363853462],[-0.643476890212709,52.0108547037243],[-0.651023980572764,52.0184860767988],[-0.640200287337004,52.0240657826329],[-0.643047384421451,52.03724943846],[-0.66897597717708,52.0487168407765],[-0.591810331121503,52.1106918880999],[-0.583232659181244,52.1045489743997],[-0.589185945140159,52.0974991888419],[-0.54095613532627,52.0816268928893],[-0.508514766144411,52.0545431786636],[-0.499672352600228,52.0755654292168],[-0.47152698515917,52.0880086570609],[-0.440437296443602,52.0633737513436],[-0.403087301606866,52.0692234334328],[-0.384902381057375,52.075574502543],[-0.381287439047321,52.0934648503063],[-0.344804182727541,52.1159557948291],[-0.361081716756794,52.1441683088826],[-0.346235054803753,52.145972440882],[-0.32155290182113,52.1687895239726],[-0.306026233346526,52.1655590509798],[-0.28911707135863,52.1909257732246],[-0.249785149179338,52.1843710271715]]]},"properties":{"CSP21CD":"E22000353","CSP21NM":"Central Bedfordshire"}},{"type":"Feature","geometry":{"type":"Polygon","coordinates":[[[-2.31399816114173,53.3574246421479],[-2.29693022964698,53.3485838120438],[-2.30135901104771,53.340120620359],[-2.25644728585402,53.3606768412766],[-2.24079008412411,53.3595742669914],[-2.18544088377377,53.3526597696074],[-2.18097727745663,53.3440438011382],[-2.19416286501527,53.3386504410584],[-2.16064754726659,53.327314696506],[-2.14409931007101,53.3428710074742],[-2.15119059702052,53.3481331353572],[-2.13902531020559,53.3673170116013],[-2.1231957229973,53.3619466331234],[-2.09517932332602,53.3660806992136],[-2.06807780774501,53.3573936378322],[-2.04056362489501,53.3740877663963],[-2.031058463243,53.3702623861094],[-2.00678505242821,53.3545721125535],[-2.00948185124709,53.2606524549883],[-1.97485875420975,53.2310610534684],[-1.99026453573037,53.2229988991032],[-1.98740775867029,53.2135858487146],[-2.00020198978735,53.1937374977999],[-2.04652710695863,53.19264765637],[-2.07023261967513,53.1716862930231],[-2.11207676340303,53.168659809964],[-2.14043876356931,53.1838127686142],[-2.14141084525282,53.1566523921091],[-2.15564486007666,53.1596189582844],[-2.2113149262639,53.1158244641231],[-2.24740691731874,53.0898498474901],[-2.25324849091567,53.0939769935289],[-2.29337580822828,53.0783263881931],[-2.31805098763611,53.0813587571192],[-2.34758567134112,53.05617029333],[-2.38124882129727,53.0525513186491],[-2.38422739108102,53.0261675781643],[-2.37046780521562,53.0145758528387],[-2.38304468514478,53.0077867863604],[-2.38079367936827,52.9984110622549],[-2.43676051035908,52.9862560835512],[-2.43461402318991,52.9695213474101],[-2.48115277114678,52.9588178873791],[-2.52142791357081,52.9742651281178],[-2.52951582206291,52.9471648775005],[-2.56126288258472,52.9649521051142],[-2.58641372797688,52.9553790887172],[-2.59769347128031,52.9630059899653],[-2.59488906784906,52.979607147503],[-2.63265093996284,52.9966707872024],[-2.67466228547344,52.9856628103872],[-2.69929243706707,52.9954387986715],[-2.66881731014789,53.038653936523],[-2.70241055647356,53.054321250716],[-2.71826281201215,53.0442140957596],[-2.7529286634929,53.0692262393893],[-2.73173861065917,53.0918089842094],[-2.71136358397739,53.0936424027863],[-2.70605412094603,53.1185091315368],[-2.67114512359379,53.1158700125604],[-2.65973028828682,53.1307164169775],[-2.64126344182425,53.128421104265],[-2.62528366529453,53.1508474690926],[-2.59208979731994,53.1445047763271],[-2.59650472428264,53.1588720697338],[-2.58358096941245,53.1554979028643],[-2.57240251940964,53.1634722243599],[-2.54292435422605,53.1497721745099],[-2.49974071074995,53.1641519597481],[-2.46886728049918,53.1527366906675],[-2.44375960478923,53.1598832401732],[-2.44347744623549,53.170838203302],[-2.45737416426073,53.1766939328178],[-2.45655683567035,53.2026129583739],[-2.4306634553297,53.1979652850791],[-2.40636653381983,53.1740874564619],[-2.3921096750195,53.179915218434],[-2.37831956492192,53.1720129140127],[-2.36873096419617,53.1829330623453],[-2.37255434004135,53.1955828990789],[-2.41016086415475,53.2056963595254],[-2.41418179859763,53.2192997654368],[-2.40117228412505,53.2217587591391],[-2.39628927821287,53.2343623560282],[-2.36379985115036,53.2235708441722],[-2.34902605257337,53.2490120980699],[-2.36415236004256,53.2485010688601],[-2.394115156195,53.2667543082205],[-2.41445485676336,53.2683194002073],[-2.42746080927847,53.2611695330385],[-2.45317072412463,53.2845507578268],[-2.49800605204794,53.289908956227],[-2.51228119048505,53.3213462104506],[-2.49396788490726,53.3432985736825],[-2.51839296054763,53.3423902754329],[-2.52104960816655,53.3479004826802],[-2.48687843882333,53.3679038004418],[-2.43987999487119,53.3666626456098],[-2.42658992510444,53.3874615169358],[-2.37578362444177,53.3653511834138],[-2.33987489434102,53.367377992043],[-2.31399816114173,53.3574246421479]]]},"properties":{"CSP21CD":"E22000354","CSP21NM":"Cheshire East"}},{"type":"Feature","geometry":{"type":"Polygon","coordinates":[[[-2.69929243706707,52.9954387986715],[-2.7268406065337,52.9832729462979],[-2.7599401790776,52.9864196664707],[-2.76827535224616,52.9948605041922],[-2.80331096843627,52.9895941853701],[-2.83599558996295,52.997150146825],[-2.84406201373811,53.0176683670735],[-2.86104429459502,53.0228486549975],[-2.85571506741516,53.0372559042528],[-2.87011791101549,53.0453605932239],[-2.85924038438122,53.0542555278963],[-2.87255483685911,53.0586155397174],[-2.86147506310468,53.0606604001837],[-2.88164358493242,53.0743920840043],[-2.87572225442175,53.0815220285336],[-2.90207396485117,53.0920394250028],[-2.88109940909981,53.1216037184015],[-2.91023233565262,53.1126389642335],[-2.96381312518341,53.1327575250671],[-2.97949802680966,53.1506216460487],[-2.9950883100933,53.1541959619647],[-2.92783850918185,53.1714114107239],[-2.92229929317117,53.1892926717249],[-2.99837824069749,53.2358586433719],[-3.0360241317657,53.2518049835481],[-3.078497101183,53.2560493830236],[-3.08992632199206,53.2595277729714],[-3.09466315631889,53.2628465075583],[-3.09969394935142,53.2705731207757],[-3.08244748959804,53.2714958747395],[-3.0917236135272,53.2783762103909],[-3.07724116308013,53.2778648326394],[-3.08388136361548,53.2794509291581],[-3.08686453612373,53.2889055540118],[-3.09328010293346,53.2844161447185],[-3.10402538878584,53.2880557635028],[-3.10373311984728,53.2999943623789],[-3.07416551138978,53.3163809033363],[-3.02613955180197,53.297748658583],[-2.99273779101907,53.3071087583506],[-2.96803333271532,53.3012551099336],[-2.9395513248261,53.3104155952951],[-2.9316025858093,53.3060687965256],[-2.92875516917647,53.3084140557764],[-2.92857185484133,53.3082489292371],[-2.90165102634796,53.2954401361611],[-2.88947026293911,53.2896400301159],[-2.90053434199196,53.2970099245805],[-2.85556823597895,53.2920219419777],[-2.85728106185469,53.2869075058869],[-2.83960109528606,53.2987369187389],[-2.84638341427148,53.3069445085307],[-2.81595602193589,53.3061631550092],[-2.78879575682535,53.2954088619423],[-2.75278930962497,53.314569610108],[-2.75248610815786,53.3147308394634],[-2.73929214925888,53.306870369551],[-2.72352532885742,53.313139616089],[-2.70080120166389,53.3058072297047],[-2.68515177103575,53.3154514620959],[-2.64155693821446,53.3050347970597],[-2.64506142803031,53.3101350721447],[-2.62412274757937,53.3093981931032],[-2.61993479574381,53.3203209116316],[-2.60908651552069,53.3120712133787],[-2.59522305170231,53.3224543711675],[-2.58628969384403,53.3293968051751],[-2.56187507812781,53.3233428508857],[-2.51839296054763,53.3423902754329],[-2.49396788490726,53.3432985736825],[-2.51228119048505,53.3213462104506],[-2.49800605204794,53.289908956227],[-2.45317072412463,53.2845507578268],[-2.42746080927847,53.2611695330385],[-2.41445485676336,53.2683194002073],[-2.394115156195,53.2667543082205],[-2.36415236004256,53.2485010688601],[-2.34902605257337,53.2490120980699],[-2.36379985115036,53.2235708441722],[-2.39628927821287,53.2343623560282],[-2.40117228412505,53.2217587591391],[-2.41418179859763,53.2192997654368],[-2.41016086415475,53.2056963595254],[-2.37255434004135,53.1955828990789],[-2.36873096419617,53.1829330623453],[-2.37831956492192,53.1720129140127],[-2.3921096750195,53.179915218434],[-2.40636653381983,53.1740874564619],[-2.4306634553297,53.1979652850791],[-2.45655683567035,53.2026129583739],[-2.45737416426073,53.1766939328178],[-2.44347744623549,53.170838203302],[-2.44375960478923,53.1598832401732],[-2.46886728049918,53.1527366906675],[-2.49974071074995,53.1641519597481],[-2.54292435422605,53.1497721745099],[-2.57240251940964,53.1634722243599],[-2.58358096941245,53.1554979028643],[-2.59650472428264,53.1588720697338],[-2.59208979731994,53.1445047763271],[-2.62528366529453,53.1508474690926],[-2.64126344182425,53.128421104265],[-2.65973028828682,53.1307164169775],[-2.67114512359379,53.1158700125604],[-2.70605412094603,53.1185091315368],[-2.71136358397739,53.0936424027863],[-2.73173861065917,53.0918089842094],[-2.7529286634929,53.0692262393893],[-2.71826281201215,53.0442140957596],[-2.70241055647356,53.054321250716],[-2.66881731014789,53.038653936523],[-2.69929243706707,52.9954387986715]]]},"properties":{"CSP21CD":"E22000355","CSP21NM":"Cheshire West and Chester"}},{"type":"Feature","geometry":{"type":"MultiPolygon","coordinates":[[[[-5.02942372258474,50.2094142107238],[-5.03024455882294,50.2087935926311],[-5.03038008506515,50.208879408427],[-5.02942372258474,50.2094142107238]]],[[[-4.42394702206902,50.7645494039465],[-4.40872280864792,50.7624168901687],[-4.41441712623775,50.774395582117],[-4.3935058461246,50.7782481914315],[-4.38106317613385,50.7705377062247],[-4.38499630913709,50.7477499030619],[-4.36158610651669,50.7187672077225],[-4.3693407564535,50.7023413430557],[-4.34894080349311,50.6895382574278],[-4.33522641876651,50.6465408609257],[-4.32559220254156,50.637726053182],[-4.30032317586029,50.6338386863339],[-4.31162974247687,50.5860774690858],[-4.30691506779935,50.5785850671305],[-4.29132756980882,50.5838578780695],[-4.28614231744245,50.5750076040828],[-4.28587010135903,50.5847305555885],[-4.27114961706166,50.5822142028992],[-4.27951593682655,50.5691733356699],[-4.25928500625729,50.545846766211],[-4.271526014024,50.5365851977345],[-4.24789096992557,50.543922189578],[-4.23229543056486,50.5310174672764],[-4.20730714918843,50.5335626851357],[-4.20279303109881,50.5031798283113],[-4.18575017328832,50.5083572104039],[-4.18070463552914,50.5037280294746],[-4.1993570856001,50.4923687643603],[-4.22086898555329,50.4980727231674],[-4.2180822401953,50.4759428728942],[-4.23859198555515,50.463969167011],[-4.22953782387918,50.4558261393705],[-4.21519962901547,50.4666857613862],[-4.20063087063613,50.4350936563347],[-4.22249695703279,50.425327163741],[-4.21006769218136,50.4256989047595],[-4.21371123899752,50.4187678924189],[-4.21562180742141,50.4151324590722],[-4.20648337629508,50.408326826896],[-4.21713126491508,50.4005449600716],[-4.23075123010727,50.3920049822394],[-4.22915791523567,50.3917514766006],[-4.23085946547008,50.3905070033328],[-4.2272530224385,50.3914483655072],[-4.20176773759438,50.3873896928961],[-4.19500080678972,50.3731723881142],[-4.20056619951117,50.370066735069],[-4.20591250701114,50.3691885391639],[-4.20923499266945,50.3689321903215],[-4.20909529362234,50.3686655964336],[-4.20918521546659,50.3686508204386],[-4.20903154070864,50.368573691724],[-4.20614016836646,50.364524509688],[-4.19707906439,50.3596185274727],[-4.20761597611903,50.3469498560414],[-4.17965918519013,50.3591561884323],[-4.1768821265588,50.36008688985],[-4.16954679899153,50.3472970574361],[-4.19607440366585,50.3350500158071],[-4.20122722558893,50.3329307549342],[-4.18837136254808,50.317671346061],[-4.18915556530203,50.3175357219487],[-4.21019204828477,50.3182573930649],[-4.22153779676765,50.3119301240362],[-4.22319020562383,50.311643805501],[-4.22359294038608,50.3126979592971],[-4.21940306063826,50.3239726716347],[-4.22911353405218,50.3335118147066],[-4.2400309924181,50.3373677748453],[-4.24993591821281,50.3414631832089],[-4.28148055795829,50.3544954983147],[-4.2944842166815,50.3565753213846],[-4.30811939261197,50.3613784255483],[-4.31574266850637,50.3613600530035],[-4.31613701194404,50.3614885749811],[-4.32510172938915,50.3614658358248],[-4.32653685694137,50.3616948429815],[-4.42876146090652,50.361152565601],[-4.42895354362188,50.3610282526625],[-4.43665906131977,50.3610016639978],[-4.45105582538554,50.350947575973],[-4.45667721891791,50.3556725687244],[-4.45085153431296,50.3476785649356],[-4.47264400434243,50.3332010581006],[-4.49762796962901,50.337362107462],[-4.49810282606573,50.3365893941564],[-4.53024351704672,50.3264011304671],[-4.5384497516339,50.3237977396294],[-4.5389145370371,50.323710720522],[-4.5784597716048,50.3325448067541],[-4.59842465398719,50.3238876985862],[-4.60664714759507,50.3289485744391],[-4.63304535037397,50.3243671525173],[-4.63604398814985,50.3273793894616],[-4.63841319669616,50.3298522232509],[-4.63706462750683,50.3302368478677],[-4.61805251573374,50.3348673059801],[-4.61936118664784,50.3352840773105],[-4.60883219417479,50.3382841399453],[-4.63007203917155,50.3391539222069],[-4.6306876768582,50.3388902774645],[-4.63108190923905,50.3390157652738],[-4.63257996464789,50.3380798761984],[-4.66759605699279,50.3230734564215],[-4.67265039495495,50.3139415350638],[-4.68473333879131,50.3201080079714],[-4.68144332331004,50.3378072185742],[-4.69464193820752,50.3476098818403],[-4.75507893504787,50.3315027343768],[-4.75647245112486,50.3311868688618],[-4.75650175429302,50.3311510421371],[-4.7568359568714,50.3310338463935],[-4.76691105580879,50.32086283559],[-4.76603127484363,50.3194966867007],[-4.76613431223596,50.3193706405379],[-4.75269832840176,50.298584327573],[-4.76408596088379,50.3004559723453],[-4.78119012187568,50.2901557057444],[-4.787007181703,50.2694692243769],[-4.78569676338762,50.2618078630319],[-4.76705835771016,50.2566204571408],[-4.78563525366559,50.2453883370443],[-4.78090489985315,50.2375058910374],[-4.7826181447219,50.2367450025565],[-4.798232366153,50.2301648619209],[-4.79833946388431,50.2262608408886],[-4.79852580940467,50.2194667473898],[-4.80521067404677,50.2234641831407],[-4.80943968793553,50.2259925136644],[-4.81878567729776,50.2315785152765],[-4.86253591402031,50.2360271807919],[-4.8791396017596,50.2242856694326],[-4.91877566639282,50.1962238719714],[-4.93357867557358,50.2070819210695],[-4.95582972653873,50.2029687272526],[-4.9736247958641,50.1856499572541],[-4.98193813693263,50.1518124029174],[-5.00906961582196,50.139502718314],[-5.01790064680516,50.148690659839],[-5.01739192929716,50.1490017570994],[-5.0039557722408,50.1507160973354],[-4.99573919333681,50.162237393347],[-5.02721132655202,50.158351036862],[-5.01523728567634,50.1861513402046],[-5.02525344620974,50.1822639002941],[-5.02569409869885,50.1821940077809],[-5.03379431039944,50.2049963030945],[-5.02679730997503,50.2039513603328],[-5.02343856689711,50.2114740353816],[-5.02529027255593,50.2172964912263],[-5.0245410846075,50.2205894479328],[-5.02410564064617,50.2225031969398],[-5.00599656401254,50.2276059333074],[-5.01444055640894,50.2270890774321],[-5.0215558274724,50.2446925695369],[-5.01677046190736,50.2263475732219],[-5.02899729005875,50.2235904885787],[-5.0289261576678,50.2229242798567],[-5.02923365316934,50.2228376603778],[-5.02824432169634,50.2157124321984],[-5.03184317214024,50.2098057957461],[-5.03634678823544,50.2126570374159],[-5.03603529344591,50.2096403201784],[-5.0600703635677,50.1923136162078],[-5.06056390615553,50.1919905459085],[-5.04770219958223,50.1716027353223],[-5.05619808164628,50.1612988566868],[-5.06441039239636,50.1628414562662],[-5.07751083465274,50.1668142612559],[-5.07590315947068,50.1649990193496],[-5.07752114647619,50.1653026545415],[-5.06664311856716,50.1537932710357],[-5.06604345999772,50.1538626881826],[-5.06456207810484,50.1521889443854],[-5.04919590031565,50.1557489463966],[-5.04196295471112,50.1439429407554],[-5.0422705745691,50.1440372507949],[-5.0531945499442,50.1484517085303],[-5.0547210354031,50.1478532958845],[-5.05472519901801,50.1478545716338],[-5.07635904829051,50.1401668209115],[-5.07591526305247,50.1394101485877],[-5.07616282101105,50.1393115927498],[-5.08000475929808,50.1359275484649],[-5.09144462378954,50.1258610964149],[-5.09153814746622,50.1258192786176],[-5.09151902050924,50.1257909366967],[-5.09161326966483,50.1256989617914],[-5.08163009514652,50.1095367117384],[-5.09459161789609,50.1022983318865],[-5.13361824760552,50.098982890547],[-5.14063128243512,50.1061695430914],[-5.14146488072361,50.1048355921263],[-5.14459089733453,50.1071666900349],[-5.14608520638178,50.0976925941659],[-5.15764219146887,50.0966678626638],[-5.16018631316148,50.0966677264327],[-5.1645831693643,50.1015056911333],[-5.16726796458826,50.0967034543231],[-5.16428641615471,50.0951559809023],[-5.15806417900034,50.0943322742207],[-5.1723155362568,50.0909909676891],[-5.12858267950109,50.0952431889898],[-5.10641980447519,50.0941516460034],[-5.09343251551464,50.0904623410269],[-5.10411654726975,50.0867325635749],[-5.09771821723886,50.086474992107],[-5.09866353635808,50.0855953723609],[-5.08646377161557,50.0860211178087],[-5.07677825402084,50.085629617306],[-5.07604943823657,50.0856001229093],[-5.07660542727544,50.0829299396714],[-5.0795544027931,50.068761974672],[-5.0756744320694,50.068391708942],[-5.067701200803,50.0676303942921],[-5.05783053506862,50.052774997016],[-5.0660958321472,50.0395808588176],[-5.06893706741812,50.0350436083913],[-5.07344970081821,50.0335984771187],[-5.09437416663016,50.0268942104372],[-5.09572723901164,50.026532871702],[-5.09571176270976,50.0265016418024],[-5.09698131738657,50.0260584802967],[-5.09114707430276,50.0157102614168],[-5.10137981771245,50.0042070558271],[-5.1224472391206,50.009251613177],[-5.16654926983046,50.0038064987394],[-5.18876903074672,49.9738802314217],[-5.1854090750616,49.9633730975584],[-5.1987857022877,49.9589447032135],[-5.20938485236797,49.9593479883179],[-5.21904230003897,49.9699466649996],[-5.21948326052208,49.9714199831253],[-5.24007338956999,49.9750300437146],[-5.24621105987161,49.9762801909305],[-5.24387500715948,49.9839772363093],[-5.24519355722658,49.9850819428278],[-5.24509812335151,49.985400422091],[-5.25893306568655,49.996589168411],[-5.26841685174202,50.0045278459392],[-5.26713531420851,50.006530518989],[-5.2559299135907,50.0216014487967],[-5.25658590402089,50.0230096316247],[-5.2564695537537,50.0231913160924],[-5.25677497395725,50.0234154763071],[-5.26162429453891,50.0338222549497],[-5.26246260134524,50.0342226241822],[-5.28139983313333,50.0432634233911],[-5.28149976103421,50.0446046681845],[-5.27967888658156,50.0566776073243],[-5.31628439037373,50.0851952750266],[-5.33902213213209,50.0919542127763],[-5.343508869804,50.0914128365127],[-5.34630676644422,50.0921595596032],[-5.35673477539008,50.0901774141314],[-5.36194914115984,50.0891858633587],[-5.36323212082096,50.0890308067933],[-5.39171279106184,50.1034928888682],[-5.4291967149848,50.0969738784052],[-5.42958206116795,50.0977776387401],[-5.42966945134256,50.105055072081],[-5.4342114305642,50.107431143994],[-5.43477461167518,50.108605228663],[-5.44127757576626,50.1111268544082],[-5.46347832171687,50.1227315422297],[-5.46669588354541,50.1209770379702],[-5.48370519395413,50.1275629345003],[-5.52964726782956,50.1241351226103],[-5.53113930546874,50.1141457273055],[-5.5491735920079,50.1065435579899],[-5.54826028333601,50.1055119821383],[-5.54883169807437,50.1052594650509],[-5.53757464930685,50.0934385260957],[-5.53321941671775,50.088515515028],[-5.54224973636664,50.0705020407006],[-5.57712349537756,50.0517756015637],[-5.58786431219628,50.0515940741799],[-5.61916690754914,50.0512290000857],[-5.63279368813302,50.042316494913],[-5.6363301537183,50.040002698958],[-5.6483038667449,50.0438362366753],[-5.65332500021005,50.0419826792177],[-5.67472115730514,50.0361973749355],[-5.69262061863037,50.0540537452291],[-5.69470839681943,50.0545146327888],[-5.71318901849468,50.0623517321636],[-5.71403202964601,50.0639133550017],[-5.69142503832208,50.0882422266799],[-5.68857983328018,50.0903819967317],[-5.70909904468557,50.1253775247129],[-5.71012474165668,50.1274390701582],[-5.67305599714209,50.1663063427373],[-5.64226874176675,50.1673052971926],[-5.62910762009336,50.1677298323419],[-5.62836918280036,50.1683928726618],[-5.628009207066,50.168408267037],[-5.61022211077184,50.1846800066823],[-5.60066634923644,50.1932509512065],[-5.5908526056236,50.1887229096367],[-5.55915512641707,50.2054299781985],[-5.53868843807323,50.2162069251436],[-5.53553350152036,50.216495274069],[-5.49499989719373,50.218495733716],[-5.48566724156948,50.2148064509233],[-5.47700159055226,50.218372630494],[-5.47238482778461,50.2091769087466],[-5.47200542084391,50.2080700990028],[-5.46916425989914,50.1997799679523],[-5.43675893875089,50.1933919404196],[-5.43438693508463,50.1923070143927],[-5.41196678416245,50.2098501266968],[-5.39691264055619,50.2216201061165],[-5.39658794103236,50.2266438298362],[-5.39538159964781,50.2276451757024],[-5.39583216474123,50.238334852958],[-5.39569837903281,50.2404041405333],[-5.37924313882118,50.2438737779168],[-5.37924310006641,50.2438737853422],[-5.37805313607785,50.2441026096803],[-5.36831613966475,50.2361647239433],[-5.36699817889879,50.2363736422879],[-5.32846677854119,50.2424741600807],[-5.32604627342908,50.2443288156027],[-5.3256370598799,50.2444034955641],[-5.31767619268351,50.2507407135108],[-5.30309061389702,50.2619083764628],[-5.2893667648562,50.2611310718367],[-5.28081577729525,50.2708764193887],[-5.25134579865602,50.2825702368215],[-5.24959496455084,50.2845677618089],[-5.24262899493606,50.2871605580773],[-5.24103379160525,50.2943325017052],[-5.23546130826904,50.3006859770065],[-5.23411430887854,50.3184384822064],[-5.20064806255424,50.3205810111408],[-5.18146571040444,50.3404077102671],[-5.1803160736148,50.3406757603602],[-5.15386915554122,50.3461410766526],[-5.14662456394853,50.3753129342473],[-5.15315653659053,50.3837283903376],[-5.1518267827795,50.3891841196686],[-5.14352778957851,50.3887842642693],[-5.14555640195107,50.3967586918671],[-5.14489071201726,50.3971466936909],[-5.14495049426977,50.397309139552],[-5.14736770183141,50.4038764763139],[-5.14768506566288,50.4051233695868],[-5.13573875961627,50.4011983303972],[-5.13553179969515,50.4076965725825],[-5.13395818004988,50.4080003942814],[-5.12603863997957,50.4039352220961],[-5.10887750721546,50.4088491860833],[-5.11921566096028,50.4108455437416],[-5.11356385609678,50.4119357100797],[-5.10137953280293,50.4135788282836],[-5.09986142760399,50.4256553249766],[-5.09874647775437,50.4252310127996],[-5.09866008753924,50.4251981339354],[-5.08359648029296,50.4150135114974],[-5.05519103649775,50.4279930137558],[-5.04246183545353,50.4441491795785],[-5.03304506275022,50.4884302429831],[-5.04679059461182,50.4977943011583],[-5.02120260658809,50.5092661523858],[-5.02909651225183,50.5144149682954],[-5.02622154975915,50.5269968161559],[-5.02669551813214,50.528025244366],[-5.02422225891532,50.5386668102749],[-5.03654280381877,50.5493809216902],[-4.98380350460812,50.5422227314246],[-4.97210327697729,50.557785551757],[-4.94505793103941,50.5692252087799],[-4.94986140646827,50.5562006605534],[-4.93543460604646,50.549200980185],[-4.93083344178471,50.5300129818235],[-4.91134543193975,50.5356140067533],[-4.92611977241642,50.5448533632321],[-4.93114306934833,50.5644977293052],[-4.91557325299498,50.5759871756002],[-4.92805182624522,50.5828816426462],[-4.93539829188105,50.5869390165217],[-4.92141981835211,50.5932329982404],[-4.91544702572161,50.5914436127005],[-4.90836339393905,50.5845394293666],[-4.89883051449669,50.5836134106045],[-4.88519880226634,50.5822878109695],[-4.88054136940984,50.5840671569911],[-4.86753772189633,50.5890334532713],[-4.87000253909813,50.5953891843468],[-4.83820357255196,50.5944144298711],[-4.83243941218299,50.5921478114176],[-4.82713005536441,50.593031893079],[-4.79595607667082,50.5982172575744],[-4.79153923860831,50.6024020927689],[-4.79058315844047,50.6026412679383],[-4.78958130224886,50.6042569011939],[-4.77042444273712,50.6223954725441],[-4.75871722890044,50.6528355905333],[-4.76057664562962,50.6533065415789],[-4.76445242370079,50.6694051927764],[-4.76438222907795,50.6698627782671],[-4.74329002712072,50.6763788310319],[-4.74107515078297,50.6759248788778],[-4.73502289148025,50.671501309915],[-4.73305288411277,50.6742802253219],[-4.72978467353415,50.6736099973599],[-4.72606190064329,50.6840619496994],[-4.72459389013424,50.6844687986389],[-4.68028504487516,50.6960181354175],[-4.68105317853218,50.7041534175266],[-4.6810056173719,50.7044634685326],[-4.65461186047334,50.7162090617598],[-4.65383671744158,50.7398917105285],[-4.64940654434458,50.7401381293965],[-4.64028390932565,50.7401419472827],[-4.63966941877866,50.7406791460621],[-4.63457347505208,50.7409619560764],[-4.63381458678335,50.7457968001166],[-4.62488098654459,50.7536029277353],[-4.58582104189133,50.7708804869947],[-4.56272468151032,50.781084816752],[-4.55866554966128,50.8287242030362],[-4.5573206925047,50.8288574064979],[-4.54671126369239,50.8299077025889],[-4.55614856844439,50.8368240485913],[-4.55834296813314,50.8475531101425],[-4.55986896831042,50.8550109999798],[-4.55930319318151,50.8650853206995],[-4.55926840281847,50.8657047211454],[-4.55935092307277,50.86595673432],[-4.56671432497408,50.8884317945504],[-4.56984576322975,50.9037021502053],[-4.56187263908028,50.9119333737377],[-4.54595691123524,50.928354057772],[-4.54616346528601,50.9288051530306],[-4.45605816327938,50.9288691859367],[-4.46268330272599,50.9134897827932],[-4.42095916744729,50.8660861656174],[-4.43365694912457,50.8655134673625],[-4.44223523468437,50.8469575349205],[-4.44679067285866,50.808223723643],[-4.49350241428467,50.792912370259],[-4.45132992301362,50.7856541959699],[-4.42394702206902,50.7645494039465]]]]},"properties":{"CSP21CD":"E22000356","CSP21NM":"Cornwall"}},{"type":"Feature","geometry":{"type":"Polygon","coordinates":[[[-0.9012806064268,52.4597558601064],[-0.904383712639054,52.4421710764276],[-0.864327833503826,52.4342245420732],[-0.886936611261352,52.4233541360679],[-0.890537063118278,52.3985942544952],[-0.873695474959517,52.4026739574774],[-0.840569709237446,52.3928466277642],[-0.831109333196692,52.3761733888416],[-0.796316867231841,52.3616629718005],[-0.788655312511267,52.347306715857],[-0.785779453314657,52.3306167672904],[-0.817950353609315,52.3095959445528],[-0.809141414260567,52.2753276939684],[-0.873601223404701,52.2827114982801],[-0.885118246660801,52.2753892858712],[-0.898042533895132,52.2806684879993],[-0.922652319089951,52.2767042927399],[-0.96552338456007,52.2561620976718],[-0.967660427484477,52.2186818014777],[-0.894324152048576,52.186103760205],[-0.892290917769688,52.1969521743887],[-0.878187023320081,52.1950628607528],[-0.837008529872476,52.211688367528],[-0.83013504447069,52.2234597040107],[-0.840978727455684,52.2369705025746],[-0.791415863707147,52.2422415137879],[-0.76219493252577,52.2487689016435],[-0.727573120973776,52.2381960138822],[-0.705455584072188,52.1915707007857],[-0.749734768722189,52.1668767684431],[-0.777975100575612,52.1687324929908],[-0.792091270533438,52.1513294604513],[-0.807587882658753,52.1569790143848],[-0.814041227993611,52.14247234185],[-0.831966629471785,52.1436835087174],[-0.828204674516664,52.1326105528126],[-0.880720326962998,52.126331782706],[-0.887015710951311,52.1142093372576],[-0.871450101645923,52.1117534347483],[-0.869530890831007,52.1000376603272],[-0.846712543491745,52.0915087034718],[-0.8314182458155,52.0719470001652],[-0.839500488570763,52.0638277803285],[-0.862678645822757,52.0609340387573],[-0.852446930044217,52.0507050939995],[-0.871325629151714,52.0402518525726],[-0.877468741364391,52.0299715979081],[-0.890118209223622,52.0315605650901],[-0.906030231113269,52.0212211091716],[-0.951872932630787,52.0815336222521],[-0.967805300661276,52.0709109281604],[-1.02631761576578,52.0756821097282],[-1.04232729762762,52.0737102723463],[-1.02766844665035,52.0637342663437],[-1.06206502018462,52.0627354079628],[-1.12198746604179,52.0451472428701],[-1.13666519177378,52.0222431393199],[-1.11808639729751,52.015426172085],[-1.13432869833779,51.997296387881],[-1.16382348465592,51.993412226747],[-1.19625975033443,51.9774314432067],[-1.24161223468245,51.9862933638439],[-1.28339696573283,51.9795473067363],[-1.27816401885651,52.0142726693672],[-1.31292004347286,52.0514526634399],[-1.29750881413832,52.0780566948102],[-1.31815993117564,52.0799212576787],[-1.32116486414435,52.0870189284444],[-1.2480850615427,52.0971607919138],[-1.3318971346503,52.168485056197],[-1.31313453207951,52.1904676302914],[-1.25498199738882,52.1978310710958],[-1.28464415629528,52.2385772947561],[-1.2668910685646,52.2352423788113],[-1.23299880379763,52.2532588499543],[-1.21573028066017,52.2663781647675],[-1.23378294833003,52.290328106844],[-1.20923383158981,52.3152040796742],[-1.26535489040084,52.3283606829397],[-1.23338985998341,52.3465160426244],[-1.17497303441117,52.3562898079582],[-1.20161328230779,52.3967317959132],[-1.18399208837492,52.392171077156],[-1.14935295147126,52.3970406268669],[-1.12926952385576,52.4161034521555],[-1.08438179273988,52.4362981479721],[-1.04998493314387,52.422208448854],[-1.03427367925882,52.4362852730348],[-1.04451053126691,52.4457480943696],[-1.00069265209655,52.4709404177629],[-0.951908262509529,52.4774239308037],[-0.942191918774036,52.4677725225308],[-0.9012806064268,52.4597558601064]]]},"properties":{"CSP21CD":"E22000357","CSP21NM":"Daventry and South Northamptonshire"}},{"type":"Feature","geometry":{"type":"MultiPolygon","coordinates":[[[[-1.77921132996329,55.6856261085129],[-1.77887451590651,55.6677306667552],[-1.80243892207114,55.6682838306086],[-1.81559116162827,55.6824100058206],[-1.84239488379303,55.6787148483227],[-1.85495547464104,55.6856300111647],[-1.79738617145307,55.687223511114],[-1.77921132996329,55.6856261085129]]],[[[-2.00157810876404,55.7785457454667],[-1.98813656972887,55.7652103951086],[-1.99873368638966,55.7665205223272],[-1.96070707661268,55.7332266980585],[-1.91738034256313,55.7113181280615],[-1.88409332954301,55.6944591247616],[-1.88562738129919,55.6839524850602],[-1.87324686228725,55.6827839682908],[-1.87002498158016,55.6659138137329],[-1.85443095461985,55.6534433484442],[-1.84087288676688,55.6425929130727],[-1.81318622526473,55.6337046381363],[-1.78386930076396,55.64404603552],[-1.7647767256772,55.6259096424636],[-1.78633189999702,55.6160043786547],[-1.77078942058456,55.6034844025073],[-1.74233786376602,55.6185622152542],[-1.72281421421231,55.6168131275703],[-1.68418851396596,55.5989566667389],[-1.66683306376843,55.5909242500168],[-1.66202338347847,55.5869201741753],[-1.65095714753393,55.5835718794043],[-1.63942865021283,55.5782306230276],[-1.65216369147312,55.5712558804608],[-1.64566388503594,55.5741764997225],[-1.64209853948289,55.5711890442763],[-1.6421234888861,55.5711426685578],[-1.64027484115702,55.5697617195006],[-1.61882582003225,55.5521770871585],[-1.63146390682202,55.5483454565129],[-1.63147600977511,55.5448882341438],[-1.63833013500806,55.5409372766371],[-1.631506362554,55.5362115808131],[-1.63150731399228,55.5359395803072],[-1.6290999045133,55.5345446101286],[-1.61059329382314,55.5217182721004],[-1.61124793012511,55.5175298207859],[-1.616183683914,55.5129294996643],[-1.61197937017114,55.5128489140143],[-1.61427439421224,55.4981543199888],[-1.59113326088631,55.492408361584],[-1.59195067890919,55.4731462715865],[-1.59334536153846,55.4402349554799],[-1.59050673596201,55.4387591617992],[-1.5905028666335,55.4377252677834],[-1.57545457980509,55.4304081585853],[-1.5782254028523,55.41693429048],[-1.57831966147886,55.4168308527894],[-1.57828908425265,55.4168020449667],[-1.58031703200177,55.4067569377337],[-1.61081263768571,55.3852774709458],[-1.62127361286657,55.3883061201646],[-1.60833182781801,55.3837843065926],[-1.60229623687177,55.3724796161573],[-1.60220538042795,55.3697332944577],[-1.59626837387092,55.3611826769838],[-1.58686984706486,55.3435552943682],[-1.58620952300406,55.3359493767671],[-1.57287239721644,55.3385746658237],[-1.56424891959739,55.3337606722125],[-1.5494196866004,55.3218385625153],[-1.5614645970783,55.2982412052313],[-1.56502514730016,55.2933431466824],[-1.56789005961735,55.2894010863143],[-1.5674378697523,55.2865280961],[-1.57313569990995,55.2753482694986],[-1.52227002912005,55.2137602586959],[-1.52217304794505,55.2098441775872],[-1.5152291240007,55.205218493866],[-1.49914459927691,55.1856900028207],[-1.50868819717412,55.1840966534633],[-1.51171479560194,55.1836538501266],[-1.52507761098866,55.1626320452904],[-1.54003041425217,55.1613378574292],[-1.52493482293934,55.1605144052681],[-1.52003764213045,55.1546730282052],[-1.51939903799187,55.1492850898914],[-1.50885315474855,55.1413249822167],[-1.4986214435499,55.1291052931847],[-1.51613150363143,55.1360232906057],[-1.49653199916352,55.1236759027552],[-1.49734094159709,55.1133670262415],[-1.49775222518735,55.1081236612838],[-1.47866478468394,55.0791086019856],[-1.47256091722681,55.0842874618857],[-1.46449427753899,55.0775323748148],[-1.46180183760668,55.0743562402069],[-1.49232860365529,55.0660583862958],[-1.48781361425184,55.0535919966449],[-1.50863206332108,55.048020180091],[-1.51028423064551,55.0550089123519],[-1.53233965274555,55.0541494832595],[-1.53986836433209,55.0615906947845],[-1.55704085213466,55.0541781953993],[-1.57508009741004,55.0556198920735],[-1.57853962866581,55.0630812854251],[-1.63789356936638,55.0647685986038],[-1.64768125804879,55.07938870152],[-1.7137596650152,55.0654793996354],[-1.69488396423029,55.0429273263424],[-1.75024527652204,55.0240207799207],[-1.75656332387461,55.0032632890456],[-1.77384237281685,55.0041394758906],[-1.76948002257309,54.9809468096864],[-1.78834993660814,54.9842559893285],[-1.81281285032777,54.9763217920699],[-1.83369021184788,54.9533134990629],[-1.82695158315244,54.9302255591541],[-1.84114925719419,54.9297254843691],[-1.85272134451354,54.9174135398416],[-1.82063806458852,54.9057789839002],[-1.85443666752614,54.8911845472788],[-1.87010387418602,54.8508656853951],[-1.91404305660745,54.8395289260097],[-1.91376519144519,54.8339967392878],[-1.93268121195819,54.8541874241955],[-1.94905729479751,54.8529670124738],[-1.98023634067633,54.8681834576866],[-2.00096698452765,54.8696677128467],[-2.03975651418148,54.8482915700856],[-2.08247563800315,54.8382220876315],[-2.13978896462199,54.8418707207387],[-2.16947003967283,54.8036099742436],[-2.19860065839177,54.8067362782731],[-2.21890675191817,54.7823773837281],[-2.28267781083991,54.7982520767098],[-2.31208952139602,54.791015046825],[-2.32738520521004,54.8053324704389],[-2.34842858236683,54.8070792761441],[-2.38998545538645,54.8321552442485],[-2.41162383316528,54.8564307386828],[-2.42311358990481,54.8426357115832],[-2.46059555927454,54.8341708146448],[-2.49540931690249,54.8103066701863],[-2.5238815644532,54.806031664475],[-2.5583066678318,54.8167246166541],[-2.58267104737595,54.8458667824507],[-2.57335234214531,54.8535461971699],[-2.60543022085515,54.8843823124884],[-2.57641404338101,54.8967171106932],[-2.56622128211943,54.9192380637087],[-2.54527258594749,54.9291719631133],[-2.56764946010163,54.9408560220603],[-2.56849154078611,54.9583618179879],[-2.59556897269462,54.9634809328243],[-2.60142928961523,54.9713401703018],[-2.5733107670136,54.9876377877579],[-2.57285163622922,55.0163983334404],[-2.48304985288842,55.0400190767258],[-2.503984940725,55.0624298945368],[-2.48608636846352,55.0824435692357],[-2.50257438882916,55.0907586762788],[-2.56213639511458,55.0834621700379],[-2.5684260078781,55.0962614140758],[-2.59353940991365,55.1050960593852],[-2.59890282488408,55.1245757167589],[-2.65693941785208,55.1361318311632],[-2.67732441001798,55.1554875886212],[-2.67455532373979,55.1758914671104],[-2.68979023468094,55.1889842117909],[-2.666814789349,55.2215803908599],[-2.63141420722149,55.2236980857955],[-2.63022898081735,55.2447914968204],[-2.61145085823107,55.247134430211],[-2.64677118121333,55.2600438638246],[-2.62665606673464,55.262220938519],[-2.60923810323899,55.283248026502],[-2.57336309653362,55.2968843981579],[-2.55900833851599,55.3178528230182],[-2.52026965851612,55.3230470920814],[-2.47539346393945,55.3547399208929],[-2.41499664354287,55.3589219038862],[-2.39950503983205,55.3482214019491],[-2.37891180668306,55.3491694380124],[-2.33752995734802,55.3671909676834],[-2.34623321175053,55.3730610542629],[-2.33002052064065,55.381241567215],[-2.34494682160794,55.399313431888],[-2.33562914471265,55.4082080643391],[-2.31325356259942,55.4067893351075],[-2.26061128927204,55.4329339989058],[-2.2312819124724,55.4284292928826],[-2.19485820047688,55.4445902852248],[-2.18807797549864,55.4621152753329],[-2.1655212321177,55.4683818989758],[-2.20133583318611,55.4752675207087],[-2.2026492750732,55.489541288571],[-2.22884551551699,55.509518780902],[-2.2403065059112,55.5556271692665],[-2.28881057092811,55.5803072667808],[-2.2892322950467,55.6037736967936],[-2.3160941125707,55.6204584689942],[-2.30862602967662,55.628875977236],[-2.3243105601635,55.6261659078181],[-2.33600510128162,55.6324814828842],[-2.30578970416838,55.6470437745825],[-2.23436858586757,55.6410421018837],[-2.24834586160377,55.6521497554078],[-2.21845272804607,55.6642602683354],[-2.21865916071879,55.6759071381416],[-2.16723105928948,55.7060351656943],[-2.17651977447433,55.7188375136977],[-2.15057590272351,55.7231544083591],[-2.14401927191631,55.7393488749769],[-2.11763747623683,55.7387750010784],[-2.10764153175897,55.7598881506854],[-2.0856391490368,55.7620403330448],[-2.0861230942702,55.793045271488],[-2.03453353597059,55.8111958983578],[-2.03453334116232,55.8111957241053],[-2.00157810876404,55.7785457454667]]]]},"properties":{"CSP21CD":"E22000358","CSP21NM":"Northumberland"}},{"type":"Feature","geometry":{"type":"Polygon","coordinates":[[[-1.46401360334253,52.3732671682518],[-1.46491357144704,52.3580775285269],[-1.44805105842048,52.3536774400587],[-1.45619918213479,52.3467772347763],[-1.44364269087787,52.3455356790609],[-1.43597554528106,52.3284165584949],[-1.40697286704422,52.3191214441215],[-1.41940775930447,52.3037535843654],[-1.38915222664198,52.3008573192689],[-1.30901531727689,52.2574734664414],[-1.2878031010097,52.2736257371497],[-1.25947790368642,52.256503368883],[-1.23299880379763,52.2532588499543],[-1.2668910685646,52.2352423788113],[-1.28464415629528,52.2385772947561],[-1.25498199738882,52.1978310710958],[-1.31313453207951,52.1904676302914],[-1.3318971346503,52.168485056197],[-1.34870798028103,52.135132199429],[-1.36614709694777,52.136075238415],[-1.39330253064253,52.1189629049398],[-1.37084214071868,52.1175341834914],[-1.35776965526573,52.101310424564],[-1.38539981246728,52.0941455730689],[-1.42585527139589,52.1182494968197],[-1.45345845225059,52.1130088171451],[-1.44718785165916,52.0976250329561],[-1.47730164801721,52.1013509449693],[-1.48780444309778,52.0939574330421],[-1.52282569381325,51.9968433232583],[-1.55722360987893,51.9916576656612],[-1.5496712341503,51.9808596590458],[-1.56353907898642,51.977040370489],[-1.60030155963125,51.9769415562367],[-1.5916338243768,51.9704499714443],[-1.61234247849955,51.9554034171782],[-1.66575430454863,51.9874888219864],[-1.66617341865268,51.9969179723384],[-1.61753263743828,52.0334370262087],[-1.62441776103734,52.0389813521362],[-1.66386648240206,52.0312766496843],[-1.69398075504565,52.0395278989016],[-1.6886364810542,52.0518332046415],[-1.70514106701663,52.0597066230704],[-1.70173137601653,52.0728093032742],[-1.71295296232755,52.0665849047502],[-1.73067148453835,52.073399301398],[-1.72856052811281,52.1001203055535],[-1.7460219368107,52.0929601720455],[-1.76764874769465,52.1125925601067],[-1.75739824866764,52.1159444098204],[-1.79100431323698,52.1201935592893],[-1.78554803075531,52.1320586070751],[-1.80843385608566,52.1398755712958],[-1.82321733193223,52.1363823220937],[-1.82334774779545,52.1459250780329],[-1.8396721464105,52.152713685185],[-1.85418798079449,52.138520914398],[-1.86692724441238,52.153007967663],[-1.88977183547481,52.1562131340578],[-1.89422974637425,52.1482514762684],[-1.88511820710407,52.1468531416659],[-1.90347301013314,52.133450944486],[-1.92188699893781,52.1530062956869],[-1.9443024167711,52.1553331527715],[-1.93548275837819,52.1695570853923],[-1.96040736772155,52.1686717313137],[-1.94164148445488,52.177406344066],[-1.93563393045851,52.2041212314579],[-1.91746463165546,52.2181838110153],[-1.93461083149063,52.2520178646591],[-1.93740118462789,52.2761530305047],[-1.91597681390647,52.2750342209889],[-1.88656592246459,52.2865796039183],[-1.88093415490093,52.3109334746665],[-1.86836367539689,52.314940661402],[-1.86483054977187,52.3330931986051],[-1.88897980676969,52.3608944355128],[-1.87203384032481,52.3675985302351],[-1.80780141734951,52.3666080026736],[-1.77767963614628,52.3477398329617],[-1.77922436694685,52.3645399179904],[-1.74616686933364,52.354935208379],[-1.7349710475099,52.3702434620116],[-1.72025822194711,52.3725740130338],[-1.71854635203768,52.3557377229793],[-1.69388500073929,52.3510133572142],[-1.68432272655293,52.3632320067302],[-1.66088809306568,52.3656701065801],[-1.65131028325382,52.3564211107174],[-1.62340074737034,52.3655514483218],[-1.60106738247379,52.3892994855589],[-1.56760688746162,52.3846889239322],[-1.5524124217106,52.3638920750157],[-1.52465132517521,52.3794009009746],[-1.51391247813349,52.3690618020562],[-1.50449893765669,52.377807147852],[-1.46401360334253,52.3732671682518]]]},"properties":{"CSP21CD":"E22000359","CSP21NM":"South Warwickshire"}},{"type":"Feature","geometry":{"type":"Polygon","coordinates":[[[-2.37893788163928,52.8917205240456],[-2.39375624971319,52.8366200385749],[-2.41634660240013,52.8270059910047],[-2.47289499273347,52.8208034197707],[-2.45625527532494,52.7841864530811],[-2.47280977449132,52.7804223278005],[-2.48970354173006,52.7829732899282],[-2.47712088994151,52.7993785524561],[-2.48650658342808,52.8052457111754],[-2.50302787014664,52.7966042669454],[-2.5219890237145,52.7989513218527],[-2.53751454460714,52.7851089648203],[-2.53380989885022,52.7941188252219],[-2.55183543570501,52.8025350827926],[-2.58278551595992,52.8056251581841],[-2.59800685838951,52.7979685830807],[-2.59224445077165,52.7768495572435],[-2.62100320767185,52.7765219605895],[-2.63233128566817,52.7595905538297],[-2.64312849256875,52.7670846596779],[-2.66341537473471,52.7604411712564],[-2.66023986584404,52.731624688758],[-2.59741996828975,52.7182511698821],[-2.62254969542173,52.6990321685353],[-2.55564737354675,52.6710981077424],[-2.54845742726727,52.6547126133052],[-2.50177354912493,52.6290188142103],[-2.43811069608761,52.6145585603198],[-2.43663474871759,52.6270940478354],[-2.41829505360872,52.6337749410688],[-2.41902901166181,52.6628920164182],[-2.37654762449238,52.7395970625078],[-2.35792862635308,52.7312125484689],[-2.3155761976627,52.7329474158237],[-2.30860350792447,52.7207461373701],[-2.3248336041539,52.7053358311102],[-2.3199078211235,52.6953977627732],[-2.30304049939528,52.6829527800275],[-2.24772940707176,52.6830743924378],[-2.23871532272218,52.6637013164014],[-2.24768735730075,52.6566601357049],[-2.23470907735918,52.6558541575355],[-2.23289449572097,52.6476942062433],[-2.25617061500712,52.6097982928444],[-2.28158430525676,52.6058738514889],[-2.32379942705026,52.6129531057319],[-2.32202449570949,52.5936360480848],[-2.30029269773898,52.5930271010792],[-2.26193773864192,52.5690598023103],[-2.28247661716922,52.5533960748376],[-2.25640506809536,52.5417964785155],[-2.2692153554449,52.5306887975025],[-2.26094318513366,52.5241024164049],[-2.29139000182827,52.511679924962],[-2.3127491667011,52.4892088291572],[-2.28738237113973,52.4553169285039],[-2.31175006207078,52.4375311774161],[-2.36352792484789,52.4394258309826],[-2.37294564977794,52.4019641101138],[-2.33553274094094,52.385347443411],[-2.36735191957292,52.3880630032731],[-2.39067324035235,52.381527855865],[-2.41047383637194,52.3871532921095],[-2.41492339318484,52.3682547125976],[-2.4747702332673,52.3671455210521],[-2.48832715242412,52.3553975393889],[-2.48179590843371,52.3310777473859],[-2.51320477489778,52.3292139122079],[-2.51212945833582,52.3371102595184],[-2.53914994730822,52.3441390883156],[-2.56221899576703,52.3331082832588],[-2.56264435828822,52.3111365754448],[-2.57485259380717,52.3175760228212],[-2.61803476082432,52.3069569825661],[-2.6239344865987,52.3213941367398],[-2.66606616454924,52.3423011032391],[-2.68912776448561,52.3166054827206],[-2.67981117516044,52.312023092938],[-2.71424980497088,52.3088778910858],[-2.76698682979255,52.3361126175067],[-2.74837976314791,52.3349023999633],[-2.73276668080261,52.3555324881577],[-2.79242010801848,52.3568636039561],[-2.79250462990759,52.375283534138],[-2.80732909741049,52.3759114490775],[-2.80543256064045,52.3882520709597],[-2.81822288080805,52.3912299529276],[-2.85501758555997,52.3954853452774],[-2.88845681203454,52.385154203445],[-2.89313510339412,52.3740884938803],[-2.9176851490735,52.3862884794478],[-2.92231079516907,52.3751473465218],[-2.90080513581716,52.3672702614202],[-2.9261433373763,52.366995255805],[-2.93888929692198,52.3610579830377],[-2.93314924449305,52.3500521344638],[-2.95465135625057,52.3491547628498],[-2.97450325778266,52.3547007719923],[-3.04017440612675,52.344326449559],[-3.06066441920979,52.3482395297035],[-3.11060650812059,52.3771928586202],[-3.15444662965246,52.3877151721652],[-3.17883654916668,52.4093973297151],[-3.21954450562745,52.4212529854221],[-3.23554290740389,52.4425036043898],[-3.19724017301225,52.4759894045068],[-3.18021448078352,52.4739344858705],[-3.11101713479608,52.498934828381],[-3.02920219998827,52.501268025898],[-3.03237893922629,52.5237313433299],[-3.00387364775971,52.5198330371476],[-2.99416397610144,52.5529108742502],[-3.014230447679,52.5754965437771],[-3.08727582526502,52.5513315082532],[-3.08541228712571,52.5345027028164],[-3.13306437911758,52.52747060997],[-3.1370447146752,52.5340448107619],[-3.11149542440582,52.5413637648399],[-3.13950076571608,52.5857198080728],[-3.11741414899447,52.5857631475343],[-3.08955816271373,52.5995062980213],[-3.09362257365342,52.6093390876565],[-3.07318689672821,52.6289626623494],[-3.05979890383027,52.6307211853121],[-3.08356627752097,52.6412925202018],[-3.05111254304017,52.647365558263],[-3.03858027691564,52.675373166834],[-3.04704782420661,52.6912658409262],[-3.0224859512498,52.7066679421564],[-3.02035717507642,52.7251022420807],[-3.00055465557069,52.720275310728],[-2.97759195389928,52.7265916760122],[-2.97810302517224,52.7153573258909],[-2.96107942399414,52.7164656946471],[-2.96506569361931,52.7322680648372],[-2.99131975668694,52.7338180016925],[-2.99199278312435,52.7437560385489],[-3.02180979863464,52.7519407818244],[-3.01079020648197,52.7585636991177],[-3.01719942628447,52.7676641820712],[-3.0350943269041,52.7640087027883],[-3.0389768046804,52.7704007776031],[-3.05257974034024,52.7686895431283],[-3.04778942053427,52.7726426112146],[-3.07951607132088,52.7715139126723],[-3.09168246698264,52.7866629795941],[-3.08663218442715,52.795593156752],[-3.11828683786622,52.7835824209746],[-3.16085535746191,52.795745086062],[-3.15319003437988,52.8063686258345],[-3.16820515656899,52.807328443007],[-3.16788753046969,52.8192666796899],[-3.15126038171278,52.8425648882919],[-3.16301475130881,52.8474909452542],[-3.12771287514737,52.8671030328106],[-3.15241672487316,52.8787478871554],[-3.13552413220342,52.8850136669707],[-3.14750393983102,52.8901693458012],[-3.11416217688046,52.8939782165098],[-3.09595322236249,52.9302818603715],[-3.07651316772971,52.9254793440269],[-3.03507944191704,52.9294813957865],[-3.00964949707879,52.9561994732342],[-2.98202234589558,52.9591982546682],[-2.97502999812956,52.9689845241295],[-2.9598133204483,52.9511695556905],[-2.9288886576968,52.9386788302752],[-2.88743132915924,52.9525298908831],[-2.88353939739913,52.9466392170532],[-2.84101496067848,52.9426237150063],[-2.79884789455756,52.8957587642381],[-2.75532645758129,52.9246280372655],[-2.72843937384749,52.9253018633927],[-2.72417751071701,52.9571216556058],[-2.73529356518204,52.9699461900541],[-2.7268406065337,52.9832729462979],[-2.69929243706707,52.9954387986715],[-2.67466228547344,52.9856628103872],[-2.63265093996284,52.9966707872024],[-2.59488906784906,52.979607147503],[-2.59769347128031,52.9630059899653],[-2.58641372797688,52.9553790887172],[-2.56126288258472,52.9649521051142],[-2.52951582206291,52.9471648775005],[-2.52142791357081,52.9742651281178],[-2.48115277114678,52.9588178873791],[-2.43461402318991,52.9695213474101],[-2.43676051035908,52.9862560835512],[-2.38079367936827,52.9984110622549],[-2.36873055737941,52.9793594897758],[-2.37971828550886,52.9760652635183],[-2.38620832086667,52.9532172782145],[-2.41289866473101,52.9617402681845],[-2.40560245084248,52.9472941546176],[-2.42526929753461,52.9499985200323],[-2.43712308232414,52.9435990148052],[-2.47084125003617,52.9058690823754],[-2.44614159360973,52.8740080691121],[-2.44041158371091,52.8812273008096],[-2.37893788163928,52.8917205240456]]]},"properties":{"CSP21CD":"E22000360","CSP21NM":"Shropshire"}},{"type":"Feature","geometry":{"type":"Polygon","coordinates":[[[-1.78861685777866,51.6670018975245],[-1.79908052936856,51.6625047228664],[-1.78858341785345,51.6327136502205],[-1.82784729058069,51.625325780464],[-1.84230296662443,51.61256022152],[-1.83185653592711,51.5967288742393],[-1.83756146498663,51.5872419196361],[-1.823733053229,51.5822091981918],[-1.84314557581213,51.5786591525959],[-1.84518926584843,51.5617183805608],[-1.86010361511537,51.5652438120408],[-1.86512233688029,51.5595913798443],[-1.84927684261657,51.5533094800488],[-1.85382409898453,51.546301920144],[-1.83007974454265,51.5154395575391],[-1.83697437954741,51.5109029296059],[-1.8467781476724,51.5244433133136],[-1.83758492292658,51.5008374700594],[-1.81345034633343,51.5070421801524],[-1.79779682111143,51.4844459329131],[-1.77433053529391,51.4824545734086],[-1.71573673989899,51.4883833461806],[-1.71908165367462,51.5007055402528],[-1.60281227577577,51.5182950573493],[-1.58470801107569,51.5249121192573],[-1.58229087127299,51.4941117966021],[-1.52399091949678,51.4474805546288],[-1.52661427053083,51.4239307445952],[-1.56511865145832,51.4220434340803],[-1.57105280218741,51.415577604998],[-1.55298802119079,51.4100439112545],[-1.55560283150743,51.3955841256927],[-1.49544914388954,51.3696644487562],[-1.5006084786642,51.3562679618628],[-1.48571137940255,51.3476828433187],[-1.498298923396,51.3293760932154],[-1.52750728243899,51.3384659578415],[-1.53356185391502,51.3162235803486],[-1.51951108457163,51.2959385817098],[-1.52280740170925,51.2870580082431],[-1.54258390871829,51.2812507359817],[-1.54051263214595,51.2608334795592],[-1.52982022728447,51.2605141199772],[-1.53603492234381,51.2485300396199],[-1.54515980286727,51.2450984925635],[-1.57763603597239,51.255631065046],[-1.6074261068072,51.2527700646067],[-1.63354082449386,51.2175159574141],[-1.68969464697899,51.2148276707553],[-1.69409695143106,51.204043239813],[-1.66883538878813,51.1907722671746],[-1.67236777184947,51.178543907232],[-1.65404416770563,51.1562825595718],[-1.66297542061049,51.1271919942692],[-1.62624982084857,51.11733837822],[-1.63731080993168,51.092165472254],[-1.6277285317731,51.0780113479755],[-1.63494006258514,51.0405607803365],[-1.63237574994688,51.0327797089411],[-1.59939671455144,51.0237293759632],[-1.59733922744914,51.0097526004452],[-1.62888498210167,50.9990317656901],[-1.61964214748169,50.982996428717],[-1.60292295662954,50.9785219275279],[-1.61975086537986,50.958566922566],[-1.63496498191182,50.959242203305],[-1.66165999760679,50.9452778925552],[-1.71961730875128,50.9767804602939],[-1.75440191299908,50.9778920957637],[-1.80031396441254,50.9913948004776],[-1.81542176154033,50.9859226506618],[-1.83581261899271,51.009422262898],[-1.85338113087344,51.0046795408065],[-1.87398355229609,50.9844410369727],[-1.87448162937032,51.0063305730385],[-1.88674132171074,50.9995277362902],[-1.92787590068259,50.9976972353567],[-1.94993597428249,50.982310587126],[-1.95682089498092,50.9898299333136],[-1.9852096593475,50.984755555903],[-1.99403629918269,50.9757281535977],[-2.03655897229158,50.9721768970225],[-2.06831287946984,50.9511940147577],[-2.10179195110563,50.9449855124625],[-2.12067094650373,50.9615394746872],[-2.11976435895004,50.9781906486388],[-2.17256551412044,51.0010725694164],[-2.19320866066048,51.0377123709564],[-2.24227376188872,51.071177901873],[-2.26862013866279,51.0687409083391],[-2.32585275983044,51.0796755881052],[-2.36086958335645,51.0990175009608],[-2.3645276284756,51.11887884006],[-2.34453924740452,51.1246781602203],[-2.34585866968418,51.1333687940645],[-2.29846468216909,51.1753224442548],[-2.24534123488723,51.2538761371033],[-2.25349723752292,51.2898347409545],[-2.26525311710259,51.2962199832276],[-2.28068002440096,51.2934629278997],[-2.28506752624869,51.3094571530531],[-2.27195450640093,51.3142540539339],[-2.27309487103777,51.3228790460251],[-2.28909082429693,51.3252720485445],[-2.30092693165784,51.3332225319919],[-2.29640906948892,51.3426619850286],[-2.34433841756594,51.3455637229005],[-2.29205636589386,51.369570098431],[-2.2967881652906,51.3948872762533],[-2.281812467782,51.397228076674],[-2.29086160425423,51.4057121040575],[-2.27854071292375,51.4158822043192],[-2.29461584331874,51.4288015360874],[-2.28512472635348,51.4578448523091],[-2.29574294629382,51.458590039344],[-2.29046578148789,51.4866510040105],[-2.31142293570328,51.4873730705689],[-2.32432448172805,51.4975094728188],[-2.25238825054309,51.5268735558894],[-2.26650176046494,51.5362618774149],[-2.26029952338613,51.5699008247026],[-2.27255905245869,51.5775903274116],[-2.24511651561049,51.5814094740082],[-2.24186688776213,51.5921071677432],[-2.20742648164956,51.6034009928319],[-2.20655236834298,51.5959494452395],[-2.19001237832702,51.5925031496084],[-2.17949127565587,51.6000456712363],[-2.15253791543564,51.5903416239803],[-2.05717380115619,51.6724431322141],[-2.01559230513293,51.650515500261],[-1.99530744672495,51.6513635984319],[-1.97732728414873,51.638091260896],[-1.95051918865219,51.6369627916609],[-1.96305686286434,51.6586563942531],[-1.94205954029405,51.6704168715615],[-1.92090498005307,51.6572437744879],[-1.87659847508312,51.6515956109897],[-1.89901313594195,51.6796865091691],[-1.87388368376944,51.6825898311432],[-1.85048414193447,51.6562848044654],[-1.81585077037266,51.6630448007872],[-1.82317089688883,51.6734843285402],[-1.81194238645542,51.7031457130314],[-1.78861685777866,51.6670018975245]]]},"properties":{"CSP21CD":"E22000361","CSP21NM":"Wiltshire"}},{"type":"Feature","geometry":{"type":"MultiPolygon","coordinates":[[[[-3.46283902864702,50.6606067386861],[-3.46277191300391,50.6603996582785],[-3.46469055027262,50.6607082280718],[-3.46378245593076,50.6635174287078],[-3.46283902864702,50.6606067386861]]],[[[-3.45675191306662,50.6768709210273],[-3.45632818381495,50.6748932554566],[-3.45792347111594,50.6757592772469],[-3.45793488388982,50.6757654728896],[-3.45675442438365,50.6768826384607],[-3.45675191306662,50.6768709210273]]],[[[-3.48336552993693,51.0338313791514],[-3.46019383383282,51.0252167281119],[-3.42130388849576,51.0307781806816],[-3.41417405059937,51.0197027051077],[-3.38048774397398,51.0184858606913],[-3.37866358745963,50.9775085065969],[-3.3336699633033,50.9827882869913],[-3.29384739402201,50.9551387048337],[-3.25483048358088,50.9418457496667],[-3.16647889801131,50.9477134844598],[-3.18787082456009,50.9104207679833],[-3.14791841657813,50.8917842970644],[-3.12634120278755,50.9017177046406],[-3.05242991660501,50.9085661170212],[-3.05478573265562,50.8746184211669],[-3.03263151653362,50.8616392391691],[-3.03680608618723,50.8510651729283],[-2.97358103260606,50.8557122739648],[-2.96982692429279,50.8341804773966],[-2.95432123760533,50.8211725185423],[-2.96130299095557,50.8155547839501],[-2.89280364355642,50.8047767521255],[-2.88664434482201,50.794807333036],[-2.95433354829791,50.7677102249702],[-2.93506310735221,50.7542660848456],[-2.9530673537135,50.7284970686059],[-2.94745017814258,50.7183909581224],[-2.94776118614842,50.7182646714525],[-2.95257593183509,50.7164390597153],[-3.00342202386293,50.7020020601249],[-3.02694649105692,50.6988840132762],[-3.03187385131111,50.6991347937947],[-3.05490021592489,50.7023914060677],[-3.07940745242355,50.7015435573195],[-3.0814167599153,50.7016449499661],[-3.08157452771995,50.701468338404],[-3.08292681531385,50.7014213783146],[-3.0948979906337,50.6865478348465],[-3.09608101779005,50.6852224741261],[-3.13379763483273,50.6849581856379],[-3.19204685330913,50.6845260830068],[-3.25755287467255,50.6732923015456],[-3.28855700819091,50.6431993947286],[-3.30094703499838,50.6321233205136],[-3.30892154191392,50.6476207454951],[-3.3066356918602,50.6297278151097],[-3.33959135878405,50.6220489973695],[-3.34799247053395,50.6206252707716],[-3.34865098733052,50.619935988414],[-3.351005946207,50.6193865867603],[-3.35746249831956,50.6117828457198],[-3.36176792736481,50.606710910052],[-3.38939573073405,50.6114069861951],[-3.41483609787394,50.6157246942953],[-3.42404256455567,50.617285658097],[-3.42089134103271,50.6241104552021],[-3.41672745227266,50.6291160970053],[-3.4155166084088,50.6293404197296],[-3.41656864802267,50.6293069806015],[-3.41604334192541,50.6299383881842],[-3.45145166817456,50.6818996919897],[-3.45145190835718,50.6819000442317],[-3.45110268623978,50.6822304431162],[-3.45240013882747,50.6832897993953],[-3.46075040945261,50.695524278939],[-3.45934225297757,50.6889569049185],[-3.47142193174564,50.6988137016616],[-3.46520660560666,50.7450221517472],[-3.51273862290517,50.7614550781156],[-3.55202544701329,50.745130931981],[-3.56966868776298,50.7450098944172],[-3.58308317453814,50.7415593254298],[-3.60886785661518,50.7542172678147],[-3.61994642895275,50.7509854086882],[-3.67179464772953,50.7639741600796],[-3.68014258391556,50.7499278668372],[-3.70834176959381,50.7487250858867],[-3.72334242998755,50.7281539600601],[-3.73751384639085,50.7235305899669],[-3.72424008591109,50.7155966326242],[-3.73559299233382,50.7031844780434],[-3.76625855610838,50.727564804781],[-3.81859718265907,50.7169643113309],[-3.83629512107417,50.7321720945115],[-3.80583865397745,50.7590142490582],[-3.82204070368346,50.7809997863109],[-3.84557265627394,50.7815894211658],[-3.83590135355439,50.792973975514],[-3.83908489144786,50.81836735566],[-3.87775066978318,50.8188870982856],[-3.89966513603951,50.8345094367324],[-3.88386837919487,50.8474942128164],[-3.90354364770517,50.8479438783158],[-3.92507798360179,50.867726333764],[-3.89855248976605,50.8775837404387],[-3.92020198536701,50.8975623714169],[-3.91483948798665,50.9026931514562],[-3.83001628094287,50.9068754498801],[-3.81679657172213,50.9145907607247],[-3.81691134382782,50.9017947682207],[-3.78332092354992,50.9024831080339],[-3.75358347437475,50.8768141083494],[-3.74480648560912,50.8903028776771],[-3.73468433938976,50.8906598226998],[-3.72805752673152,50.9107648956927],[-3.62748717634873,50.919587447627],[-3.6126335468106,50.9265824665411],[-3.59611532805936,50.9439883230638],[-3.5978469871401,50.967210381518],[-3.61970319375233,50.9683250496484],[-3.62881625867017,51.0057737132804],[-3.60511816482233,50.9902242505216],[-3.60320812898055,51.0072332306659],[-3.53504945700714,51.003347265335],[-3.51888138570953,51.0147955198935],[-3.5204283367291,51.0258709492369],[-3.50426793172562,51.0301126187041],[-3.48336552993693,51.0338313791514]]]]},"properties":{"CSP21CD":"E22000362","CSP21NM":"East and Mid Devon"}},{"type":"Feature","geometry":{"type":"MultiPolygon","coordinates":[[[[-4.65873993063651,51.1611310446222],[-4.67092482315619,51.1584635557391],[-4.68057246858645,51.1724248322739],[-4.67779469498207,51.19875271081],[-4.67735946780739,51.2024011742426],[-4.65326626531898,51.1623696507409],[-4.65873993063651,51.1611310446222]]],[[[-3.7697535302731,51.2376665639481],[-3.72078078926668,51.2330918843555],[-3.7205491867023,51.2330675614225],[-3.73320126956949,51.2227250757068],[-3.72498387980715,51.1795920629985],[-3.78630346639543,51.1719269221801],[-3.83917542483951,51.1769230993772],[-3.83449124892582,51.1383810136856],[-3.80428873272582,51.1156852822548],[-3.71995473942581,51.0808148681073],[-3.69240739327521,51.0805922353209],[-3.64670925190031,51.0580591629496],[-3.59447111942891,51.0551947239991],[-3.61465457400679,51.0154904427387],[-3.60320812898055,51.0072332306659],[-3.60511816482233,50.9902242505216],[-3.62881625867017,51.0057737132804],[-3.61970319375233,50.9683250496484],[-3.5978469871401,50.967210381518],[-3.59611532805936,50.9439883230638],[-3.6126335468106,50.9265824665411],[-3.62748717634873,50.919587447627],[-3.72805752673152,50.9107648956927],[-3.73468433938976,50.8906598226998],[-3.74480648560912,50.8903028776771],[-3.75358347437475,50.8768141083494],[-3.78332092354992,50.9024831080339],[-3.81691134382782,50.9017947682207],[-3.81679657172213,50.9145907607247],[-3.83001628094287,50.9068754498801],[-3.91483948798665,50.9026931514562],[-3.92020198536701,50.8975623714169],[-3.89855248976605,50.8775837404387],[-3.92507798360179,50.867726333764],[-3.90354364770517,50.8479438783158],[-3.88386837919487,50.8474942128164],[-3.89966513603951,50.8345094367324],[-3.94041352519525,50.8255545310726],[-3.9589177710873,50.8553840695721],[-3.99539948280976,50.8518482134354],[-3.99502328405998,50.8691991388325],[-4.03631749983545,50.8593507360791],[-4.03995122808568,50.8685374163816],[-4.05198490880397,50.8626423410614],[-4.06867993731403,50.8746132849403],[-4.08993415452322,50.8673803291283],[-4.08540911825294,50.8577371835778],[-4.10313151467025,50.8502969041802],[-4.10287761018232,50.8354348088121],[-4.12871960628132,50.8441074525971],[-4.14074073834119,50.8321137341456],[-4.16401807753568,50.8308963483644],[-4.15823850403211,50.8154575641082],[-4.17721015261179,50.8071651049632],[-4.16876383029227,50.7976558848632],[-4.19077039529673,50.7896428252168],[-4.16641879950941,50.7870003114457],[-4.20579453230102,50.774912708457],[-4.18592812089704,50.7577027142057],[-4.22678679585449,50.7421868955799],[-4.23496737346125,50.713351123435],[-4.23198891841178,50.6954223924421],[-4.21473432331301,50.6887848103331],[-4.21260866360025,50.6780322492392],[-4.22215942349301,50.6712437370542],[-4.31271370482185,50.6624506957621],[-4.33522641876651,50.6465408609257],[-4.34894080349311,50.6895382574278],[-4.3693407564535,50.7023413430557],[-4.36158610651669,50.7187672077225],[-4.38499630913709,50.7477499030619],[-4.38106317613385,50.7705377062247],[-4.3935058461246,50.7782481914315],[-4.41441712623775,50.774395582117],[-4.40872280864792,50.7624168901687],[-4.42394702206902,50.7645494039465],[-4.45132992301362,50.7856541959699],[-4.49350241428467,50.792912370259],[-4.44679067285866,50.808223723643],[-4.44223523468437,50.8469575349205],[-4.43365694912457,50.8655134673625],[-4.42095916744729,50.8660861656174],[-4.46268330272599,50.9134897827932],[-4.45605816327938,50.9288691859367],[-4.54616346528601,50.9288051530306],[-4.54616354284272,50.9288053222294],[-4.54765005739075,50.932051459453],[-4.54338854405302,50.950348294221],[-4.54244116509806,50.9517233735145],[-4.53303122815012,50.9653767578622],[-4.53417023466933,50.9898812150702],[-4.52705842430881,51.0203382570225],[-4.52572277162507,51.0222900982113],[-4.4254706346607,51.0136758632189],[-4.4248970560807,51.013373523041],[-4.3906906540321,50.9945844059361],[-4.34279469927087,50.9889981877169],[-4.32146401790047,50.9941071544502],[-4.30728748333293,50.9968981596176],[-4.3064373102899,50.9977032536513],[-4.30066555504783,50.999083848331],[-4.2824178733879,51.0156753025087],[-4.258245466657,51.0376315152872],[-4.23816566289677,51.0414380992089],[-4.21807930236066,51.0645733719583],[-4.2164630442664,51.0635296079886],[-4.21004863191642,51.0539109447402],[-4.20539982424031,51.0558417864403],[-4.21020087864567,51.0524246709253],[-4.19915453584224,51.058435176557],[-4.19816308638832,51.0588468258513],[-4.18338942918576,51.049257974344],[-4.18057316829908,51.0681713710047],[-4.14956437353115,51.0842114883863],[-4.18091240068556,51.0774153647556],[-4.19017433265428,51.0649587954149],[-4.21483317597248,51.0750713649496],[-4.22255989139339,51.1177960176917],[-4.23660175842016,51.1199968090885],[-4.24027561958657,51.1210592798799],[-4.23923588337496,51.1333362482961],[-4.24939007676999,51.137610976149],[-4.25944209311702,51.1418410491484],[-4.26136709346614,51.142904304948],[-4.22375094896694,51.1442534198884],[-4.21713965818304,51.1503687778406],[-4.2114948106817,51.1783090542449],[-4.2290972683725,51.1885772404751],[-4.21155811324111,51.1901514295397],[-4.20163395992842,51.2002884602954],[-4.18155633992035,51.1979557508566],[-4.18155629676046,51.1979557462658],[-4.17760181983893,51.1974107236159],[-4.1772825806535,51.1974587286478],[-4.17721317277521,51.1974506553621],[-4.17663469504679,51.1976278058652],[-4.11424825293267,51.2116100828407],[-4.09808962691971,51.2108841292833],[-4.09166351731331,51.216661618197],[-4.08811792354804,51.2174541693369],[-4.03867201865399,51.206695639191],[-4.0290819272193,51.2157591546494],[-4.02799092068951,51.2163782237111],[-4.00597441752698,51.2172782770556],[-3.95823254773353,51.2192154583883],[-3.95487741713202,51.2205296156259],[-3.95432955593271,51.2205568778416],[-3.94875072093962,51.2229289183422],[-3.92582756967961,51.2319009283386],[-3.92043625646687,51.2307027190528],[-3.89197907284282,51.2238100901084],[-3.85389904814889,51.2345083040143],[-3.85331154848234,51.2346538163253],[-3.81346389885073,51.2311350359757],[-3.81141522070659,51.2323084291781],[-3.81033019211745,51.2322283443875],[-3.78672453930475,51.2461882686324],[-3.7697535302731,51.2376665639481]]]]},"properties":{"CSP21CD":"E22000363","CSP21NM":"North Devon"}},{"type":"Feature","geometry":{"type":"Polygon","coordinates":[[[-3.89966513603951,50.8345094367324],[-3.87775066978318,50.8188870982856],[-3.83908489144786,50.81836735566],[-3.83590135355439,50.792973975514],[-3.84557265627394,50.7815894211658],[-3.82204070368346,50.7809997863109],[-3.80583865397745,50.7590142490582],[-3.83629512107417,50.7321720945115],[-3.81859718265907,50.7169643113309],[-3.76625855610838,50.727564804781],[-3.73559299233382,50.7031844780434],[-3.72424008591109,50.7155966326242],[-3.73751384639085,50.7235305899669],[-3.72334242998755,50.7281539600601],[-3.70834176959381,50.7487250858867],[-3.68014258391556,50.7499278668372],[-3.67179464772953,50.7639741600796],[-3.61994642895275,50.7509854086882],[-3.60886785661518,50.7542172678147],[-3.58308317453814,50.7415593254298],[-3.56966868776298,50.7450098944172],[-3.56282098725417,50.7069485911262],[-3.53909163467941,50.6929179703698],[-3.49450641574524,50.6928056332968],[-3.46836946600435,50.6776639850414],[-3.46836848412718,50.677660959475],[-3.46384154069449,50.6636997050512],[-3.46378245593076,50.6635174287078],[-3.46469055027262,50.6607082280718],[-3.46277191300391,50.6603996582785],[-3.44668494263491,50.6107094362116],[-3.44507775570345,50.6056105921631],[-3.44515112812978,50.605580365102],[-3.4450757643204,50.6056044543585],[-3.44375368723259,50.6016431408883],[-3.42484961299684,50.6108733697408],[-3.42876822069404,50.607727588874],[-3.46690733019469,50.5779571975359],[-3.46858767247848,50.5630464313185],[-3.47556954473462,50.5576957781444],[-3.49444319167426,50.543982253882],[-3.49510223249397,50.5427180977328],[-3.49643990660827,50.5416919029459],[-3.50940280898672,50.54630761136],[-3.50976913708554,50.5428627035284],[-3.49746643352738,50.5381825344825],[-3.50647727734135,50.5208875131012],[-3.50915764980517,50.5166235629206],[-3.52090513364388,50.5176836363678],[-3.52995146902909,50.5045871030079],[-3.5647735727694,50.4869669717565],[-3.57019369152466,50.4904444722335],[-3.58447116259375,50.4792400493677],[-3.58688486139577,50.4522296000076],[-3.61277560044036,50.4469672589289],[-3.62841211871871,50.4343239045305],[-3.61322861340488,50.4144967581369],[-3.5798511279214,50.4102051896984],[-3.55497053895562,50.3779007308647],[-3.5442558641542,50.3734825873851],[-3.50769652228915,50.3789457937974],[-3.51792808600049,50.3465052494496],[-3.51926643383476,50.3457646670926],[-3.54005873680254,50.3370401759296],[-3.55128080346883,50.3383160557323],[-3.57107725189802,50.3467360852997],[-3.57350505092697,50.3478425497128],[-3.56492171088552,50.3524055150587],[-3.57608177878184,50.3624693351508],[-3.57622747012307,50.363319193927],[-3.57064064582282,50.3684032346777],[-3.57779742058928,50.372474305746],[-3.57826345225234,50.3751910421853],[-3.59471187619675,50.3822436545956],[-3.59371133269061,50.381522441109],[-3.59498685156908,50.3822474072101],[-3.59229287647235,50.3804999339754],[-3.58058503898546,50.3720319306816],[-3.58443275143758,50.3603128710236],[-3.57849984719406,50.3532257341726],[-3.57793568277709,50.3481342965331],[-3.56390701021048,50.3357835734598],[-3.56358105936155,50.3353938193746],[-3.57243190186382,50.3260512662291],[-3.61205349702814,50.3185902141001],[-3.64196740283298,50.2904822532825],[-3.64210001896705,50.29033428939],[-3.65590422696265,50.2481613475927],[-3.65919542366196,50.2380956747086],[-3.65861721997836,50.2375876831677],[-3.6590043691475,50.2363563835287],[-3.64216400271852,50.2231268312074],[-3.64062321902089,50.2217720648513],[-3.68130677565896,50.2223977607552],[-3.68350502337012,50.221242549526],[-3.70023573422602,50.2124471641241],[-3.72098245620534,50.2024231989557],[-3.73739423347548,50.2147914506242],[-3.77341246998737,50.2240864743727],[-3.76259075923567,50.2362509425985],[-3.74310005006769,50.2408822967596],[-3.74531427791044,50.2405487477022],[-3.75592148053123,50.238960625515],[-3.75586461101947,50.2391210816494],[-3.75284030764621,50.2467408128052],[-3.74917465032701,50.2559730303983],[-3.75002493029537,50.2555913694531],[-3.74993070984753,50.2558570150412],[-3.757706227422,50.2521548169411],[-3.75846210619788,50.2529379299912],[-3.76587048341914,50.2612030817169],[-3.76555715196382,50.260287079334],[-3.76646606453439,50.2612283465787],[-3.76099488793968,50.2466172627943],[-3.75970181780958,50.2431626531871],[-3.75883068588003,50.240613892751],[-3.75912120981059,50.2404346986355],[-3.7668769128441,50.2426078701104],[-3.77832454437619,50.2307454376851],[-3.7819010787845,50.2295987000757],[-3.78661701675694,50.210829296494],[-3.8043250555587,50.2133237334254],[-3.81966465921958,50.2164140411816],[-3.86648487818764,50.2379182389949],[-3.8682217728313,50.2387492439218],[-3.85902740345629,50.2426409810426],[-3.85890044938994,50.2450921178622],[-3.85808770709039,50.2607796935878],[-3.85911818444932,50.2613613218501],[-3.85911521226182,50.2613685891596],[-3.88099192422773,50.2760128183501],[-3.88099355462926,50.2760139099843],[-3.88112934743993,50.2761048830126],[-3.88003310737866,50.2814525745926],[-3.89518338183747,50.2817757409518],[-3.89936501874888,50.2841108752666],[-3.89794646864139,50.2863789786328],[-3.91029643281483,50.2940693874251],[-3.91782500484959,50.2944148142722],[-3.9224585353074,50.2969999694499],[-3.94371408638679,50.2959236223333],[-3.94781789646275,50.3047468864604],[-3.94161026782183,50.3144627165665],[-3.95327384910459,50.3083377150316],[-3.95605604117488,50.3079367914678],[-3.96744912771502,50.3077969390147],[-3.99188256253344,50.3074932426902],[-4.0161939773184,50.2992528491333],[-4.04381933366569,50.2952522676414],[-4.07398084668317,50.3037202404656],[-4.06879928046719,50.3056583851203],[-4.03197151936366,50.3142463394946],[-4.11899825525202,50.3193411675659],[-4.12296646042766,50.3324848232601],[-4.12304752227299,50.3467427583021],[-4.12306438432354,50.3467695780691],[-4.09061840685327,50.3408970189308],[-4.05294433052337,50.3565199840264],[-4.05019965234195,50.3774707342474],[-4.02706143660235,50.3790316713663],[-4.02116944556102,50.3917770378327],[-4.03964982237787,50.4014204728754],[-4.07150999070002,50.4018503235349],[-4.082667475929,50.4246563990732],[-4.10954061298207,50.4320946555489],[-4.11348830320444,50.4441538016389],[-4.13566341622028,50.4329284402434],[-4.15585554605072,50.4364270138787],[-4.16939515760884,50.4230881995299],[-4.19022965658831,50.4274617752122],[-4.19022942957716,50.4274620736111],[-4.18555397114022,50.4336677100515],[-4.18509978859368,50.4342703510055],[-4.19897052205695,50.4455930676093],[-4.19929458156941,50.4356902471312],[-4.20024926409468,50.4352640289022],[-4.20063087063613,50.4350936563347],[-4.21519962901547,50.4666857613862],[-4.22953782387918,50.4558261393705],[-4.23859198555515,50.463969167011],[-4.2180822401953,50.4759428728942],[-4.22086898555329,50.4980727231674],[-4.1993570856001,50.4923687643603],[-4.18070463552914,50.5037280294746],[-4.18575017328832,50.5083572104039],[-4.20279303109881,50.5031798283113],[-4.20730714918843,50.5335626851357],[-4.23229543056486,50.5310174672764],[-4.24789096992557,50.543922189578],[-4.271526014024,50.5365851977345],[-4.25928500625729,50.545846766211],[-4.27951593682655,50.5691733356699],[-4.27114961706166,50.5822142028992],[-4.28587010135903,50.5847305555885],[-4.28614231744245,50.5750076040828],[-4.29132756980882,50.5838578780695],[-4.30691506779935,50.5785850671305],[-4.31162974247687,50.5860774690858],[-4.30032317586029,50.6338386863339],[-4.32559220254156,50.637726053182],[-4.33522641876651,50.6465408609257],[-4.31271370482185,50.6624506957621],[-4.22215942349301,50.6712437370542],[-4.21260866360025,50.6780322492392],[-4.21473432331301,50.6887848103331],[-4.23198891841178,50.6954223924421],[-4.23496737346125,50.713351123435],[-4.22678679585449,50.7421868955799],[-4.18592812089704,50.7577027142057],[-4.20579453230102,50.774912708457],[-4.16641879950941,50.7870003114457],[-4.19077039529673,50.7896428252168],[-4.16876383029227,50.7976558848632],[-4.17721015261179,50.8071651049632],[-4.15823850403211,50.8154575641082],[-4.16401807753568,50.8308963483644],[-4.14074073834119,50.8321137341456],[-4.12871960628132,50.8441074525971],[-4.10287761018232,50.8354348088121],[-4.10313151467025,50.8502969041802],[-4.08540911825294,50.8577371835778],[-4.08993415452322,50.8673803291283],[-4.06867993731403,50.8746132849403],[-4.05198490880397,50.8626423410614],[-4.03995122808568,50.8685374163816],[-4.03631749983545,50.8593507360791],[-3.99502328405998,50.8691991388325],[-3.99539948280976,50.8518482134354],[-3.9589177710873,50.8553840695721],[-3.94041352519525,50.8255545310726],[-3.89966513603951,50.8345094367324]]]},"properties":{"CSP21CD":"E22000364","CSP21NM":"South Devon and Dartmoor"}},{"type":"Feature","geometry":{"type":"Polygon","coordinates":[[[-1.55941079225447,54.8820371188128],[-1.56180965217131,54.8757167569592],[-1.531781773186,54.8781883872433],[-1.50667012936049,54.8711408351331],[-1.50427968057368,54.8312298106981],[-1.48185556201966,54.8096514145345],[-1.49072646804405,54.7993041361112],[-1.4225524435527,54.803170907028],[-1.41295475126421,54.8236547090542],[-1.42153633763303,54.8394761549227],[-1.3472334910808,54.8604448639491],[-1.3234705485791,54.8399704008124],[-1.32082920429294,54.8375605422941],[-1.32934628775083,54.8379612993441],[-1.30075416408078,54.7698021380938],[-1.29846647612096,54.7679736476218],[-1.29838924476451,54.7677328155915],[-1.29506991677754,54.7652583984594],[-1.27951449423846,54.7528178308249],[-1.24224048927432,54.7229684576401],[-1.25186499193155,54.7196229898455],[-1.2702517668578,54.727168687781],[-1.30552089363155,54.7175215633233],[-1.30132668031215,54.7081010499937],[-1.31932937291836,54.6913568469572],[-1.34452598374791,54.6911209127219],[-1.33094576833901,54.6821336618463],[-1.34785151195242,54.6624209272144],[-1.34125422761501,54.6502118986462],[-1.38089831632363,54.6439170683557],[-1.41282280630222,54.6165916896935],[-1.45091359036408,54.6105135015794],[-1.43835548898022,54.5950796119261],[-1.45170547077754,54.5908279807612],[-1.4686882777349,54.6005589269619],[-1.5267640482967,54.5964541221721],[-1.55864448318351,54.5921168483847],[-1.55282400409124,54.5823421868969],[-1.57626627480123,54.5801984886256],[-1.59340930184247,54.5950771640614],[-1.58419280946254,54.6104860465821],[-1.60621813900068,54.6034402424268],[-1.60676411917432,54.6175403660373],[-1.68242215879617,54.6177711334526],[-1.67931169574512,54.5859733295815],[-1.69402783337592,54.586893850473],[-1.70898440615518,54.5741416873651],[-1.70928210885412,54.5631794622174],[-1.69120671271364,54.5562446290065],[-1.70527424961459,54.5491719567045],[-1.69692636355207,54.5360064297071],[-1.7213108898176,54.5423017252838],[-1.73309136190533,54.5277364132303],[-1.77969652861129,54.5318729948094],[-1.77613231485782,54.5067285050585],[-1.79297648414091,54.4844924296004],[-1.83943329269054,54.5084372364891],[-1.85780051144888,54.5035397952873],[-1.85912998438283,54.4818579033168],[-1.94254323627035,54.4533953549934],[-1.97005959181258,54.4515215419127],[-1.99676437249469,54.4669034492372],[-2.04472952149334,54.4751862741994],[-2.04319843418637,54.4835994484301],[-2.11659617374357,54.4622634788675],[-2.17021302340634,54.4581987855746],[-2.15899719522345,54.4720296362657],[-2.17239803091537,54.5324441161867],[-2.19753056810017,54.5327039659281],[-2.20948818801938,54.5517133732167],[-2.30451453732035,54.5961978460776],[-2.32493776754246,54.6316502370591],[-2.28797868797798,54.6504801041079],[-2.29287495116333,54.6638852920078],[-2.32728766378882,54.6707277195715],[-2.35176911416252,54.6859308509191],[-2.35574349125271,54.6976521794555],[-2.32574674351607,54.7266292305767],[-2.31208952139602,54.791015046825],[-2.28267781083991,54.7982520767098],[-2.21890675191817,54.7823773837281],[-2.19860065839177,54.8067362782731],[-2.16947003967283,54.8036099742436],[-2.13978896462199,54.8418707207387],[-2.08247563800315,54.8382220876315],[-2.03975651418148,54.8482915700856],[-2.00096698452765,54.8696677128467],[-1.98023634067633,54.8681834576866],[-1.94905729479751,54.8529670124738],[-1.93268121195819,54.8541874241955],[-1.91376519144519,54.8339967392878],[-1.91404305660745,54.8395289260097],[-1.87010387418602,54.8508656853951],[-1.85443666752614,54.8911845472788],[-1.82063806458852,54.9057789839002],[-1.79492647061852,54.9035467792898],[-1.78166825321071,54.9115449903063],[-1.7687448779223,54.9067261188574],[-1.73620435852969,54.9185809665409],[-1.72490759208956,54.9088004446038],[-1.69863268713228,54.9090535661242],[-1.69168984097383,54.9025976041606],[-1.6747777845835,54.9095601452187],[-1.67557639645876,54.8980968546757],[-1.64931878603612,54.8929873124636],[-1.65055954794471,54.8793235541439],[-1.5941643487215,54.9020186477846],[-1.57990946563576,54.8777701487896],[-1.55941079225447,54.8820371188128]]]},"properties":{"CSP21CD":"E22000365","CSP21NM":"County Durham"}},{"type":"Feature","geometry":{"type":"Polygon","coordinates":[[[-0.820021885123097,52.9604644294128],[-0.833908629870818,52.9458805032832],[-0.824360730976672,52.9417896098345],[-0.862893425264728,52.9131138452548],[-0.85763357391753,52.9056423200794],[-0.916924921846032,52.8789315831176],[-0.940573916542046,52.8768561313973],[-0.928121482481403,52.8660833095459],[-0.959503896903261,52.8437817311886],[-0.977074582062935,52.8407376633052],[-0.982709019320862,52.8206748653118],[-1.02193315697324,52.8220518883665],[-1.03628929191991,52.8158772842477],[-1.07173821252654,52.8140112117332],[-1.07443530143318,52.8247266344066],[-1.11694190790358,52.8195772072277],[-1.13089307263852,52.8058269116307],[-1.16327577042398,52.8065222287069],[-1.19772936216661,52.7894115471348],[-1.2258860486895,52.7916775636682],[-1.26192675778543,52.8104533294567],[-1.27436347501172,52.8361295182939],[-1.26788907937114,52.8733686514596],[-1.24005549011668,52.8801088572395],[-1.23962277914605,52.8942376121918],[-1.24621503961712,52.9029859174845],[-1.2818010329585,52.9102932684363],[-1.2810311195325,52.9491583375537],[-1.29250116524851,52.95557367756],[-1.28774933165725,52.9696624541577],[-1.30744372494867,53.0036547888145],[-1.33198647927654,53.0311450293441],[-1.33586846310334,53.0529658466922],[-1.30352544996191,53.0418840565674],[-1.28482567275839,53.0482272928874],[-1.25343361975741,53.0397926900493],[-1.22906420446731,53.0227439746174],[-1.22514776798074,53.0080958021553],[-1.21910727681773,52.9914992580779],[-1.20335222289226,52.9875294856986],[-1.22617837809272,52.9811421831213],[-1.24683864344809,52.9845431945876],[-1.23197884944612,52.9676427065689],[-1.24689074252863,52.9531957032849],[-1.1823012510609,52.9173362705305],[-1.1990092076238,52.9094788675439],[-1.2109863800737,52.912111996016],[-1.21749932409475,52.9006511110567],[-1.17650783554812,52.8890431094161],[-1.15860361808389,52.9000621139604],[-1.15228878148246,52.9370264523314],[-1.14188338396034,52.9319895309035],[-1.13176001590183,52.9428159257364],[-1.0996766978426,52.9419751354145],[-1.08611507246246,52.9485698839615],[-1.12010685417214,52.9678253942361],[-1.12278627374494,52.9834669491086],[-1.14248865969578,52.9862884053635],[-1.13825471637456,52.9948435788441],[-1.15365597377739,52.9971852178717],[-1.14351267958868,53.0065011444905],[-1.1827461829988,53.01856914589],[-1.18205544415117,53.0484050626716],[-1.21742440913161,53.0490292471594],[-1.23128870787785,53.0620648987529],[-1.22586958413942,53.0814987308061],[-1.16425148277133,53.1032693686635],[-1.13928710703244,53.0996450286007],[-1.14014786135167,53.0923519179963],[-1.12064330180414,53.0867493873343],[-1.13039044601313,53.0736085943854],[-1.08827247465485,53.077305231134],[-1.09343130623312,53.0673531607007],[-1.08066428208619,53.0524706838391],[-1.02972993483392,53.024255950206],[-1.05389548598109,53.0143599682281],[-1.0342123449526,53.005002976961],[-1.03116640718296,52.9926743526634],[-0.976683096118702,52.9860160289073],[-0.91012044940713,53.0359284297717],[-0.879779846883795,53.0063528895912],[-0.86455298548022,53.0113444806934],[-0.822916664810415,53.000985976254],[-0.815158220785605,52.9856613505293],[-0.836071500009117,52.9679213738065],[-0.820021885123097,52.9604644294128]]]},"properties":{"CSP21CD":"E22000366","CSP21NM":"South Nottinghamshire"}},{"type":"Feature","geometry":{"type":"MultiPolygon","coordinates":[[[[-1.95676426465752,50.6882194344867],[-1.98354573892022,50.6870749205126],[-1.98808847416946,50.6924532823786],[-1.97416887426422,50.6972277238716],[-1.95815544518236,50.6949304235318],[-1.95676426465752,50.6882194344867]]],[[[-2.32585275983044,51.0796755881052],[-2.26862013866279,51.0687409083391],[-2.24227376188872,51.071177901873],[-2.19320866066048,51.0377123709564],[-2.17256551412044,51.0010725694164],[-2.11976435895004,50.9781906486388],[-2.12067094650373,50.9615394746872],[-2.10179195110563,50.9449855124625],[-2.06831287946984,50.9511940147577],[-2.03655897229158,50.9721768970225],[-1.99403629918269,50.9757281535977],[-1.9852096593475,50.984755555903],[-1.95682089498092,50.9898299333136],[-1.95546558071481,50.9782663327052],[-1.92084101012651,50.9614073112474],[-1.87364432144964,50.9172258897865],[-1.84184002606343,50.931680374307],[-1.8106580896691,50.9272033833848],[-1.8165419268142,50.9039481458121],[-1.84855553218411,50.8898873570296],[-1.85094373356272,50.8587249577509],[-1.82951847980606,50.8553189315709],[-1.80711024689597,50.8633153672182],[-1.80247295729644,50.8429625299587],[-1.79061492044422,50.8363141194303],[-1.8036350079783,50.8300239598254],[-1.81214229625864,50.8067566681678],[-1.78794920841908,50.7665658737608],[-1.74884631724303,50.7794943875112],[-1.73895962345847,50.7632705334556],[-1.74416871755885,50.7474553887605],[-1.68181880176013,50.751850045709],[-1.69188450568217,50.7372870657415],[-1.692547967083,50.7373528300586],[-1.71795510600382,50.7347645936592],[-1.72458516133396,50.7340882313639],[-1.72738961865218,50.7324157912982],[-1.72899034206578,50.7322105767085],[-1.73058705169377,50.730508765558],[-1.74230024893826,50.7235206832818],[-1.75708723391788,50.730179991536],[-1.76211468992643,50.7253184869147],[-1.79385112527273,50.7306857437386],[-1.79616029006526,50.7392744076259],[-1.81551934852153,50.7433227643003],[-1.81713820537287,50.7571292508559],[-1.84213274243242,50.7614724123312],[-1.85111892376557,50.7735659114856],[-1.86933034269493,50.762969537104],[-1.89375542159428,50.7800750016838],[-1.91922348632857,50.7746853837741],[-1.91950553583124,50.7840023061042],[-1.93712499118426,50.7827875920079],[-1.9396875224583,50.798807822162],[-1.95794557083555,50.7893060367461],[-2.0058746084598,50.7909264788556],[-1.9991328618375,50.7881281243351],[-2.00932066886414,50.7825892397548],[-2.01352898762332,50.7370535481281],[-2.02555314622614,50.7293429925368],[-2.05328457733418,50.7288016091785],[-2.04814943248857,50.7227967064085],[-2.04224231813052,50.7262792616965],[-2.04620043208472,50.7160707688793],[-2.06285720764317,50.7165620653822],[-2.0719006562721,50.7079147273897],[-2.05763246363065,50.7056197147032],[-2.07216256498224,50.7050440622023],[-2.08213985495784,50.6869716162049],[-2.06572456231162,50.6867195278753],[-2.05452015032644,50.6998019361068],[-2.02613418799169,50.7074191550838],[-2.01808347933725,50.7015737741287],[-2.03320283190619,50.7021141736408],[-2.02443817077463,50.6876578568107],[-2.04642756769799,50.6782914645113],[-2.02472109046075,50.6846065467895],[-2.02658568542715,50.6780430751895],[-2.02206573400334,50.6820953925876],[-2.01144856812316,50.6827705587284],[-2.00620854869786,50.6760167607366],[-2.00135593834354,50.6764082327719],[-1.99857355043308,50.6766325913386],[-1.99573233029691,50.6671548520078],[-1.97836779845419,50.67694438069],[-1.98525088688475,50.6699013822183],[-1.97470994487656,50.6651458535518],[-1.94982786014496,50.6801175409493],[-1.94201167543228,50.6732944731075],[-1.94175639919386,50.6729701385779],[-1.94432630901448,50.66384656673],[-1.95184316555674,50.6500707309003],[-1.94888258372971,50.6476614128717],[-1.94939373939249,50.6458448201507],[-1.94603814098059,50.645346301936],[-1.94061094592394,50.6409282387411],[-1.92673321668878,50.6424763676979],[-1.92375945775686,50.6420339909823],[-1.95315183001144,50.6226609501815],[-1.95390364318136,50.6196862559038],[-1.95407589827242,50.6190046416427],[-1.95672646481953,50.6170018294125],[-1.9559857423965,50.6114462698481],[-1.95654709872411,50.6092242200243],[-1.95567249377797,50.6090964714483],[-1.95556577276767,50.6082958757232],[-1.94672927744912,50.6077897622931],[-1.9440914784316,50.60740420054],[-1.95657201357526,50.5941701913695],[-2.00135365049476,50.5908579848448],[-2.02634590356907,50.5890017803652],[-2.02947671036151,50.587624758144],[-2.05509537249016,50.5769304732398],[-2.06158756786312,50.5886497272769],[-2.06377423290353,50.5934276884479],[-2.06426560411973,50.593482129462],[-2.06435818690037,50.5936491717436],[-2.06729262186632,50.5938174558306],[-2.11064547536783,50.5986111224276],[-2.13345659669283,50.6122810066339],[-2.13381549432846,50.6121639943172],[-2.13451198313182,50.6126386342126],[-2.14603487208705,50.6084933362381],[-2.15777257274838,50.61541000853],[-2.17236036435158,50.6151343314576],[-2.18706560031496,50.6195451231248],[-2.19751592820478,50.6226780367146],[-2.1978642959678,50.6226241081852],[-2.19837781190794,50.6230094145943],[-2.21604445604593,50.6198081313632],[-2.21808949454096,50.619491171159],[-2.23927810164989,50.6162047160321],[-2.26908391659805,50.6193845291351],[-2.28407682183012,50.6209809595706],[-2.32420491113799,50.625243612529],[-2.3387413069399,50.6319847627798],[-2.35124005931261,50.6323537465942],[-2.42556400738516,50.635134463057],[-2.42736284871052,50.6336911916584],[-2.42980788787394,50.6336293606255],[-2.44698235217052,50.6188380112953],[-2.45247288522041,50.6141068166606],[-2.44136404774473,50.6096421408449],[-2.44225158924728,50.608660639533],[-2.44904679006509,50.6014501304889],[-2.44884920315773,50.6013630690905],[-2.4339127865633,50.5966505270587],[-2.43747423767011,50.597611270041],[-2.4501726739166,50.601200725046],[-2.4503882048422,50.6010085418667],[-2.47020382663612,50.5839671492459],[-2.46991936200097,50.583585155736],[-2.47036975657765,50.5831831989743],[-2.48778581244935,50.5910955600816],[-2.51749165635164,50.6178577990252],[-2.52049944989475,50.6185323365803],[-2.54884797416177,50.6248851500818],[-2.5452841781843,50.6308877330586],[-2.55805549075413,50.6308343416373],[-2.56049586823898,50.6391465616195],[-2.56703962922697,50.641061806649],[-2.61145256570102,50.6540468051122],[-2.5669181997467,50.6309777076175],[-2.54272780373352,50.6184302045579],[-2.50257131630679,50.5975751387611],[-2.46062894910653,50.5711055331552],[-2.46059593843725,50.5710611778047],[-2.4605503559364,50.5710590523383],[-2.46043571711312,50.5709952768348],[-2.43155735730338,50.5697034406122],[-2.4221803544434,50.5692634406275],[-2.4283771063158,50.5660591324224],[-2.41991423813017,50.5550282676564],[-2.41858610611754,50.5463091827798],[-2.45002144616912,50.5188388177493],[-2.45615902046936,50.5174680451275],[-2.45022288395029,50.5560890647076],[-2.44918624142689,50.5602198336293],[-2.44955024403737,50.5604613832301],[-2.44954465256863,50.5604977234734],[-2.45054379741095,50.5611301376919],[-2.45052675444163,50.5612601219962],[-2.45518010422609,50.5641968587926],[-2.50399732968403,50.5965509497094],[-2.51753950053047,50.6034981758114],[-2.5297409144206,50.6111763741598],[-2.54452137187575,50.618421814483],[-2.56689898648263,50.6293835702058],[-2.59362605065179,50.6424635287734],[-2.62710686803667,50.6595733470727],[-2.63429835011287,50.6623423178039],[-2.63549417868498,50.6629263143733],[-2.63894345365739,50.6641304339686],[-2.76167003231563,50.7112569162548],[-2.78426173696374,50.7147106933034],[-2.79363775591863,50.7179641237133],[-2.85141797507796,50.7257239562031],[-2.89425435699206,50.7314571670144],[-2.90953593098198,50.7337747544853],[-2.94745017814258,50.7183909581224],[-2.9530673537135,50.7284970686059],[-2.93506310735221,50.7542660848456],[-2.95433354829791,50.7677102249702],[-2.88664434482201,50.794807333036],[-2.89280364355642,50.8047767521255],[-2.96130299095557,50.8155547839501],[-2.95432123760533,50.8211725185423],[-2.9301585318766,50.840928292851],[-2.88624393377884,50.8505898146936],[-2.82895693146311,50.8486596423691],[-2.81142509401011,50.8634098189166],[-2.79229423668103,50.8528182460667],[-2.75749893953738,50.8669025856437],[-2.71455590879055,50.8638944599667],[-2.71438978086404,50.8711436149196],[-2.66061147580896,50.887104799987],[-2.61610129488952,50.8816335411571],[-2.60957244973733,50.8915544155553],[-2.62406503860158,50.9078668915873],[-2.60404000220076,50.926724702452],[-2.61609375160151,50.9405812729446],[-2.59820027247584,50.9485744877741],[-2.6033871710982,50.9763444694623],[-2.59584521904693,50.9813399701132],[-2.5860233663728,50.9768692890978],[-2.5746303684989,50.9866936813582],[-2.55620702557173,50.9795351575811],[-2.54542343612897,50.9850805010583],[-2.54743511832829,50.9995416872973],[-2.52641625853615,50.9919077041006],[-2.50234661127076,50.9938363586746],[-2.49034524922401,50.9727724066294],[-2.45620376827821,50.9493438830886],[-2.44286746193651,50.9596600858945],[-2.4471777663599,50.9678502227922],[-2.42799147535897,50.9713867575952],[-2.41492761933618,50.960583438301],[-2.34455653686763,50.9788293029238],[-2.35489702801029,50.9908805160152],[-2.37692092962676,50.9907648130566],[-2.3813483865981,51.0049224774254],[-2.3300144212501,51.0413445746229],[-2.34997811943973,51.0688007966931],[-2.32585275983044,51.0796755881052]]]]},"properties":{"CSP21CD":"E22000367","CSP21NM":"Dorset"}},{"type":"Feature","geometry":{"type":"Polygon","coordinates":[[[-2.16485128257998,52.4302041413132],[-2.13602683609072,52.4262682229475],[-2.09856509199697,52.4452835394779],[-2.08482057426392,52.4321975526348],[-2.06805186468972,52.4351950959813],[-2.06246734325287,52.4274306533899],[-2.05578306154507,52.4413058490695],[-2.03788100010757,52.4415575551052],[-2.03698776266666,52.4275457075304],[-2.01699028095924,52.4326829309962],[-1.98603705906246,52.4167261859898],[-2.03364061279039,52.4023279275498],[-1.99848638916746,52.3811379967551],[-1.95361379620871,52.3933706517577],[-1.93431470610424,52.3872363795687],[-1.91367502449958,52.4074643041657],[-1.8826972850066,52.3998129649372],[-1.86874678259764,52.4047375099132],[-1.84549830963187,52.3997822153889],[-1.87203384032481,52.3675985302351],[-1.88897980676969,52.3608944355128],[-1.86483054977187,52.3330931986051],[-1.86836367539689,52.314940661402],[-1.88093415490093,52.3109334746665],[-1.88656592246459,52.2865796039183],[-1.91597681390647,52.2750342209889],[-1.93740118462789,52.2761530305047],[-1.93461083149063,52.2520178646591],[-1.96758525140064,52.2370254601366],[-2.01698243774291,52.2373748329788],[-2.01552960892091,52.2700022303517],[-2.00245990914605,52.2795824171182],[-2.09168999868822,52.2885608696368],[-2.08516367736649,52.3134990097277],[-2.12405512062693,52.3145029140462],[-2.11328311687734,52.3371619384153],[-2.13147114145511,52.347079656597],[-2.12774126903038,52.3522441067154],[-2.14885868348592,52.3463082528745],[-2.1696826530118,52.3171266575446],[-2.17088025950861,52.3316414417445],[-2.19046415007379,52.3289358869164],[-2.20786954120452,52.3532704713595],[-2.2321338655023,52.3612192577164],[-2.24568386647501,52.361036233594],[-2.24951375440456,52.3456721751835],[-2.26921248450315,52.3362826117621],[-2.2646416216017,52.3234081422406],[-2.27388986097079,52.3289321407385],[-2.29916401578431,52.3223600109167],[-2.31093194204397,52.340550090416],[-2.32894394578,52.320273983945],[-2.36328281500724,52.3148509529162],[-2.36981647301464,52.3268066307973],[-2.38953678297832,52.321226740951],[-2.4030097826163,52.326730309894],[-2.43648185662274,52.3239967731417],[-2.42099179302258,52.3330604710681],[-2.41492339318484,52.3682547125976],[-2.41047383637194,52.3871532921095],[-2.39067324035235,52.381527855865],[-2.36735191957292,52.3880630032731],[-2.33553274094094,52.385347443411],[-2.37294564977794,52.4019641101138],[-2.36352792484789,52.4394258309826],[-2.31175006207078,52.4375311774161],[-2.28738237113973,52.4553169285039],[-2.2949641030381,52.4489476840565],[-2.2615026509419,52.4369411086874],[-2.21787724424581,52.4353683733733],[-2.19287601440949,52.4232923129682],[-2.16381069752851,52.4232580756115],[-2.16485128257998,52.4302041413132]]]},"properties":{"CSP21CD":"E22000368","CSP21NM":"North Worcestershire"}},{"type":"Feature","geometry":{"type":"Polygon","coordinates":[[[-2.999873170693,51.3219816070862],[-2.98627494813489,51.3144052399841],[-2.9898200343769,51.2990347778219],[-2.97261926639963,51.2957124823566],[-2.9620389423923,51.3047909942121],[-2.93687950389505,51.3030788529746],[-2.89710380982307,51.2906145791208],[-2.88491962485819,51.3066645554571],[-2.87714603016825,51.3000626729192],[-2.81023646544598,51.3014243120215],[-2.81492125367242,51.3270776950902],[-2.69487895435338,51.3180942915247],[-2.63869834280671,51.2948229161123],[-2.62749343307615,51.2828708205356],[-2.55782420176251,51.3026613960108],[-2.49722110687873,51.2908409039615],[-2.50635614425412,51.2789907798003],[-2.47800109139509,51.273096744002],[-2.47379245297825,51.2779866230509],[-2.45172260312224,51.2742514031922],[-2.40091745014227,51.3048002330501],[-2.38718077281427,51.2946434487968],[-2.28909082429693,51.3252720485445],[-2.27309487103777,51.3228790460251],[-2.27195450640093,51.3142540539339],[-2.28506752624869,51.3094571530531],[-2.28068002440096,51.2934629278997],[-2.26525311710259,51.2962199832276],[-2.25349723752292,51.2898347409545],[-2.24534123488723,51.2538761371033],[-2.29846468216909,51.1753224442548],[-2.34585866968418,51.1333687940645],[-2.34453924740452,51.1246781602203],[-2.3645276284756,51.11887884006],[-2.36086958335645,51.0990175009608],[-2.32585275983044,51.0796755881052],[-2.34997811943973,51.0688007966931],[-2.3300144212501,51.0413445746229],[-2.3813483865981,51.0049224774254],[-2.37692092962676,50.9907648130566],[-2.35489702801029,50.9908805160152],[-2.34455653686763,50.9788293029238],[-2.41492761933618,50.960583438301],[-2.42799147535897,50.9713867575952],[-2.4471777663599,50.9678502227922],[-2.44286746193651,50.9596600858945],[-2.45620376827821,50.9493438830886],[-2.49034524922401,50.9727724066294],[-2.50234661127076,50.9938363586746],[-2.52641625853615,50.9919077041006],[-2.54743511832829,50.9995416872973],[-2.54542343612897,50.9850805010583],[-2.55620702557173,50.9795351575811],[-2.5746303684989,50.9866936813582],[-2.5860233663728,50.9768692890978],[-2.59584521904693,50.9813399701132],[-2.6033871710982,50.9763444694623],[-2.59820027247584,50.9485744877741],[-2.61609375160151,50.9405812729446],[-2.60404000220076,50.926724702452],[-2.62406503860158,50.9078668915873],[-2.60957244973733,50.8915544155553],[-2.61610129488952,50.8816335411571],[-2.66061147580896,50.887104799987],[-2.71438978086404,50.8711436149196],[-2.71455590879055,50.8638944599667],[-2.75749893953738,50.8669025856437],[-2.79229423668103,50.8528182460667],[-2.81142509401011,50.8634098189166],[-2.82895693146311,50.8486596423691],[-2.88624393377884,50.8505898146936],[-2.9301585318766,50.840928292851],[-2.95432123760533,50.8211725185423],[-2.96982692429279,50.8341804773966],[-2.97358103260606,50.8557122739648],[-3.03680608618723,50.8510651729283],[-3.03263151653362,50.8616392391691],[-3.05478573265562,50.8746184211669],[-3.05242991660501,50.9085661170212],[-3.12634120278755,50.9017177046406],[-3.14791841657813,50.8917842970644],[-3.18787082456009,50.9104207679833],[-3.16647889801131,50.9477134844598],[-3.25483048358088,50.9418457496667],[-3.29384739402201,50.9551387048337],[-3.3336699633033,50.9827882869913],[-3.37866358745963,50.9775085065969],[-3.38048774397398,51.0184858606913],[-3.41417405059937,51.0197027051077],[-3.42130388849576,51.0307781806816],[-3.46019383383282,51.0252167281119],[-3.48336552993693,51.0338313791514],[-3.50426793172562,51.0301126187041],[-3.5204283367291,51.0258709492369],[-3.51888138570953,51.0147955198935],[-3.53504945700714,51.003347265335],[-3.60320812898055,51.0072332306659],[-3.61465457400679,51.0154904427387],[-3.59447111942891,51.0551947239991],[-3.64670925190031,51.0580591629496],[-3.69240739327521,51.0805922353209],[-3.71995473942581,51.0808148681073],[-3.80428873272582,51.1156852822548],[-3.83449124892582,51.1383810136856],[-3.83917542483951,51.1769230993772],[-3.78630346639543,51.1719269221801],[-3.72498387980715,51.1795920629985],[-3.73320126956949,51.2227250757068],[-3.7205491867023,51.2330675614225],[-3.72016921124437,51.2330276542091],[-3.63328717692852,51.2238686779766],[-3.62184621769306,51.2170708204409],[-3.62097157616011,51.2173814050286],[-3.61984243354097,51.2167301245533],[-3.57879645701062,51.2321433058111],[-3.54273930865725,51.2323435497862],[-3.4961224191687,51.2237758847354],[-3.47032028313012,51.2081223949138],[-3.44762976329693,51.2089150636857],[-3.43267326514032,51.2002313027828],[-3.40202784910982,51.182422176902],[-3.27724857476491,51.1795578639448],[-3.15293203804873,51.208840073632],[-3.14663065476205,51.2093892154587],[-3.12575526640525,51.2112058766099],[-3.07606494122108,51.2013539835285],[-3.05455598465236,51.2056689768508],[-3.05380474908026,51.2059417666536],[-3.01926285210759,51.2184763559863],[-3.03254966489533,51.1945761532324],[-3.05110658018376,51.1870842505785],[-3.02563698004005,51.1939112289676],[-2.99777679806486,51.2254371455348],[-3.00020618642406,51.2420601410224],[-3.02180656367031,51.2657372396341],[-3.01139788221002,51.320730281559],[-3.03592989398103,51.3285451739696],[-2.999873170693,51.3219816070862]]]},"properties":{"CSP21CD":"E22000369","CSP21NM":"Somerset"}},{"type":"Feature","geometry":{"type":"Polygon","coordinates":[[[-0.925294992911636,53.9915183749039],[-0.934106000959381,53.9684564232377],[-0.921212172316722,53.960422224726],[-0.92160038587963,53.9214164047554],[-0.949519693908425,53.8939148052901],[-0.920843783643936,53.8906196384527],[-0.923517752139632,53.8807664519424],[-0.944071677500396,53.888121672512],[-0.992832844574211,53.8752106640707],[-1.00820490058898,53.8899953340569],[-1.06495957481049,53.8745857914306],[-1.09119989516817,53.8858156069858],[-1.10510306568287,53.8757328930524],[-1.19949479443534,53.9253512745255],[-1.22371908740097,53.9747546314411],[-1.21651948406111,53.9855904686402],[-1.18210315303178,53.9853452650908],[-1.18880639954997,54.0024801563799],[-1.15168802423516,53.9891154404805],[-1.13699822638128,53.9910826227764],[-1.14909066483636,54.0029473807412],[-1.14079656188959,54.0298588147557],[-1.12016986628926,54.029025228461],[-1.08940781055503,54.0480145581272],[-1.05873382513449,54.0478451039287],[-1.05971214270556,54.0568828853467],[-1.01437741453304,54.0493218162912],[-1.00208473428272,54.05526306804],[-0.966845424649924,54.0229758483613],[-0.984689105801094,54.0025239247555],[-0.975419551954689,54.0047499311959],[-0.971930066970838,53.9966957654139],[-0.9948365230849,53.983064171689],[-0.925294992911636,53.9915183749039]]]},"properties":{"CSP21CD":"E22000371","CSP21NM":"City of York"}},{"type":"Feature","geometry":{"type":"Polygon","coordinates":[[[-0.21270858443403,54.1576700829033],[-0.22974662180302,54.1324403558],[-0.265419797803465,54.1405585100405],[-0.304236423519452,54.1362618525541],[-0.323841934250232,54.1502969345498],[-0.346397161515299,54.1468729425246],[-0.37492744814463,54.1541131538012],[-0.390747238234669,54.1765207062365],[-0.418427787901165,54.1740253124123],[-0.433168631458221,54.1640727154203],[-0.427093852639448,54.1374425618928],[-0.458539666811106,54.1259736092488],[-0.454351131499513,54.1167625123579],[-0.465942458016893,54.1076329777782],[-0.524612344870749,54.0854747476295],[-0.563137247607814,54.0939995264476],[-0.615523445115742,54.0704937097045],[-0.660316933915928,54.0631000537815],[-0.644653954650704,54.0551130976901],[-0.659484342246755,54.0371698266984],[-0.687039074332374,54.0307676605558],[-0.68350162911553,54.0088018537222],[-0.730489261578151,54.0127008358487],[-0.734257303331504,54.0302587746812],[-0.799191011163153,54.0190548395313],[-0.800704633922219,54.0241186193512],[-0.878444297010193,54.0171845140492],[-0.893902669681898,53.999535080715],[-0.925294992911636,53.9915183749039],[-0.9948365230849,53.983064171689],[-0.971930066970838,53.9966957654139],[-0.975419551954689,54.0047499311959],[-0.984689105801094,54.0025239247555],[-0.966845424649924,54.0229758483613],[-1.00208473428272,54.05526306804],[-1.01437741453304,54.0493218162912],[-1.05971214270556,54.0568828853467],[-1.05873382513449,54.0478451039287],[-1.08940781055503,54.0480145581272],[-1.12016986628926,54.029025228461],[-1.14079656188959,54.0298588147557],[-1.14909066483636,54.0029473807412],[-1.13699822638128,53.9910826227764],[-1.15168802423516,53.9891154404805],[-1.18880639954997,54.0024801563799],[-1.18210315303178,53.9853452650908],[-1.21651948406111,53.9855904686402],[-1.22371908740097,53.9747546314411],[-1.19949479443534,53.9253512745255],[-1.10510306568287,53.8757328930524],[-1.09119989516817,53.8858156069858],[-1.06495957481049,53.8745857914306],[-1.00820490058898,53.8899953340569],[-0.992832844574211,53.8752106640707],[-0.944071677500396,53.888121672512],[-0.923517752139632,53.8807664519424],[-0.948227089673736,53.8616095670861],[-0.940610986349814,53.8235184672165],[-0.920106077429086,53.8160929938847],[-0.934499012722836,53.801777189949],[-0.9282535548479,53.7655984452703],[-0.973605993671107,53.7498769108358],[-0.960737358021142,53.7360162959346],[-0.910951228887268,53.7326702588199],[-0.90373907840941,53.7183593948181],[-0.957714760664253,53.7148354865322],[-0.962649915494684,53.7007959045694],[-0.980486427392623,53.7050396072447],[-0.980327831289457,53.6969422764227],[-1.03892593442347,53.6938822988663],[-1.06165845001237,53.7067658870138],[-1.07493415369549,53.7039963160448],[-1.08104575027151,53.6846146790267],[-1.10335931463428,53.6694993150062],[-1.04866263627315,53.6560574799883],[-1.06607212816008,53.6488912746875],[-1.12174363004979,53.6467186421691],[-1.1354072030232,53.632728679272],[-1.15229786876077,53.6427766599575],[-1.19031348882413,53.6359169283835],[-1.20982718259376,53.6431641296687],[-1.21746850825603,53.6242243268899],[-1.23284427243353,53.6211122464196],[-1.25547556487338,53.6454182650975],[-1.2444169836956,53.6924295623026],[-1.19901535684986,53.6948883427854],[-1.19881814854623,53.7007329060597],[-1.21981187384993,53.7144190177334],[-1.22654062265956,53.7098831299786],[-1.2295729261433,53.7149054470182],[-1.2687022564653,53.7149803707965],[-1.30204330436809,53.7417246404076],[-1.31535677889255,53.7436807014006],[-1.31223876959692,53.7558885052162],[-1.29494201036989,53.7554628317844],[-1.29038607046352,53.7631944604615],[-1.3138104637926,53.7815557510231],[-1.31487208408644,53.8095574148486],[-1.30362345902206,53.8165359902506],[-1.33609674496188,53.8335897533881],[-1.32655713555967,53.840423430327],[-1.3529698771545,53.8567507520096],[-1.31237643321928,53.8656824033419],[-1.3217821329462,53.9029207235655],[-1.30058786897724,53.9074856419048],[-1.29720353407231,53.9216820282659],[-1.30730970961428,53.9214943608407],[-1.29418700007587,53.9268395419134],[-1.30899203821525,53.9240979121676],[-1.30719144950096,53.9345431953114],[-1.34471178616765,53.9395016380663],[-1.34040516519185,53.9458881880291],[-1.39718249968378,53.9425351723531],[-1.40670956648195,53.927849708617],[-1.43260133613277,53.9272366053921],[-1.43299734465415,53.9108051834652],[-1.46286089102335,53.9060033314643],[-1.49878116161895,53.9153069395781],[-1.54879322245249,53.9109138390916],[-1.55184394518572,53.9029404093386],[-1.58362508033644,53.9092938714238],[-1.58748702273655,53.9012478438027],[-1.59999326213106,53.9097763415128],[-1.6205370027283,53.9033949628561],[-1.65167333078899,53.9056634267775],[-1.65508298511049,53.9124842989602],[-1.68462724326052,53.9105880911715],[-1.70708308020122,53.9191312559919],[-1.71795853789499,53.9085427041814],[-1.72721624906541,53.9101971483664],[-1.74562604180612,53.9230037629874],[-1.77597854946963,53.9214883686093],[-1.80508916329937,53.9390226691492],[-1.84768927934353,53.9407727583562],[-1.83619999295911,53.9314203881017],[-1.86053481166236,53.9327892449092],[-1.87951306390985,53.9628386251705],[-1.92797977690032,53.9504588455711],[-1.95068342650275,53.9567427305714],[-1.96618594335563,53.9515549652604],[-1.96307646765848,53.9334042141564],[-1.97686723160789,53.9264177673808],[-1.95256707298634,53.9035332799352],[-1.97941943031718,53.9011319984765],[-1.98019888373294,53.8711154028578],[-2.02175085543423,53.8715375090729],[-2.04613032171259,53.8501412464577],[-2.08991499194819,53.8681819729435],[-2.08144705819635,53.8756803214603],[-2.10301894796253,53.8909412971484],[-2.11334616135047,53.9156268544808],[-2.13222410689956,53.9265088512197],[-2.18228142410805,53.9353902727911],[-2.18452239163842,53.9522641300986],[-2.1960183674942,53.9695758455163],[-2.2257362558466,53.9610994519679],[-2.23201544739717,53.9712299768724],[-2.2210627540429,53.9779275819344],[-2.23034529433424,53.9815303435187],[-2.29431971644119,53.9744329549656],[-2.31915123811193,53.9938420173074],[-2.339923184361,53.989427713568],[-2.35235757480551,53.9946737861065],[-2.35231031317863,54.0105389058883],[-2.33956003667455,54.0094333175981],[-2.35732329416741,54.019117094779],[-2.37407297715162,54.0490890614635],[-2.42582648982368,54.03809491029],[-2.46954984634616,54.0462122430995],[-2.46434741774283,54.0752794330057],[-2.50952601849528,54.0954253307687],[-2.52400965394564,54.0946224801854],[-2.56474072528009,54.1270377051971],[-2.56050449737639,54.1530521184271],[-2.53397895530311,54.1576927137726],[-2.46086273483392,54.2267161360628],[-2.40563193679838,54.2249151689987],[-2.39677965225249,54.239381080598],[-2.37302060410132,54.2400989043776],[-2.36231711509247,54.2497526297027],[-2.34805240648407,54.2378066823428],[-2.32265675662767,54.2454601654761],[-2.31549511233031,54.2702041156934],[-2.32589176655811,54.2796929168974],[-2.31719184100725,54.2871656656679],[-2.32452246431824,54.3031836229855],[-2.30984140863991,54.3243149783909],[-2.36771223910638,54.3560706152439],[-2.34464790841351,54.3596285107861],[-2.31704255658246,54.3763105185636],[-2.2974404079712,54.3768987653342],[-2.29178388191327,54.3909045153945],[-2.30550673679387,54.3971200662175],[-2.30814588994671,54.4197937724531],[-2.29286520125281,54.4393074918431],[-2.24953922329874,54.4519434362394],[-2.18931554536681,54.4489784740485],[-2.17750847989225,54.4616256756333],[-2.17021302340634,54.4581987855746],[-2.11659617374357,54.4622634788675],[-2.04319843418637,54.4835994484301],[-2.04472952149334,54.4751862741994],[-1.99676437249469,54.4669034492372],[-1.97005959181258,54.4515215419127],[-1.94254323627035,54.4533953549934],[-1.85912998438283,54.4818579033168],[-1.85780051144888,54.5035397952873],[-1.83943329269054,54.5084372364891],[-1.79297648414091,54.4844924296004],[-1.77613231485782,54.5067285050585],[-1.77969652861129,54.5318729948094],[-1.73309136190533,54.5277364132303],[-1.7213108898176,54.5423017252838],[-1.69692636355207,54.5360064297071],[-1.65793716561516,54.5345889230914],[-1.65467519937522,54.5246500970582],[-1.63377378148266,54.5253643798481],[-1.63332908642646,54.5141114032718],[-1.61148472706396,54.5200007878436],[-1.60263741568541,54.5105816522225],[-1.58106853741621,54.512845659506],[-1.5918807025688,54.5043008614548],[-1.57921485380735,54.5051876853776],[-1.58298032825201,54.4971007337083],[-1.55519520906131,54.484978191684],[-1.54567271781715,54.4712384767644],[-1.51983281095693,54.4710470168278],[-1.52883695102378,54.4848137386155],[-1.51413191899894,54.4837750921411],[-1.51134080604103,54.4750122616584],[-1.49177548206257,54.4862004926085],[-1.49878945098745,54.4753428296909],[-1.475464579469,54.4739075698749],[-1.46231204065857,54.4512285066101],[-1.45838201882701,54.4925217632892],[-1.47484256726738,54.5004265241088],[-1.45850783644379,54.5039188897358],[-1.43490529222604,54.4874931719167],[-1.43211777207151,54.4794545660635],[-1.4127863622095,54.4771953992089],[-1.4070888004288,54.4935296390409],[-1.39505004776972,54.4856799730286],[-1.38101055095849,54.4940289315591],[-1.37256157635986,54.4723074618139],[-1.36441713758622,54.4659524096737],[-1.34491503450455,54.4724080092533],[-1.3436289617262,54.4641554130233],[-1.30033745632526,54.4758498843291],[-1.2809785134623,54.4904431183241],[-1.25740307371,54.4873218300283],[-1.25667466779605,54.5011079136759],[-1.2348659056463,54.5103160454452],[-1.14619694918505,54.5028216123635],[-1.11838000658732,54.4981985705854],[-1.0945238497457,54.5067598362799],[-1.0368514550928,54.4940440605226],[-1.00340105305077,54.5030121002798],[-0.952589374508347,54.4880153432179],[-0.880825023321814,54.4970468612461],[-0.848530740694743,54.4879729376572],[-0.848647297024731,54.5300038297076],[-0.826984924910033,54.5485751001643],[-0.80041918962436,54.5510109262824],[-0.791891320050298,54.5582385432083],[-0.784481460161823,54.5578806167795],[-0.767244017061425,54.550360738744],[-0.764784901601207,54.547986356024],[-0.744657289649001,54.5285401642298],[-0.707978094919791,54.5316482847955],[-0.698675778512804,54.5266117133936],[-0.692782844332321,54.5206925000807],[-0.68723496679484,54.5204146185317],[-0.672669483955875,54.5125207410111],[-0.67027867888638,54.5007549178771],[-0.626130442394666,54.4957919114248],[-0.613101199670683,54.493909365512],[-0.614392814234759,54.4881288248218],[-0.610796543936674,54.4935023648269],[-0.573552728131734,54.4812736706104],[-0.554100977509259,54.4694583619965],[-0.520960526407228,54.4464051531964],[-0.532679086378563,54.4336117463281],[-0.52847004848007,54.4253855653221],[-0.528715067851505,54.4248604949354],[-0.527939332653584,54.4243480837496],[-0.524577628167802,54.4177751635655],[-0.463695608189428,54.389181062275],[-0.461666827847791,54.3859799182789],[-0.461484076515295,54.38569153568],[-0.432690785457321,54.3402017290799],[-0.417052817319866,54.33146523902],[-0.407501043143937,54.2939268553615],[-0.384816002233074,54.2881545702848],[-0.385459690493416,54.2872285211991],[-0.396684670551919,54.2745478135142],[-0.368744868306476,54.2485206439623],[-0.366269560388506,54.2477848619568],[-0.365826894634149,54.2473646162836],[-0.327271717878822,54.2361826287656],[-0.259297815463193,54.215914053903],[-0.282293689352524,54.2123127176865],[-0.280702060954494,54.2034867731405],[-0.277801477336711,54.1873944760252],[-0.21270858443403,54.1576700829033]]]},"properties":{"CSP21CD":"E22000372","CSP21NM":"North Yorkshire"}},{"type":"Feature","geometry":{"type":"Polygon","coordinates":[[[1.02995703023961,52.3787354707697],[1.06818590337788,52.3785211468662],[1.21386742646296,52.3553904430284],[1.25999663283469,52.3710993802039],[1.28623475061443,52.3906896612778],[1.31630320168472,52.3873912310738],[1.34710101168893,52.4044110222302],[1.37485702054714,52.3946773751995],[1.4095085144785,52.3632651065005],[1.35740456555122,52.3372743253787],[1.35747614271954,52.322156548649],[1.38402188782499,52.3106666321455],[1.38414039866127,52.2941055672069],[1.40164540153403,52.2856981107003],[1.35565738472947,52.2740773869985],[1.34443170383238,52.2820896515259],[1.34729559476377,52.2934050160267],[1.32759083059411,52.2984791455401],[1.3412686786876,52.2844484425427],[1.33976743265743,52.2659261870131],[1.30101765522609,52.2590162475327],[1.28673064742665,52.2405442760123],[1.24745199595254,52.2288974410189],[1.24180865493968,52.2017510388662],[1.25673033002399,52.1983645734966],[1.25417322954768,52.1881313576604],[1.23984272640861,52.1704287404425],[1.21396540228161,52.166538517313],[1.1914028583232,52.1399843478625],[1.16946895373073,52.1312496797732],[1.17776704064408,52.120699989455],[1.15783883919243,52.0887516359453],[1.14229237480986,52.0944696524962],[1.1385333911626,52.0883927989776],[1.10913580284497,52.0880664805701],[1.10872677287488,52.0707046480323],[1.12200400218201,52.0574246634065],[1.10727569557284,52.0461857793896],[1.11294353316438,52.0345776233272],[1.12957709153612,52.0299545272446],[1.15639036906824,52.0347772305377],[1.1602141106821,52.0306974619909],[1.15350995215039,52.0340063459591],[1.17090480579929,52.015717622607],[1.17236379897585,52.0141828795518],[1.20357642572164,52.0001906576347],[1.21153239785712,51.9966214107074],[1.26738918929721,51.9878289517024],[1.27553962997433,51.9576303810672],[1.27202142157509,51.9570970484964],[1.24297691332575,51.9614136011279],[1.2196573782818,51.9528639037292],[1.20032338654216,51.9545960859658],[1.18733528346985,51.9557578358707],[1.16354272634354,51.9705251544888],[1.13041806735075,51.9535559014161],[1.08613212137412,51.9589331263093],[1.0688156204552,51.9503641232196],[1.06116810447645,51.9536749672138],[1.05881360719528,51.9559310459757],[1.05992197646715,51.9542143611953],[1.04771159936546,51.9594983382557],[1.02471198883193,51.9549023615469],[0.998710091163988,51.9639673353996],[0.970982749148486,51.9624077580481],[0.962589594231285,51.9771649303718],[0.942911023064153,51.9706902951459],[0.925168792575386,51.9761942345246],[0.88968795561324,51.9733868575578],[0.850240124999087,51.960766646477],[0.824650048979386,51.9685496081194],[0.810877141632654,51.9606960885641],[0.781470157197563,51.9665127651082],[0.772261026840059,51.970424512006],[0.774633327593334,51.9825916210538],[0.759667735030109,51.9854291125096],[0.761149264433513,51.997483290983],[0.738526974119553,52.0106986419848],[0.74063428386174,52.0312015497747],[0.714396590823323,52.0273187681222],[0.696511870071092,52.0393021688459],[0.69940006432446,52.0484380885926],[0.716263376587153,52.0486871974891],[0.703177564086779,52.0652732493605],[0.712752972509238,52.0711091518369],[0.684287675465277,52.0869469634086],[0.636209211077471,52.0866169107623],[0.619514342938114,52.0765913703434],[0.607376825205216,52.0809155377101],[0.551487374858225,52.0688101037103],[0.542262964458395,52.0577593101052],[0.511053759850194,52.0598314517354],[0.501678783042324,52.0538526678759],[0.466666860165125,52.07845586008],[0.453622595252859,52.0681472867682],[0.438278486414546,52.0723326770648],[0.404638263575799,52.0655023804364],[0.394996785207166,52.0959681296318],[0.381803808187178,52.1027012943415],[0.389589786598814,52.1174705817835],[0.418283006486572,52.1343556337397],[0.417276418385201,52.1593066842157],[0.435915802809098,52.1594950938253],[0.452191370484852,52.1732042464939],[0.470730328668491,52.163258851412],[0.491332842084376,52.1651020323233],[0.514484042486228,52.2267794084401],[0.494931496203922,52.2392580216355],[0.480337244966199,52.2326819268452],[0.42696480396438,52.2536027680285],[0.414517804147287,52.2478611379193],[0.421335031399158,52.2396913210168],[0.371248876090756,52.226556160209],[0.342684099441605,52.2423433461623],[0.360892976000256,52.249422388877],[0.340002513478712,52.2676878654228],[0.358997248829238,52.2975427219529],[0.382723057789948,52.2932662512981],[0.424206341730438,52.2558715739394],[0.498802934867457,52.2730213919812],[0.504768754039584,52.2847156109061],[0.457617975720841,52.3162509322432],[0.431376631558306,52.3158254305483],[0.424221634123734,52.3292163643952],[0.442501205517931,52.3488315513591],[0.407617046340143,52.3615737978453],[0.374777423612123,52.4097288652912],[0.429344099524506,52.4364266700427],[0.445538699626893,52.4473717805671],[0.52366248098813,52.4481795781055],[0.554704781403604,52.4560251879721],[0.582501080763578,52.4518613705246],[0.641832795782061,52.4509649991787],[0.66632259090494,52.4625083462197],[0.68397338808772,52.4531649536221],[0.718652932708369,52.4497079722705],[0.668498405684804,52.4089744007281],[0.690769162292105,52.3975309961829],[0.737589057243696,52.3951383208205],[0.747404613361451,52.3831865529757],[0.765966099968042,52.3903574978612],[0.808172226111564,52.3895244619185],[0.840930010077761,52.4007964602404],[0.866872972281114,52.3903459075399],[0.930232140374662,52.388838223642],[0.965974324767661,52.3702501873211],[1.02995703023961,52.3787354707697]]]},"properties":{"CSP21CD":"E22000373","CSP21NM":"Western Suffolk"}},{"type":"Feature","geometry":{"type":"Polygon","coordinates":[[[-0.986123750530059,51.3628482885656],[-0.92369481434098,51.3660104953327],[-0.877856218050537,51.3525912694795],[-0.837349302933734,51.3528712213498],[-0.775466206963731,51.3319589032434],[-0.744167106040696,51.3092949290082],[-0.731093833410657,51.2803620913767],[-0.729325694545441,51.2561119199112],[-0.745540379663864,51.2304563901334],[-0.776089010502037,51.2419556695792],[-0.801740042684925,51.2390387633544],[-0.804941854081592,51.2450523274807],[-0.848912169248545,51.2107157287771],[-0.904307630884531,51.2099087520961],[-0.951175604875137,51.2004466072015],[-0.973820434641149,51.1860076626485],[-1.06169117737115,51.190517899575],[-1.07341484199839,51.1853264867049],[-1.07424962999226,51.1644517279016],[-1.10492064240082,51.1631489263041],[-1.13180487841333,51.1436227079001],[-1.17428883824829,51.133540146428],[-1.18444502428867,51.1443106118826],[-1.21339784077067,51.1519508460025],[-1.21435978041846,51.158705172323],[-1.18557231049611,51.1639886808465],[-1.19166275077916,51.1847196463669],[-1.20656057825877,51.1807020089271],[-1.22821223117263,51.1905681887399],[-1.30882299401137,51.1947389155389],[-1.34093898175545,51.1845790347047],[-1.34124536154621,51.2054425336833],[-1.35817805146872,51.2120207156577],[-1.36886226153206,51.202406764782],[-1.38366598756387,51.2149002469866],[-1.42809469496602,51.2250358012397],[-1.42871457193085,51.2344140375455],[-1.45993987040412,51.2555622847695],[-1.41676583937642,51.2830690043496],[-1.42865103002015,51.3003902323683],[-1.41840912278549,51.3264777550982],[-1.42969282350092,51.3365302852492],[-1.44410966916138,51.3549284015044],[-1.42843862520728,51.3566900764731],[-1.41106775678437,51.3728524330013],[-1.34953197885892,51.3671056168504],[-1.25113955136333,51.3720405294303],[-1.17689427560879,51.3573240538202],[-1.13858996979348,51.3571910724835],[-1.11579091152374,51.3604661648818],[-1.1154571911925,51.374214909415],[-1.08661908661563,51.3839155779629],[-1.05001598396462,51.3581479361663],[-0.986123750530059,51.3628482885656]]]},"properties":{"CSP21CD":"E22000374","CSP21NM":"North Hampshire"}},{"type":"Feature","geometry":{"type":"Polygon","coordinates":[[[-4.4093744718068,53.423674296724],[-4.40251361814919,53.4209247441409],[-4.37043500249544,53.4239058732073],[-4.3704348616128,53.423905884097],[-4.36838190354283,53.4240749661949],[-4.35642764668811,53.4142553287915],[-4.33856585492933,53.4195623730199],[-4.33443587272882,53.4132679473706],[-4.32667695117836,53.417666600655],[-4.30468076448473,53.4137347259729],[-4.29300514930594,53.4111041758626],[-4.29069084462166,53.4135605246766],[-4.28726282654063,53.4168860488229],[-4.26937068431737,53.3905375983224],[-4.2905675161188,53.3668583012112],[-4.27312542767288,53.3753987783624],[-4.26466032327401,53.3608023578236],[-4.2301580934621,53.3577391826408],[-4.23393563352852,53.3406977055406],[-4.20447461635094,53.3140113305258],[-4.21448228909371,53.2987071649345],[-4.21081891127804,53.2964528260873],[-4.20405932769055,53.2922922327071],[-4.18225630573254,53.2969791383302],[-4.14354077156496,53.3052893683837],[-4.11966814151101,53.3191622931423],[-4.10309772687579,53.3173875018312],[-4.0401837672877,53.3106266373884],[-4.05812134550277,53.2991864637171],[-4.07145864762311,53.2906745716454],[-4.0988172025824,53.2569072215775],[-4.10010091130386,53.2563380134731],[-4.12968632012735,53.2432115922354],[-4.13754401078559,53.2406271445834],[-4.13906220389094,53.2394542943452],[-4.15646076347453,53.2325259794612],[-4.16100591150575,53.2249420295758],[-4.16312788503798,53.2213999340279],[-4.16863331621146,53.2222722036125],[-4.1769060302987,53.2235823880651],[-4.20278195588329,53.2156879942968],[-4.20396453645512,53.21343555629],[-4.20500230025892,53.213069194876],[-4.21260755022887,53.1969660340984],[-4.21855374299478,53.1856278867892],[-4.26602526840191,53.1642278337746],[-4.30513658215294,53.1469016023678],[-4.3248837840819,53.1452898217562],[-4.33810199497695,53.1532208072704],[-4.32888565059253,53.1270578856366],[-4.32893833773471,53.1266947251345],[-4.39366528929895,53.1436699923147],[-4.39442485171792,53.1438689080389],[-4.39575232404859,53.1443033981247],[-4.39580514227462,53.1442737979951],[-4.39873980908824,53.1449987914639],[-4.41469460847281,53.1343966452847],[-4.40757819180258,53.1442854287866],[-4.4200275894764,53.1622859147753],[-4.39500711171478,53.1677776962954],[-4.38717144732547,53.1694962344057],[-4.38634449515667,53.1909880150286],[-4.39596412500183,53.1849448392988],[-4.44353529707509,53.1550439065148],[-4.46667328038752,53.1822254160258],[-4.48642003293168,53.1772641008061],[-4.4877147437132,53.1841956700128],[-4.48750669018254,53.1851267825155],[-4.48789728487216,53.1851727558267],[-4.48814641048992,53.1865061666685],[-4.5042382270937,53.1871262148158],[-4.49734545375866,53.2072171982171],[-4.52390431748525,53.2265736117604],[-4.52184951401457,53.2319920390424],[-4.5555208464896,53.2496703229206],[-4.57574916340972,53.2725056265894],[-4.57258569250885,53.2616373388908],[-4.55671440037846,53.2456682911089],[-4.56732318395151,53.243894513462],[-4.59698088111021,53.2403913893478],[-4.600585487785,53.2415484156218],[-4.61049867574114,53.2454254993258],[-4.61239651731954,53.2483572309881],[-4.60880170890971,53.2563991485704],[-4.6256085797128,53.2693021276657],[-4.61773104801105,53.2793552089802],[-4.64999701305756,53.2874975079235],[-4.65158670280721,53.2878983572581],[-4.65418664324593,53.2874042564972],[-4.66192308699955,53.2859335984338],[-4.68256369170336,53.2843459044456],[-4.68198279385165,53.2867821491077],[-4.68017156806411,53.2943766291584],[-4.67771426480526,53.2983223762146],[-4.67910080163256,53.2988651619028],[-4.67909785342086,53.2988775222773],[-4.69667509875398,53.3066383586481],[-4.69472922919268,53.3087839993821],[-4.68325668725311,53.3132504096619],[-4.68126481236472,53.3234573887933],[-4.66183369005222,53.3188747639278],[-4.64811583913007,53.3199500363626],[-4.62769560509955,53.3144568507474],[-4.62322126285428,53.3178796940121],[-4.63093635714217,53.3081807983015],[-4.63134187711878,53.3078375660912],[-4.63120987056503,53.3078999352837],[-4.63130449304867,53.3078012291186],[-4.62089110007091,53.3126540309902],[-4.62046963658319,53.312351350534],[-4.60990293608006,53.302532347126],[-4.58811921901795,53.3018556939831],[-4.58804327026038,53.2927221388613],[-4.57807694675073,53.2890754002525],[-4.57482957221637,53.2878868471542],[-4.57255040514347,53.2891950072898],[-4.5402181450406,53.3077393202809],[-4.56660200045134,53.3010118363082],[-4.56211640404991,53.3165094530641],[-4.58447866917094,53.3312569874238],[-4.58427816306482,53.3315487728084],[-4.57116152833278,53.3375200188443],[-4.55957987182801,53.3674586942341],[-4.55513130402599,53.3739198625736],[-4.57411467077731,53.403469095039],[-4.56503121339565,53.4041824012494],[-4.52989147967089,53.4060715273205],[-4.51085179646447,53.4165733198244],[-4.51014833411779,53.415652902393],[-4.50950240900108,53.4094385910498],[-4.50569698151005,53.4098276563055],[-4.50526444068174,53.409261517182],[-4.50371673854548,53.4100300655997],[-4.49197808492418,53.4112292068918],[-4.47792795583683,53.4222740852417],[-4.45017986443196,53.412944442915],[-4.45043600338169,53.4162116351645],[-4.45030049083509,53.4230603948481],[-4.42468191075282,53.4298061588307],[-4.4093744718068,53.423674296724]]]},"properties":{"CSP21CD":"W14000001","CSP21NM":"Isle of Anglesey"}},{"type":"Feature","geometry":{"type":"MultiPolygon","coordinates":[[[[-4.78022323009811,52.7589901385242],[-4.80165208147995,52.7450814510586],[-4.79342814459935,52.7684957619059],[-4.77989765918083,52.7660945875673],[-4.78022323009811,52.7589901385242]]],[[[-3.99820068532517,53.2483872912317],[-3.97935469349149,53.2318907668265],[-3.93529264322312,53.2148748409012],[-3.93904721799849,53.2001110615094],[-3.9649747786347,53.1833901342582],[-3.970328734249,53.1601863043496],[-4.00785596984136,53.1437684128678],[-4.02011915203951,53.1248219077021],[-3.9954901925886,53.1250341974018],[-4.02101386393113,53.1245865145616],[-4.03133767240668,53.1056473679436],[-4.01410270677426,53.1035559442672],[-4.01359753460594,53.0897054860023],[-3.98667489448416,53.0842017523628],[-3.99132280341945,53.0764937732282],[-3.97706207506254,53.0689331244606],[-3.99721360551865,53.0376514274022],[-3.98542343964355,53.0106531778955],[-3.89893618859919,53.0205669330327],[-3.88781065236373,53.0115882268505],[-3.8965596302856,52.9948983243284],[-3.84937454503058,52.9773246142602],[-3.84103349558743,52.9622970232938],[-3.81322379852604,52.9493718381519],[-3.769722571078,52.9593040301682],[-3.73534180790698,52.9798505357295],[-3.68302562316268,52.9868439181992],[-3.67294998337037,52.9970516437383],[-3.61532137496385,53.011350095922],[-3.59962152587494,53.0116900676305],[-3.61078834343209,52.9960141493989],[-3.58298969485227,52.9675372305811],[-3.53380848856708,52.973685988191],[-3.50454184375406,52.9653504473085],[-3.45798182754802,52.9848882846588],[-3.43678549411509,52.9808482837496],[-3.44874525979931,52.9738274478861],[-3.44671330417645,52.9632375861876],[-3.49142843895324,52.9336862503245],[-3.46511544179629,52.9202695414783],[-3.48996769941813,52.8957894260039],[-3.47356216422379,52.871267476996],[-3.48301242437159,52.8654536364648],[-3.50528547718477,52.8419567259868],[-3.56667290042623,52.8300796739762],[-3.56817022436498,52.8228955110629],[-3.58647616643515,52.8277173302417],[-3.59705828680558,52.8140539845299],[-3.60871307821455,52.794021641833],[-3.58351412881328,52.7386228977655],[-3.59929431340588,52.7258819393427],[-3.60201715672644,52.704986181419],[-3.65637501558936,52.6913726326702],[-3.68392766699035,52.6938578571025],[-3.70936761188281,52.6710824613206],[-3.71675970977808,52.6787786920271],[-3.74390740995229,52.681308768003],[-3.75935156167215,52.6694463668296],[-3.80809559100283,52.6779453573063],[-3.8407140579194,52.6509028650313],[-3.83461399752491,52.6330587261234],[-3.85044991341621,52.6206358724075],[-3.84188361405782,52.5998554541223],[-3.87527120521188,52.5929280118398],[-3.88377986801944,52.5771350028961],[-3.91535464798611,52.5785894775276],[-3.92885334573839,52.5714606516918],[-3.9266093314516,52.5607670634246],[-3.93293144753597,52.5529783107675],[-3.94294381408879,52.5584452034032],[-3.94294144765522,52.5584465360724],[-3.93983950416619,52.5601939388688],[-3.96031209200846,52.5606706064287],[-4.06393144152476,52.5413385096026],[-4.06589881328975,52.5434167763652],[-4.09979423607999,52.5791859917336],[-4.12650785019749,52.6073274216568],[-4.09495018154509,52.6684417894407],[-4.07233024363183,52.6798010245929],[-4.0572993805063,52.6873435797886],[-4.04967779891118,52.715451594769],[-4.05122255497798,52.7037858432458],[-3.99156847966826,52.735983231659],[-4.03588053328017,52.7212071525048],[-4.05888506939956,52.7178032700325],[-4.07488215293387,52.7336145004202],[-4.10059299512563,52.7589975083345],[-4.15054397856785,52.808208959938],[-4.15182512627416,52.8150091133699],[-4.13183135095147,52.82504431166],[-4.12922702271997,52.8222947197213],[-4.11672489305327,52.8316875506937],[-4.12900022252254,52.8271522890359],[-4.12826824747199,52.829373036754],[-4.11908879363465,52.8480683337956],[-4.14851510001431,52.8957086221002],[-4.13315306607492,52.9008640114795],[-4.12280774483452,52.8954651495496],[-4.08288096846143,52.9011774352631],[-4.08258170415158,52.9012201957906],[-4.06463019050527,52.9228049328084],[-4.08359362662423,52.9160215282496],[-4.10353566915486,52.9088826166978],[-4.11052456771539,52.919962203429],[-4.12858117761872,52.921822939939],[-4.13477690281818,52.914048831303],[-4.15184895301865,52.9063681838563],[-4.21881279145768,52.9190497876043],[-4.2247297781394,52.9179149852175],[-4.22756931954611,52.9184552732904],[-4.23749452052647,52.9154656846785],[-4.26136009877673,52.9108819416539],[-4.26367277909337,52.9107093055363],[-4.31649497139219,52.9086308073507],[-4.32674277179487,52.8919450109488],[-4.37998279091426,52.8958786690009],[-4.38200134254567,52.896027326173],[-4.38457309197419,52.8952950914505],[-4.38629714214921,52.8953964203057],[-4.39767782428275,52.8916928876014],[-4.3976764834498,52.8915630197312],[-4.40105604002169,52.8906001250312],[-4.39872038533162,52.8860668024962],[-4.41055656240978,52.8854116087549],[-4.40516792766216,52.8843626775811],[-4.45704405456903,52.8711452306698],[-4.45895770270893,52.8698233599032],[-4.45994959104131,52.8696301846323],[-4.46170118069992,52.8679280870143],[-4.47656926075665,52.8576528552585],[-4.47038709611618,52.8477820513045],[-4.4707571081341,52.8475462718122],[-4.49638063014529,52.8326086670979],[-4.4960638535501,52.8314117885514],[-4.50613406668211,52.8249867042476],[-4.49732295205389,52.8255887616103],[-4.4983950694647,52.8107478394791],[-4.4902051138504,52.8092631715175],[-4.48647323684723,52.7951424129613],[-4.48650276478175,52.7948126702727],[-4.51480487047843,52.7929669773909],[-4.52793506693974,52.7777937074845],[-4.54257021200905,52.7865518451069],[-4.53640942386611,52.8004270295983],[-4.60134875954143,52.8249560643039],[-4.60468029673431,52.8230067996472],[-4.61254634549082,52.8226121392431],[-4.6416907801405,52.8013346149069],[-4.64435291357278,52.7997744871498],[-4.66115398322312,52.806197674919],[-4.6642502955876,52.8047408275087],[-4.66561022086888,52.8050869043684],[-4.67157645446452,52.801934843359],[-4.68269465014508,52.796058907548],[-4.68813146931373,52.7934985493165],[-4.72071610906178,52.8028843065941],[-4.73240429261639,52.7818478035446],[-4.76693527398572,52.7967089306984],[-4.72240216405046,52.8364573131328],[-4.72621977051186,52.8535167258001],[-4.69610573992319,52.8594470582566],[-4.67804153008748,52.8776803938556],[-4.6762598982999,52.878143689658],[-4.66882690662417,52.8800761669062],[-4.65093548639401,52.9050069886016],[-4.64976478719288,52.9061863195909],[-4.64755456717301,52.9062079621539],[-4.63211856746283,52.9060029264808],[-4.61914407160552,52.9204147900956],[-4.61657848021311,52.9229674416649],[-4.59929155317968,52.928951292882],[-4.57053594290438,52.9388958940894],[-4.56743969908519,52.9485642943397],[-4.56730889583364,52.9483982099763],[-4.56061270699406,52.9378037676224],[-4.51959189283314,52.9403311452501],[-4.47179511907337,52.9666494654635],[-4.43747904221424,52.9983194710893],[-4.42650900529248,52.9984912602223],[-4.41006908109146,52.99807399675],[-4.38641651149548,53.0128553301044],[-4.35388882030096,53.0331591474026],[-4.34618628518052,53.0451864291777],[-4.34066197844176,53.0519999254503],[-4.34043301085446,53.0541654111783],[-4.3373749722726,53.0589364187351],[-4.3389335142343,53.0683424406138],[-4.33757842380814,53.0811472972054],[-4.34250866291752,53.089901898667],[-4.3465160434964,53.1140393884667],[-4.34656487692908,53.1143333404588],[-4.33817228698087,53.1213839087399],[-4.32440464366949,53.121633855099],[-4.32386616921887,53.121870099047],[-4.31957280188822,53.1214961295175],[-4.33319715509274,53.1143008044019],[-4.33376726708679,53.1139996308031],[-4.31934009198132,53.0927725143623],[-4.30574847840141,53.1079096435459],[-4.31375897525383,53.1066113105052],[-4.31301964080684,53.1146953062858],[-4.3118822692754,53.1271264989416],[-4.30504853475403,53.1301228212429],[-4.28328217491657,53.1394977172252],[-4.273691052452,53.132743014178],[-4.27769110221196,53.1424627535206],[-4.2740527432731,53.1456001537804],[-4.21204840571698,53.1832674049456],[-4.21135316928597,53.1847381585677],[-4.21033775149812,53.1851657351812],[-4.21024517267745,53.1870818896772],[-4.19941972268261,53.2099672597167],[-4.16588017027679,53.2187575761149],[-4.16475365405105,53.2191153098181],[-4.1609112002308,53.219906318533],[-4.15826321098501,53.2213685562915],[-4.12254050657918,53.2371966595688],[-4.11446606533081,53.2314477674731],[-4.11320990536029,53.2369435156362],[-4.10642480348795,53.2323436107125],[-4.0990284622207,53.2344263402922],[-4.09106856610004,53.2366670230716],[-4.08557835236411,53.2256716302127],[-4.00734394317997,53.246873018431],[-4.00734368131793,53.2468731558997],[-4.0073007830046,53.2468220146922],[-3.99820068532517,53.2483872912317]]]]},"properties":{"CSP21CD":"W14000002","CSP21NM":"Gwynedd"}},{"type":"Feature","geometry":{"type":"Polygon","coordinates":[[[-3.50664311062236,53.3154277225751],[-3.49648162229537,53.3022731890372],[-3.52191935866836,53.2833927156805],[-3.51833804393229,53.2563737493555],[-3.53307853932662,53.2488691018008],[-3.52599437788076,53.2402787855633],[-3.50967595337248,53.241841629076],[-3.46602452042478,53.2207811609882],[-3.47445863906158,53.1763723987611],[-3.46101388345238,53.1649940581729],[-3.53407185466858,53.1399477855647],[-3.56334304525562,53.1194844965602],[-3.55595403241121,53.1066697925282],[-3.60161792678133,53.0852101264982],[-3.59305760610923,53.0784557232608],[-3.5649307000254,53.0946556933714],[-3.51571023292841,53.089799034957],[-3.50986657643489,53.0763534640071],[-3.48692900123402,53.0840498957378],[-3.48688796779066,53.0659233558527],[-3.46260915895504,53.0462112451652],[-3.48965815705353,53.0378591002406],[-3.47627476639923,53.0264201005417],[-3.48118431558185,53.0185226096514],[-3.45459142321376,52.9979258397312],[-3.45798182754802,52.9848882846588],[-3.50454184375406,52.9653504473085],[-3.53380848856708,52.973685988191],[-3.58298969485227,52.9675372305811],[-3.61078834343209,52.9960141493989],[-3.59962152587494,53.0116900676305],[-3.61532137496385,53.011350095922],[-3.67294998337037,52.9970516437383],[-3.68302562316268,52.9868439181992],[-3.73534180790698,52.9798505357295],[-3.769722571078,52.9593040301682],[-3.81322379852604,52.9493718381519],[-3.84103349558743,52.9622970232938],[-3.84937454503058,52.9773246142602],[-3.8965596302856,52.9948983243284],[-3.88781065236373,53.0115882268505],[-3.89893618859919,53.0205669330327],[-3.98542343964355,53.0106531778955],[-3.99721360551865,53.0376514274022],[-3.97706207506254,53.0689331244606],[-3.99132280341945,53.0764937732282],[-3.98667489448416,53.0842017523628],[-4.01359753460594,53.0897054860023],[-4.01410270677426,53.1035559442672],[-4.03133767240668,53.1056473679436],[-4.02101386393113,53.1245865145616],[-3.9954901925886,53.1250341974018],[-4.02011915203951,53.1248219077021],[-4.00785596984136,53.1437684128678],[-3.970328734249,53.1601863043496],[-3.9649747786347,53.1833901342582],[-3.93904721799849,53.2001110615094],[-3.93529264322312,53.2148748409012],[-3.97935469349149,53.2318907668265],[-3.99820068532517,53.2483872912317],[-4.0073007830046,53.2468220146922],[-4.00734368131793,53.2468731558997],[-3.98280786198421,53.2597232420361],[-3.84604597130551,53.2944489305182],[-3.82853242134705,53.2829304425502],[-3.82639015706345,53.2813819085216],[-3.8266033218458,53.2816611521547],[-3.82626933679108,53.2814413897641],[-3.82619070858807,53.2831077371167],[-3.82313219141383,53.2806504727316],[-3.82605996119428,53.2858790358723],[-3.82582660687693,53.2908247855028],[-3.83051214886077,53.2938272752049],[-3.83555175045935,53.3028202486899],[-3.8447348864728,53.3191966719982],[-3.87533464173946,53.3372535320614],[-3.87306934266164,53.3391685582782],[-3.83300685236931,53.3380227822496],[-3.81869402904938,53.3228375749511],[-3.80314517290609,53.3248046045872],[-3.77531206955023,53.3283201200186],[-3.77508967985373,53.3282495541248],[-3.76480397628421,53.3188188679638],[-3.73912426422798,53.3141752896065],[-3.73389955692184,53.3043419400653],[-3.73167901156137,53.3001612102052],[-3.70636419680238,53.2937164001169],[-3.605869251367,53.290848137654],[-3.54797944955953,53.3069008261515],[-3.5119601093232,53.316868673755],[-3.50664311062236,53.3154277225751]]]},"properties":{"CSP21CD":"W14000003","CSP21NM":"Conwy"}},{"type":"Feature","geometry":{"type":"Polygon","coordinates":[[[-3.12961644150367,53.0723681207681],[-3.14779038696129,53.0438073024845],[-3.13089037480663,53.0238764408288],[-3.14876541013181,52.9985771173678],[-3.12055148199791,52.9855451559644],[-3.12228842153758,52.9767601830528],[-3.10517911985718,52.9733723329184],[-3.11128082664197,52.9693886422327],[-3.09029519615975,52.9716193772087],[-3.09214857001195,52.9642756280601],[-3.11070013484344,52.9617249672849],[-3.09672610468331,52.9592477863151],[-3.1979748510662,52.9442062854628],[-3.2374404584035,52.9510126643188],[-3.29740172336207,52.942966989247],[-3.31430774450655,52.9468014757617],[-3.32434037553279,52.9318439980394],[-3.35331539181239,52.9219717219403],[-3.34887538777017,52.916332442123],[-3.37501483546352,52.8924534540503],[-3.38882355067375,52.8760701218619],[-3.46724662656058,52.8620777831459],[-3.48301242437159,52.8654536364648],[-3.47356216422379,52.871267476996],[-3.48996769941813,52.8957894260039],[-3.46511544179629,52.9202695414783],[-3.49142843895324,52.9336862503245],[-3.44671330417645,52.9632375861876],[-3.44874525979931,52.9738274478861],[-3.43678549411509,52.9808482837496],[-3.45798182754802,52.9848882846588],[-3.45459142321376,52.9979258397312],[-3.48118431558185,53.0185226096514],[-3.47627476639923,53.0264201005417],[-3.48965815705353,53.0378591002406],[-3.46260915895504,53.0462112451652],[-3.48688796779066,53.0659233558527],[-3.48692900123402,53.0840498957378],[-3.50986657643489,53.0763534640071],[-3.51571023292841,53.089799034957],[-3.5649307000254,53.0946556933714],[-3.59305760610923,53.0784557232608],[-3.60161792678133,53.0852101264982],[-3.55595403241121,53.1066697925282],[-3.56334304525562,53.1194844965602],[-3.53407185466858,53.1399477855647],[-3.46101388345238,53.1649940581729],[-3.47445863906158,53.1763723987611],[-3.46602452042478,53.2207811609882],[-3.50967595337248,53.241841629076],[-3.52599437788076,53.2402787855633],[-3.53307853932662,53.2488691018008],[-3.51833804393229,53.2563737493555],[-3.52191935866836,53.2833927156805],[-3.49648162229537,53.3022731890372],[-3.50664311062236,53.3154277225751],[-3.50642594391722,53.3153688612654],[-3.5025787332954,53.3173034310854],[-3.48061352051922,53.3283425776113],[-3.36669480876664,53.3513971934333],[-3.36817996700774,53.3352376826874],[-3.38834707176079,53.3232328658588],[-3.3934630398597,53.3269829663461],[-3.4005980136671,53.3138268796679],[-3.38130770092936,53.31582717077],[-3.39434119528737,53.3017076150695],[-3.37513083863763,53.2916537188115],[-3.35603721978439,53.2972696312846],[-3.35703378877838,53.2839276981021],[-3.3296245938485,53.2733672849901],[-3.36175470576406,53.2530826857267],[-3.33380727395636,53.2366628182212],[-3.30444008992093,53.232923933595],[-3.32237891408009,53.2204093090193],[-3.31708523704491,53.2099950882601],[-3.30421537259416,53.2080313841709],[-3.30769843558939,53.1977144763217],[-3.27517164229129,53.1794212116458],[-3.28097774118084,53.1685901811294],[-3.27120583745626,53.1574660715962],[-3.24415197558098,53.1522981098161],[-3.20822603952642,53.1598435204434],[-3.18234577676363,53.1540371533852],[-3.17676206718147,53.1160865326485],[-3.14590821538291,53.1039497515294],[-3.15176428216857,53.0929628159574],[-3.12961644150367,53.0723681207681]]]},"properties":{"CSP21CD":"W14000004","CSP21NM":"Denbighshire"}},{"type":"Feature","geometry":{"type":"MultiPolygon","coordinates":[[[[-3.09466315631889,53.2628465075583],[-3.08992632199206,53.2595277729714],[-3.09313917023343,53.2605052767473],[-3.09466315631889,53.2628465075583]]],[[[-3.31075113742154,53.3426689343916],[-3.3123794966619,53.3423040085681],[-3.31070391797811,53.3426178160341],[-3.30355096156198,53.3348726531702],[-3.27317880118107,53.3205463436379],[-3.26460442409808,53.3246308480936],[-3.25967136355312,53.3184910194855],[-3.25952697322224,53.319253165787],[-3.25820784306565,53.3145124793886],[-3.24700449833682,53.3104272763468],[-3.20311515651425,53.2944052470513],[-3.20167335989464,53.2935409785108],[-3.13532013870627,53.2537100145184],[-3.05574915366484,53.2230281692965],[-3.09378628600526,53.2444491029834],[-3.06854405094681,53.2392402816929],[-3.09835058159189,53.2539069378535],[-3.07028450662187,53.2535489170758],[-3.078497101183,53.2560493830236],[-3.0360241317657,53.2518049835481],[-2.99837824069749,53.2358586433719],[-2.92229929317117,53.1892926717249],[-2.92783850918185,53.1714114107239],[-2.9950883100933,53.1541959619647],[-2.97949802680966,53.1506216460487],[-2.96381312518341,53.1327575250671],[-2.99685175246349,53.1299353837166],[-3.02914759967575,53.1035153043123],[-3.02755947431444,53.0929727744412],[-3.03504456741104,53.0967949456728],[-3.05885084937636,53.0853323549238],[-3.07134039527475,53.0896109213081],[-3.12961644150367,53.0723681207681],[-3.15176428216857,53.0929628159574],[-3.14590821538291,53.1039497515294],[-3.17676206718147,53.1160865326485],[-3.18234577676363,53.1540371533852],[-3.20822603952642,53.1598435204434],[-3.24415197558098,53.1522981098161],[-3.27120583745626,53.1574660715962],[-3.28097774118084,53.1685901811294],[-3.27517164229129,53.1794212116458],[-3.30769843558939,53.1977144763217],[-3.30421537259416,53.2080313841709],[-3.31708523704491,53.2099950882601],[-3.32237891408009,53.2204093090193],[-3.30444008992093,53.232923933595],[-3.33380727395636,53.2366628182212],[-3.36175470576406,53.2530826857267],[-3.3296245938485,53.2733672849901],[-3.35703378877838,53.2839276981021],[-3.35603721978439,53.2972696312846],[-3.37513083863763,53.2916537188115],[-3.39434119528737,53.3017076150695],[-3.38130770092936,53.31582717077],[-3.4005980136671,53.3138268796679],[-3.3934630398597,53.3269829663461],[-3.38834707176079,53.3232328658588],[-3.36817996700774,53.3352376826874],[-3.36669480876664,53.3513971934333],[-3.36342859947304,53.3520562574937],[-3.30970223080365,53.3557874803924],[-3.31547801115811,53.347785456834],[-3.31075113742154,53.3426689343916]]]]},"properties":{"CSP21CD":"W14000005","CSP21NM":"Flintshire"}},{"type":"Feature","geometry":{"type":"Polygon","coordinates":[[[-2.7268406065337,52.9832729462979],[-2.73529356518204,52.9699461900541],[-2.72417751071701,52.9571216556058],[-2.72843937384749,52.9253018633927],[-2.75532645758129,52.9246280372655],[-2.79884789455756,52.8957587642381],[-2.84101496067848,52.9426237150063],[-2.88353939739913,52.9466392170532],[-2.88743132915924,52.9525298908831],[-2.9288886576968,52.9386788302752],[-2.9598133204483,52.9511695556905],[-2.97502999812956,52.9689845241295],[-2.98202234589558,52.9591982546682],[-3.00964949707879,52.9561994732342],[-3.03507944191704,52.9294813957865],[-3.07651316772971,52.9254793440269],[-3.09595322236249,52.9302818603715],[-3.11416217688046,52.8939782165098],[-3.14750393983102,52.8901693458012],[-3.17438182854302,52.9015755450781],[-3.20536495070437,52.8931292669303],[-3.23300312723679,52.8670110258461],[-3.26180306073989,52.8666086181746],[-3.34565100557456,52.892540858691],[-3.37501483546352,52.8924534540503],[-3.34887538777017,52.916332442123],[-3.35331539181239,52.9219717219403],[-3.32434037553279,52.9318439980394],[-3.31430774450655,52.9468014757617],[-3.29740172336207,52.942966989247],[-3.2374404584035,52.9510126643188],[-3.1979748510662,52.9442062854628],[-3.09672610468331,52.9592477863151],[-3.11070013484344,52.9617249672849],[-3.09214857001195,52.9642756280601],[-3.09029519615975,52.9716193772087],[-3.11128082664197,52.9693886422327],[-3.10517911985718,52.9733723329184],[-3.12228842153758,52.9767601830528],[-3.12055148199791,52.9855451559644],[-3.14876541013181,52.9985771173678],[-3.13089037480663,53.0238764408288],[-3.14779038696129,53.0438073024845],[-3.12961644150367,53.0723681207681],[-3.07134039527475,53.0896109213081],[-3.05885084937636,53.0853323549238],[-3.03504456741104,53.0967949456728],[-3.02755947431444,53.0929727744412],[-3.02914759967575,53.1035153043123],[-2.99685175246349,53.1299353837166],[-2.96381312518341,53.1327575250671],[-2.91023233565262,53.1126389642335],[-2.88109940909981,53.1216037184015],[-2.90207396485117,53.0920394250028],[-2.87572225442175,53.0815220285336],[-2.88164358493242,53.0743920840043],[-2.86147506310468,53.0606604001837],[-2.87255483685911,53.0586155397174],[-2.85924038438122,53.0542555278963],[-2.87011791101549,53.0453605932239],[-2.85571506741516,53.0372559042528],[-2.86104429459502,53.0228486549975],[-2.84406201373811,53.0176683670735],[-2.83599558996295,52.997150146825],[-2.80331096843627,52.9895941853701],[-2.76827535224616,52.9948605041922],[-2.7599401790776,52.9864196664707],[-2.7268406065337,52.9832729462979]]]},"properties":{"CSP21CD":"W14000006","CSP21NM":"Wrexham"}},{"type":"Feature","geometry":{"type":"Polygon","coordinates":[[[-3.14750393983102,52.8901693458012],[-3.13552413220342,52.8850136669707],[-3.15241672487316,52.8787478871554],[-3.12771287514737,52.8671030328106],[-3.16301475130881,52.8474909452542],[-3.15126038171278,52.8425648882919],[-3.16788753046969,52.8192666796899],[-3.16820515656899,52.807328443007],[-3.15319003437988,52.8063686258345],[-3.16085535746191,52.795745086062],[-3.11828683786622,52.7835824209746],[-3.08663218442715,52.795593156752],[-3.09168246698264,52.7866629795941],[-3.07951607132088,52.7715139126723],[-3.04778942053427,52.7726426112146],[-3.05257974034024,52.7686895431283],[-3.0389768046804,52.7704007776031],[-3.0350943269041,52.7640087027883],[-3.01719942628447,52.7676641820712],[-3.01079020648197,52.7585636991177],[-3.02180979863464,52.7519407818244],[-2.99199278312435,52.7437560385489],[-2.99131975668694,52.7338180016925],[-2.96506569361931,52.7322680648372],[-2.96107942399414,52.7164656946471],[-2.97810302517224,52.7153573258909],[-2.97759195389928,52.7265916760122],[-3.00055465557069,52.720275310728],[-3.02035717507642,52.7251022420807],[-3.0224859512498,52.7066679421564],[-3.04704782420661,52.6912658409262],[-3.03858027691564,52.675373166834],[-3.05111254304017,52.647365558263],[-3.08356627752097,52.6412925202018],[-3.05979890383027,52.6307211853121],[-3.07318689672821,52.6289626623494],[-3.09362257365342,52.6093390876565],[-3.08955816271373,52.5995062980213],[-3.11741414899447,52.5857631475343],[-3.13950076571608,52.5857198080728],[-3.11149542440582,52.5413637648399],[-3.1370447146752,52.5340448107619],[-3.13306437911758,52.52747060997],[-3.08541228712571,52.5345027028164],[-3.08727582526502,52.5513315082532],[-3.014230447679,52.5754965437771],[-2.99416397610144,52.5529108742502],[-3.00387364775971,52.5198330371476],[-3.03237893922629,52.5237313433299],[-3.02920219998827,52.501268025898],[-3.11101713479608,52.498934828381],[-3.18021448078352,52.4739344858705],[-3.19724017301225,52.4759894045068],[-3.23554290740389,52.4425036043898],[-3.21954450562745,52.4212529854221],[-3.17883654916668,52.4093973297151],[-3.15444662965246,52.3877151721652],[-3.11060650812059,52.3771928586202],[-3.06066441920979,52.3482395297035],[-3.04017440612675,52.344326449559],[-2.97450325778266,52.3547007719923],[-2.95465135625057,52.3491547628498],[-2.96680116367831,52.3294490746378],[-3.00086604665785,52.3217658053593],[-3.01260808725634,52.2791690028117],[-2.94963475580722,52.2694682342234],[-2.97718162692593,52.2596861472059],[-3.00577598466957,52.2642595027327],[-3.03586088954314,52.2567570188263],[-3.04831809735968,52.2502329092591],[-3.04421511843317,52.2379274562371],[-3.07303671184147,52.2358769206231],[-3.07209180392951,52.213087287645],[-3.10208187078616,52.2027204256414],[-3.09465104889233,52.1837422730342],[-3.12243047087079,52.1634196055799],[-3.09889603996449,52.1547338860874],[-3.08254318096633,52.1630471608847],[-3.0725382658941,52.1557732347873],[-3.09369007605061,52.144305996423],[-3.13587330508285,52.1379083922528],[-3.14192072484887,52.1278671854243],[-3.10498507710709,52.116727616734],[-3.10546572555448,52.105386239037],[-3.1227151698686,52.1031579308801],[-3.12589561704003,52.0783108216199],[-3.09058811273154,52.0505132879254],[-3.08628664345927,52.0401943744894],[-3.09919890693024,52.0226858085701],[-3.06736793856371,51.9831427879402],[-3.09308619989053,51.9651906249024],[-3.08159314872394,51.9553940169853],[-3.09005398204765,51.9503546197387],[-3.07865087218254,51.9245307888259],[-3.04950657913779,51.9114457909592],[-3.04005396457711,51.8845898465474],[-3.07224579086096,51.8751961715495],[-3.0634021876905,51.8633233176147],[-3.09717296498312,51.8464275695256],[-3.10100161433293,51.8320487372478],[-3.12052038324219,51.8389207754017],[-3.15735167770916,51.8160510798251],[-3.23877871810066,51.812355285936],[-3.28343451733682,51.825488658471],[-3.30858543846897,51.8061329614635],[-3.31009487268817,51.7943019877056],[-3.33447027982823,51.7904023136093],[-3.36005377637026,51.7910881788125],[-3.35753935294715,51.8069768398701],[-3.40231544202834,51.8141587755154],[-3.40241709007673,51.8263117045256],[-3.41713165317853,51.8351008648428],[-3.44174843627079,51.8164944212856],[-3.46013155656307,51.8301292509159],[-3.47007348567582,51.8285046282533],[-3.47696570713312,51.8090860087441],[-3.54121292551029,51.7845633312201],[-3.53706351746384,51.7761977190073],[-3.55986799668613,51.7775158828859],[-3.56564346678195,51.7648845417574],[-3.59129302676969,51.7546119616157],[-3.60343089033746,51.7738464434743],[-3.67036593629973,51.7871982152031],[-3.72791050775453,51.7762066260514],[-3.74609070527297,51.7533922257388],[-3.77032044220936,51.7545216252098],[-3.80669047538918,51.7879522861539],[-3.77264550334437,51.8460223181034],[-3.71383741967413,51.887125582658],[-3.71368274149722,51.9059362763281],[-3.72751801409264,51.9105141717468],[-3.72093645589726,51.9413115864398],[-3.6999064442539,51.9460888478161],[-3.71120352154486,51.9618793581948],[-3.67001662688168,52.0042131974009],[-3.66827222447723,52.0254323355184],[-3.64713650260716,52.0387891957572],[-3.67904983034794,52.060612019164],[-3.66713104531823,52.0742992700812],[-3.72309534087783,52.085214265505],[-3.72879941504957,52.0939830811555],[-3.7140763938064,52.1049709284244],[-3.72031901826934,52.1175015898815],[-3.75810214264575,52.1282343429736],[-3.74205124154771,52.1392994094555],[-3.75227178227964,52.1976140277987],[-3.74420801811538,52.2463045519098],[-3.75343342312644,52.2517605869787],[-3.73163759374057,52.2714507110042],[-3.70717016810407,52.2740575691965],[-3.73308978363023,52.2903041449172],[-3.72773649744209,52.3058261682545],[-3.74501071096046,52.3175657625746],[-3.70512953361775,52.3414545950062],[-3.65816741122617,52.3476491325963],[-3.68547877660111,52.368221265805],[-3.69720067008912,52.366929541888],[-3.7120501053968,52.4133564156984],[-3.77161679254761,52.4421524411761],[-3.76640744059756,52.4693036156607],[-3.74479814311403,52.4746332741412],[-3.73326052207006,52.5065895598512],[-3.81246679120455,52.4789114887471],[-3.82675577732801,52.4847940059548],[-3.84399589219058,52.5120392613232],[-3.84086195671383,52.5513547904987],[-3.85946623224588,52.5608436038058],[-3.9266093314516,52.5607670634246],[-3.92885334573839,52.5714606516918],[-3.91535464798611,52.5785894775276],[-3.88377986801944,52.5771350028961],[-3.87527120521188,52.5929280118398],[-3.84188361405782,52.5998554541223],[-3.85044991341621,52.6206358724075],[-3.83461399752491,52.6330587261234],[-3.8407140579194,52.6509028650313],[-3.80809559100283,52.6779453573063],[-3.75935156167215,52.6694463668296],[-3.74390740995229,52.681308768003],[-3.71675970977808,52.6787786920271],[-3.70936761188281,52.6710824613206],[-3.68392766699035,52.6938578571025],[-3.65637501558936,52.6913726326702],[-3.60201715672644,52.704986181419],[-3.59929431340588,52.7258819393427],[-3.58351412881328,52.7386228977655],[-3.60871307821455,52.794021641833],[-3.59705828680558,52.8140539845299],[-3.58647616643515,52.8277173302417],[-3.56817022436498,52.8228955110629],[-3.56667290042623,52.8300796739762],[-3.50528547718477,52.8419567259868],[-3.48301242437159,52.8654536364648],[-3.46724662656058,52.8620777831459],[-3.38882355067375,52.8760701218619],[-3.37501483546352,52.8924534540503],[-3.34565100557456,52.892540858691],[-3.26180306073989,52.8666086181746],[-3.23300312723679,52.8670110258461],[-3.20536495070437,52.8931292669303],[-3.17438182854302,52.9015755450781],[-3.14750393983102,52.8901693458012]]]},"properties":{"CSP21CD":"W14000007","CSP21NM":"Powys"}},{"type":"Feature","geometry":{"type":"Polygon","coordinates":[[[-3.75810214264575,52.1282343429736],[-3.78609987963238,52.1045574649774],[-3.79441843538763,52.117138332823],[-3.86010447696003,52.1421963135889],[-3.90672239184834,52.1197876378604],[-3.94048881317808,52.1384478782163],[-4.01812297928029,52.0971443165928],[-4.05809915780287,52.113878940691],[-4.10005505472362,52.0960610861116],[-4.14400402616874,52.0942707978965],[-4.15876105010449,52.0868930308125],[-4.14727405858525,52.0807967386722],[-4.15856416517479,52.0812099612344],[-4.1641557993554,52.0681530696939],[-4.19145641793384,52.0593259651347],[-4.2058442020402,52.0625734201006],[-4.23447649493128,52.038214704481],[-4.2824977105904,52.0398103359062],[-4.28896729775378,52.0527852114049],[-4.30107218717429,52.051642985291],[-4.30578800300691,52.0386131659951],[-4.33474329662028,52.0413296028349],[-4.35061460033492,52.0267561327686],[-4.38489658578998,52.0400217458302],[-4.39884206980144,52.0346352060346],[-4.41110120363156,52.0418371907795],[-4.44873212810416,52.044145428098],[-4.46365449203762,52.0365374730205],[-4.48745036971288,52.0490697439894],[-4.50195967280383,52.0425861055072],[-4.53562239883079,52.0443608645442],[-4.54107697138143,52.0521265018024],[-4.54492769770434,52.044243796248],[-4.55975485087236,52.0437265246291],[-4.5702592995448,52.0588694426762],[-4.6077759211639,52.0621528664426],[-4.6311865734688,52.0559612996875],[-4.6470267475073,52.0783669445657],[-4.66491968254301,52.057808314475],[-4.68033816157951,52.0637195418519],[-4.66967915831379,52.0803703111712],[-4.68174812995637,52.0851754817249],[-4.68846872450581,52.1037624000446],[-4.68628873710062,52.129777327171],[-4.6419738701654,52.1382771126252],[-4.63167037861904,52.1382268368925],[-4.58867430325827,52.1380072993453],[-4.58280490131143,52.1379464907082],[-4.5675736911423,52.1443602871383],[-4.56257081779864,52.1421974052224],[-4.54557606001149,52.1335297275103],[-4.51861821217753,52.1349963367386],[-4.50964580918161,52.1397658313346],[-4.50617970862291,52.1401867031137],[-4.50162089979059,52.1440302364098],[-4.47098604202317,52.1602970871458],[-4.4660241066619,52.173926705549],[-4.46455943482449,52.1724034931705],[-4.46004771025588,52.1676546841186],[-4.46003609912051,52.1676566025592],[-4.4597055857933,52.1673547634079],[-4.44479508332535,52.1700541002587],[-4.39347073862265,52.2050421114087],[-4.37991400338915,52.2142008739691],[-4.3775634371483,52.215788352939],[-4.35721638573794,52.2152521023031],[-4.3564678621234,52.2146714552421],[-4.35046740539498,52.2100159984532],[-4.34320168948239,52.2110498807539],[-4.3249078109173,52.2136508491314],[-4.32086505929123,52.215376963957],[-4.20749508267076,52.2636721178444],[-4.1403418184848,52.3226156678144],[-4.13594864752668,52.3303072443509],[-4.09018158028684,52.3984020940455],[-4.09002791724483,52.3995283682434],[-4.08952096510944,52.4032437183487],[-4.08678121165399,52.3995858125592],[-4.0891033569007,52.4063038646015],[-4.08628913863205,52.4269158824449],[-4.07000812049734,52.4646924519452],[-4.06256354099056,52.4722410056052],[-4.0594639098325,52.4753830398651],[-4.05209037156258,52.4808118661922],[-4.05375987160055,52.534345705761],[-4.04046678911766,52.5200483024455],[-4.03911343641352,52.5267899790974],[-4.01424036345142,52.5264678428292],[-3.98350109503629,52.5355781496473],[-3.94294381408879,52.5584452034032],[-3.93293144753597,52.5529783107675],[-3.9266093314516,52.5607670634246],[-3.85946623224588,52.5608436038058],[-3.84086195671383,52.5513547904987],[-3.84399589219058,52.5120392613232],[-3.82675577732801,52.4847940059548],[-3.81246679120455,52.4789114887471],[-3.73326052207006,52.5065895598512],[-3.74479814311403,52.4746332741412],[-3.76640744059756,52.4693036156607],[-3.77161679254761,52.4421524411761],[-3.7120501053968,52.4133564156984],[-3.69720067008912,52.366929541888],[-3.68547877660111,52.368221265805],[-3.65816741122617,52.3476491325963],[-3.70512953361775,52.3414545950062],[-3.74501071096046,52.3175657625746],[-3.72773649744209,52.3058261682545],[-3.73308978363023,52.2903041449172],[-3.70717016810407,52.2740575691965],[-3.73163759374057,52.2714507110042],[-3.75343342312644,52.2517605869787],[-3.74420801811538,52.2463045519098],[-3.75227178227964,52.1976140277987],[-3.74205124154771,52.1392994094555],[-3.75810214264575,52.1282343429736]]]},"properties":{"CSP21CD":"W14000008","CSP21NM":"Ceredigion"}},{"type":"Feature","geometry":{"type":"MultiPolygon","coordinates":[[[[-4.67477273808705,51.6376417463269],[-4.68405664537645,51.6299154486687],[-4.70347148501114,51.6320248910362],[-4.70951488878767,51.6421769728871],[-4.70313480546478,51.6422643970389],[-4.67477273808705,51.6376417463269]]],[[[-5.27198368827733,51.695691016961],[-5.28794561804564,51.6935267858737],[-5.27885932146423,51.7000199177608],[-5.2736173478681,51.7034311764211],[-5.26465017495297,51.7018356807757],[-5.27009337043841,51.6959608568923],[-5.27198368827733,51.695691016961]]],[[[-5.29965397929782,51.7449149979907],[-5.27429095592461,51.7363731561931],[-5.26955409368891,51.7346000088638],[-5.28125843653386,51.7360447202107],[-5.28141919666469,51.7367463961331],[-5.29303622474801,51.7283188699319],[-5.30810799076148,51.7320522759423],[-5.31144341864303,51.7346255961397],[-5.31287378056394,51.738836510821],[-5.30975716884178,51.74109643222],[-5.29965397929782,51.7449149979907]]],[[[-5.33249640047613,51.8563327425742],[-5.33811925588129,51.8547784906637],[-5.34993160136958,51.8617406006913],[-5.35261396064771,51.8645262246743],[-5.3381146543371,51.879064495098],[-5.32981058097771,51.8777030903775],[-5.33249640047613,51.8563327425742]]],[[[-4.73150798502387,52.1178941339316],[-4.68842459040595,52.1035494682847],[-4.68846872450581,52.1037624000446],[-4.68174812995637,52.0851754817249],[-4.66967915831379,52.0803703111712],[-4.68033816157951,52.0637195418519],[-4.66491968254301,52.057808314475],[-4.6470267475073,52.0783669445657],[-4.6311865734688,52.0559612996875],[-4.6077759211639,52.0621528664426],[-4.5702592995448,52.0588694426762],[-4.55975485087236,52.0437265246291],[-4.54639822107041,52.0190578509435],[-4.52301227333206,52.0112517157976],[-4.51227455004136,51.9949135276231],[-4.48711128676196,51.9886833199662],[-4.49331053972026,51.9613097897684],[-4.54154953150956,51.9565506539822],[-4.57768532937283,51.9319144717724],[-4.59995396450654,51.9409302582996],[-4.63561082838126,51.9185956942218],[-4.66788945755038,51.9340784087531],[-4.71342790172044,51.9157855569523],[-4.71353811924994,51.899237948461],[-4.7231034056339,51.895698309574],[-4.70671350526003,51.8888782816729],[-4.69410200751906,51.8596201050625],[-4.70861811449431,51.8472678753363],[-4.70426280780244,51.839120294013],[-4.64579247973085,51.8313394819767],[-4.6169404718901,51.8116146541133],[-4.64459385885353,51.7972745315508],[-4.63411909904058,51.7850135958264],[-4.64397020296571,51.7765210019707],[-4.62258210919168,51.7681255009508],[-4.63217941214702,51.735170204837],[-4.63285222008331,51.7351814265496],[-4.67628122071438,51.7271869121718],[-4.69666375569203,51.7126439997051],[-4.69210963470423,51.7084341787861],[-4.69269854651747,51.7054017785194],[-4.68378430794473,51.7007357267144],[-4.68020032626247,51.6974205973302],[-4.69717669096924,51.6862746606347],[-4.70185128752533,51.6746067364277],[-4.69332530731385,51.6720209017557],[-4.70014627659285,51.6677069014677],[-4.71444576406821,51.6586589980701],[-4.71131376418457,51.6517100371147],[-4.75672960670422,51.6537048198024],[-4.75593465539884,51.6440327604941],[-4.77704545531056,51.6424154113315],[-4.78107642494656,51.6349414740423],[-4.81288184015686,51.6451703868858],[-4.8259658275323,51.6457062609624],[-4.830780352444,51.646860477484],[-4.84499444154999,51.6464829980951],[-4.86080230678263,51.6471259261845],[-4.86177688719588,51.6390740942622],[-4.86201778722377,51.638605744768],[-4.891140945086,51.6295195224595],[-4.89869434537985,51.6271611706091],[-4.89646563449789,51.6101482708134],[-4.92314792627597,51.6114068627237],[-4.9234013860648,51.5991412661821],[-4.92503961627861,51.5972125054812],[-4.94837735997681,51.5970290626839],[-4.97539824617055,51.6103985105932],[-5.00766699493398,51.608649303559],[-5.05932965273535,51.6205982523516],[-5.0500239388916,51.6398168094405],[-5.06210917245824,51.6588240582398],[-5.06503921393333,51.6634296454254],[-5.12334360690109,51.6711892980978],[-5.12567359324987,51.6816390978579],[-5.10502954793137,51.6920527647811],[-5.10397335407998,51.6919616751997],[-5.07631024238599,51.6881038970308],[-5.07564122561672,51.6877808648745],[-5.08669199160098,51.6844252787254],[-5.07375224205785,51.6778535317514],[-5.04636549711668,51.6763898058993],[-5.05532000604389,51.6863956267428],[-5.05366333797151,51.689643312994],[-5.04618922503104,51.6941445730131],[-4.98406776501462,51.6863601867525],[-4.98630035739701,51.6840046812001],[-4.97542458405107,51.6808957730361],[-4.9734950664472,51.678901460885],[-4.97655512318496,51.6875235982603],[-4.97668343387831,51.6882322462836],[-4.94928729075047,51.702175080364],[-4.89599722909182,51.7057171028365],[-4.89118274212594,51.7060358843045],[-4.88682019787213,51.7167550022128],[-4.87207361126382,51.7176629489688],[-4.88482460693761,51.7190197616164],[-4.88294226065844,51.7339172303198],[-4.89801745337196,51.739567298377],[-4.88609578210335,51.7710227709763],[-4.90019466344009,51.7712892874374],[-4.91286380765917,51.7715273293615],[-4.89972409347148,51.7639536655826],[-4.89509626289,51.7612852015658],[-4.8989032888986,51.7511402987764],[-4.90249800130614,51.7415571003685],[-4.89808581412683,51.738375181667],[-4.88687359644194,51.7302864680209],[-4.89556250818229,51.7099352352175],[-4.89626100655373,51.7098491601517],[-4.94636034372421,51.7036637800665],[-4.98491044473794,51.6993760289177],[-5.0345704214278,51.7107458769842],[-5.04113330944255,51.7101113336744],[-5.06206917253745,51.7097765149612],[-5.06342379199479,51.7075435021045],[-5.07814829574493,51.7069032060271],[-5.09624037394206,51.7180955646819],[-5.09781723437172,51.720013752532],[-5.09862954999461,51.7195729231629],[-5.10510573617076,51.7235767633304],[-5.10572373708965,51.7169388511969],[-5.11597307253677,51.7103323833774],[-5.12460224487847,51.7174128243756],[-5.13463820840387,51.7159770744146],[-5.1605135074857,51.7149788410146],[-5.16785074153522,51.7190616210472],[-5.16851212482258,51.706808667992],[-5.14969652123129,51.7023105200544],[-5.15817441387532,51.7016815413217],[-5.15730767070857,51.6879081317787],[-5.17550132930558,51.6802316285783],[-5.18418782124883,51.6866978949234],[-5.18838720030928,51.6898230201718],[-5.18725764103702,51.7088555932211],[-5.20134547045529,51.7150089303212],[-5.2028168306772,51.7157858555363],[-5.21480565294449,51.723686562751],[-5.22876690638998,51.7188275972906],[-5.23222814865062,51.7181651076229],[-5.22780046497853,51.7231321872629],[-5.2540610240678,51.7381420796843],[-5.21081707768973,51.7339199659777],[-5.20282991853078,51.7556639777841],[-5.20136183978799,51.7555845504973],[-5.18892235689562,51.7539959549203],[-5.18609977646027,51.753635293782],[-5.16025408252089,51.7721306958591],[-5.11744526946609,51.7682685115974],[-5.10763494252557,51.7741246825765],[-5.10290244308224,51.8100690107829],[-5.11607837028695,51.8372894782735],[-5.12323571750918,51.8520609611719],[-5.13775011850693,51.8639064796122],[-5.13984624332776,51.8637996239347],[-5.1398546406805,51.8638076589825],[-5.14451831534714,51.8634783233207],[-5.18155926547393,51.8611280449743],[-5.17912240282865,51.8671301742653],[-5.18227784500125,51.8671454753514],[-5.1822973110833,51.8674362423711],[-5.19414951396448,51.8672022936544],[-5.19459768333795,51.8672044150624],[-5.18951000048438,51.8738364454413],[-5.19709784376887,51.8695940541522],[-5.20164015043028,51.8670538203245],[-5.2044778698514,51.8669974494639],[-5.21444498483038,51.8685565058286],[-5.22100775309496,51.8731782761944],[-5.23101904261233,51.8711467986449],[-5.24578779072767,51.8734526585042],[-5.28250054568756,51.8702174715029],[-5.28254490717664,51.8702190701384],[-5.28277829481197,51.8700123634709],[-5.29634596077551,51.860753712523],[-5.29754591340954,51.8661140452952],[-5.30160671311996,51.8646085930616],[-5.31805159506318,51.861969997194],[-5.31904216588954,51.8628478916475],[-5.30840640633724,51.8739412380321],[-5.30736027633534,51.8748453795841],[-5.30740895424513,51.8749812813465],[-5.30737070203545,51.8750211665368],[-5.31594579810749,51.8847169420365],[-5.2958566037979,51.8933643818407],[-5.30369348940483,51.903659832408],[-5.31428285560953,51.9022603839183],[-5.30554640738557,51.9083287659624],[-5.29513869481911,51.9098291398387],[-5.25922913418769,51.9147967004934],[-5.23620781446312,51.9295220702352],[-5.2101907799739,51.9322230838387],[-5.20229958879733,51.9427476292743],[-5.19640431811391,51.9506067257538],[-5.18527264476972,51.9499979431049],[-5.1577157180877,51.9482224011366],[-5.15744764221824,51.9484713389459],[-5.1540429538745,51.9482840632727],[-5.15025113700415,51.9551528467798],[-5.14341794834116,51.9614948485208],[-5.12464541203565,51.961333159061],[-5.12186130968024,51.960647738563],[-5.12045726680396,51.9612966649301],[-5.1070599222577,51.96117891355],[-5.1045224936437,51.9686589936046],[-5.10328717693663,51.9692295574382],[-5.08545877284426,51.9684209389031],[-5.07994765130873,51.9853464548492],[-5.09560631732662,51.9937207398696],[-5.0722388318211,52.0045557940087],[-5.08958160364816,52.0153143851877],[-5.08709513731484,52.0179349116944],[-5.08393735158103,52.0212624480983],[-5.07485942335236,52.0307539162675],[-5.02079639233543,52.0203338801802],[-4.99183690796618,52.0260198751072],[-4.98933384355893,52.0204577856587],[-4.98757877697195,52.0165568721909],[-4.9871087037301,52.0164342633754],[-4.98710512586475,52.0164267877068],[-4.97837589299252,52.0145492698476],[-4.97015749192436,52.0127556637085],[-4.97938571876401,52.0141958759802],[-4.98260769893236,52.0146985237111],[-4.98264711265743,52.0146594592639],[-4.99249110626647,52.004760914879],[-4.99230782126825,52.0046893360535],[-4.9929520027247,52.0040243023375],[-4.99106732807364,52.0042048693981],[-4.98625492217998,52.0023251901265],[-4.98955218697997,52.000567166843],[-4.96898401679941,51.9949906134774],[-4.9697690070028,51.9973300740923],[-4.92688116553016,52.0088900550015],[-4.91965134166089,52.0100937081792],[-4.91619990297545,52.0190503510527],[-4.9149383997503,52.0223230977049],[-4.91019988922352,52.0346124114122],[-4.88943403975715,52.022951336841],[-4.8855938981418,52.0207938226053],[-4.88252250094266,52.0209094705828],[-4.87896411752268,52.0190917346237],[-4.81392612631699,52.0188308610048],[-4.83867229808738,52.0241861497288],[-4.8412652423335,52.024746909387],[-4.84395292569318,52.0367265115786],[-4.84001039714289,52.0458881836503],[-4.83136110084869,52.0515214700008],[-4.79649273268435,52.0579554013521],[-4.79083115690194,52.058671595112],[-4.7590342129018,52.0768593341007],[-4.74142775615333,52.0986911071477],[-4.74701455367876,52.1023359355163],[-4.74923197110596,52.1042305481472],[-4.73150798502387,52.1178941339316]]]]},"properties":{"CSP21CD":"W14000009","CSP21NM":"Pembrokeshire"}},{"type":"Feature","geometry":{"type":"Polygon","coordinates":[[[-3.75810214264575,52.1282343429736],[-3.72031901826934,52.1175015898815],[-3.7140763938064,52.1049709284244],[-3.72879941504957,52.0939830811555],[-3.72309534087783,52.085214265505],[-3.66713104531823,52.0742992700812],[-3.67904983034794,52.060612019164],[-3.64713650260716,52.0387891957572],[-3.66827222447723,52.0254323355184],[-3.67001662688168,52.0042131974009],[-3.71120352154486,51.9618793581948],[-3.6999064442539,51.9460888478161],[-3.72093645589726,51.9413115864398],[-3.72751801409264,51.9105141717468],[-3.71368274149722,51.9059362763281],[-3.71383741967413,51.887125582658],[-3.77264550334437,51.8460223181034],[-3.80669047538918,51.7879522861539],[-3.81857806880622,51.8023479671683],[-3.8654561412009,51.8103465381253],[-3.89988199897599,51.8036311355105],[-3.8820962986127,51.787904837922],[-3.88720583055589,51.7687979320185],[-3.91842457565384,51.7753011229821],[-3.93650461617364,51.771355411971],[-3.96519017870542,51.7637050940547],[-3.99980417523044,51.7741514726654],[-4.00159381097315,51.7626133692384],[-4.04930254392639,51.7295940228529],[-4.04342528010386,51.7065197732217],[-4.05389061242788,51.7092175743645],[-4.06704784284266,51.6870552156165],[-4.08099256196663,51.6841970700573],[-4.08161455849292,51.6849413260746],[-4.08236111543843,51.680288566608],[-4.08513079910414,51.6630219836305],[-4.0883872783057,51.6617198567144],[-4.1355512216379,51.661877689961],[-4.14699120476336,51.6545541314145],[-4.18803259421463,51.6783674391061],[-4.1973097529783,51.6837447672249],[-4.22014357062315,51.6810563730617],[-4.22111997808046,51.6814156794233],[-4.22332487866921,51.6806814292571],[-4.24460916628233,51.6781704773748],[-4.25366256703111,51.682761485411],[-4.26308357164044,51.6769454454625],[-4.27751004668974,51.6680349660032],[-4.31542906179088,51.6750718140807],[-4.3195867866491,51.6758425037639],[-4.38272001700236,51.7273029754232],[-4.37992587497208,51.7321378680583],[-4.32447482072407,51.7285961950459],[-4.36573334162842,51.7379740792857],[-4.37620150884629,51.7538988471477],[-4.36614505012704,51.7873323182925],[-4.40385820073157,51.7572509932082],[-4.45967605984477,51.770140373074],[-4.41773495014819,51.7452376142753],[-4.42403996762143,51.7405868921308],[-4.46282162308718,51.7316954143211],[-4.55918662984024,51.7419697478804],[-4.57183294001015,51.7369751243393],[-4.60662918722111,51.7347412168685],[-4.60815966095559,51.7347670688416],[-4.63217941214702,51.735170204837],[-4.62258210919168,51.7681255009508],[-4.64397020296571,51.7765210019707],[-4.63411909904058,51.7850135958264],[-4.64459385885353,51.7972745315508],[-4.6169404718901,51.8116146541133],[-4.64579247973085,51.8313394819767],[-4.70426280780244,51.839120294013],[-4.70861811449431,51.8472678753363],[-4.69410200751906,51.8596201050625],[-4.70671350526003,51.8888782816729],[-4.7231034056339,51.895698309574],[-4.71353811924994,51.899237948461],[-4.71342790172044,51.9157855569523],[-4.66788945755038,51.9340784087531],[-4.63561082838126,51.9185956942218],[-4.59995396450654,51.9409302582996],[-4.57768532937283,51.9319144717724],[-4.54154953150956,51.9565506539822],[-4.49331053972026,51.9613097897684],[-4.48711128676196,51.9886833199662],[-4.51227455004136,51.9949135276231],[-4.52301227333206,52.0112517157976],[-4.54639822107041,52.0190578509435],[-4.55975485087236,52.0437265246291],[-4.54492769770434,52.044243796248],[-4.54107697138143,52.0521265018024],[-4.53562239883079,52.0443608645442],[-4.50195967280383,52.0425861055072],[-4.48745036971288,52.0490697439894],[-4.46365449203762,52.0365374730205],[-4.44873212810416,52.044145428098],[-4.41110120363156,52.0418371907795],[-4.39884206980144,52.0346352060346],[-4.38489658578998,52.0400217458302],[-4.35061460033492,52.0267561327686],[-4.33474329662028,52.0413296028349],[-4.30578800300691,52.0386131659951],[-4.30107218717429,52.051642985291],[-4.28896729775378,52.0527852114049],[-4.2824977105904,52.0398103359062],[-4.23447649493128,52.038214704481],[-4.2058442020402,52.0625734201006],[-4.19145641793384,52.0593259651347],[-4.1641557993554,52.0681530696939],[-4.15856416517479,52.0812099612344],[-4.14727405858525,52.0807967386722],[-4.15876105010449,52.0868930308125],[-4.14400402616874,52.0942707978965],[-4.10005505472362,52.0960610861116],[-4.05809915780287,52.113878940691],[-4.01812297928029,52.0971443165928],[-3.94048881317808,52.1384478782163],[-3.90672239184834,52.1197876378604],[-3.86010447696003,52.1421963135889],[-3.79441843538763,52.117138332823],[-3.78609987963238,52.1045574649774],[-3.75810214264575,52.1282343429736]]]},"properties":{"CSP21CD":"W14000010","CSP21NM":"Carmarthenshire"}},{"type":"Feature","geometry":{"type":"MultiPolygon","coordinates":[[[[-4.08513079910414,51.6630219836305],[-4.08534133833479,51.6617090134909],[-4.0883872783057,51.6617198567144],[-4.08513079910414,51.6630219836305]]],[[[-3.99980417523044,51.7741514726654],[-3.96519017870542,51.7637050940547],[-3.93650461617364,51.771355411971],[-3.88850610202894,51.7390861973303],[-3.87602271282126,51.7039605081268],[-3.84274318431454,51.6973693332949],[-3.85144219687636,51.6749133249752],[-3.8752421467319,51.6575462458815],[-3.88521724093766,51.617664318931],[-3.88623325388326,51.6175365528712],[-3.92468270602978,51.606986362262],[-3.92718538479482,51.607332438163],[-3.92880222150886,51.6134325669396],[-3.95833637881092,51.6121961653287],[-3.99392438470439,51.5987058757965],[-4.00049090997869,51.5799992051771],[-3.98626854271972,51.5733831683011],[-3.98638738160113,51.5732190669981],[-3.97691708065896,51.5688270209058],[-3.98059811922034,51.5649479558816],[-3.99316637802726,51.5642847443523],[-4.02116740798268,51.5632453621305],[-4.02437352485683,51.5631259199158],[-4.03492358034264,51.5701340334914],[-4.06435277044713,51.5572467942138],[-4.11138308031683,51.5699141565116],[-4.10371389320691,51.5777740821771],[-4.15656622421086,51.5618771176459],[-4.15289675760453,51.5425031651695],[-4.17475963542085,51.5448271304494],[-4.19479066043187,51.5482578542903],[-4.2132469566422,51.537481805968],[-4.27883208897024,51.5614956249031],[-4.30825188162662,51.563008639093],[-4.28907483049009,51.5763426126385],[-4.30920622898914,51.6096183833091],[-4.27965056660001,51.6159112822736],[-4.24295590883206,51.648763622127],[-4.2301564453105,51.6423343212405],[-4.24177123314401,51.6308127733892],[-4.22242028992762,51.6355137656034],[-4.18948716819034,51.6289484395695],[-4.19312817186659,51.6234379846788],[-4.16415715369345,51.626490135881],[-4.15847317106536,51.6343158841604],[-4.11633263164661,51.6447195486463],[-4.10242347786583,51.6535070797172],[-4.08114808147236,51.6575775651573],[-4.0693549552515,51.6531817056232],[-4.08132779290404,51.6620994488804],[-4.06827848614451,51.6689773194396],[-4.07779400612588,51.6803692834305],[-4.08099256196663,51.6841970700573],[-4.06704784284266,51.6870552156165],[-4.05389061242788,51.7092175743645],[-4.04342528010386,51.7065197732217],[-4.04930254392639,51.7295940228529],[-4.00159381097315,51.7626133692384],[-3.99980417523044,51.7741514726654]]]]},"properties":{"CSP21CD":"W14000011","CSP21NM":"Swansea"}},{"type":"Feature","geometry":{"type":"Polygon","coordinates":[[[-3.80669047538918,51.7879522861539],[-3.77032044220936,51.7545216252098],[-3.74609070527297,51.7533922257388],[-3.72791050775453,51.7762066260514],[-3.67036593629973,51.7871982152031],[-3.60343089033746,51.7738464434743],[-3.59129302676969,51.7546119616157],[-3.57864581676569,51.7178807732971],[-3.58958497701697,51.6792724318013],[-3.56331023234254,51.6454847534439],[-3.59571966592766,51.6377287721602],[-3.66570118567218,51.6411527719437],[-3.68071022656698,51.6219121163934],[-3.67673865238845,51.6013243375491],[-3.69112130973368,51.6035190028337],[-3.69442004466421,51.5942668566575],[-3.65528753275708,51.5648338266415],[-3.6566131360753,51.5391714577582],[-3.68780313022907,51.5374346680064],[-3.70312742752493,51.5271657980179],[-3.76194224454424,51.5347154602681],[-3.76269113469154,51.536548039165],[-3.76071880564418,51.5355553348972],[-3.76280540319402,51.538015486623],[-3.76279899182597,51.5380175306731],[-3.76280691530141,51.5380172651242],[-3.77875719847874,51.55670964262],[-3.77998104804541,51.5597125716841],[-3.78197227182681,51.5604777043791],[-3.78992363890235,51.5697935221913],[-3.81723968289764,51.5743214602792],[-3.79898459237842,51.5732709613763],[-3.80264815368091,51.5818044089582],[-3.81065972735054,51.5806029636395],[-3.80964687569676,51.5815680974858],[-3.81002913563916,51.5819254777676],[-3.79942595927017,51.5854039942573],[-3.81177838364437,51.5835607840845],[-3.81875204870612,51.5900781952556],[-3.82206624573063,51.5916315551052],[-3.85080878881152,51.6143621240191],[-3.83681073571841,51.6237410609462],[-3.88521724093766,51.617664318931],[-3.8752421467319,51.6575462458815],[-3.85144219687636,51.6749133249752],[-3.84274318431454,51.6973693332949],[-3.87602271282126,51.7039605081268],[-3.88850610202894,51.7390861973303],[-3.93650461617364,51.771355411971],[-3.91842457565384,51.7753011229821],[-3.88720583055589,51.7687979320185],[-3.8820962986127,51.787904837922],[-3.89988199897599,51.8036311355105],[-3.8654561412009,51.8103465381253],[-3.81857806880622,51.8023479671683],[-3.80669047538918,51.7879522861539]]]},"properties":{"CSP21CD":"W14000012","CSP21NM":"Neath Port Talbot"}},{"type":"Feature","geometry":{"type":"Polygon","coordinates":[[[-3.49751220567078,51.5126420277271],[-3.52960964127188,51.5013636470575],[-3.52761109537081,51.4936842062966],[-3.53944974689279,51.4910312916675],[-3.53285024049692,51.4816056597726],[-3.55476092182447,51.4927734068836],[-3.62160954259454,51.4754453352464],[-3.61965343561326,51.476611672029],[-3.6278146126747,51.4738343086726],[-3.63978249552951,51.4707258365951],[-3.66257433476329,51.4804713485648],[-3.6794710604506,51.4732056866598],[-3.72083120065677,51.4796921925173],[-3.72972537118838,51.4872669383025],[-3.74940707420377,51.5040177987702],[-3.7501591775783,51.5058608589078],[-3.76194224454424,51.5347154602681],[-3.70312742752493,51.5271657980179],[-3.68780313022907,51.5374346680064],[-3.6566131360753,51.5391714577582],[-3.65528753275708,51.5648338266415],[-3.69442004466421,51.5942668566575],[-3.69112130973368,51.6035190028337],[-3.67673865238845,51.6013243375491],[-3.68071022656698,51.6219121163934],[-3.66570118567218,51.6411527719437],[-3.59571966592766,51.6377287721602],[-3.56331023234254,51.6454847534439],[-3.53763827967008,51.6441332175541],[-3.510021383099,51.6181407421207],[-3.47252606809024,51.6012698742775],[-3.47646718426235,51.5816362649663],[-3.48873208047808,51.5742428228004],[-3.46302487947318,51.5434120024325],[-3.49751220567078,51.5126420277271]]]},"properties":{"CSP21CD":"W14000013","CSP21NM":"Bridgend"}},{"type":"Feature","geometry":{"type":"MultiPolygon","coordinates":[[[[-3.6278146126747,51.4738343086726],[-3.63852520400922,51.4701879813651],[-3.63978249552951,51.4707258365951],[-3.6278146126747,51.4738343086726]]],[[[-3.41105789652737,51.5067665485347],[-3.40191328314089,51.4989630794801],[-3.37864068603151,51.5127130498163],[-3.33573834667109,51.50842734656],[-3.29838483897548,51.4999147039046],[-3.27105894065688,51.4650533942786],[-3.24805311474832,51.4645552650498],[-3.21891214855824,51.4748584920648],[-3.18666461665162,51.4479002153229],[-3.16578953601664,51.4439720638602],[-3.16959934668919,51.4062428422002],[-3.18760801070388,51.400054160666],[-3.22411103586876,51.4036745437984],[-3.26092454198724,51.3947584294145],[-3.2645200660193,51.3892721817695],[-3.26900589729881,51.3878929391384],[-3.31051788159955,51.3926818245183],[-3.3779308129453,51.3812833848027],[-3.40512033322683,51.3813369607276],[-3.4149567855568,51.3877730916558],[-3.43859276520052,51.3900103068378],[-3.5589612520361,51.4013263058974],[-3.59691754046964,51.4411382949415],[-3.63009935414629,51.4575453269919],[-3.64053852968823,51.4641542056953],[-3.62160954259454,51.4754453352464],[-3.55476092182447,51.4927734068836],[-3.53285024049692,51.4816056597726],[-3.53944974689279,51.4910312916675],[-3.52761109537081,51.4936842062966],[-3.52960964127188,51.5013636470575],[-3.49751220567078,51.5126420277271],[-3.46536073216511,51.5148087605348],[-3.41105789652737,51.5067665485347]]]]},"properties":{"CSP21CD":"W14000014","CSP21NM":"Vale of Glamorgan"}},{"type":"Feature","geometry":{"type":"Polygon","coordinates":[[[-3.1188911554542,51.5456379840242],[-3.06891000794599,51.5202663731953],[-3.09039120430917,51.5098746238916],[-3.08342916674797,51.5015964882453],[-3.11395346566868,51.4928097506461],[-3.14032795825512,51.4729941330573],[-3.15286737171709,51.4586494049863],[-3.16412911062178,51.4457575447619],[-3.1643982864147,51.4458169008465],[-3.16557404024211,51.4461046617722],[-3.16578953601664,51.4439720638602],[-3.18666461665162,51.4479002153229],[-3.21891214855824,51.4748584920648],[-3.24805311474832,51.4645552650498],[-3.27105894065688,51.4650533942786],[-3.29838483897548,51.4999147039046],[-3.33573834667109,51.50842734656],[-3.34159247423409,51.5351391359665],[-3.32435912927702,51.5357753318911],[-3.31036333925924,51.5489322683217],[-3.27766706057663,51.5518581528911],[-3.26157198600536,51.5377865753987],[-3.23769569140824,51.5526026858123],[-3.16373462517749,51.5605050149904],[-3.15257557541337,51.5516412043869],[-3.14448296450805,51.5553377817196],[-3.1188911554542,51.5456379840242]]]},"properties":{"CSP21CD":"W14000015","CSP21NM":"Cardiff"}},{"type":"Feature","geometry":{"type":"Polygon","coordinates":[[[-3.11611499460293,51.6908024361356],[-3.10197372830353,51.6820916949013],[-3.08442297733053,51.688358694751],[-3.07166242000881,51.6741872658433],[-3.07483893099296,51.6522398894611],[-3.10265451559855,51.6339511938389],[-3.08182858214858,51.6194328417984],[-3.06457279337954,51.6039326296092],[-3.09373796745917,51.5913980078401],[-3.10515778716035,51.5972146938021],[-3.1241920442001,51.5885514227997],[-3.12175398071899,51.5796926039379],[-3.09020472933484,51.5692660987794],[-3.1188911554542,51.5456379840242],[-3.14448296450805,51.5553377817196],[-3.15257557541337,51.5516412043869],[-3.16373462517749,51.5605050149904],[-3.23769569140824,51.5526026858123],[-3.24245391455566,51.5654882021899],[-3.26285680369796,51.5662367469291],[-3.26984751893858,51.5838310141459],[-3.28768031392216,51.5878194913919],[-3.30555895559502,51.6210622998141],[-3.30264527841429,51.634911928467],[-3.31390702120116,51.6446795482579],[-3.29610987069155,51.6640939496636],[-3.28521657721722,51.6582384190299],[-3.2846798334777,51.6771298238643],[-3.27393042083335,51.6823368570676],[-3.30063731998051,51.7363143911557],[-3.31551152629488,51.731808630623],[-3.30995029322805,51.7390496306],[-3.32904601048213,51.7586528073205],[-3.33447027982823,51.7904023136093],[-3.31009487268817,51.7943019877056],[-3.30131708318478,51.7989763046678],[-3.27248258388128,51.7774829628625],[-3.26697286496451,51.7592924887407],[-3.2228917474242,51.723100689801],[-3.22404844459663,51.7291499614717],[-3.21088283580935,51.7307033865802],[-3.21963695315342,51.7450807569619],[-3.21013111842713,51.7500948011976],[-3.16724876175334,51.7099015706114],[-3.15636281162751,51.7139701539611],[-3.12907178015667,51.6957812804563],[-3.13766752346356,51.6819256914391],[-3.11611499460293,51.6908024361356]]]},"properties":{"CSP21CD":"W14000018","CSP21NM":"Caerphilly"}},{"type":"Feature","geometry":{"type":"Polygon","coordinates":[[[-3.15735167770916,51.8160510798251],[-3.14582760500366,51.804696806552],[-3.15686059964412,51.7960888744105],[-3.13418867270015,51.7928103417939],[-3.14392394952362,51.7861007856237],[-3.1061136893966,51.761252195553],[-3.11518930705384,51.7573961351012],[-3.10601554595748,51.7205153970994],[-3.11611499460293,51.6908024361356],[-3.13766752346356,51.6819256914391],[-3.12907178015667,51.6957812804563],[-3.15636281162751,51.7139701539611],[-3.16724876175334,51.7099015706114],[-3.21013111842713,51.7500948011976],[-3.21963695315342,51.7450807569619],[-3.21088283580935,51.7307033865802],[-3.22404844459663,51.7291499614717],[-3.2228917474242,51.723100689801],[-3.26697286496451,51.7592924887407],[-3.27248258388128,51.7774829628625],[-3.30131708318478,51.7989763046678],[-3.31009487268817,51.7943019877056],[-3.30858543846897,51.8061329614635],[-3.28343451733682,51.825488658471],[-3.23877871810066,51.812355285936],[-3.15735167770916,51.8160510798251]]]},"properties":{"CSP21CD":"W14000019","CSP21NM":"Blaenau Gwent"}},{"type":"Feature","geometry":{"type":"Polygon","coordinates":[[[-2.95891050451244,51.6287803266513],[-2.9893253479761,51.6287629246409],[-3.01966362110762,51.6165273464307],[-3.04717226881848,51.6225074479586],[-3.04504302497987,51.6066749442671],[-3.08182858214858,51.6194328417984],[-3.10265451559855,51.6339511938389],[-3.07483893099296,51.6522398894611],[-3.07166242000881,51.6741872658433],[-3.08442297733053,51.688358694751],[-3.10197372830353,51.6820916949013],[-3.11611499460293,51.6908024361356],[-3.10601554595748,51.7205153970994],[-3.11518930705384,51.7573961351012],[-3.1061136893966,51.761252195553],[-3.14392394952362,51.7861007856237],[-3.13418867270015,51.7928103417939],[-3.1082390595213,51.7962213485513],[-3.0588772627299,51.7836397851138],[-3.04344846347506,51.7704028716966],[-3.04933649949667,51.7604479932305],[-3.02777985214112,51.745372567608],[-3.03128679829136,51.7226794232155],[-2.98354684727702,51.7153711620032],[-3.00200489280865,51.6908292478469],[-2.96859889495424,51.691439472605],[-2.97945508163387,51.6736854729371],[-2.99490248695935,51.6792590515226],[-3.00346940696528,51.669057337312],[-2.95891050451244,51.6287803266513]]]},"properties":{"CSP21CD":"W14000020","CSP21NM":"Torfaen"}},{"type":"Feature","geometry":{"type":"Polygon","coordinates":[[[-2.65040070567432,51.8261246889383],[-2.66087144177876,51.822753864529],[-2.65953874455198,51.8106823741613],[-2.67853782959666,51.8028451993877],[-2.66981057919979,51.7942734507367],[-2.68045213470349,51.7689294147768],[-2.66269206735517,51.7538947436597],[-2.67222511999267,51.7363629501989],[-2.68754079653479,51.730426259148],[-2.66844054916154,51.7057888652485],[-2.68379147622247,51.7006275155784],[-2.66916891575376,51.6931500116545],[-2.67225329931617,51.6810001361918],[-2.65686372173786,51.6745037133579],[-2.68640198534752,51.6631552756617],[-2.66592276125787,51.6643235429583],[-2.68033178982132,51.6475470396017],[-2.66851392778044,51.645630593601],[-2.65664127759941,51.6227996018387],[-2.65879197642782,51.6163191486798],[-2.66245103051211,51.61757996239],[-2.69563305095823,51.6033818007135],[-2.71262590894194,51.5823557236139],[-2.75768315376024,51.5783736480386],[-2.82163585569539,51.5540701750549],[-2.82220360603921,51.5539231236227],[-2.83422635803895,51.5703815332296],[-2.85266537057656,51.5712562184591],[-2.85919849571395,51.579422527162],[-2.83028170651685,51.6149487892427],[-2.80319729719593,51.6158645790276],[-2.83450434402021,51.6483640844225],[-2.88360286048244,51.6415371930626],[-2.90852474789641,51.6236327316039],[-2.92086215623293,51.6268825048959],[-2.94133203741138,51.6171208707654],[-2.9476962087977,51.6286374548388],[-2.95891050451244,51.6287803266513],[-3.00346940696528,51.669057337312],[-2.99490248695935,51.6792590515226],[-2.97945508163387,51.6736854729371],[-2.96859889495424,51.691439472605],[-3.00200489280865,51.6908292478469],[-2.98354684727702,51.7153711620032],[-3.03128679829136,51.7226794232155],[-3.02777985214112,51.745372567608],[-3.04933649949667,51.7604479932305],[-3.04344846347506,51.7704028716966],[-3.0588772627299,51.7836397851138],[-3.1082390595213,51.7962213485513],[-3.13418867270015,51.7928103417939],[-3.15686059964412,51.7960888744105],[-3.14582760500366,51.804696806552],[-3.15735167770916,51.8160510798251],[-3.12052038324219,51.8389207754017],[-3.10100161433293,51.8320487372478],[-3.09717296498312,51.8464275695256],[-3.0634021876905,51.8633233176147],[-3.07224579086096,51.8751961715495],[-3.04005396457711,51.8845898465474],[-3.04950657913779,51.9114457909592],[-3.07865087218254,51.9245307888259],[-3.09005398204765,51.9503546197387],[-3.08159314872394,51.9553940169853],[-3.09308619989053,51.9651906249024],[-3.06736793856371,51.9831427879402],[-3.02594450042839,51.9572822872311],[-3.00812331564277,51.9271305466736],[-2.97666533447377,51.9274901991849],[-2.97184633087118,51.9049816267882],[-2.87783522764085,51.9338143761337],[-2.84493489320752,51.9220259976496],[-2.86191985467354,51.9140181537124],[-2.84190837020532,51.9177264823441],[-2.83610068001895,51.9060450000692],[-2.76842830785132,51.8805409983434],[-2.77879887552431,51.8658590666979],[-2.73884858634764,51.8366165103794],[-2.71960515391467,51.8489192761031],[-2.71512837058452,51.840243927709],[-2.69730211579747,51.844809127665],[-2.69329553822647,51.8338410121663],[-2.66619753963782,51.8356235570426],[-2.65040070567432,51.8261246889383]]]},"properties":{"CSP21CD":"W14000021","CSP21NM":"Monmouthshire"}},{"type":"Feature","geometry":{"type":"Polygon","coordinates":[[[-2.82220360603921,51.5539231236227],[-2.86657918505682,51.5424181827269],[-2.90510959281678,51.5324103709016],[-2.92377691189056,51.5368958863317],[-2.95122461540758,51.535066962455],[-2.97944910778006,51.5432548422211],[-2.97023127093506,51.5555882610268],[-2.99002632282397,51.5483598671363],[-2.99523180399573,51.5364833298448],[-3.05144886829639,51.5142062099789],[-3.08265803330593,51.5018183219685],[-3.08342916674797,51.5015964882453],[-3.09039120430917,51.5098746238916],[-3.06891000794599,51.5202663731953],[-3.1188911554542,51.5456379840242],[-3.09020472933484,51.5692660987794],[-3.12175398071899,51.5796926039379],[-3.1241920442001,51.5885514227997],[-3.10515778716035,51.5972146938021],[-3.09373796745917,51.5913980078401],[-3.06457279337954,51.6039326296092],[-3.08182858214858,51.6194328417984],[-3.04504302497987,51.6066749442671],[-3.04717226881848,51.6225074479586],[-3.01966362110762,51.6165273464307],[-2.9893253479761,51.6287629246409],[-2.95891050451244,51.6287803266513],[-2.9476962087977,51.6286374548388],[-2.94133203741138,51.6171208707654],[-2.92086215623293,51.6268825048959],[-2.90852474789641,51.6236327316039],[-2.88360286048244,51.6415371930626],[-2.83450434402021,51.6483640844225],[-2.80319729719593,51.6158645790276],[-2.83028170651685,51.6149487892427],[-2.85919849571395,51.579422527162],[-2.85266537057656,51.5712562184591],[-2.83422635803895,51.5703815332296],[-2.82220360603921,51.5539231236227]]]},"properties":{"CSP21CD":"W14000022","CSP21NM":"Newport"}},{"type":"Feature","geometry":{"type":"Polygon","coordinates":[[[-3.33447027982823,51.7904023136093],[-3.32904601048213,51.7586528073205],[-3.30995029322805,51.7390496306],[-3.31551152629488,51.731808630623],[-3.30063731998051,51.7363143911557],[-3.27393042083335,51.6823368570676],[-3.2846798334777,51.6771298238643],[-3.28521657721722,51.6582384190299],[-3.29610987069155,51.6640939496636],[-3.31390702120116,51.6446795482579],[-3.30264527841429,51.634911928467],[-3.30555895559502,51.6210622998141],[-3.28768031392216,51.5878194913919],[-3.26984751893858,51.5838310141459],[-3.26285680369796,51.5662367469291],[-3.24245391455566,51.5654882021899],[-3.23769569140824,51.5526026858123],[-3.26157198600536,51.5377865753987],[-3.27766706057663,51.5518581528911],[-3.31036333925924,51.5489322683217],[-3.32435912927702,51.5357753318911],[-3.34159247423409,51.5351391359665],[-3.33573834667109,51.50842734656],[-3.37864068603151,51.5127130498163],[-3.40191328314089,51.4989630794801],[-3.41105789652737,51.5067665485347],[-3.46536073216511,51.5148087605348],[-3.49751220567078,51.5126420277271],[-3.46302487947318,51.5434120024325],[-3.48873208047808,51.5742428228004],[-3.47646718426235,51.5816362649663],[-3.47252606809024,51.6012698742775],[-3.510021383099,51.6181407421207],[-3.53763827967008,51.6441332175541],[-3.56331023234254,51.6454847534439],[-3.58958497701697,51.6792724318013],[-3.57864581676569,51.7178807732971],[-3.59129302676969,51.7546119616157],[-3.56564346678195,51.7648845417574],[-3.55986799668613,51.7775158828859],[-3.53706351746384,51.7761977190073],[-3.54121292551029,51.7845633312201],[-3.47696570713312,51.8090860087441],[-3.47007348567582,51.8285046282533],[-3.46013155656307,51.8301292509159],[-3.44174843627079,51.8164944212856],[-3.41713165317853,51.8351008648428],[-3.40241709007673,51.8263117045256],[-3.40231544202834,51.8141587755154],[-3.35753935294715,51.8069768398701],[-3.36005377637026,51.7910881788125],[-3.33447027982823,51.7904023136093]]]},"properties":{"CSP21CD":"W14000023","CSP21NM":"Cwm Taf"}}]}