source_row,A,B,C,D,E,F,G,H,I,J,K,L,M,N,O,P,Q,R,S,T,U,V,W,X,Y,Z,AA,AB,AC,AD,AE,AF
1,"Table C4:  Recorded crime rate per 1,000 population/households for headline offences, by Community Safety Partnership area, England and Wales, year ending March 2026 [note 1][note 6][note 7]",,,,,,,,,,,,,,,,,,,,,,,,,,,,,,,
2,"Police recorded crime statistics are published as official statistics, not accredited official statistics",,,,,,,,,,,,,,,,,,,,,,,,,,,,,,,
3,This worksheet contains one table. Some cells refer to notes which can be found on the notes worksheet.,,,,,,,,,,,,,,,,,,,,,,,,,,,,,,,
4,Link to Notes page,,,,,,,,,,,,,,,,,,,,,,,,,,,,,,,
5,"Some shorthand is used in this table.  [x] indicates data are unavailable. [u1] indicates rates per 1,000 population are not presented for City of London owing to its small resident population",,,,,,,,,,,,,,,,,,,,,,,,,,,,,,,
6,Link to Table of contents,,,,,,,,,,,,,,,,,,,,,,,,,,,,,,,
7,Source: Police recorded crime from the Home Office,,,,,,,,,,,,,,,,,,,,,,,,,,,,,,,
8,Police Force Area code,Police Force Area name,Community Safety Partnership code,Community Safety Partnership name,Local Authority code,Local Authority name,"Population figures
 (mid-2024) 
- rounded to 100","Household figures
 (mid-2021)
 - rounded to 100","Total recorded crime
 (excluding fraud)",Violence against the person,Homicide,Death or serious injury caused by illegal driving,Violence with injury,Violence without injury,Stalking and harassment,Sexual offences,Robbery,Theft offences,Burglary,"Residential burglary (per 1,000 population)","Residential burglary (per 1,000 household)",Non-residential burglary,Vehicle offences,Theft from the person,Bicycle theft,Shoplifting,All other theft offences,Criminal damage and arson,Drug offences,Possession of weapons offences,Public order offences,Miscellaneous crimes against society
9,E23000036,Avon and Somerset,,,,,1813700,733800,96.681029848400897,38.552874979668246,3.8595881819409872E-3,4.9623276624955548E-3,7.5570736602404525,15.979797812716242,15.007181590867113,4.2813860332531091,1.6088969021291144,28.114894426478983,4.0994340189616052,2.6234172242393168,6.483861208849012,1.4760167947222889,5.0516495604204747,0.39643484325936712,1.0189312800324204,9.8138300071953761,7.7346147166097374,7.8564674292110181,2.1299413066911477,0.63628068027998563,11.446987177896689,2.0533009127926052
10,E23000036,Avon and Somerset,E22000001,Bath and North East Somerset,E06000022,Bath and North East Somerset,200000,79300,79.043933849261109,31.495590617313578,0,9.9986001959725644E-3,6.4940908272841806,13.358129861819345,11.633371328014078,3.1295618613394125,1.1848341232227488,24.651548783170359,3.72447857299978,2.3946647469354292,6.0422579627877644,1.3298138260643511,3.4845121682964382,0.37994680744695741,0.68490411342412061,10.093586897834303,6.284120223168757,6.0841482192493057,1.3298138260643511,0.50492930989661444,9.1787149799028143,1.4847921291019257
11,E23000036,Avon and Somerset,E22000002,"Bristol, City of",E06000023,"Bristol, City of ",494400,191700,130.98529730035864,47.407053816856425,2.0226578128192006E-3,1.0113289064096004E-2,9.6015566374527452,20.60076982356356,17.192591408963207,5.1638453961274191,3.013760141100609,42.532448487962149,5.7099630055886035,3.5720136974387087,9.214425846307968,2.1379493081498948,9.7795505249808343,0.80097249387640346,2.0914281784550535,12.760948141076337,11.38958614398492,10.685701225123838,3.5012206739900362,0.8515389391968835,15.558283896205291,2.2714447237959625
12,E23000036,Avon and Somerset,E22000003,North Somerset,E06000024,North Somerset,224600,94600,81.793408080934014,35.185993285183763,4.4527959105522359E-3,4.4527959105522359E-3,6.9597200081931438,14.066382281434514,14.150985403735005,3.437558442946326,0.92618154939486497,20.954857555058823,3.2416354228820277,2.1952283839022519,5.2090487410585045,1.0464070389797755,3.7448013607744302,0.21818699961705956,0.70799454977780552,6.443195682569085,6.599043539438413,6.8884752736243087,1.6831568541887449,0.72135293750946217,9.9965268191897678,1.9993053638379539
13,E23000036,Avon and Somerset,E22000369,Somerset,E06000066,Somerset,588300,250100,84.080648889734974,36.938578480031552,8.4986606110876925E-3,1.6997321222175384E-3,7.2102636624467982,14.859058212425722,14.859058212425722,4.0589603078554823,1.0113406127194353,21.001890102119905,3.0816143375803975,1.9393943514502114,4.5616826652060753,1.1422199861301858,2.556397111815178,0.17507240858840645,0.4946220475653037,8.6584354305761408,6.0357487659944793,6.9281081301586873,1.3937803402183815,0.51331910090969668,10.201792197549665,2.0328796181721764
14,E23000036,Avon and Somerset,E22000006,South Gloucestershire,E06000025,South Gloucestershire,306300,118100,73.759842262643147,29.983808417011609,0,0,5.206769126307405,11.556089471553738,13.220949819150464,3.3688938798427848,0.97606518417925647,21.476698483997755,3.8422365276889128,2.5593147304232011,6.6372617908754581,1.2829217972657119,3.5223221863860124,0.15342830654322762,0.38520298238512463,8.206782184035621,5.3667262969588547,5.8661844012378728,1.8346108144105089,0.46354935168379408,8.2524842327931776,1.5375474974863874
15,E23000036,Avon and Somerset,,Unassigned Avon and Somerset,,,[X],[X],[x],[x],[x],[x],[x],[x],[x],[x],[x],[x],[x],[x],[x],[x],[x],[x],[x],[x],[x],[x],[x],[x],[x],[x]
16,E23000026,Bedfordshire,,,,,749900,274600,68.615881473658675,25.601945747876837,2.6668693487371707E-3,7.6005776439009368E-2,6.5631654672421771,11.935573770273209,7.0245338645737077,3.0535654043040608,1.061414000797394,21.845660270180534,2.6988717809220164,1.5641188730343505,4.2712634637652664,1.1347529078876659,5.8097748762239263,0.54537478181675136,0.72405502818214185,6.813851186023471,5.2537326170122265,5.6737645394383307,3.2642480828542966,0.84006384485220875,5.4470806447956708,1.8281389385593305
17,E23000026,Bedfordshire,E22000009,Bedford,E06000055,Bedford,195000,75000,76.676103725586742,29.080502215657312,0,4.6159527326440179E-2,7.4983587723617271,14.06326932545544,7.4727145905137036,3.2516822583292302,1.0462826193993107,24.043984900705727,2.9234367306745446,1.5745527654685705,4.0955176093916759,1.3488839652059741,5.6673641884129333,0.53339898243886419,1.3232397833579519,8.0984326276054492,5.498112588215986,6.2212785163302149,3.5747989496143115,0.92831938289840799,6.4059166256359754,2.1233382570162482
18,E23000026,Bedfordshire,E22000353,Central Bedfordshire,E06000056,Central Bedfordshire,315900,120700,47.296890878411531,17.74108276322746,0,0.12663156861689834,4.5334101564849609,7.3826204503651738,5.6984205877604257,2.1337419311947374,0.66164994602329397,14.803230371315417,2.2603734998116356,1.2093314802913793,3.1639279088258681,1.0510420195202563,4.5049180535461586,0.19944472057161489,0.36723154898900523,3.8021128477223729,3.6691497006746299,4.4447680584531319,2.0356024655166411,0.37672891663527258,3.6691497006746299,1.4309367253709513
19,E23000026,Bedfordshire,E22000010,Luton,E06000032,Luton,239100,78900,82.203354385377892,30.365134468191894,8.3650508176837165E-3,2.5095152453051151E-2,7.9802584800702672,15.019448743151115,7.3319670416997784,3.2581872934878078,1.5182567234095947,27.023296666527248,2.8357522271947802,1.8863189593876784,5.7139237298872416,0.94943326780710202,7.0601028901250578,0.97452842026015307,0.61901376050859513,9.143000543728304,6.3908988247103595,6.2905182148981558,4.2870885440629056,1.3425906562382366,6.286335689489313,1.8319461290727341
20,E23000026,Bedfordshire,,Unassigned Bedfordshire,,,[X],[X],[x],[x],[x],[x],[x],[x],[x],[x],[x],[x],[x],[x],[x],[x],[x],[x],[x],[x],[x],[x],[x],[x],[x],[x]
21,E23000023,Cambridgeshire,,,,,934000,362200,74.276316634759937,28.357381163461003,1.7131134552213559E-2,0.10599889504182138,6.5194673930267717,14.114984175114458,7.5997995657257391,3.3052382726677028,0.65954868026022184,23.110971206845601,3.4069543840714709,2.2002800940499285,5.674381616660316,1.2066742900215424,4.0547254093270464,0.70665930027880919,1.6863460574835221,7.66725340802508,5.589032647659673,6.9423922772845437,3.3095210563057567,1.2141691613881358,4.9337667510375036,2.4433280655094585
22,E23000023,Cambridgeshire,E22000013,Cambridge,E07000008,Cambridge,149400,52500,91.722909636295469,27.418447694038246,3.347795811237881E-2,3.347795811237881E-2,6.6554180727409076,14.23482778938347,6.4612459156891102,3.006320638491617,1.2185976752905887,38.225132572714131,3.5352723766672027,2.3769350259788955,6.7658998646820026,1.158337350688307,4.2316139054046813,2.3367614762440407,5.2828217901333767,15.386469548449302,7.4521934758155233,7.0437623868445014,4.7070009106004607,1.4261610155873372,6.8830681879050832,1.7944185548235043
23,E23000023,Cambridgeshire,E22000014,East Cambridgeshire,E07000009,East Cambridgeshire,92900,37200,46.143413773060942,17.921339848879512,0,0.11839924224484963,4.2516091533377827,8.1695477148946249,5.3817837384022562,2.3249305749897746,0.1937442145824812,15.660990678750565,3.347469485286203,2.0450778205928573,5.1067032199107674,1.302391664693346,2.9169267862140229,0.2475620519665038,0.43054269907218046,4.488407637827482,4.2300820183841727,4.423826232966654,1.0225389102964286,0.5381783738402256,2.4540933847114288,1.6037715540438724
24,E23000023,Cambridgeshire,E22000015,Fenland,E07000010,Fenland,104900,44100,74.797895057962165,32.937385600976206,5.7199511897498473E-2,0.1525320317266626,7.9983984136668704,15.92053081147041,8.8087248322147644,3.8037675411836487,0.4480628431970714,18.952104942037828,3.2317724222086639,1.7541183648566199,4.1745127844454029,1.477654057352044,2.707443563148261,0.35273032336790727,0.50526235509456985,4.7380262355094569,7.4168700427089691,7.8077333740085422,2.4214460036607686,1.2774557657107992,3.8991000610128128,3.2508389261744965
25,E23000023,Cambridgeshire,E22000016,Huntingdonshire,E07000011,Huntingdonshire,190600,76900,55.91782561024872,21.923312996081187,5.246066761445606E-3,0.12590560227469455,5.2408206946841602,10.004249314076771,6.5470913182841164,2.8118917841348448,0.24656513778794351,15.386713811319963,2.5495884460625646,1.652511029855366,4.0982540136868675,0.89707741620719861,3.4938804631227738,0.19410447017348742,0.89707741620719861,4.4539106804673194,3.7981523352866189,5.8441183722504055,3.0479647883998973,0.9705223508674371,3.6040478651131314,2.0826885042939058
26,E23000023,Cambridgeshire,E22000017,Peterborough,E06000031,Peterborough,223700,84500,106.27976123940891,43.786188549328202,1.7884688471082696E-2,0.10283695870872549,9.5817218483825535,23.357403143233999,10.726341910531847,4.3951621917685717,1.1356777179137512,29.33983143681116,3.9748720126981292,2.6603474100735505,7.0380884788265909,1.314524602624578,5.6962732780398388,0.77351277637432658,1.6811607162817732,10.802351836533948,6.4116608168831455,9.6532606022668848,4.8735776083700344,1.8823634615814535,7.6546466656233934,3.5590530057454561
27,E23000023,Cambridgeshire,E22000018,South Cambridgeshire,E07000012,South Cambridgeshire,172500,67000,46.898182492581604,16.900037091988132,0,0.11011683976261127,3.7265856824925816,7.8588649851632049,5.2044695845697326,1.8314169139465875,0.34194176557863498,15.897394287833828,3.4831695103857565,2.3414317507418398,6.0298507462686572,1.1417377596439169,3.6048775964391693,0.15068620178041542,0.74183976261127604,3.9178412462908012,3.9989799703264093,5.0306008902077153,1.8545994065281899,0.7012704005934719,2.8340597181008902,1.5068620178041543
28,E23000023,Cambridgeshire,,Unassigned Cambridgeshire,,,[X],[X],[x],[x],[x],[x],[x],[x],[x],[x],[x],[x],[x],[x],[x],[x],[x],[x],[x],[x],[x],[x],[x],[x],[x],[x]
29,E23000006,Cheshire,,,,,1139900,476500,67.604247449740498,30.248691972165588,3.5091289990911356E-3,2.7195749742956299E-2,7.7472795477434548,10.897600106677521,11.573107439002564,3.6258075383109158,0.42899102013889129,13.873341497906805,2.0817907787108165,1.514189163107825,3.6222151335560668,0.56760161560299116,1.9194935625028511,0.23686620743865164,0.57198802685185512,4.8154022690028109,4.2478006533998203,4.8215432447512203,3.6959901182927384,0.75446273480459414,8.2745261798568972,1.8808931435128489
30,E23000006,Cheshire,E22000354,Cheshire East,E06000049,Cheshire East,421300,174900,60.985335795565135,26.736419351622843,4.7472335496489418E-3,4.0351485172016005E-2,6.9238401321629812,9.3947751947552565,10.372705305982938,3.2352396640857539,0.32281188137612804,13.078628429282835,2.1338814805671995,1.6164330236554647,3.8942992262868055,0.51744845691173469,1.7137513114232681,0.14953785681394166,0.41538293559428247,4.5905748425105264,4.0755000023736168,4.3745757160015,3.3681622034759244,0.75481013439418188,7.3368494509824398,1.7778389643435288
31,E23000006,Cheshire,E22000355,Cheshire West and Chester,E06000050,Cheshire West and Chester,371700,155100,66.788285815763132,30.367117626166412,2.6906891393023583E-3,2.1525513114418866E-2,7.762638166887303,11.384305748388277,11.195957508637113,3.6135955140830669,0.39284061433814432,13.671391516795282,1.7435665622679279,1.240407693218387,2.9713372306621375,0.50315886904954099,1.4018490415765286,0.22332719856209571,0.47356128851721502,5.779600271221466,4.0494871546500493,4.6898711698040101,3.0108811468793384,0.62154919117884477,8.7178328113396404,1.7032062251783928
32,E23000006,Cheshire,E22000023,Halton,E06000006,Halton,131500,55900,84.694738602586227,38.420896588948104,0,7.6020768874056396E-3,9.1072881111119557,13.227613784085813,16.078392616862924,4.3559900564834315,0.75260561185315822,15.014101852626139,2.5771040648305119,1.9081212987388154,4.4867898895284402,0.66898276609169627,2.6759310643667851,0.45612461324433834,0.66898276609169627,3.7858342899280082,4.8501250541647982,6.5529902769436612,5.7623742806534741,1.0566886873493839,10.148772644686529,2.6303186030423511
33,E23000006,Cheshire,,Unassigned Cheshire,,,[X],[X],[x],[x],[x],[x],[x],[x],[x],[x],[x],[x],[x],[x],[x],[x],[x],[x],[x],[x],[x],[x],[x],[x],[x],[x]
34,E23000006,Cheshire,E22000026,Warrington,E06000007,Warrington,215400,90500,70.365057035809301,31.565850012303205,4.6427195193856751E-3,2.3213597596928377E-2,8.4543922448013138,11.41180457864999,11.671796871735587,3.6631057007952981,0.49212826905488155,14.852059742514776,2.2470762473826671,1.5367401609166584,3.6557619668220274,0.71033608646600832,2.7345617969181628,0.27856317116314055,0.97961381859037744,4.1320203722532511,4.4802243362071765,4.8052147025641743,4.1970184455246509,0.78461959877617915,8.1294018784443161,1.8756586858318129
35,E23000034,City of London[note 8],E22000180,City of London,E09000001,City of London,15100,4900,[u1],[u1],[u1],[u1],[u1],[u1],[u1],[u1],[u1],[u1],[u1],[u1],[u1],[u1],[u1],[u1],[u1],[u1],[u1],[u1],[u1],[u1],[u1],[u1]
36,E23000013,Cleveland,,,,,600400,246600,123.40910340140813,44.306085091002366,2.1653349856504914E-2,3.1647203636430261E-2,12.642225031605562,17.602507791041845,14.008051714862026,5.0385679473790281,2.3718746304356157,35.746349328496308,6.0912538788644985,4.2490534987649262,10.34510726306825,1.8422003800995721,5.5216042134087537,0.44972342009664057,0.79784266009737348,15.93686549438762,6.9490596616414235,15.022427873524448,5.0019238168526359,1.2825445684237529,10.128770805954339,4.5105593393396397
37,E23000013,Cleveland,E22000027,Hartlepool,E06000001,Hartlepool,98200,40900,134.18211448360154,47.137909961295577,2.0370747606437156E-2,5.0926869016092891E-2,12.68079038500713,18.70034630270931,15.685475656956612,5.601955591770218,2.4546750865756777,42.085964554899164,5.8769606844571198,4.4611937258097374,10.700151463331217,1.4157669586473824,4.4815644734161744,0.5703809329802404,0.88612752088001634,23.742106335302505,6.5288246078631085,14.789162762273376,5.0112039111835402,1.3546547158280708,10.572418007740884,5.1741698920350379
38,E23000013,Cleveland,E22000029,Middlesbrough,E06000002,Middlesbrough,156200,60300,149.96702121528421,53.380805706930673,1.2807295035252079E-2,5.1229180141008315E-2,14.856462240892412,22.777774220195823,15.682532770666173,5.4815222750878903,3.662886380082095,39.702614609281447,6.4484730502494223,4.8283502282900344,12.513069021026602,1.6201228219593879,7.7227989062570037,0.69159393190361229,1.1974820857960693,15.810605721018691,7.8316609140566467,19.652794231594317,7.1784888672587899,1.7417921247942827,13.639769212543465,5.5263478077112724
39,E23000013,Cleveland,E22000028,Redcar and Cleveland,E06000003,Redcar and Cleveland,139200,61600,108.93642083488953,38.174792426810697,2.1547389892837648E-2,2.8729853190450197E-2,10.938891602263913,13.603585485678167,13.582038095785331,4.4531272445197807,1.6016893153675984,31.789582555233142,7.081908811445973,4.2663831987818543,9.6361306231040018,2.815525612664119,4.1873761025081162,0.19392650903553882,0.53150228402332866,13.266009710690378,6.5288591375298077,15.636222598902519,3.6343264285919501,0.96963254517769415,8.5686787140517708,4.1083690062343781
40,E23000013,Cleveland,E22000030,Stockton-on-Tees,E06000004,Stockton-on-Tees,206800,83800,107.91586073500967,40.212765957446805,2.9013539651837523E-2,9.6711798839458404E-3,12.088974854932301,15.865570599613154,12.21953578336557,4.8114119922630563,1.8665377176015474,32.408123791102511,5.2562862669245645,3.6992263056092844,9.1336740054443855,1.5570599613152805,5.2466150870406194,0.38201160541586077,0.63346228239845259,14.124758220502901,6.7649903288201161,11.218568665377175,4.274661508704062,1.1121856866537718,8.3123791102514506,3.6992263056092844
41,E23000013,Cleveland,,Unassigned Cleveland,,,[X],[X],[x],[x],[x],[x],[x],[x],[x],[x],[x],[x],[x],[x],[x],[x],[x],[x],[x],[x],[x],[x],[x],[x],[x],[x]
42,E23000002,Cumbria,,,,,510700,229000,70.999451711443555,31.75765645805593,1.9581734158377068E-3,0.15469569985117881,8.5533014803791012,12.91807002428135,10.129631080128457,3.5403775358345735,0.27610245163311664,13.450693193389206,1.9797133234119215,1.180778569750137,2.6335672826215131,0.79893475366178435,1.4431738074723899,0.30351687945484457,0.46408709955353644,4.8288556434557846,4.4313464400407296,7.5272186104801442,3.5110049345970076,1.0789535521265763,7.6956215242421866,2.1618234510848282
43,E23000002,Cumbria,E22000031,Allerdale,E07000026,Allerdale,97800,44000,68.940827494502116,31.279087608039685,1.0228609420549277E-2,0.2148007978315348,8.4386027719531516,12.090216335089245,10.525239093745204,3.1504117015291775,0.24548662609318261,13.84953715542372,2.2605226819413899,1.2785761775686595,2.8420071391219333,0.98194650437273046,1.8002352580166725,0.24548662609318261,0.20457218841098551,5.0222472254896946,4.3164731754717947,7.7635145501969012,2.8333248094921495,0.8592031913261392,6.8327110929269166,2.1275507594742491
44,E23000002,Cumbria,E22000032,Barrow-In-Furness,E07000027,Barrow-In-Furness,68100,31300,92.281928489584857,42.806357787114024,0,0.11751917031465758,12.089784646120398,17.774774510091959,12.824279460587009,4.2747598201956691,0.58759585157328786,15.70349913329612,2.6148015395011313,1.6746481769838704,3.6462498000959536,0.94015336251726067,1.0870523254105826,0.22034844433998296,0.66104533301994883,7.007080530011458,4.1131709610130152,10.576725328319181,3.804683138937039,1.7187178658518669,10.018509269324559,2.7910802949731175
45,E23000002,Cumbria,E22000033,Carlisle,E07000028,Carlisle,114900,50700,84.436783410378951,36.233208841529773,0,9.5762925818555375E-2,9.6546440666161732,14.999956471397356,11.482845377697686,3.7608712685105381,0.39175742380318107,16.532163284494239,1.6279697389154413,1.0446864634751496,2.3687327279905253,0.5832832754402919,1.6802040620891989,0.40916886486110021,0.83574917078011968,7.1735137158626934,4.8055577319856875,8.6970148084306214,4.8664977756884049,1.3493866819887348,10.020284328832476,2.5855989971009952
46,E23000002,Cumbria,E22000034,Copeland,E07000029,Copeland,67900,30800,64.807037708324117,30.915226264680314,0,0.11788456154310892,8.060356895510072,12.097903128361553,10.63908167926558,3.0355274597350546,0.13262013173599754,9.7991541782709284,1.7093261423750792,1.1641100452382005,2.5652682166515128,0.54521609713687869,1.2525234663955322,8.8413421157331681E-2,0.17682684231466336,1.9008885548826313,4.6711757511456904,7.5298763685660814,2.5787247837555074,0.94307649234487134,7.515140798373193,2.3576912308621782
47,E23000002,Cumbria,E22000035,Eden,E07000030,Eden,56200,24600,59.138541462807119,24.320814133470922,0,0.26687067447115131,6.4048961873076307,9.927589090326828,7.7214581813653105,3.7183980642980412,0.12453964808653727,12.489547565249881,1.868094721298059,0.8539861583076841,1.9509022923101935,1.014108562990375,1.2276051025672958,0.74723788851922357,0.23128791787499778,3.6650239294038109,4.750298005586493,5.0171686800576438,4.4834273311153421,1.1564395893749888,5.9245289732595579,1.9036774778942123
48,E23000002,Cumbria,E22000036,South Lakeland,E07000031,South Lakeland,105900,47700,52.840308203656143,23.662940021151229,0,0.14163770962381025,6.4492370448708263,10.188472578939416,6.8835926877171776,2.9838344160749357,0.15108022359873091,10.924988668983231,1.8979453089590572,1.1047741350657199,2.4549403050840346,0.79317117389333736,1.2652968726393716,0.18885027949841365,0.47212569874603411,3.191569723523191,3.9092007856171622,5.3444629098051069,2.5305937452787433,0.62320592234476502,5.3822329657047892,1.2369693307146095
49,E23000002,Cumbria,,Unassigned Cumbria,,,[X],[X],[x],[x],[x],[x],[x],[x],[x],[x],[x],[x],[x],[x],[x],[x],[x],[x],[x],[x],[x],[x],[x],[x],[x],[x]
50,E23000018,Derbyshire,,,,,1096500,459900,78.25167848277195,33.637141298975124,7.2957686365849967E-3,1.3679566193596868E-2,8.781369525209616,11.964148592919821,12.870647846015506,3.5439196152211623,0.73869657445423087,19.000005471826476,2.8225504912788209,1.9151392671035616,4.5660412639671941,0.90741122417525899,3.2985993948159917,0.56268615609661787,0.37573208478412734,6.806952137933802,5.1334852069171184,6.7102832034990509,3.3286944404419048,1.0113759272465952,8.4858908954279233,1.7956710556794824
51,E23000018,Derbyshire,E22000037,Amber Valley,E07000032,Amber Valley,130500,56300,68.347502127235515,30.363891422833095,0,0,7.1981050356072389,10.86231611869591,12.303470268529948,3.1736054150600608,0.51360280871744945,14.917478593494875,2.192394079002844,1.5101455719005603,3.5007907877667801,0.68224850710228369,2.4683597672689364,0.38328567814735037,0.13798284413304612,5.4043280618776404,4.3311281630650589,6.7611593625192601,2.4913569079577771,0.98121133605721689,7.451073583184491,1.6941226974112886
52,E23000018,Derbyshire,E22000038,Bolsover,E07000033,Bolsover,83800,35300,67.933582419156537,29.018896303104817,2.3874040561994915E-2,1.1937020280997458E-2,7.5561338378713909,9.3228128394590151,12.104138564931421,2.9245699688443771,0.50135485180189321,16.628269251429458,3.127499313621334,1.718930920463634,4.082326926348018,1.4085683931577,3.9392166927291612,0.34617358814892629,0.21486636505795426,3.5930431045802349,5.4074701872918478,7.4009525742184232,2.0651045086125599,0.7759063182648348,7.0309049455075021,1.5876236973726618
53,E23000018,Derbyshire,E22000039,Chesterfield,E07000034,Chesterfield,106000,48100,100.73082182092507,45.065773963883252,0,1.8859917959356876E-2,12.324956386439718,16.342118911782734,16.379838747701445,3.9040030175868736,1.075015323683342,24.338724126550051,3.5928143712574849,2.1028808524682918,4.6397436697667649,1.4899335187891931,4.2906313357536892,0.82983639021170263,0.33004856428874535,9.4771087745768305,5.8182846904615966,8.6661323023244847,3.4042151916639165,1.1881748314394831,11.099061719081522,1.9897213447121507
54,E23000018,Derbyshire,E22000040,Derby,E06000015,Derby,274100,105700,111.50870512020836,46.241277553447219,1.4590605838430927E-2,2.5533560217254121E-2,12.179508223630215,18.420639871019045,15.601005292742267,4.8878529558743606,1.5648424761717168,27.900886014539541,3.2865339651065661,2.3782687516642409,6.1698604211024373,0.90826521344232514,4.4318965234233936,1.1234766495591815,0.89732225906350194,10.793400668979277,7.3682559484076178,8.3385312366632736,6.4417524776672543,1.6159095966062251,12.245165949903155,2.2724868593356167
55,E23000018,Derbyshire,E22000041,Derbyshire Dales,E07000035,Derbyshire Dales,71800,32300,45.013030087656951,18.339674178128963,0,2.7871845255515143E-2,5.7973438131471493,5.6997923547528462,6.8146661649734517,2.1182602394191505,8.3615535766545415E-2,11.162674024833814,2.1879398525579385,1.3517844948924844,3.0042120911793857,0.83615535766545424,1.4493359532867873,0.30659029781066655,9.7551458394303001E-2,2.7871845255515142,4.3340719372326042,4.2225845562105446,1.616567024819878,0.52956505985478763,5.2677787532923617,1.6723107153309085
56,E23000018,Derbyshire,E22000042,Erewash,E07000036,Erewash,114300,50400,74.352533412689382,30.931354100111157,1.7505010809344176E-2,1.7505010809344176E-2,8.4024051884852025,10.494253980201833,11.999684909805433,3.3171995483707213,0.61267537832704611,20.437100119909324,2.792049224090396,1.9518087052418756,4.4283813571102328,0.84024051884852036,2.8445642565184284,0.28883267835417886,0.33259520537753934,10.021618688349539,4.157440067219242,6.3105563967685745,2.3106614268334309,0.94527058370458539,7.8159873263721744,1.6717285322923687
57,E23000018,Derbyshire,E22000043,High Peak,E07000037,High Peak,92000,40800,59.135049315455802,24.945899803173152,0,1.0874411422481757E-2,6.4920236192216096,7.6664600528496392,10.776541719679422,3.2623234267445276,0.31535793125197098,14.017116323578986,2.740351678465403,1.9356452332017531,4.3660624494100908,0.80470644526365009,2.4576169814808773,0.22836263987211694,0.2066138170271534,4.9913548429191268,3.3928163638143083,5.7525636424928503,1.79427788470949,0.69596233103883243,6.9161256646983986,1.4354223077675921
58,E23000018,Derbyshire,E22000044,North East Derbyshire,E07000038,North East Derbyshire,106600,46000,54.882508486019162,25.692477917596534,0,0,6.0668004425857509,7.5483374903887634,12.07733998462202,2.484856440935431,0.22504360219792585,12.546180822534366,2.4567259906606904,1.7347111002756785,4.023663491234938,0.7220148903850121,2.1285374041220484,0.21566678543967893,0.17815951840669131,3.7319730697822702,3.8351180541229861,5.12911876676106,1.4534065975282713,0.4500872043958517,5.6167132381898988,1.2846238958798266
59,E23000018,Derbyshire,E22000045,South Derbyshire,E07000039,South Derbyshire,117500,45200,52.726545411215987,23.771628948107548,0,0,6.0684466308631153,7.864298298622046,9.8388840186223856,2.6724996382763231,0.17873405224141012,12.264560441898666,2.2214089350003827,1.6426510515520074,4.2661361626878866,0.57875788344837564,3.4044581379316212,0.34044581379316213,0.10213374413794864,2.374609551207306,3.8215042598282452,4.4172844339662793,2.1873643536210667,0.62982475551734995,5.2428655324146964,1.3617832551726485
60,E23000018,Derbyshire,,Unassigned Derbyshire,,,[X],[X],[x],[x],[x],[x],[x],[x],[x],[x],[x],[x],[x],[x],[x],[x],[x],[x],[x],[x],[x],[x],[x],[x],[x],[x]
61,E23000035,Devon and Cornwall,,,,,1840200,781600,66.489290882699933,30.804369835030741,5.4343071068238043E-3,3.7496719037084257E-2,8.1791756264805091,12.159262151518265,10.423001030888059,3.629030285936937,0.44778690560228152,15.353004438198614,1.9731969104877238,1.2368482975130979,2.9118375921303623,0.7363486129746255,1.7840830231702551,0.41246390940792682,0.38094492818834874,5.5016925149484202,5.3006231519959393,7.0667729617136761,1.8264706186034809,0.90807271755025787,4.828925295123633,1.6248578249403178
62,E23000035,Devon and Cornwall,E22000356,Cornwall,E06000052,Cornwall,583300,250500,62.730481802331262,29.736545691758288,6.8576640396098669E-3,3.7717152217854273E-2,8.0714705746208129,11.296287089247354,10.324213211632657,3.5128384042901546,0.34288320198049338,13.372444877239243,1.710987177882662,1.109227158406896,2.5824013538648209,0.60176001947576585,1.5584041530013424,0.32745345789137115,0.16286952094073434,4.3597599131819731,5.2529706543411585,7.5091421233728051,1.3578174798427538,0.76805837243630515,4.5620610023504646,1.5686906490607571
63,E23000035,Devon and Cornwall,E22000362,East and Mid Devon,Combined Local Authorities,,243200,102400,45.627220102618075,22.020128930403892,1.2333903433758715E-2,4.1113011445862387E-2,5.3981384028417319,8.3582752269438227,8.2102683857387184,2.5325615050651229,0.24256676753058806,9.2833179844757279,1.5417379292198397,0.93326535982107617,2.2162125220889024,0.60847256939876337,1.258058150243389,0.21378765951848439,0.23023286409682936,2.3516642547033286,3.6878371266938563,5.365247993685041,1.0853835021707672,0.64136297855545332,3.1328114721747138,1.3238389685567689
64,E23000035,Devon and Cornwall,E22000049,Exeter,E07000041,Exeter,138400,52600,96.070058309669875,40.086994848228677,7.2254857332784191E-3,3.6127428666392097E-2,11.286208715380891,17.803596846798026,10.953836371650084,4.898879327162768,0.94653863105947289,27.673610358456347,3.0636059509100502,1.604057832787809,4.2236639333346018,1.4595481181222407,2.3266064061156513,0.81647988786046144,1.979783090918287,13.020325291367712,6.4668097312841857,8.6127789940678756,2.7962629787787483,1.3367148606565076,7.6662403630084031,2.0520379482510709
65,E23000035,Devon and Cornwall,E22000050,Isles of Scilly,E06000053,Isles of Scilly,2400,900,31.276415891800511,14.370245139475909,0,0.42265426880811496,5.0718512256973796,5.4945054945054945,3.3812341504649197,2.5359256128486898,0,8.4530853761622993,1.2679628064243449,0.84530853761622993,2.1276595744680851,0.42265426880811496,0.42265426880811496,0,0,2.5359256128486898,4.2265426880811496,2.9585798816568047,1.2679628064243449,0.42265426880811496,0.84530853761622993,0.42265426880811496
66,E23000035,Devon and Cornwall,E22000363,North Devon,Combined Local Authorities,,171100,73700,55.289571678270583,24.616661697737094,0,1.7537398502306168E-2,5.9217948942787162,9.4935783892484054,9.1837510157076636,3.261956121428947,0.39751436605227314,13.299193864248844,1.8121978452383041,1.0405523111368327,2.4167051348195616,0.77164553410147141,1.0990103061445198,0.31567317304151099,0.33905637104458591,5.4950515307225993,4.2382046380573239,5.7639583077579601,1.4439124766898745,0.64888374458532827,4.4661908185873038,1.391300281182956
67,E23000035,Devon and Cornwall,E22000056,Plymouth,E06000026,Plymouth,272100,114600,93.135146857207971,43.05189530520056,3.6755652100401736E-3,4.0431217310441914E-2,11.758133106918516,17.374396747859901,13.875258667901658,5.0686044246453994,0.78657095494859719,21.718914826127389,2.3523617344257115,1.6834088661983997,3.9980795251189387,0.6689528682273117,2.9992612113927817,0.6616017378072313,0.45944565125502174,8.0752167664582633,7.1710277247883791,8.9463257212377822,3.1903906023148711,1.5878441707373552,6.6968798126931972,2.0877210393028185
68,E23000035,Devon and Cornwall,E22000364,South Devon and Dartmoor,Combined Local Authorities,,289600,124000,46.288399587043664,21.752716499953387,3.4528121428497437E-3,3.4528121428497434E-2,5.4934241192739428,8.0277882321256548,8.1935232149824433,2.6344956649943545,0.20026310428528515,10.510360162834621,1.6815195135678251,1.0151267699978248,2.3716180242969847,0.66639274357000067,1.2602764321401567,0.20371591642813489,0.15537654642823848,3.0453803099934742,4.1640914442767913,4.8926348064180871,1.0462020792834723,0.5731668157130575,3.4044727728498474,1.2740876807115555
69,E23000035,Devon and Cornwall,E22000060,Torbay,E06000027,Torbay,140100,63000,93.387379929492027,44.081754991935824,0,4.9955040463582776E-2,11.796525983757475,18.547592880693088,13.68768108702168,4.4745443386666288,0.67082482908239727,22.237129440646275,2.8117551346645162,1.7698357192812184,3.9370078740157481,1.041919415383298,2.6832993163295891,0.78500777871344363,0.34254884889313902,8.4352654039935491,7.1792529580520394,9.1560452735395295,3.546807872914377,1.2274667085337481,5.9018312090547083,2.0909752651185363
70,E23000035,Devon and Cornwall,,Unassigned Devon and Cornwall ,,,[X],[X],[x],[x],[x],[x],[x],[x],[x],[x],[x],[x],[x],[x],[x],[x],[x],[x],[x],[x],[x],[x],[x],[x],[x],[x]
71,E23000039,Dorset ,,,,,798900,343100,58.924990674841098,23.096353299604214,3.7550975449172253E-3,2.5033983632781502E-3,6.7366449955815018,9.4728594066445204,6.8805904014699957,2.812568061143002,0.53072045301496784,19.641663558280367,2.9627719629396907,1.8788004716402518,4.3742186293337841,1.0839714912994391,4.0329747632410999,0.37425805531008344,0.84614864678801471,6.3123189730058558,5.1131911569956214,5.826659690529894,1.7774128379274867,0.50443477020054717,3.9378456254365304,0.79733237870409079
72,E23000039,Dorset,E22000063,Bournemouth,E06000058,"Bournemouth, Christchurch and Poole",202700,84800,89.196110066756475,31.942450302698383,1.480187687798813E-2,0,9.8333802059434472,13.790415291325607,8.3038529285513398,3.7794125628463022,1.1052068068897802,33.536119046561772,4.1099878131213705,2.7580830582651212,6.5901936974641311,1.3519047548562491,8.1558341597714588,0.85357489996398206,1.717017717846623,11.057002027857132,7.6427024280012041,7.8795324580490131,3.3649600102626347,0.74996176181806518,5.8072696951306755,1.0311974224998395
73,E23000039,Dorset,E22000367,Dorset,E06000059,Dorset,439900,192100,44.508901780356069,18.88104893706014,0,4.5463638182181888E-3,5.2669624834057718,7.4378512066049574,6.1716888832311918,2.2618159995635492,0.27278182909309134,12.957136881921839,2.4368510065649494,1.4571096037389295,3.3364737480415783,0.97974140282601985,2.1026932659259123,0.18640091654694577,0.33415774063903686,3.9326047027587334,3.964429249486261,4.8373311025841534,1.0956736801905838,0.40235319791230972,3.1119860335703504,0.68877411846005565
74,E23000039,Dorset,E22000067,Poole,E06000058,"Bournemouth, Christchurch and Poole",156300,66200,57.495602110986724,22.216536062689908,0,0,6.5248680633296017,9.1731968655045577,6.5184711338557486,2.7378858148088918,0.49256356948664642,20.054373900527747,2.846633615864385,1.8806972653126499,4.4407522090476554,0.9659363505517351,4.0620502158963694,0.27506796737565969,1.1450503758196067,6.8063329601791143,4.9192387653926115,5.7892211738365589,1.496881496881497,0.43499120422197346,3.5758835758835756,0.69726531264992808
75,E23000039,Dorset,,Unassigned Dorset,,,[X],[X],[x],[x],[x],[x],[x],[x],[x],[x],[x],[x],[x],[x],[x],[x],[x],[x],[x],[x],[x],[x],[x],[x],[x],[x]
76,E23000008,Durham,,,,,650500,283700,91.557263643351277,35.355880092236738,1.0760953112990008E-2,2.7671022290545733E-2,8.6518063028439673,15.00999231360492,11.655649500384319,3.8985395849346656,0.59492697924673321,24.747117601844735,4.1660261337432738,3.0976172175249808,7.1033493261512533,1.0684089162182935,3.62336664104535,0.25057647963105306,0.36587240584166025,10.951575710991545,5.3897002305918527,13.518831667947731,2.1721752498078399,0.86856264411990769,7.1790930053804765,3.2221368178324368
77,E23000008,Durham,E22000365,County Durham,E06000047,County Durham,538000,234700,91.003715537414664,35.079208417671758,1.3010886394516098E-2,3.1597866958110524E-2,8.7619026376784124,14.787801736395723,11.484895290244994,3.7434178855079172,0.56318551107691106,24.397270687774043,4.1690597404142293,3.091014867725753,7.0844942020465371,1.0780448726884766,3.4590370828849224,0.2323372570449303,0.25650033177760306,11.005351191704259,5.2749850839480983,13.715332957876326,2.2341550637440499,0.87730548260165686,7.0519004258277249,3.3419391053342777
78,E23000008,Durham,E22000072,Darlington,E06000005,Darlington,112500,48900,91.031123043141989,35.025646952146431,0,0,7.8763256851781067,15.690423063588439,11.458898203379887,4.0537296980149176,0.73784992310359232,26.038101503258098,4.1426272791117356,3.1291948546080062,7.1938035192413814,1.0134324245037294,4.3382019575247357,0.32892105005822792,0.88897581096818357,10.543253118082657,5.7961222875125573,12.34787401434807,1.8046208962654127,0.80896798798104708,7.7251997973135147,2.4891322707109138
79,E23000008,Durham,,Unassigned Durham,,,[X],[X],[x],[x],[x],[x],[x],[x],[x],[x],[x],[x],[x],[x],[x],[x],[x],[x],[x],[x],[x],[x],[x],[x],[x],[x]
80,W15000004,Dyfed-Powys,,,,,524200,228300,68.435138749263189,31.944664348297181,9.5379984319530573E-3,8.0119186828405686E-2,7.2221724126748548,12.969770267769768,11.663064482592199,3.9048565580415815,0.18694476926627995,12.025508423006416,2.5657215781953728,1.8198501008166434,4.1779985022269521,0.74587147737872916,1.2895373880000534,0.19839036738462359,0.26706395609468564,3.3669134464794293,4.3378816868522501,7.7753763217281326,3.1570774809764619,0.8240830645207442,6.6441697076984996,1.9724580757278924
81,W15000004,Dyfed-Powys,W14000010,Carmarthenshire,W06000010,Carmarthenshire,190800,81800,65.980083857442352,29.931865828092242,0,2.0964360587002094E-2,6.4727463312368974,12.237945492662474,11.20020964360587,3.6111111111111112,0.23060796645702306,12.568134171907756,2.5157232704402515,1.8553459119496856,4.3286867204695518,0.66037735849056611,1.5251572327044025,0.18867924528301885,0.28825995807127885,3.9465408805031443,4.1037735849056602,7.8563941299790354,2.9664570230607969,0.71278825995807127,6.0953878406708588,2.0073375262054509
82,W15000004,Dyfed-Powys,W14000008,Ceredigion,W06000008,Ceredigion,72600,30900,55.138500530310338,24.793729941183763,1.3774294411768757E-2,0.13774294411768756,6.3499497238253966,10.440915164120717,7.8513478147081912,3.6364137247069519,6.887147205884378E-2,10.110332098238269,1.7768839791181696,1.1845893194121131,2.7843429274452034,0.59229465970605655,0.81268337029435667,0.20661441617653134,0.16529153294122509,3.057893359412664,4.0909654402953208,5.6199121200016533,3.5537679582363393,0.70248901500020666,5.1515861100015155,1.5013980908827944
83,W15000004,Dyfed-Powys,W14000009,Pembrokeshire,W06000009,Pembrokeshire,125800,55500,72.311765968782055,34.851822107012509,2.3854772147168041E-2,7.1564316441504128E-2,7.728946175682446,14.026606022534807,13.000850820206583,3.8724246785569454,0.17493499574589896,12.086417887898474,2.7432987969243245,2.0038008603621154,4.5409496351022618,0.7394979365622093,0.85082020658232682,0.23854772147168041,0.24649931218740312,3.8565214971254997,4.1507303536072389,8.4127829772345954,2.7353472062086022,0.85082020658232682,7.2200443698761942,2.1071715396665103
84,W15000004,Dyfed-Powys,W14000007,Powys,W06000023,Powys,135100,60200,55.190694437245945,26.31442554735338,0,8.885005812274635E-2,6.1306540104694989,10.558348573586359,9.5365729051747756,3.1986020924188687,0.14808343020457726,9.1441518151326449,2.376739054783465,1.621513560740121,3.6392641706964453,0.75522549404334394,1.132838241065016,0.10365840114320408,0.20731680228640817,1.6585344182912654,3.6650648975632873,6.152866525000185,2.6062683716005601,0.77743800857403056,5.3606201734056969,1.4882384735560015
85,W15000004,Dyfed-Powys,,Unassigned Dyfed-Powys,,,[x],[x],[x],[x],[x],[x],[x],[x],[x],[x],[x],[x],[x],[x],[x],[x],[x],[x],[x],[x],[x],[x],[x],[x],[x],[x]
86,E23000028,Essex,,,,,1929600,771200,74.162654629692014,30.497872627111178,1.5547183109540269E-3,3.0057887345111188E-2,7.1076538782448271,13.656127403983188,9.7024787392270984,3.1975373261954489,0.74626478925793294,21.462886282720344,2.738377185027026,1.9869300013992466,4.9714021195237104,0.75144718362777962,5.1544094402495837,0.4907727468244879,0.60012126802825438,7.2522426811635512,5.2269629614274384,6.4266872580469627,3.6370043687584537,0.91261964853001376,5.5633003560304939,1.7184819730411844
87,E23000028,Essex,E22000079,Basildon,E07000066,Basildon,193600,76400,84.831019666170874,34.204057180631295,5.1644356304743023E-3,1.5493306891422904E-2,7.7776400594942983,15.488142455792431,10.917616922822674,3.3207321103949758,1.0019005123120144,24.148901008097834,3.2122789621550156,2.1484052222773093,5.44687982821379,1.0638737398777061,6.5123533300280947,0.53710130556932734,0.51644356304743022,7.7414890100809783,5.6292348372169885,8.164972731779871,4.4310857709469511,1.1258469674433977,6.3315980829614942,2.1019253016030408
88,E23000028,Essex,E22000080,Braintree,E07000067,Braintree,164300,65000,53.254942058623044,23.699970785860355,0,2.4345116369656247E-2,5.5750316486512803,9.7076151524004288,8.3929788684389912,2.6779628006621872,0.4625572110234687,13.23157074690817,2.081507449605609,1.5520011685655857,3.9251904871854078,0.5295062810400234,2.7449118706787416,0.2373648846041484,0.1765020936800078,3.7065439672801634,4.2847404810594991,4.2725679228746714,2.4953744278897649,0.63297302561106239,4.333430713798812,1.4485344239945468
89,E23000028,Essex,E22000081,Brentwood,E07000068,Brentwood,79300,32400,64.026926858785259,21.254065501853113,1.2606207296472783E-2,5.0424829185891133E-2,4.8029649799561298,9.9084789350276079,6.4795905503870106,1.7648690215061897,0.50424829185891129,24.909865617830221,2.735546983334594,1.8026876433956078,4.4195821485968594,0.93285933993898595,7.4124498903259965,0.39079242619065629,0.18909310944709176,9.4168368504651685,4.7651463580667119,4.487809797544311,4.399566346469002,0.70594760860247585,4.7147215288808209,1.2858331442402238
90,E23000028,Essex,E22000082,Castle Point,E07000069,Castle Point,90600,37400,52.085978295669072,23.559024519490844,0,2.2079685585277266E-2,5.442642496770846,9.748181185899913,8.3461211512348061,2.3956458860025833,0.41951402612026806,11.911990373257083,2.0644506022234239,1.711175632858988,4.1448283238849077,0.35327496936443625,2.4398052571731381,0.2428765414380499,0.35327496936443625,3.3340325233768673,3.4775504796811694,5.8400768373058369,2.1196498161866173,0.67343041035095663,3.8197856062529669,1.3468608207019133
91,E23000028,Essex,E22000083,Chelmsford,E07000070,Chelmsford,188800,75400,70.406720232199703,29.289788827508037,0,4.7668734077318684E-2,7.2350545277352589,13.156570605339958,8.850494960355503,3.1620260271288063,0.63558312103091585,20.820643739771086,2.7436004724501197,2.134499981462159,5.3441896855812967,0.60910049098796104,3.1991017091889429,0.63028659502232487,0.61969354300514301,8.4479589837025895,5.1800024364019635,4.9310657139981888,4.152476390735317,0.66736227708246154,5.0475892861871898,1.7001848487576998
92,E23000028,Essex,E22000084,Colchester,E07000071,Colchester,200200,79700,82.578338044770305,35.740328235658417,0,1.9977824614677706E-2,8.9250931466072672,16.416777377111405,10.378479887325069,3.9855760106282023,0.8740298268921497,23.733655642237117,2.841845551437904,2.1875717953072091,5.4942987242689947,0.65427375613069494,5.4139904705776587,0.47946779075226498,1.2286362138026792,8.3257584081669354,5.4439572074996754,6.6126599474583205,2.7119896914424988,0.84406308997013313,6.3779205082358583,1.6981150922476052
93,E23000028,Essex,E22000085,Epping Forest,E07000072,Epping Forest,137500,54600,63.317109369884534,24.561480091087006,0,6.5477879389746155E-2,5.4710405890099016,11.065761616867102,7.9592000058202554,1.7751780634553405,0.77845923274476003,20.065332372991101,3.4703276076565466,2.5245360164713242,6.3606701616746708,0.94579159118522238,7.1880160930076906,0.47289579559261119,0.18915831823704446,4.7071319961295295,4.0378025623676805,5.6092716677215879,3.6012833664360389,0.4656204756604172,4.9544928738241261,1.5059912259641619
94,E23000028,Essex,E22000086,Harlow,E07000073,Harlow,98200,37900,92.349977095739803,36.565378938260288,0,1.017967119662035E-2,8.2862523540489654,16.908433857586402,11.36051305542831,3.6850409731765663,1.0892248180383775,24.868936733343514,2.7586908942841144,1.9748562121443478,5.1230590472166471,0.78383468213976681,5.4970224461749879,0.69221764137018371,1.1503028452180994,8.6934392019137778,6.0772637043823483,7.9197841909706312,6.148521402758691,1.598208377869395,8.6018221611441952,1.8730595001781443
95,E23000028,Essex,E22000087,Maldon,E07000074,Maldon,69100,27900,44.784539497475812,21.842588708394207,1.4465290535360402E-2,4.3395871606081209E-2,4.7880111672042931,8.5055908347919171,8.4911255442565565,2.2421200329808628,0.11572232428288322,8.9250842603173677,1.504390215677482,1.0704314996166697,2.6528051622154512,0.43395871606081204,1.909418350667573,0.11572232428288322,0.13018761481824362,2.3289117761930247,2.9364539786781618,3.8622325729412275,2.2999811951223044,0.65093807409121807,3.7609755391937045,1.0848967901520303
96,E23000028,Essex,E22000088,Rochford,E07000075,Rochford,89800,35600,43.455992874241495,20.798307632355396,0,2.2267995323720983E-2,4.8210209875855927,8.4284362300283906,7.526582419417692,1.8037076212213996,0.28948393920837273,9.7756499471135125,1.748037632912097,1.4028837053944219,3.5438053719589369,0.34515392751767526,2.5942214552134946,0.10020597895674442,8.9071981294883931E-2,2.5162834715804712,2.7278294271558203,3.8300951956800091,1.9373155931637254,0.6012358737404665,3.2622613149251238,1.1579357568334909
97,E23000028,Essex,E22000089,Southend-on-Sea,E06000033,Southend-on-Sea,185300,78300,96.455715334456102,40.587079500798893,0,2.6989679146694305E-2,8.9551755408731708,19.993954311871143,11.61095996890789,4.2805631126657167,1.2955045990413265,28.387744526493066,3.2873429200673665,2.3858876365677766,5.6425772024561809,0.90145528349958981,5.3709461501921663,0.71792546530206847,1.2955045990413265,11.691929006347973,6.024096385542169,6.9957248348231635,4.8851319255516694,1.3278922140173599,6.7528177225029147,1.94325689856199
98,E23000028,Essex,E22000090,Tendring,E07000076,Tendring,156800,67500,79.72747976192754,37.809631344930757,0,2.5516876224012656E-2,9.5752078030607493,16.222354059416045,11.986552606229946,3.7063262715378387,0.62516346748831009,18.710249491257279,2.5261707461772529,1.8946280596329399,4.4020869152783542,0.63154268654431323,4.0890794148980278,0.38275314336018984,0.43378689580821517,5.6583673026748063,5.6200919883387872,7.8400602198278877,2.2008305743210914,1.1355009919685632,5.830606217186892,1.8691111834089271
99,E23000028,Essex,E22000091,Thurrock,E06000034,Thurrock,181000,66400,85.646088988833583,28.565271922603031,0,2.2100790655785713E-2,6.3484521158744451,13.310201172446945,8.8845178436258561,2.8841531805800353,1.0111111725021962,30.802976976501334,2.8233760062766247,1.9559199730370356,5.3331726350995075,0.86745603323958909,9.3762604357170876,0.56909535938648215,0.60777174303410697,11.536612722320141,5.889860709766892,8.8292658669863915,4.8069219676333921,0.92270800987905344,5.9119615004226773,1.9117183917254639
100,E23000028,Essex,,Unassigned Essex,,,[x],[x],[x],[x],[x],[x],[x],[x],[x],[x],[x],[x],[x],[x],[x],[x],[x],[x],[x],[x],[x],[x],[x],[x],[x],[x]
101,E23000028,Essex,E22000092,Uttlesford,E07000077,Uttlesford,95100,36900,51.163964418648661,18.43206527453578,0,3.154375118289067E-2,4.3214939120560221,7.9385107143608185,6.1405168969360497,2.1134313292536748,0.15771875591445333,17.370092318045128,2.4709271759931024,1.6402750615103148,4.2228357966542154,0.83065211448278764,3.4698126301179735,0.74653544466174593,0.2208062582802347,4.2163480747797193,6.2456627342123525,5.3308939499085231,2.1029167455260449,0.92528336803145961,3.5434147162113852,1.1881479612222152
102,E23000037,Gloucestershire,,,,,669400,279400,67.256266993337121,27.154979234515523,1.3445277719680898E-2,3.286623442588664E-2,6.4761421016462997,10.920553347874153,9.7119722728495024,3.3613194299202247,0.89336400848546416,20.238130807613015,3.4106187815590547,2.5351818100331651,6.0733381528749035,0.87543697152588962,3.548059398249126,0.36302249843138429,0.95760255759060631,6.8690429950103082,5.0897845767725363,5.4737219516567572,1.6253846843347577,0.73351459559592458,5.6948220741581768,2.0810302070572768
103,E23000037,Gloucestershire,E22000093,Cheltenham,E07000078,Cheltenham,121700,52900,79.69508538759149,27.213957729240427,1.6428589030631102E-2,3.2857178061262204E-2,6.8260787422272236,11.335726431135461,9.0028667887858465,3.0967890322739628,1.1253583485982308,30.91860455564774,4.3782189766631889,3.2200034500036967,7.4096476636927271,1.1582155266594929,6.5960784957983885,0.66535785574055972,1.5525016633946394,12.099655821059807,5.6267917429911529,6.4317926054920767,1.6182160195171638,0.63250067767929752,6.5960784957983885,2.0617879233442036
104,E23000037,Gloucestershire,E22000094,Cotswold,E07000079,Cotswold,91700,40600,44.173639825007363,16.899226497638036,0,1.0909765330947733E-2,3.8947862231483401,6.3494834226115797,6.6440470865471681,2.4001483728085011,0.34911249059032745,14.586356247477116,3.5129444365651694,2.7492608633988285,6.2084257206208422,0.76368357316634128,2.4001483728085011,0.10909765330947732,0.20728554128800691,3.9929741111268697,4.3639061323790926,4.0584327031125556,0.70913474651160258,0.33820272525937967,3.2402003032914761,1.5928257383183688
105,E23000037,Gloucestershire,E22000095,Forest of Dean,E07000080,Forest of Dean,89800,37200,46.616826178512135,22.027118870678418,0,2.2283377714393947E-2,5.4371441623121237,7.7323320668947,8.8353592637572014,2.3286129711541674,0.20055039942954553,9.7044109946185646,2.54030505944091,1.9720789277238642,4.7566579774797777,0.56822613171704572,1.5932615065791671,0.12255857742916673,0.23397546600113645,1.8495203502946977,3.364790034873486,4.9914766080242448,1.0473187525765157,0.47909262085946985,3.9664412331621226,1.8718037280090916
106,E23000037,Gloucestershire,E22000096,Gloucester,E07000081,Gloucester,138600,55400,107.31035079871283,43.997748885265302,2.8860445316671236E-2,3.6075556645839044E-2,10.7360856578017,19.148905467611364,14.047821757889723,4.1342587916131546,2.2727600686878602,31.688768957705019,4.069322789650645,3.09528276021299,7.7445210672636025,0.97404002943765422,4.6681770299715728,0.76480180089178773,2.3232658479920345,12.71302616199368,7.1501753272052984,7.5109308936636889,3.1385734281879967,1.4718827111502331,10.425835870647484,2.6695911917920894
107,E23000037,Gloucestershire,E22000097,Stroud,E07000082,Stroud,125700,52400,49.331635900700192,21.316040738383197,2.3870146403564607E-2,6.3653723742838952E-2,4.8854232972628893,8.2511139401654994,8.0919796308084031,2.5302355187778485,0.36600891152132398,13.279758115849777,2.4586250795671547,1.654996817313813,3.9710571030374768,0.80362826225334183,2.4745385105028643,0.10343730108211331,0.41374920432845325,3.8908338637810314,3.9385741565881602,4.3761935073201785,1.3924252068746021,0.50127307447485669,3.7237428389560789,1.8459579885423296
108,E23000037,Gloucestershire,E22000098,Tewkesbury,E07000083,Tewkesbury,101900,40900,45.82683498612051,19.872681438758594,0,9.8088259816182591E-3,4.1098980862980508,7.1898694445261846,8.5631050819527417,2.2756476277354367,0.23541182355883825,12.751473776103738,2.9916919243935696,2.1971770198824903,5.4714215925745,0.79451490451107909,2.2167946718457268,5.8852955889709561E-2,0.3433089093566391,3.0407360543016604,4.1000892603164329,4.1098980862980508,0.98088259816182599,0.51986777702576781,3.4036626156215366,1.6773092428567224
109,E23000037,Gloucestershire,,Unassigned Gloucestershire,,,[x],[x],[x],[x],[x],[x],[x],[x],[x],[x],[x],[x],[x],[x],[x],[x],[x],[x],[x],[x],[x],[x],[x],[x],[x],[x]
110,E23000005,Greater Manchester,,,,,3009700,1178200,103.69297037808872,41.74552375281759,6.3129970654531532E-3,2.9903670310041253E-2,9.2482084378854257,18.076768702419937,14.384329945136733,4.2366855569259556,1.5167806107259814,25.284882299153658,3.8336505337472886,2.7883511249096244,7.1227960878942165,1.0452994088376641,5.3806670777867565,1.1260393186747757,0.83431240165015097,6.4336085357036534,7.6766044315910351,8.4082475651767101,6.5150129715476544,1.7294289329307191,11.063693488708374,3.1927152001020711
111,E23000005,Greater Manchester,E22000099,Bolton,E08000001,Bolton,310100,118800,97.973136398084407,42.707644678072143,3.2249221987519553E-3,5.4823677378783242E-2,9.3587242207781749,17.76287147072577,15.528000386990664,3.9731041488624084,1.3899414676620927,20.96521921408646,3.6473870067884611,2.6508860473741072,6.9194831432299333,0.99650095941435413,4.5277907670477449,0.49018817421029715,0.42891465243401006,4.8244836093329244,7.0464550042730218,7.5721173226695901,5.9274070013060935,1.6737346211522648,10.319751036006256,3.4442169082670882
112,E23000005,Greater Manchester,E22000100,Bury,E08000002,Bury,198900,80700,92.071726966986901,39.045651288702551,1.5081363958556412E-2,2.0108485278075214E-2,8.7773538238798317,17.187727791434789,13.045379824151297,3.9261817505441856,1.0205056278623172,19.721396936472267,3.3933068906751926,2.6694014206644852,6.5810673474952281,0.72390547001070782,3.8558020520709224,0.38708834160294792,0.41222394820054192,5.6253487565415421,6.0476269473811213,7.8020922878931831,6.4648780169011824,1.3724041202286335,10.069324002996165,2.6492929353864096
113,E23000005,Greater Manchester,E22000101,Manchester,E08000003,Manchester,589700,214700,142.67302050299318,51.901911238489326,1.5262774093984771E-2,2.8829684399749013E-2,11.974494208625163,24.817270676819238,15.066053894551189,5.635355368256822,2.7218613800939511,39.182932826835348,4.9536181253921692,3.3747689385588551,9.2678837555886737,1.5788491868333137,7.9400342564485227,3.9377957162480715,1.9044550341716553,8.2435938745399966,12.203435820034935,10.027642579747994,11.426730205029932,2.3911679413909472,15.844455373344411,3.5409635898044667
114,E23000005,Greater Manchester,,Manchester Airport,,,[x],[x],[x],[x],[x],[x],[x],[x],[x],[x],[x],[x],[x],[x],[x],[x],[x],[x],[x],[x],[x],[x],[x],[x],[x],[x]
115,E23000005,Greater Manchester,E22000102,Oldham,E08000004,Oldham,251600,93100,106.64255048497375,47.646684687549694,1.1925584353633327E-2,3.5776753060899988E-2,10.375258387660995,20.5636826204484,16.66004134202576,4.9610430911114651,1.518524407695977,22.25314040387979,3.4385434886309429,2.6156781682302435,7.064558035666356,0.82286532040069971,6.0065193194466531,0.3935442836698998,0.3577675306089998,5.1240260772777866,6.9327397042455079,8.761329305135952,5.2472571155986643,1.7172841469231992,11.062967085387184,3.4743202416918431
116,E23000005,Greater Manchester,E22000103,Rochdale,E08000005,Rochdale,235600,90200,104.59711072715771,44.166903689490198,8.4903697980565542E-3,2.5471109394169664E-2,9.5134593587223701,17.596291406472211,17.023191445103393,4.5508382117583128,1.2226132509201437,23.335781389958441,4.0881130577642306,2.9079516558343697,7.5928040169812778,1.180161401929861,5.6885477646978915,0.40329256540768638,0.38631182581157325,5.5909085120202411,7.1786076642568171,8.5498023866429502,6.2786284656628224,1.5876991522365758,11.173326654242425,3.7315175262458555
117,E23000005,Greater Manchester,E22000104,Salford,E08000006,Salford,294300,115100,105.79314281055078,41.953741829399213,0,6.454944487477407E-2,9.0165382472447586,17.870004212700611,15.002649924579069,4.2840447361626373,1.4438691616725781,24.236617880875698,4.1107804367619281,3.0474132659301234,7.7918693537178596,1.0633671708318047,5.3983719950534743,0.67946784078709554,0.90708956745077263,5.5240735455990864,7.6168344952233413,10.181825594194626,8.2487395871553399,1.9127019718156739,10.246375039069401,3.2852270102056069
118,E23000005,Greater Manchester,E22000105,Stockport,E08000007,Stockport,303900,126600,74.764171895409774,29.243672041825558,3.2902421289182668E-3,2.303169490242787E-2,6.313974645394155,12.519371300534006,10.384004158866052,3.1026983275699256,1.171326197894903,19.636165025384219,3.1586324437615363,2.3821353013368252,5.7179412252505548,0.77649714242471102,3.6719102158727863,0.32244372863399018,0.56592164617394203,6.6298378897703083,5.2874191011716549,6.4324233620352125,3.4152713298171613,1.0331360284803359,8.376956460225907,2.352523122176561
119,E23000005,Greater Manchester,E22000106,Tameside,E08000008,Tameside,239600,99500,96.443459646223758,41.557650338211424,0,1.6691495265874653E-2,9.2637798725604341,16.528753187032375,15.748425783352737,3.8557354064170455,1.2643807663900051,21.719808214719396,3.8348710373347017,3.0670622551044682,7.3849307223165574,0.76780878223023419,4.7362117816919334,0.32965703150102449,0.45901611981155299,6.52637464895699,5.8336775954231923,7.8491756487775559,4.9156453558000859,1.7025325171192147,10.352899938658755,3.2256314601302774
120,E23000005,Greater Manchester,E22000107,Trafford,E08000009,Trafford,241000,96300,74.859454413442592,27.026242091069392,0,2.0744736023234102E-2,5.679908723161498,11.75811637796909,9.5674722539155699,2.937454620889949,0.98330048750129662,23.4913390727103,3.1158593506897625,2.1864951768488745,5.4741303196185767,0.92936417384088787,4.493309822632507,0.56425681983196763,1.0330878539570583,8.5260865055492179,5.758738720049787,5.401929260450161,3.9207551083912455,1.16170521730111,8.0282128409915998,1.9085157141375377
121,E23000005,Greater Manchester,,Unassigned Greater Manchester,,,[x],[x],[x],[x],[x],[x],[x],[x],[x],[x],[x],[x],[x],[x],[x],[x],[x],[x],[x],[x],[x],[x],[x],[x],[x],[x]
122,E23000005,Greater Manchester,E22000108,Wigan,E08000010,Wigan,344900,143100,90.965493647839224,39.777109027548263,0,5.798412394686335E-3,8.9005630258435229,16.032610271307714,14.83813731800233,3.5834188599161547,0.9451412203338726,19.769687059683058,3.2963974463791814,2.3860467004134267,5.7515042664560809,0.91035074596575449,4.2705307286864862,0.29861823832634626,0.54794997129785861,5.4997941563599886,5.8563965186331979,8.9730431807771041,3.6964879016125387,1.4669983358556427,9.3615368112210877,3.3920712508915059
123,W15000002,Gwent,,,,,601700,253800,94.68393813384391,37.268608543326586,9.9719787397413266E-3,6.647985826494218E-3,9.6495514271563589,13.743048699820172,13.85938845178382,3.8857477155858704,0.7096724869782578,21.968269163650145,3.8242538466907989,2.6641803199675582,6.3154991726420295,1.1600735267232409,4.7616198482264842,0.22769351455742698,0.38225918502341749,7.0568369548236118,5.7156058143284039,11.57746731683968,3.0298195404247399,0.88584411138035457,11.94643053021011,3.4120787254481577
124,W15000002,Gwent,W14000019,Blaenau Gwent,W06000019,Blaenau Gwent,67900,30300,114.50797813563567,44.966334182959351,2.9466798285032337E-2,0,11.889853108010549,15.543736095354561,17.503278181309213,4.4200197427548513,0.64826956227071142,24.855244353424776,4.9651555110279491,3.4623487984913002,7.7460610455534313,1.5028067125366493,7.2782991764029878,0.10313379399761319,0.27993458370780722,5.3040236913058214,6.9246975969826003,17.076009606176243,2.5488780516552971,0.98713774254858333,15.072267322794042,3.9338175710518168
125,W15000002,Gwent,W14000018,Caerphilly,W06000018,Caerphilly,176900,76200,85.336273428886443,36.078364854550081,1.1308059819636446E-2,0,8.8881350182342462,12.580216549345547,14.598705227150653,3.7316597404800271,0.47493851242473073,16.294914200096116,3.4772283945382068,2.5273513696887453,5.8626026283346011,0.94987702484946146,5.1055890085658548,9.6118508466909794E-2,0.17527492720436491,2.7987448053600206,4.6419585559607608,11.104514742882991,2.9909818222938398,0.89333672575127931,10.49953354253244,3.2680292878749326
126,W15000002,Gwent,W14000021,Monmouthshire,W06000021,Monmouthshire,94900,40900,64.152533445696818,23.617402296428946,0,1.0534077741493732E-2,6.7628779100389762,8.6800800589908338,8.1639102496576417,3.44464342146845,0.28442009902033072,17.086274096702834,2.9495417676182449,1.7907932160539344,4.1536356528537919,1.1587485515643106,2.2964289476456337,0.10534077741493732,0.20014747708838093,6.1624354787738334,5.3723796481618038,6.8155482987464442,1.7697250605709471,0.51616980933319279,8.2797851048140743,2.3385652586116086
127,W15000002,Gwent,W14000022,Newport,W06000022,Newport,167900,66100,109.41101495541963,41.161650754322537,5.955961619783322E-3,5.955961619783322E-3,10.982793226880446,16.623088880815253,13.543856723387274,3.9428465922965588,1.2328840552951477,28.797074431652362,4.0738777479317925,2.7814340764388117,7.0687958828426547,1.292443671492981,5.2948498799873738,0.47647692958266574,0.79214289543118177,11.715376506113795,6.4443504726055538,11.792804007170977,3.9309346690569926,1.0303813602225147,13.889302497334707,3.6331365880678264
128,W15000002,Gwent,W14000020,Torfaen,W06000020,Torfaen,94100,40200,102.47665189812896,40.778163813895169,1.0624847267820526E-2,2.1249694535641052E-2,9.9979812790191147,14.598540145985401,16.149767847087197,4.133065587182184,0.69061507240833409,23.289665211062591,4.0905661981109018,3.0174566240610288,7.057127947717615,1.0731095740498731,3.8355698636832098,0.24437148715987209,0.29749572349897468,8.9142468577014213,5.907415080908212,12.919814277669758,3.1130802494714138,0.91373686503256513,12.643568248706424,3.9949425727005177
129,W15000003,Gwent,,Unassigned Gwent,,,[x],[x],[x],[x],[x],[x],[x],[x],[x],[x],[x],[x],[x],[x],[x],[x],[x],[x],[x],[x],[x],[x],[x],[x],[x],[x]
130,E23000030,Hampshire,,,,,2062600,840900,73.589935901880082,30.203348267421177,9.2115897313076248E-3,7.9995384508724107E-2,8.4926009117534544,11.460187266771033,10.161353114656658,3.4519220466794884,0.84067876810986419,20.033753204057561,2.8143830731705659,1.8612259462363141,4.5652435014549555,0.95315712693425203,3.5290085081151683,0.45524646093146626,0.79025743484375932,7.4541153746765643,4.9907423523200363,6.0588019406395466,3.2162992777628832,1.0559390755151583,7.0706223495468628,1.6585709721475463
131,E23000030,Hampshire,E22000110,East Hampshire,E07000085,East Hampshire,130000,52700,43.392960184650896,17.611079053664167,1.5387574533564147E-2,7.6937872667820734E-2,4.9932679361415655,5.8780534718215041,6.6474321984997111,2.2388920946335831,0.2308136180034622,11.648393921908058,2.3619926909020967,1.5233698788228505,3.7559041675360887,0.83862281207924594,1.9388343912290824,0.2308136180034622,0.19234468166955182,3.3775726101173302,3.546835929986536,4.2700519330640505,1.9388343912290824,0.56934025774187336,3.9623004423927677,0.9232544720138488
132,E23000030,Hampshire,E22000111,Eastleigh,E07000086,Eastleigh,142900,56900,54.96281474537021,24.095205445908221,0,6.9962849726795076E-2,6.5065450245919418,8.6614007961772295,8.8572967754122551,2.623606864754815,0.44076595327880896,14.643224447818207,1.8959932275961464,1.2593312950823112,3.1631666813109565,0.63666193251383518,2.8894656937166365,0.23087740409842375,0.44076595327880896,4.9253846207663727,4.2607375483618197,4.449637242624167,1.7000972483611203,0.53871394289632202,5.044321465301925,1.4272421344266193
133,E23000030,Hampshire,E22000112,Fareham,E07000087,Fareham,115400,48600,51.954465121114467,22.602834667498353,8.663409224798144E-3,8.6634092247981423E-2,5.9257719097619299,8.5247946772013723,8.0569705790622717,2.6510032227882316,0.5284679627126867,13.185708840142771,1.5334234327892713,0.99629206085178645,2.3650385604113109,0.53713137193748484,2.0532279862771596,0.24257545829434801,0.67574591953425511,5.3713137193748484,3.3094223238728904,4.0544755172055309,2.1052084416259489,0.75371660255743833,4.8515091658869602,1.221540700696538
134,E23000030,Hampshire,E22000113,Gosport,E07000088,Gosport,82900,35900,71.791222971261803,32.271680273995734,0,0,8.4417698773531438,10.624570374211599,13.205340022430988,4.0761688836362318,0.50650619264118857,16.111720794491141,1.6762943042172671,1.2180267965895248,2.8117257314662729,0.4582675076277421,2.9305001145668768,0.33767079509412573,0.97683337152229244,4.3173623087034647,5.8730599003871156,5.8489405578803924,3.1475741971273861,0.85623665898867596,7.139325381990087,1.8330700305109684
135,E23000030,Hampshire,E22000115,Havant,E07000090,Havant,127000,53600,75.764854116627944,34.728511241485215,1.5749891719494428E-2,3.9374729298736075E-2,9.6389337323305906,13.033035397881639,12.001417490254754,3.4807260700082687,0.72449501909674374,17.466629916919324,1.7482379808638815,1.2206166082608181,2.8922227198089265,0.5276213726030633,2.4806079458203727,0.38587234712761348,0.59062093948104111,7.6386974839547976,4.6225932196716144,6.5834547387486717,2.3073591369059336,1.362365633736268,7.3000748119856675,1.8112375477418592
136,E23000030,Hampshire,E22000116,Isle of Wight,E06000046,Isle of Wight,141700,64800,76.069462092333751,34.462798249329381,7.0591557249752935E-3,7.059155724975294E-2,9.776930679090782,12.092333756882677,12.515883100381195,4.1719610334603976,0.52943667937314687,15.868982069744456,2.0683326274177611,1.108287448821121,2.4237746043998456,0.96004517859663985,1.2282930961457008,0.36707609769871524,0.35295778624876467,7.1791613722998733,4.673161089933644,6.3885359311026404,3.564873641112523,1.0659325144712692,8.2097981081462645,1.8071438655936751
137,E23000030,Hampshire,E22000117,New Forest,E07000091,New Forest,176100,77600,52.857207749437869,21.349565059392674,5.6780758136682642E-3,8.517113720502395E-2,5.9619796043516775,7.4609916191600991,7.8357446228622045,2.4983533580140365,0.38043107951577371,15.0469009062209,3.628290444934021,2.3223330077903199,5.2732687819909492,1.3059574371437008,2.7027640873060936,0.21576688091939403,0.40882145858411506,4.3380499216425541,3.7532081128347223,5.4055281746121873,1.2605328306343546,0.60187603624883601,5.0478093983510872,1.2662109064480227
138,E23000030,Hampshire,E22000374,North Hampshire,Combined Local Authorities,,402000,155900,58.168313753193225,24.35930282595772,7.4622596219619279E-3,7.7110016093606584E-2,6.8030933553552906,9.1910164343831067,8.2806207605037532,2.6167657074346491,0.64175432748872574,15.170773811448599,2.397872758523766,1.7088574534292813,4.4060491784353717,0.68901530509448472,2.9625170699188854,0.32336458361835019,0.42037395870385524,5.1613962385236665,3.9052492021600753,5.1663710782716414,2.2187785275966796,0.79846177954992625,5.8504115436181507,1.3456941518271344
139,E23000030,Hampshire,E22000118,Portsmouth,E06000044,Portsmouth,214300,86200,112.74210180057018,44.769294656146627,0,8.8652068626032907E-2,13.139169750047826,18.024365321177115,13.517107516295651,4.875863774431811,1.8010367626130896,33.239859836413601,2.9068546712641319,1.9736750015164171,4.9091858643300643,0.93317966974771482,5.8277070375744797,0.82586400772672763,2.1929722239071299,14.188996878514006,7.2974650174271307,8.0813359400152098,5.3704489993980991,1.8570275427979526,10.67090952356512,2.0763247651886654
140,E23000030,Hampshire,E22000120,Southampton,E06000045,Southampton,259400,102300,120.06213765881337,45.084494880967064,2.6982854323424201E-2,5.7820402121623288E-2,12.967188849142715,18.54878500061675,13.48371777476255,4.9571358085605031,2.0391328481559148,37.664209942025416,5.1460157888244726,3.5964290119649687,9.1198780106349702,1.5495867768595042,7.1620204761317376,0.99451091649192069,1.7114839028000493,15.256876773158998,7.3933020846182309,9.3013753546317997,6.0248859010731461,1.8733810287405945,10.928056000986802,2.1894658936721352
141,E23000030,Hampshire,E22000121,Test Valley,E07000093,Test Valley,135200,54700,52.181566704388281,21.686230131433938,7.3963949970784239E-3,9.6153134962019507E-2,5.9023232076685819,8.0176921768330125,7.6626652169732479,2.3668463990650959,0.39940532984223487,14.652258489212358,3.0251255538050756,1.8786843292579198,4.6417280385957858,1.1464412245471558,2.8032337038927229,0.14792789994156849,0.31064858987729382,4.6449360581652499,3.7203866835304469,4.3860622332675057,2.1375581541556645,0.69526112972537191,4.5783685031915438,1.2795763344945674
142,E23000030,Hampshire,,Unassigned Hampshire,,,[x],[x],[x],[x],[x],[x],[x],[x],[x],[x],[x],[x],[x],[x],[x],[x],[x],[x],[x],[x],[x],[x],[x],[x],[x],[x]
143,E23000030,Hampshire,E22000122,Winchester,E07000094,Winchester,135600,51700,55.81278754276277,21.307656010381031,7.3728913530730217E-3,0.16220360976760648,5.8909401911053445,7.8152648342574018,7.4318744838976052,2.6026306476347765,0.36127167630057799,16.080276041052258,2.4109354724548782,1.445086705202312,3.7902960685347411,0.96584876725256574,2.5436475168101924,0.4866108293028194,0.33915300224135897,5.1094137076796038,5.1905155125634073,4.2983956588415717,3.6348354370649996,0.58983130824584173,5.0504305768550193,1.8874601863866936
144,E23000027,Hertfordshire,,,,,1236200,482900,68.143191464749378,26.580843898717916,4.8536188986976932E-3,6.8759601064883991E-2,6.5895965914652352,10.928731886900971,8.9889022003881287,2.5894056824552196,0.82026159387991016,23.098372338902323,3.0027722253276399,2.2812008823879157,5.8392709608085527,0.72157134293972369,4.7646358855549016,0.76606284951111914,0.74098581853451451,7.042601022010353,6.7813145379637936,5.5921779077828591,2.7584734074265223,0.67869770933456075,4.4499595936226681,1.5749993326274014
145,E23000027,Hertfordshire,E22000123,Broxbourne,E07000095,Broxbourne,101900,39900,72.718351324828262,27.43866535819431,0,1.9627085377821395E-2,6.7320902845927382,11.050049067713445,9.6368989205103048,1.9234543670264967,1.2855740922473011,27.44847890088322,2.6987242394504416,2.011776251226693,5.1424844471202089,0.6869479882237487,5.6722276741903821,1.0893032384690873,0.39254170755642787,9.6859666339548589,7.9097154072620226,5.1717369970559375,2.5417075564278706,0.85377821393523068,4.2983316977428849,1.7566241413150145
146,E23000027,Hertfordshire,E22000124,Dacorum,E07000096,Dacorum,161400,63400,65.921199355718002,25.715524718126627,6.1950192045595346E-3,6.814521125015488E-2,6.0401437244455458,9.7199851319539086,9.8810556312724582,2.6638582579605998,0.78676743897906087,22.531284846983024,3.1532647751208027,2.5213728162557305,6.4181411044879679,0.63189195886507254,4.7577747491017215,0.58233180522859618,0.39648122909181022,7.1428571428571423,6.4985751455829517,5.6622475529674148,2.3541072977326229,0.59472184363771519,3.8594969644405901,1.753190434890348
147,E23000027,Hertfordshire,E22000125,East Hertfordshire,E07000242,East Hertfordshire,156900,62000,51.658964143426296,21.883665338645418,0,8.9243027888446222E-2,5.7816733067729089,8.7203187250996006,7.2924302788844626,2.0079681274900398,0.44621513944223107,15.751394422310758,2.651792828685259,1.8932270916334661,4.7875427171319878,0.75856573705179287,3.4358565737051796,0.41434262948207173,0.54183266932270913,4.3155378486055778,4.3920318725099605,4.143426294820717,2.3776892430278882,0.47808764940239046,3.3211155378486055,1.249402390438247
148,E23000027,Hertfordshire,E22000126,Hertsmere,E07000098,Hertsmere,110200,42700,71.852429862446911,26.521612891518163,9.0734221318912629E-3,0.10888106558269517,6.4239828693790146,10.55238993938954,9.4272855950350234,2.0778136682030994,0.99807643450803896,25.160599571734476,3.9197183609770261,3.0940369469749207,7.9893163394405136,0.82568141400210504,5.3714659020796285,0.68958008202373611,0.2812760860886292,5.8523572750698651,9.0462018654955898,5.4531267012666493,4.2100678691975473,0.83475483613399626,5.0357492831996513,1.5606286066852975
149,E23000027,Hertfordshire,E22000127,North Hertfordshire,E07000099,North Hertfordshire,137200,56700,49.533166667881424,20.706846160013409,0,7.2885766138730768E-2,5.3206609281273467,8.3308430696569271,6.9824563960904076,2.3542102462810037,0.38629456053527306,14.511556038221297,2.5072703551723383,1.7857012703989037,4.3173327694368089,0.72156908477343462,2.8571220326382458,0.34256310085203462,0.3790059839214,3.7681941093723808,4.6574004562648961,4.8979234845227078,1.6107754316659499,0.52477751619886159,3.243416593173519,1.2973666372694077
150,E23000027,Hertfordshire,E22000128,St Albans,E07000240,St Albans,151000,59000,64.23330596244007,21.203612957910629,0,5.9597912748655738E-2,5.4366540407384845,9.0059068153524215,6.7014541890710673,1.9269991788732019,0.66219903054061935,27.626943554154636,3.2845071914814716,2.5693322384976027,6.5780550657805508,0.71517495298386891,6.224670887081821,0.66219903054061935,0.82774878817577413,8.4695256006145208,8.1582920562604304,5.7015336529547316,2.0197070431488888,0.48340529229465207,3.30437316239769,1.3045320901650199
151,E23000027,Hertfordshire,E22000129,Stevenage,E07000243,Stevenage,91800,36500,93.784732059188869,39.978643188702677,0,4.3585329178198622E-2,9.8829733911565381,17.401442674395799,12.650641793972149,4.2604659271689149,0.98066990650946884,25.649966221369887,2.1574737943208318,1.5472791858260508,3.8898780988905632,0.61019460849478069,4.6200448928890534,0.91529191274217092,1.198596552400462,8.5645171835160276,8.1940418855013402,8.1395602240285907,3.7701309739141808,0.86081025126942279,8.2158345500904399,1.9286508161352887
152,E23000027,Hertfordshire,E22000130,Three Rivers,E07000102,Three Rivers,95800,36900,52.386568831087502,21.344995668374963,2.0875301387163776E-2,7.3063554855073223E-2,4.9683217301449787,8.767626582608786,7.5151084993789592,2.1084054401035415,0.44881897982402119,17.357813103426679,2.7242268310248727,2.2545325498136881,5.8606468417625353,0.46969428121118495,3.5383635851242605,0.31312952080745665,0.1983153631780559,6.2417151147619689,4.3420626885300653,4.112434373271264,2.0457795359420499,0.37575542496894798,3.4339870781884412,1.1585792269875896
153,E23000027,Hertfordshire,,Unassigned Hertfordshire,,,[x],[x],[x],[x],[x],[x],[x],[x],[x],[x],[x],[x],[x],[x],[x],[x],[x],[x],[x],[x],[x],[x],[x],[x],[x],[x]
154,E23000027,Hertfordshire,E22000131,Watford,E07000103,Watford,107200,39600,86.739882990734429,33.525860540631328,0,8.3977941793955457E-2,8.7243750641498163,15.470603054930905,9.2469044797566511,3.0325367870039468,1.2690000093308824,29.485588452099918,2.7246176670927769,1.9874779557902791,5.3739025128670903,0.73713971130249789,5.7105000419889711,1.7915294249377163,1.6235735413498054,8.7710294762575689,8.8643383004730758,6.8208750501534929,3.8256617928357488,0.98907353668436426,6.3170073993897606,1.4742794226049958
155,E23000027,Hertfordshire,E22000132,Welwyn Hatfield,E07000241,Welwyn Hatfield,122800,46200,77.724130631254127,30.557161351256727,8.1420627101669949E-3,4.0710313550834973E-2,7.5476921323248032,12.489924197396169,10.470692645274754,3.1021258925736248,1.188741155684381,26.250010177578385,3.7046385331259821,2.8578640112686147,7.5954297585042845,0.84677452185736735,5.2679145734780448,1.0503260896115423,1.6446966674537327,8.6468705981973475,5.9355637157117389,6.0088422801032415,2.9799949519211197,0.86305864727770132,4.9015217515205309,1.8726744233384085
156,E23000012,Humberside,,,,,962500,410500,96.439391105958038,39.360769304293264,1.0389264980281176E-3,4.1557059921124703E-3,11.284819621581413,13.430202840009475,14.640552210212233,3.5375447257857404,1.104378867403889,26.23185514871194,4.4362161465800618,3.4274185169947597,8.0360905479108364,1.0087976295853021,3.7068897449643234,0.36777998030195358,1.3121641670095123,10.083820589860908,6.3249845199951791,9.3794284241978456,2.9848358288347816,0.95061774569572755,9.784609758428811,3.1053513026060431
157,E23000012,Humberside,E22000133,East Riding of Yorkshire,E06000011,East Riding of Yorkshire,355900,152000,51.398770385856068,23.004686920457228,0,0,6.2183183284440995,7.2776522687167731,9.5087163232963547,2.1439570197030493,0.23884186982275124,12.237133447977429,2.1804857762641761,1.7196614627238089,4.0250711950909919,0.46082431354036707,1.9079250542311541,0.12082588708680356,0.43272527003180811,3.8439491519708668,3.7512223083926224,4.8302255791212874,1.171730114306909,0.44677479178608759,5.7574940149037328,1.5679266277775905
158,E23000012,Humberside,E22000134,"Kingston upon Hull, City of",E06000010,"Kingston upon Hull, City of",275400,115500,121.47014716722161,49.879993173590506,0,7.2621377554910839E-3,14.117595796674667,17.850334602997084,17.904800636163266,4.3064476890062133,1.7574373368288423,33.405833675258982,6.0094189926688726,4.9164672604674635,11.7261925381924,1.0929517322014082,4.8728944339345173,0.64269919136096099,2.2476316353244905,11.463284447042676,8.1699049749274693,11.336197036321582,3.4495154338582652,1.1510488342453369,12.683323589965177,3.5003503981467023
159,E23000012,Humberside,E22000135,North East Lincolnshire,E06000012,North East Lincolnshire,159900,69800,115.86444960009005,43.949446879826901,6.2534784974141869E-3,0,12.869658747678395,14.139114882653477,16.934419770997618,3.8458892759097245,1.1068656940423112,33.956388240959036,5.6218771691753533,4.1773236362726767,9.5669110907424386,1.4445535329026771,5.0090362764287635,0.31267392487070933,1.5633696243535466,14.583111855969882,6.8663193901607773,13.870215307264667,3.5582292650286722,1.2444422209854231,10.193169950785125,4.1398027652881915
160,E23000012,Humberside,E22000136,North Lincolnshire,E06000013,North Lincolnshire,171300,73200,77.695288789279545,31.47032731008078,0,0,8.8889667086893596,9.350049026474295,13.231311574917122,3.0875005836485037,0.97469300088714572,20.649484054722887,4.1030489797824155,3.0466451884017371,7.1327066025360732,1.056403791380679,3.1458654340010272,0.16925806602231872,0.68870523415977969,7.0913293178316295,5.451277022925713,7.5115562403697993,2.5797263855815471,0.8171079049353317,7.5057197553345478,3.0991735537190084
161,E23000012,Humberside,,Unassigned Humberside,,,[x],[x],[x],[x],[x],[x],[x],[x],[x],[x],[x],[x],[x],[x],[x],[x],[x],[x],[x],[x],[x],[x],[x],[x],[x],[x]
162,E23000032,Kent [note 4],,,,,1931700,759900,79.807566869115234,32.851646542602204,7.247562230675411E-3,5.2285984664158319E-2,7.9257269822600378,15.100295907612217,9.7660901058351168,3.4524280368838798,0.77186537756693119,22.106100169592956,2.4087790756666205,1.7601222560211711,4.4744849078256106,0.64865681964544919,3.8251598087471863,0.41518177921440563,0.54770863143247028,8.7788685934138293,6.1304022811184433,8.9517747209170864,3.6967744206609363,0.99343370861900804,4.0891781471503617,2.8943657451218727
163,E23000032,Kent,E22000137,Ashford,E07000105,Ashford,140900,53600,65.256570358176759,26.948402111596753,7.0954191973661811E-3,6.3858772776295633E-2,6.0311063177612532,11.927399670772548,8.9189419310892895,2.9233127093148665,0.51087018221036506,18.29908611000738,2.3272974967361071,1.7383777033547143,4.5732845516314491,0.588919793381393,2.3627745927229382,0.28381676789464721,0.66696940455242093,7.4289038996423908,5.2293239484588749,6.9960833286030537,2.753022648578078,1.0146449452233639,3.5973775330646531,2.2137707895782484
164,E23000032,Kent,E22000138,Canterbury,E07000106,Canterbury,162100,63800,79.673041332510792,28.53177051202961,6.1690314620604569E-3,6.1690314620604564E-2,6.8352868599629861,13.251079580505861,8.3775447254780993,2.8994447871684144,1.0980876002467614,28.673658235657001,2.4799506477483035,1.6594694632942628,4.2166313974449405,0.82048118445404072,3.6150524367674275,0.41949413942011105,0.95619987661937078,15.293028994447871,5.9099321406539174,8.161628624305985,3.7446020974706968,0.91301665638494756,3.3929673041332511,2.2578655151141271
165,E23000032,Kent [note 4],E22000352,Dartford and Gravesham,Combined Local Authorities,,235700,87400,46.71548951553364,15.690633989867704,8.486010811177773E-3,2.5458032433533319E-2,3.7550597839461646,8.053224259807708,3.8484059028691204,1.5062669189840547,0.47097360002036642,18.669223784591104,1.2304715676207771,0.84011507030659949,2.2644357780852937,0.3903564973141776,2.7961405622830764,0.31398240001357763,0.21215027027944433,11.20153427075466,2.914944713639565,4.3745385731621429,1.8584363676479325,0.47097360002036642,2.1639327568503322,1.5105099243896438
166,E23000032,Kent,E22000140,Dover,E07000108,Dover,119800,50600,76.422750651259094,34.399839690067466,1.6698951305857992E-2,4.1747378264644981E-2,8.4162714581524281,15.204395163983703,10.720726738360831,3.4316344933538172,0.70135595484603563,17.659141005944829,1.870282546256095,1.2858192505510655,3.0457053576726065,0.58446329570502975,2.9473649054839357,0.34232850177008883,0.40912430699352081,6.788123705831274,5.3019170396099122,8.9673368512457419,3.1894996994188767,1.0269855053102666,3.9660009351412735,3.0809565159307994
167,E23000032,Kent,E22000145,Folkestone and Hythe,E07000112,Folkestone and Hythe,112400,48400,74.538968606275176,31.375932960297483,0,4.4479632776151801E-2,8.0952931652596263,13.637455409168142,9.5987047530935588,3.3626602378770762,0.63161078542135551,18.396776116216383,2.1795020060314383,1.6546423392728471,3.8469493278179936,0.5248596667585913,2.3218368309151241,0.43590040120628759,0.46258818087197873,7.0900534645185971,5.9068952326729587,8.1130850183700876,4.4212754979494884,1.2276378646217898,4.3056284527314945,2.7043616727900295
168,E23000032,Kent [note 4],E22000142,Maidstone,E07000110,Maidstone,187800,71200,0.17574973238108935,7.9886241991404233E-2,0,0,1.0651498932187232E-2,3.728024626265531E-2,3.1954496796561697E-2,5.3257494660936162E-3,0,4.7931745194842543E-2,5.3257494660936162E-3,0,0,5.3257494660936162E-3,0,1.0651498932187232E-2,0,2.6628747330468081E-2,5.3257494660936162E-3,2.1302997864374465E-2,5.3257494660936162E-3,0,5.3257494660936162E-3,1.0651498932187232E-2
169,E23000032,Kent [note 4],E22000143,Medway,E06000035,Medway,292700,111500,0.36561821940510159,0.10934376655105842,0,0,3.4169927047205756E-2,5.4671883275529208E-2,2.0501956228323452E-2,1.0250978114161726E-2,0,0.17426662794074935,3.4169927047205755E-3,3.4169927047205755E-3,8.9715064953707017E-3,0,6.833985409441151E-3,3.4169927047205755E-3,0,0.14009670089354359,2.0501956228323452E-2,1.7084963523602878E-2,1.7084963523602878E-2,6.833985409441151E-3,1.3667970818882302E-2,1.7084963523602878E-2
170,E23000032,Kent,E22000144,Sevenoaks,E07000111,Sevenoaks,122700,49000,52.644442271971847,19.698895297683055,0,7.3320950239515112E-2,4.7251279043243066,9.0184768794603585,5.8819695636588785,1.6130609052693323,0.32587088995340041,17.08378140580702,2.6639945253690489,2.044839834457588,5.1223444419501636,0.61915469091146091,4.5866327760941124,0.2281096229673803,0.19552253397204028,4.2852022028872154,5.1243197445172228,6.8269951445237398,2.3218300909179783,0.52954019617427572,2.3299768631668134,1.9144914784762277
171,E23000032,Kent,E22000146,Swale,E07000113,Swale,158400,60500,85.497445999785327,37.391320819047984,1.8941905176822683E-2,5.682571553046805E-2,9.3762430625272302,16.416317819912994,11.522992315900467,3.6936715094804233,0.72610636511153626,21.473806502124649,2.7276343454624663,1.9068184544668167,4.9924782199004811,0.82081589099564967,3.7694391301877141,0.21467492533732377,0.47986159781284132,8.1576471628183036,6.1245493405060021,10.878967539888494,2.5760991040478851,1.1554562157861838,4.066195644624603,3.5358222996735678
172,E23000032,Kent,E22000147,Thanet,E07000114,Thanet,142700,62200,103.37021956535452,48.012838931677543,7.0081504790070852E-3,9.1105956227092111E-2,11.556440139882683,22.075674008872319,14.282610676216439,4.3660777484214135,1.0722470232880841,23.70156492000196,2.3477304104673737,1.6959724159197147,3.8910505836575875,0.65175799454765893,3.7353442053107764,0.54663573736255255,0.70782319837971563,9.0755548703141766,7.2884764981673689,10.491201267073606,5.669593737516732,1.3175322900533319,5.3822595678774414,3.3569040794443938
173,E23000032,Kent [note 4],E22000148,Tonbridge and Malling,E07000115,Tonbridge and Malling,136900,53600,0.1972919848304385,3.65355527463775E-2,0,0,7.3071105492754996E-3,1.4614221098550999E-2,1.4614221098550999E-2,7.3071105492754996E-3,0,9.4992437140581504E-2,0,0,0,0,7.3071105492754996E-3,0,0,7.3071105492755001E-2,1.4614221098550999E-2,2.19213316478265E-2,0,1.4614221098550999E-2,1.4614221098550999E-2,7.3071105492754996E-3
174,E23000032,Kent [note 4],E22000149,Tunbridge Wells,E07000116,Tunbridge Wells,119700,48200,0.21722057914348256,5.8482463615552989E-2,0,0,8.3546376593647137E-3,4.1773188296823568E-2,8.3546376593647137E-3,0,8.3546376593647137E-3,0.10861028957174128,0,0,0,0,8.3546376593647137E-3,0,0,8.3546376593647137E-2,1.6709275318729427E-2,3.3418550637458855E-2,0,0,8.3546376593647137E-3,0
175,E23000032,Kent [note 4],,Unassigned Kent,,,[x],[x],[x],[x],[x],[x],[x],[x],[x],[x],[x],[x],[x],[x],[x],[x],[x],[x],[x],[x],[x],[x],[x],[x],[x],[x]
176,E23000003,Lancashire,,,,,1601600,648900,80.205039194078594,35.111401090753574,9.3653712277065142E-3,6.2435808184710092E-3,10.354354429352323,13.936296744909141,10.805140964445929,3.7149305869902505,0.79605655435505362,20.736804972387766,3.6955754864529906,2.418763209075669,5.970526497486337,1.2768122773773214,4.1045300300628416,0.41020325977354533,0.63746960156589005,6.0088221796964998,5.8802044148359975,8.027996216390024,2.715957656034889,1.0813881977591788,5.4019461241411166,2.6185577952667414
177,E23000003,Lancashire,E22000150,Blackburn with Darwen,E06000008,Blackburn with Darwen,162500,58800,84.176202780853941,36.563307493540051,2.4609326934908329E-2,0,10.237480004921865,14.734834502276364,11.566383659406915,3.3899347852836228,0.94745908699397074,21.865386981666052,2.7685492801771874,2.011812476928756,5.5640632976008169,0.75673680324843118,6.07235142118863,0.41835855789344156,0.37529223575735204,6.1031130798572661,6.1277224067921745,8.2625815183954714,3.1684508428694476,1.0520487264673311,6.0415897625199948,2.8854435831180019
178,E23000003,Lancashire,E22000151,Blackpool,E06000009,Blackpool,144200,64800,145.82740947770665,68.998758591035511,6.9352456117233391E-3,6.9352456117233391E-3,21.40910320338995,28.455312744900858,19.120472151521245,6.8589579099943823,1.6159122275315381,33.351596146777538,5.0488588053345902,2.9266736481472493,6.5131497715767379,2.1221851571873418,5.5759374718255641,1.310761420615711,0.97093438564126755,9.4041930494968469,11.040911013863557,12.608276522113032,5.2361104368511207,2.2886310518687019,10.659472505218773,4.209694086316067
179,E23000003,Lancashire,E22000152,Burnley,E07000117,Burnley,99200,39900,107.4239416323199,42.284320740076389,0,0,13.30202654358933,16.657765057994819,12.324529138492236,4.4340088478631099,1.0984249191297251,33.174448016284906,7.5579696270393919,5.0991101750425765,12.692838329361596,2.4588594519968159,5.4618927171404668,0.56432839881894137,0.87672447673656939,11.709814275493033,7.0037185210565038,10.913708141444882,3.4061249785857526,1.3302026543589331,6.9533320568762411,3.8293712776999587
180,E23000003,Lancashire,E22000153,Chorley,E07000118,Chorley,120800,50100,58.557253866715214,27.648358559736508,8.275473977772077E-3,0,8.5485646190385545,10.352617946192868,8.7389005205273129,2.9212423141535431,0.52963033457741293,13.232482890457552,1.9943892286430707,1.4151060501990251,3.4111991063057312,0.57928317844404531,2.664702620842609,0.2565396933109344,0.26481516728870647,3.9474010873972811,4.1046350929749504,5.8590355762626309,1.9861137546652985,0.6289360223106778,3.5088009665753606,2.2426534479762328
181,E23000003,Lancashire,E22000154,Fylde,E07000119,Fylde,85400,37600,53.495149039755638,24.447903378702588,1.1703161023792527E-2,1.1703161023792527E-2,6.8580523599424206,9.584888878486078,7.9815558182265036,3.136447154376397,0.23406322047585054,12.87347712617178,2.1065689842826547,1.579926738211991,3.5890891689264639,0.52664224607066368,2.7853523236626212,0.24576638149964303,0.25746954252343562,3.5928704343043059,3.8854494598991187,5.676033096539375,1.2405350685220078,0.5032359240230786,3.33540089178087,2.0480531791636922
182,E23000003,Lancashire,E22000155,Hyndburn,E07000120,Hyndburn,86100,34800,96.969485695693606,43.203420948662533,0,0,12.479955378930489,16.372678890980502,14.35078667875154,4.0902647051988188,0.83664505333612216,26.946942759534267,4.6828882846452391,3.009598177972995,7.443812151520377,1.6732901066722443,7.9946082874340556,0.39508238629761327,0.44156266703850888,6.8674614794673356,6.5653396546515141,9.0636547444746558,2.5796555811197099,1.1736270887076157,6.1353970577982286,2.9398777568616516
183,E23000003,Lancashire,E22000156,Lancaster,E07000121,Lancaster,145000,60000,72.852157841744486,29.743596816683446,0,2.7585065445567769E-2,9.1651379942898927,11.765030412534653,8.785843344413335,3.1791787926016855,0.59997517344109907,19.888832186254362,4.7170461911920887,2.9171206708687913,7.0515278310300564,1.7999255203232969,3.0895273299035901,0.31033198626263742,1.1723652814366301,5.2204736355737005,5.3790877618857156,8.8685985407500389,2.8619505399776561,0.91030715970373643,4.6480835275781693,2.1516351047542863
184,E23000003,Lancashire,E22000157,Pendle,E07000122,Pendle,99800,38100,70.567365224450526,32.281988835102275,2.0044699680287038E-2,0,9.1002936548503168,12.217244455134951,10.944406025436724,2.8964591038014773,0.57127394088818062,16.897681830481975,4.0089399360574083,2.9265261533219076,7.671492000105089,1.0824137827355,3.0367720015634863,0.22049169648315742,0.21046934664301392,4.1091634344588428,5.311845415276065,7.6270082283492187,1.9744029185082734,1.0523467332150696,4.9109514216703252,2.3552522124337272
185,E23000003,Lancashire,E22000158,Preston,E07000123,Preston,162900,59600,98.659003831417621,39.413252775321737,1.2280184693977798E-2,0,11.003045485804106,17.124717555752039,11.273209549071618,4.3287651046271733,1.5043226250122803,28.103202672168191,4.1507024265644956,2.5849788780823264,7.0607966457023057,1.5657235484821692,5.4155614500442084,0.58330877296394534,1.688525395421947,9.1610177817074376,7.1040868454661563,9.5846841536496701,3.9726397485018179,1.5657235484821692,7.3496905393457119,2.8367226643088714
186,E23000003,Lancashire,E22000159,Ribble Valley,E07000124,Ribble Valley,65800,26700,39.152506307566036,18.0259598139648,0,1.5198954311943338E-2,5.3956287807398855,6.429157673952032,6.1859744049609384,2.4470316442228772,0.13679058880749004,10.061707754506489,2.340638964039274,1.611089157065994,3.9635058330840565,0.7295498069732802,2.0518588321123503,3.0397908623886676E-2,0.22798431467915006,1.5198954311943338,3.8909323038574946,3.860534395233608,0.80554457853299699,0.27358117761498008,2.1126546493601239,1.4287017053226738
187,E23000003,Lancashire,E22000160,Rossendale,E07000125,Rossendale,73000,30600,66.192073379423647,28.85892258197002,1.3690190978164145E-2,0,8.5152987884180984,11.143815456225614,9.1861181463481412,3.0529125881306047,0.43808611130125263,17.345471969333971,3.9564651926894383,2.5600657129166953,6.1157078850116093,1.3963994797727428,3.586830036279006,0.13690190978164143,0.26011362858511877,4.1891984393182282,5.2159627626805394,7.5843658019029361,1.6154425354233692,0.69819973988637141,4.4766924498596756,2.1219796016154424
188,E23000003,Lancashire,E22000161,South Ribble,E07000126,South Ribble,116100,48600,56.668934572356235,25.46657135721237,0,2.5836900260952693E-2,7.2601689733277066,9.8352466993359933,8.3453187842877181,2.7989975282698749,0.45645190461016427,14.933728350830657,2.2564226227898683,1.56743861583113,3.7444707334636353,0.68898400695873852,2.420056324442569,0.17224600173968463,0.30143050304444813,5.3310137538432389,4.4525591449708468,5.8735886593232456,1.3607434137435084,0.68898400695873852,3.3243478335759131,1.7655215178317674
189,E23000003,Lancashire,,Unassigned Lancashire,,,[x],[x],[x],[x],[x],[x],[x],[x],[x],[x],[x],[x],[x],[x],[x],[x],[x],[x],[x],[x],[x],[x],[x],[x],[x],[x]
190,E23000003,Lancashire,E22000162,West Lancashire,E07000127,West Lancashire,122000,48500,48.641337759744253,21.779581130374197,1.6394114512889871E-2,0,6.2953399729497113,8.3364072298045002,7.1314398131070948,2.5082995204721503,0.59838517972048033,11.295544899381122,2.4591171769334808,1.8361408254436657,4.6168432334391358,0.62297635148981512,2.1230378294192387,0.15574408787245378,0.24591171769334808,2.6558465510881595,3.6558875363744416,5.3608754457149885,1.5984261650067626,1.0410262715685068,2.819787696217058,1.6394114512889872
191,E23000003,Lancashire,E22000163,Wyre,E07000128,Wyre,118700,50800,58.386599631136157,26.603673479699857,8.421549059734048E-3,0,7.3267476819686213,9.920584792366709,9.3479194563047923,2.8970128765485121,0.35370506050882999,14.030300733516924,2.2317105008295224,1.5074572816923946,3.5256347127297079,0.72425321913712803,2.2822397951879267,0.18527407931414905,0.4042343548672343,4.9939785924222901,3.9328634108957998,5.6424378700218121,2.299082893307395,0.68214547383845781,3.7054815862829811,2.1727596574113841
192,E23000021,Leicestershire,,,,,1175400,440500,76.377190385276393,28.378442763263127,7.6572023645440903E-3,1.6165204991815302E-2,8.0902596982721935,11.066359017291663,9.1980016403429055,3.358959437246674,0.74785343093713952,22.818463046341389,3.6941747407611598,2.5073083742568256,6.6903374908623654,1.186866366504334,4.568797410844641,0.68999901307169531,1.0192587147470911,7.098226591932371,5.7480065749844309,7.9830588651685765,2.5702675936986328,0.61342698942625429,8.0068812725249376,1.8998369866696616
193,E23000021,Leicestershire,E22000164,Blaby,E07000129,Blaby,108200,42600,59.205842925160638,21.522673692969075,2.7735404243516851E-2,9.2451347478389508E-3,5.7874543521471828,7.6734618407063291,8.0247769611242088,3.2265520269957935,0.34206998567004115,19.960245920584292,3.1156104100217261,2.570147459899228,6.5296535525543158,0.54546295012249812,3.6333379559007071,0.40678592890491377,0.3513151204178801,8.0155318263763693,4.4376646789626957,5.5285905792076919,1.0354550917579624,0.26810890768732953,5.2142559977811676,2.1078907225072805
194,E23000021,Leicestershire,E22000165,Charnwood,E07000130,Charnwood,188400,73800,67.919420336014014,24.05711707407702,0,1.5924834779839157E-2,6.8423706770708916,8.3499217028956654,8.8488998593306256,2.8346205908113702,0.48836159991506756,22.958303474268121,4.1298404862382885,2.7815378082119064,7.0997899871282435,1.3483026780263823,4.3846378427157155,0.52021126947474583,1.1041218780688484,7.8721766595004903,4.9473153382700321,7.6545372508426892,1.4491599649653635,0.46712848687528197,6.247843511956896,1.7623483823022004
195,E23000021,Leicestershire,E22000166,Harborough,E07000131,Harborough,104700,40400,44.387993849856279,15.776455645430845,0,1.9099825236599085E-2,4.9086550858059654,5.2238022022098498,5.6248985321784302,2.0341313876978027,0.20054816498429037,14.258019539121216,2.7694746593068675,1.7858336596220146,4.6267659648167854,0.98364099968485297,2.731275008833669,0.25784764069408767,0.21964799022088949,4.1733118141969001,4.1064624258688038,4.8227058722412686,0.98364099968485297,0.43929598044177898,4.3547601539445919,1.5184361063096272
196,E23000021,Leicestershire,E22000167,Hinckley and Bosworth,E07000132,Hinckley and Bosworth,116700,49400,59.477897190654943,23.859721293772818,0,8.5703021888551799E-3,7.0105071904835361,8.4074664472669305,8.4331773538334946,2.6739342829228159,0.33424178536535198,17.200596493032343,3.8909171937402509,2.7253560960559469,6.4334702300269075,1.1655610976843043,3.7023705455854374,0.29139027442107607,0.3256714831764968,4.4822680447712591,4.5079789513378241,6.4962890591522253,1.3198265370836975,0.36852299412077272,5.5535558183781557,1.6712089268267598
197,E23000021,Leicestershire,E22000168,Leicester,E06000016,Leicester,388300,127400,110.01472905744332,40.265432035184936,1.2875050212695829E-2,1.5450060255234994E-2,11.445919639086593,17.607918670882814,11.183268614747599,4.2976917609978678,1.5887811962466654,31.312122117276257,4.2899667308702503,2.865986177346092,8.7383214257674489,1.4239805535241588,6.2830245037955654,1.2746299710568869,1.9621576524148443,9.3395614242895544,8.1627818348491559,11.530894970490385,4.8667689803990237,1.0197039768455096,13.011525744950404,2.1218082750522727
198,E23000021,Leicestershire,E22000169,Melton,E07000133,Melton,54100,22600,56.834159698068525,22.16384222600459,0,3.7001406053430032E-2,6.660253089617405,7.7702952712203066,7.6962924591134465,2.7751054540072522,0.18500703026715015,17.057648190631244,2.331088581366092,1.295049211870051,3.0987162461266049,1.0360393694960408,2.7381040479538221,0.31451195145415528,0.33301265448087025,6.8082587138311252,4.5326722415451783,6.3272404351365346,1.4800562421372012,0.5180196847480204,4.9026863020794798,1.4245541330570561
199,E23000021,Leicestershire,E22000170,North West Leicestershire,E07000134,North West Leicestershire,111900,45000,59.223639402579529,22.988711219956919,8.9380681259552553E-3,1.7876136251910511E-2,6.3102760969244107,8.2945272208864775,8.357093697768164,2.7886772552980399,0.27708011190461296,17.062772052448583,3.0210670265728763,2.100446009599485,5.2246603970741905,0.92062101697339138,4.1115113379394179,0.42902727004585228,0.31283238440843397,4.5226624717333594,4.6656715617486437,6.4800993913175606,1.2066391970039596,0.36646079316416552,6.0510721212717078,2.0021272602139772
200,E23000021,Leicestershire,E22000171,Oadby and Wigston,E07000135,Oadby and Wigston,61700,22600,53.569981359915708,21.168652240862304,0,1.6208768943998704E-2,5.9972445092795201,7.4722424831834022,7.6829564794553855,2.560985493151795,0.29175784099197666,16.370856633438692,3.4038414782397277,2.3664802658238107,6.4536091588206688,1.0373612124159171,2.4475241105438039,0.21071399627198314,0.94010859875192487,5.4785639030715618,3.8901045465596886,4.5708728422076348,1.8964259664478484,0.35659291676797145,5.2678499067995785,1.0859875192479131
201,E23000021,Leicestershire,E22000172,Rutland,E06000017,Rutland,41400,16700,42.588615689018653,16.359819511135779,0,0,5.1637188427478709,5.2119778973529911,5.9841227710349152,2.1957869845329729,9.6518109210240566E-2,13.995125835484883,2.7507661124918559,1.6408078565740896,4.07234399329261,1.1099582559177668,3.9813720049224242,0.41020196414352239,0.14477716381536088,3.064449967425138,3.6435586226865815,3.9813720049224242,1.0858287286152064,0.31368385493328188,3.2092271312404992,1.351253528943368
202,E23000021,Leicestershire,,Unassigned Leicestershire,,,[x],[x],[x],[x],[x],[x],[x],[x],[x],[x],[x],[x],[x],[x],[x],[x],[x],[x],[x],[x],[x],[x],[x],[x],[x],[x]
203,E23000020,Lincolnshire,,,,,789500,333600,67.971962072293664,28.010062039108199,8.8663486602947161E-3,4.0531879589918711E-2,8.3584335441835496,11.136133917330165,8.4660963493442694,3.5414729791691473,0.65484317962462413,19.508500295122747,2.9613604525384356,1.9404637353673582,4.5926703140223335,1.0208967171710774,2.6662377042743399,0.14186157856471546,0.71437437777231727,8.3660332716066588,4.6586329103662818,6.8587539993565558,1.4743471200832932,0.55731334436138225,5.1488153291568608,2.2178537863108643
204,E23000020,Lincolnshire,E22000173,Boston,E07000136,Boston,71100,29400,88.407428249859308,34.158694428812609,0,0.12661789532920653,9.8480585256049515,14.659538548114799,9.5244794597636471,4.0236353404614515,1.3224535734383793,28.474957794034889,5.0365785030951047,3.4186831738885761,8.2639006971603468,1.6178953292065277,3.109172763083849,0.36578503095104109,2.2509848058525606,12.380416432189083,5.3320202588632526,8.3989870568373668,2.3353967360720316,0.84411930219471021,5.8103545301069222,3.0388294879009567
205,E23000020,Lincolnshire,E22000174,East Lindsey,E07000137,East Lindsey,145200,64800,71.041375367639461,31.622159619239163,2.0663576314031255E-2,6.1990728942093773E-2,10.228470275445472,12.246612895449191,9.0644221430883789,3.6918923014402512,0.47526225522271892,18.976050915052038,3.2372936225315638,2.114572642802532,4.739995059288538,1.1227209797290316,2.3074326884001573,0.17908432805493754,0.26862649208240635,7.1771488397401901,5.8064649442427827,7.3011302976243773,1.4602260595248755,0.61990728942093765,4.7181832583704706,2.176563371744626
206,E23000020,Lincolnshire,E22000175,Lincoln,E07000138,Lincoln,105100,42500,116.60673173887398,43.276823258557378,0,9.5134806020130535E-3,12.377038263218981,19.169663413056302,11.720608101680082,5.9744658180641972,1.6077782217402059,37.473600091329409,2.9682059478280722,1.9407500428106628,4.8013556768970069,1.0274559050174095,3.3677721331126205,0.29491789866240464,1.9026961204026105,22.432787259546778,6.5072207317769282,10.521909545826436,2.5496128013394981,1.0750233080274749,11.235420590977416,2.8920981030119681
207,E23000020,Lincolnshire,E22000176,North Kesteven,E07000139,North Kesteven,122500,51000,39.079596302707643,17.522944769245843,8.1653983081294707E-3,4.8992389848776824E-2,5.1768625273540838,6.0750563412483265,6.2138681124865274,2.3761309076656758,0.23679655093575463,9.7331547832903293,1.8453800176372603,1.1594865597543849,2.7845867241886459,0.68589345788287548,1.371786915765751,6.5323186465035765E-2,0.22046575431949572,3.1436783486298463,3.0865205604729398,3.7315870268151681,0.87369761896985332,0.22863115262762518,2.8823856027697028,1.4942678903876931
208,E23000020,Lincolnshire,E22000177,South Holland,E07000140,South Holland,99300,40700,60.494672601663673,27.211021370017523,0,2.0141392575882697E-2,8.1169812080807269,10.67493806521783,8.398960704143084,2.8701484420632841,0.36254506636588851,15.649862031460856,3.2024814195653488,2.1047755241797419,5.1346305031446535,1.0977058953856071,3.3434711675965274,4.0282785151765393E-2,0.46325202924530201,4.2095510483594838,4.3908235815424286,6.5761646760257007,1.1077765916735482,0.46325202924530201,4.320328707526838,1.9335736872847389
209,E23000020,Lincolnshire,E22000178,South Kesteven,E07000141,South Kesteven,147200,62900,52.884452025470438,21.372603652030904,1.3591480859797079E-2,1.3591480859797079E-2,6.3676087828149308,8.3315777670556095,6.6462341404407717,2.8066407975480971,0.44172312794340507,15.317598928991307,2.0998837928386487,1.2640077199611284,2.9590976343128053,0.83587607287752042,3.051287453024444,8.8344625588681017E-2,0.44172312794340507,5.7899708462735555,3.8463890833225731,5.2259243905919774,1.1892545752322445,0.34658276192482557,4.2065633261071955,1.9775604651004752
210,E23000020,Lincolnshire,,Unassigned Lincolnshire,,,[x],[x],[x],[x],[x],[x],[x],[x],[x],[x],[x],[x],[x],[x],[x],[x],[x],[x],[x],[x],[x],[x],[x],[x],[x],[x]
211,E23000020,Lincolnshire,E22000179,West Lindsey,E07000142,West Lindsey,99200,42400,62.041367631642608,25.512055479396825,1.0079832271591002E-2,3.0239496814773004E-2,7.378437222804612,9.3238448512216756,8.7694540762841715,3.4573824691557133,0.55439077493750499,16.641803080396741,3.4775421336988952,2.4292395774534312,5.6895981868832335,1.048302556245464,2.4393194097250221,4.0319329086364007E-2,0.27215547133295703,6.5216514797193774,3.8908152568341263,7.7816305136682526,1.2398193694056932,0.52415127812273199,3.8404160954761712,2.4897185710829772
212,E23000004,Merseyside,,,,,1475500,620900,93.508076020930631,37.495399992274017,6.0994577582052954E-3,2.6430983618889615E-2,8.8021952626189304,17.373288847954747,11.287385440323243,3.3777441629883547,1.0118322703333895,19.944549151802629,2.6824059785529508,1.8840547297567467,4.4776960804052477,0.79835124879620423,3.4170517796523443,0.55301750341061351,0.78615233327979361,7.0611389314156643,5.4447826254912606,8.5378854264300355,9.3619899413164394,0.90068659562831521,10.352135250731765,2.5258532294256817
213,E23000004,Merseyside,E22000181,Knowsley,E08000011,Knowsley,162600,66100,81.84418540276198,35.444283824931567,6.1513855996063113E-3,2.4605542398425245E-2,7.6215667579122197,16.516470334942948,11.275489804078369,2.5466736382370128,0.60898717436102479,13.637621874327193,1.9253836926767753,1.187217420724018,2.9217191213648817,0.7381662719527573,2.0422600190692952,0.14763325439055147,0.44289976317165441,4.650447513302371,4.4289976317165438,9.177867314612616,8.1997970042752133,0.88579952634330883,8.9441146618275766,2.3990403838464616
214,E23000004,Merseyside,E22000182,Liverpool,E08000012,Liverpool,509000,207500,124.08809319378106,45.608602623776676,5.8943612575423267E-3,3.3401380459406514E-2,11.279842659850166,21.974178768117792,12.315285454091768,4.1437359640522553,1.6288084941675296,29.243890985753328,3.6545039796762424,2.4697373669102349,6.0581816779765578,1.1847666127660077,5.3147490672173312,1.1926257611093973,1.2437102253414309,10.083287324569072,7.755014627839854,10.311202626527377,15.360705437155302,1.2476397995131256,13.285890274500403,3.2576169883350592
215,E23000004,Merseyside,E22000183,Sefton,E08000014,Sefton,286300,123100,75.520205672049499,32.6916561001254,6.9861429853884816E-3,1.7465357463471203E-2,7.583458210639197,14.824595414994359,10.259150974042985,2.9481523398339395,0.75450344242195611,15.414924497259685,2.1133082530800156,1.5718821717124085,3.6568419512908652,0.54142608136760728,2.3263856141343644,0.2480080759812911,0.60779443972879788,6.0115760389267887,4.1078520754084273,6.6228635501482804,5.7391164624966384,0.66019051211921154,8.8514431624872056,1.8373556051571709
216,E23000004,Merseyside,E22000184,St. Helens,E08000013,St. Helens,188900,81000,86.359809595416735,36.185342659416186,1.5884698270156358E-2,2.6474497116927266E-2,8.7683534451263103,16.001186057470839,11.373443961431953,3.3622611338497626,0.62479813195948342,18.124440726248405,2.4250639359105373,1.6414188212494905,3.8270187523918868,0.78364511466104703,3.2245937488417407,0.35475826136682531,0.56655423830224338,6.6609834746188996,4.8924870672081582,8.2176839050942228,7.3757948967759352,0.73599101985057791,9.3243178845817827,2.4091792376403811
217,E23000004,Merseyside,,Unassigned Merseyside,,,[x],[x],[x],[x],[x],[x],[x],[x],[x],[x],[x],[x],[x],[x],[x],[x],[x],[x],[x],[x],[x],[x],[x],[x],[x],[x]
218,E23000004,Merseyside,E22000185,Wirral,E08000015,Wirral,328900,143300,71.085190939967703,30.671414193320825,0,2.4325499508928979E-2,6.6013324292356019,13.637483162193307,10.408273102382987,2.8156765681585294,0.69935811088170818,13.625320412438844,2.1953763306808405,1.7331918400111899,3.9790575916230364,0.46218449066965062,2.210579767873921,0.14291230961495777,0.52907961431920536,4.7161062172936061,3.831266172656314,7.3219753521876223,4.9015881510491885,0.66286986161831463,8.3801345808260344,2.0068537094866405
219,E23000001,Metropolitan Police,,,,,9074600,3419000,101.04693031392482,27.449508932876014,1.0909541716599859E-2,1.8623359091973497E-2,7.1244817278950929,13.320660633359505,6.9748336708128438,3.0914776092676002,3.5727096160998388,46.370070388583557,5.325178726393653,3.6054382412496384,9.5695515226958765,1.7197404851440141,9.3455101450473155,8.8441120156480295,1.5781368376103695,9.9255892116754136,11.351543452208769,6.1040538865242366,5.976114715484111,0.78493601663980606,6.2559058914280206,1.44215325702164
220,E23000001,Metropolitan Police,E22000186,Barking and Dagenham,E09000002,Barking and Dagenham,232700,73900,84.177239663669141,31.493424190215126,0,8.5930216071528325E-3,7.871207792151993,15.484624936089402,8.128998440366578,3.1364528866107837,3.7508539315222107,25.680245072976238,3.7465574207186347,2.6380576333959191,8.3102118156594695,1.1084997873227151,8.4684227938491148,2.7927320223246705,0.51987780723274635,3.9055283204509621,6.2471267084001081,6.0151151250069823,6.6467022131327145,0.78626147705448401,5.3104873532204495,1.3576974139301472
221,E23000001,Metropolitan Police,E22000187,Barnet,E09000003,Barnet,405100,149000,67.811381310949272,19.439575361066534,4.937662017034934E-3,1.2344155042587335E-2,4.4340204912973702,9.3198370571534372,5.6684359955561039,2.0071596099247007,1.9479076657202814,29.166769534625356,5.006789285273423,4.043945191951611,10.996831193941672,0.96284409332181209,8.3718059498827309,2.1701024564868536,0.41970127144796937,7.3768670534501908,5.821503518084187,4.4389581533144051,5.0931983705715345,0.45920256758424882,4.3377360819651898,0.92087396617701511
222,E23000001,Metropolitan Police,E22000188,Bexley,E09000004,Bexley,256400,95300,60.179227403542427,20.547197329527286,0,1.1698916680315403E-2,5.6427774788054634,9.0627607883509995,5.8299601456905092,2.2149948914730495,1.3102786681953251,19.845262328708362,2.9598259201197967,2.1837977803255417,5.8763654679580677,0.77602813979425511,6.1575298127393401,0.78382741758113195,0.26517544475381577,5.3659031173713316,4.3130006161429444,6.2433218683949869,4.0205276991350605,0.49135450057324698,4.4260901440526608,1.0801999734824554
223,E23000001,Metropolitan Police,E22000189,Brent,E09000005,Brent,353000,118600,89.320520375322971,27.76109423870178,2.2664430442862971E-2,5.6661076107157428E-3,7.5585875526948012,14.114274058292915,6.0599020896604872,2.5440823172113682,3.7028013236027379,33.922986265355149,4.6773718326458456,3.3996645664294456,10.118214472419433,1.2777072662164,7.4311001314536966,5.2184851094691993,0.72809482797697289,7.5755858755269481,8.2923484882824887,5.4819591133674814,7.8872217941163143,0.8329178187752142,6.011740174969403,1.1757173292235166
224,E23000001,Metropolitan Police,E22000190,Bromley,E09000006,Bromley,335300,135800,69.059611891959591,20.136049552813887,0,2.9822348271347582E-2,5.2397865912757702,9.2151056158464026,5.651334997420367,2.2486050596596079,1.9414348724647275,28.396840023977166,3.6621843677214834,2.5945442996072394,6.4050651549731281,1.0676400681142435,9.4685955761528575,1.5805844583814219,0.42049511062600092,7.9208157008699169,5.3441648102254868,6.1672616225146797,3.5995574363516534,0.5636423823284693,4.9415631085622937,1.0646578332871086
225,E23000001,Metropolitan Police,E22000191,Camden,E09000007,Camden,216900,92700,173.25749159917584,34.345427139847793,2.7657034336208128E-2,4.1485551504312199E-2,8.827203458973095,17.423931631811122,8.0251494632230589,4.3790304365662873,6.4533080117818962,99.786579885038933,9.6845715233955474,5.098113329307699,11.925042589437821,4.5864581940878484,10.094817532715968,27.772271979275661,3.8166707383967218,18.751469279949113,29.666778831305919,7.7485791198609775,7.4535707536080906,0.82510152436354245,11.030547194424342,1.235347533683963
226,E23000001,Metropolitan Police,E22000193,Croydon,E09000008,Croydon,409300,152900,80.372891127712279,27.446487289357066,1.2214725095397002E-2,9.7717800763176023E-3,7.2018019162460725,13.465512945165656,6.7571859227736217,3.0243659336202979,2.6921254110254993,28.003478753707167,4.2678249483317128,3.068338943963727,8.2125319576034563,1.1994860043679856,8.0885909581718956,1.8028934240805976,0.42018654328165689,7.323949167200043,6.1000337126412632,6.1293490528702161,5.5503710833483977,0.76464179097185236,5.4795256777950963,1.2825461350166854
227,E23000001,Metropolitan Police,E22000194,Ealing,E09000009,Ealing,386000,133700,80.508309908416138,26.283404795523143,5.1815485057709497E-3,1.2953871264427375E-2,6.6764252496858685,13.220721012474579,6.3681231135924969,2.6477712864489553,2.2695182455276757,31.239555941293055,4.4224516496755051,3.1996062023135616,9.2393093335727325,1.2228454473619441,10.262056815679367,3.0752490381750586,0.81091234115315358,6.0209593637058436,6.6479267329041285,5.4406259310594969,5.5416661269220304,0.63473969195694135,5.4717152220941232,0.97931266759070945
228,E23000001,Metropolitan Police,E22000195,Enfield,E09000010,Enfield,327400,120900,85.229389739611648,25.867808474379569,9.1621517618817837E-3,3.0540505872939279E-2,6.5936952179675901,12.292553613858059,6.9418569849190979,2.8066724897231197,3.0723748908176916,34.501609484659504,5.8546149758424599,4.57191372917901,12.382236412211846,1.2827012466634498,10.435690856783351,3.6709688059273011,0.54972910571290712,6.4684791438885387,7.5221265965049451,5.7507772558744659,6.1844524392702045,0.76351264682348197,4.7459946126547639,1.5361874454088458
229,E23000001,Metropolitan Police,E22000196,Greenwich,E09000011,Greenwich,299500,114000,90.258673646537218,30.210865094415212,1.0015758126118426E-2,6.6771720840789516E-3,8.6202291605459251,13.754974493202639,7.8189685104564521,3.1082236051387517,2.827782377607436,32.791592104911729,4.5705242915520419,3.4721294837210546,9.1194472211992075,1.0983948078309873,7.8690473010870434,2.6408215592532249,0.82129216634171098,8.9440720066237542,7.9458347800539508,6.3266205496648054,6.0695494244277661,0.77789054779519784,6.6704949119948722,1.4756550305814482
230,E23000001,Metropolitan Police,E22000197,Hackney,E09000012,Hackney,266800,106100,116.51009529236237,29.967236221594106,1.8743580323739118E-2,1.4994864258991296E-2,7.9697703536538729,14.923638653761087,7.0400887695964132,3.3963367546615282,5.9117252341073181,53.059327180440704,6.9163811394597348,4.8283462913951967,12.13971988161888,2.0880348480645377,6.7851760771935608,15.527181940185486,4.0111261892801719,8.6557853935027254,11.163676440819019,6.0504277285029877,8.1384625765675249,1.1508558318775819,7.606144895373335,1.2295788692372862
231,E23000001,Metropolitan Police,E22000198,Hammersmith and Fulham,E09000013,Hammersmith and Fulham,188700,81200,107.03440088612358,30.84473228150323,1.5899346536857335E-2,1.5899346536857335E-2,7.6793843773020933,15.931145229931051,7.2024039811963725,3.7204470896246162,3.12157170340299,45.737120204359599,6.190145585016456,4.3140226936672903,10.019201417950864,1.8761228913491654,8.1086667337972411,4.4995150699306254,2.8035847726658432,12.390890734390817,11.744317308558619,6.0682505949005501,7.0964083376173237,0.84266536645343881,8.1563647734078124,1.4468405348540174
232,E23000001,Metropolitan Police,E22000199,Haringey,E09000014,Haringey,263900,105100,104.57456888383551,29.444760280462383,3.79003221527383E-3,1.8950161076369147E-2,7.5535342050407426,14.891036573810878,6.9774493083191205,3.3807087360242565,5.0104225885920028,45.078643168466932,5.2454045859389806,4.0477544059124497,10.161073953209588,1.1976501800265302,11.27155580822437,7.9893879097972329,1.0233086981239341,10.680310782641653,8.8686753837407633,6.0261512222853897,7.3299223043395862,1.087739245783589,5.9920409323479253,1.2241804055334469
233,E23000001,Metropolitan Police,E22000200,Harrow,E09000015,Harrow,270700,89600,59.499711883689663,18.812517545544541,0,2.5856591953428584E-2,4.4990469998965743,9.3748614825431069,4.912752471151431,1.7213102643282456,2.0722211551247769,24.792777884487524,4.4399462182887373,3.5903724826760834,10.844099337305041,0.84957373561265337,6.2462138561782474,3.523884103367267,0.36199228734800015,5.4372719079209819,4.7834695113842889,3.7418182355461651,3.5423530976197162,0.41001167240436753,3.5423530976197162,0.86434893101461263
234,E23000001,Metropolitan Police,E22000201,Havering,E09000016,Havering,276300,101300,68.319856374468827,22.430630461064016,7.2391900794139159E-3,3.619595039706958E-3,5.9433750551988247,10.116768135980948,6.3596284847651248,2.0704083627123797,2.2875840650947974,25.15980512100306,3.1454280895053461,2.2224313543800722,6.0624012638230642,0.92299673512527414,7.3152015752477615,1.4080224704460065,0.37643788412952356,7.6771610792184575,5.237554022455968,4.9552256093588252,5.0203783200735499,0.63704872698842452,4.571548535149887,1.1872271730238819
235,E23000001,Metropolitan Police,E22000202,Hillingdon,E09000017,Hillingdon,329200,109200,91.614137946747277,26.498777283290551,1.2151221957258077E-2,3.3415860382459715E-2,6.6254537721949669,13.339003903580053,6.4887525251758129,2.8919908258274223,2.1598797029026233,36.696690310919394,4.113188632531859,2.8828774093594789,8.6899191443771908,1.2303112231723803,10.532071631453439,3.0499567112717769,0.68958184607439588,8.8005225025441618,9.5113689870437597,5.9510609535671426,4.8635265883925456,0.58933426492701668,6.0057414523748047,5.9571365645457721
236,E23000001,Metropolitan Police,E22000203,Hounslow,E09000018,Hounslow,299400,103000,87.391124291973924,29.25951159559688,1.3358982579886715E-2,2.3378219514801755E-2,7.3875173666773541,14.945361761248263,6.8898952655765742,2.64507855081757,2.1140589932670726,33.647937373089668,4.5387143315165117,3.359784118841509,9.7714491078453278,1.1789302126750028,8.850325959174949,2.8454632895158705,1.4494496099177085,8.850325959174949,7.1136582237896757,6.2987602864165861,4.9094260981083684,0.67462862028427917,6.5125040076947744,1.3292187666987283
237,E23000001,Metropolitan Police,E22000204,Islington,E09000019,Islington,223000,96500,131.21457780328575,32.117619628380801,4.4838223688930335E-3,3.1386756582251235E-2,8.6492933495946627,14.810065284453691,8.6223904153813038,3.2821579740297011,5.6541000071741161,62.275808881555349,7.0216658296864916,4.34482387545735,10.042283298097251,2.6768419542291411,7.824270033718344,14.263038955448742,3.2014491713896263,14.092653705430806,15.872731185881339,6.7481526651840156,9.3442858167730822,1.0671497237965422,9.3173828825597234,1.4079202238324127
238,E23000001,Metropolitan Police,E22000205,Kensington and Chelsea,E09000020,Kensington and Chelsea,144500,66900,145.8019070288822,31.829945058747004,2.7678213094562615E-2,4.8436872915484576E-2,7.7775778795720951,16.288628406150099,7.6876236870147663,4.0963755379952671,4.2278470501944394,79.623299519783004,8.2896248218215032,5.2796191477878187,11.405934673742433,3.0100056740336845,14.544900981192654,12.842690875877054,2.1865788344704464,22.384754840227515,19.37474916619383,6.8641968474515282,8.4072572274733943,1.0379329910460982,8.6148438256826143,1.1002089705088638
239,E23000001,Metropolitan Police,E22000206,Kingston upon Thames,E09000021,Kingston upon Thames,172700,65600,66.783637921849305,20.811618372593983,0,5.7906561971602629E-3,5.5358673244852099,9.9251847219326894,5.3447756699789215,2.4204942904129898,1.4013387997127835,26.810738192852014,3.4164871563245547,2.5420980705533553,6.6899315767818228,0.87438908577119956,5.9412132582864299,2.20624001111806,1.4187107683042643,8.5991244527829895,5.2289625460357172,4.7367567692770942,4.1924350867440303,0.57327496351886598,4.910476455191902,0.92650499154564192
240,E23000001,Metropolitan Police,E22000207,Lambeth,E09000022,Lambeth,316900,134700,114.36009087466869,30.247381042534393,1.8932222642938281E-2,2.5242963523917708E-2,8.6804240817872014,14.745046068408431,6.7777357061719048,3.8905717531238166,5.5218982708569984,52.783036728511931,5.3988388236778997,3.6412974883251295,8.5678224070086859,1.7575413353527702,7.393032942067399,14.672472548277167,2.587403761201565,9.5449955824813824,13.186293070806514,6.6515208885523158,6.1119525432285755,1.0854474315284615,6.6452101476713361,1.4230720686608607
241,E23000001,Metropolitan Police,E22000208,Lewisham,E09000023,Lewisham,301300,122400,94.239099765978978,32.152163449569301,3.3194469801331096E-2,1.6597234900665548E-2,8.975784634279929,14.499344409221424,8.6272427013659509,3.4655026472589667,3.2796136163715128,33.247580953013227,4.8297953560936753,3.900350201656404,9.5991242330912456,0.92944515443727083,8.1060895254850536,3.8903918607160044,0.9725979651790011,7.6314086073260192,7.817297638213474,6.4961577401204957,6.1044629964647887,1.1883620188876534,6.9210469535775339,1.3842093907155069
242,E23000001,Metropolitan Police,E22000209,Merton,E09000024,Merton,218500,81800,59.266309445911254,19.589180878470206,1.3727526894513108E-2,2.7455053789026216E-2,5.1890051661259546,9.3392941305670849,5.0196990010936258,2.4755306833105304,1.6381515427452309,22.31180704588197,3.3266373507703433,2.5624716869757802,6.8497339612256134,0.76416566379456297,5.7152270304156234,1.3498734779604555,0.9700785672122596,5.7564096110991629,5.1935810084241263,4.4705979253131023,3.3449407199630272,0.54910107578052425,3.9260726918307491,0.96092688261591752
243,E23000001,Metropolitan Police,E22000210,Newham,E09000025,Newham,374500,115500,104.01764377621669,28.948822902732278,5.3401259735717166E-3,1.3350314933929292E-2,7.454815859106116,14.10594275918969,7.3693738435289688,2.9797902932530178,4.5898382742848902,47.398958141422561,4.0958766217295066,2.5579203413408522,8.2931516573318209,1.5379562803886544,10.634860876368073,9.7670904056626693,1.3243512414457859,10.832445537390228,10.744333458826294,5.2760444618888558,6.878082253960371,0.84640996681111702,5.6685437209463769,1.43115376091722
244,E23000001,Metropolitan Police,E22000211,Redbridge,E09000026,Redbridge,321200,103700,74.264314465291335,26.068467862690714,9.3390737506654081E-3,1.5565122917775681E-2,6.440847863375577,13.02489485759469,6.5778209450520029,2.3503335605841276,2.7145574368600789,28.505966111614384,3.3869707469079882,2.2507167739103635,6.971429673413108,1.1362539729976249,8.0845248434926891,3.5799782710884065,0.51364905628659752,6.6587595842244367,6.2820836096142649,4.5325637936562782,3.965993319449244,0.56968349879058999,4.3862516382291874,1.1704972434167311
245,E23000001,Metropolitan Police,E22000212,Richmond upon Thames,E09000027,Richmond upon Thames,196700,80700,57.286529250856724,15.09574024547738,5.0844527603494038E-3,1.5253358281048211E-2,3.7269038733361128,6.9148557540751892,4.4336428070246798,1.78972737164299,1.321957717690845,25.747668778409381,4.3421226573383906,3.2082896917804735,7.8196644112325568,1.1338329655579171,7.6063413294827074,1.2304375680045558,1.7693895606015924,5.674249280549934,5.1251283824321989,5.3437598511272233,2.8422090930353163,0.28472935457956661,4.1234911886433663,0.73724565025066346
246,E23000001,Metropolitan Police,E22000213,Southwark,E09000028,Southwark,314800,130800,120.75822940029099,28.533670493605179,2.8590852198001181E-2,2.2237329487334253E-2,7.7957723659883227,13.552063941852561,7.1350060040789609,3.6977502176081529,6.0930282795295856,61.581518873139217,7.2652532196476338,4.7174906126701952,11.351562081960571,2.5477626069774386,7.1635968562769632,20.518701594098847,3.2053522075314658,8.1960442967603377,15.232570698823963,5.7435845304429041,6.2963410062709269,1.1118664743667126,6.4297649831949331,1.2707045421333858
247,E23000001,Metropolitan Police,E22000214,Sutton,E09000029,Sutton,214500,82400,60.254049644563572,21.745717282368023,0,4.6614613681389113E-3,5.5005244144039152,10.325136930427689,5.9153944761682782,2.1489336907120382,1.3005477217107562,21.093112690828576,3.7851066309287962,3.0019811210814589,7.820279295689132,0.7831255098473372,5.4212795711455541,0.98356834867731036,0.37291690945111294,6.4188323039272808,4.1114089266985197,4.414403915627549,3.1558093462300434,0.49877636639086353,4.8945344365458574,1.0022141941498661
248,E23000001,Metropolitan Police,E22000215,Tower Hamlets,E09000030,Tower Hamlets,331900,120600,106.59383041164737,31.339074260438824,6.0261656110833246E-3,2.4104662444333298E-2,7.9153685301579459,15.188950422735518,8.2046244794899454,3.6970526023996189,3.7633404241215356,43.99703512651935,6.664939165858156,3.9682300548983687,10.924655545693595,2.6967091109597874,7.1982548224390301,7.6411779948536545,2.7298530218207455,8.852437282681402,10.910372838866358,5.7821059038344496,8.1202581609347799,0.92200333849574856,7.556811676298488,1.4161489186045813
249,E23000001,Metropolitan Police,,Unassigned Metropolitan police,,,[x],[x],[x],[x],[x],[x],[x],[x],[x],[x],[x],[x],[x],[x],[x],[x],[x],[x],[x],[x],[x],[x],[x],[x],[x],[x]
250,E23000001,Metropolitan Police,E22000216,Waltham Forest,E09000031,Waltham Forest,279700,102900,80.203905811530106,22.810711489720703,1.0724358951443677E-2,1.429914526859157E-2,5.4944465694563114,10.781555532518043,6.5096858835263127,2.4487286272463065,2.8419551221325747,34.028390952930792,4.4506089648491258,2.7919081136925037,7.5887868629451489,1.6587008511566221,8.4901175032262444,5.0261495619099366,1.2440256383674666,7.3140128048845874,7.5034764796934263,5.294258535696029,6.1200341749571923,0.60413888759799383,5.0618974250814155,0.99379059616711418
251,E23000001,Metropolitan Police,E22000217,Wandsworth,E09000032,Wandsworth,337700,137400,76.4211991529816,22.084672224607957,8.8848084583376535E-3,2.073121973612119E-2,5.8669351853222969,10.940160815033096,5.2479601960581066,2.5765944529179192,2.2804341709733307,33.765233744502531,4.5371755193910941,3.1718766196265422,7.7956676177720841,1.3652988997645525,8.0851756970872621,3.7553123750573811,1.8095393226814351,7.6587048910870559,7.9193259391982931,4.6112155898772418,4.1758599754186969,0.63378300336141913,5.1976129481275271,1.0957930431949772
252,E23000001,Metropolitan Police,E22000192,Westminster,E09000033,Westminster,210000,94800,355.47819958475401,52.881959656374406,1.4285986399740947E-2,2.3809977332901577E-2,14.743137964532659,27.800529533895883,10.300196194213223,7.6334787329282454,14.524086173069962,235.27591001733367,12.762147850435246,5.6620126097639956,12.543384920509331,7.1001352406712508,14.452656241071258,92.549381892988436,4.3191298881883462,36.910226861464032,74.282367283186346,10.785919731804416,14.047886626411932,1.8381302501000021,16.228880550105714,2.2619478466256502
253,E23000024,Norfolk,,,,,940400,404400,61.48077489554521,26.181490260634501,4.2536945996156789E-3,4.1473522346252865E-2,8.2436601340551849,11.814636750432548,6.0774661592009007,3.5677863454276504,0.46365271135810898,15.148469892881335,1.9598897867729239,1.2686644143353762,2.9502975027574032,0.69122537243754778,1.5919452039061677,0.39878386871396987,0.81883621042601817,6.1104322923479231,4.2685825307143332,6.2688824161836063,2.1396083836066864,0.87413424022102193,4.9130172625561093,1.9237333826761907
254,E23000024,Norfolk,E22000218,Breckland,E07000143,Breckland,146600,60300,49.099713545218933,21.572773155094801,0,3.410175965079798E-2,6.7657891147183191,9.3370617923884875,5.4358204883371979,3.1373618878734142,0.1705087982539899,10.687491474560089,1.3981721456827172,0.82526258354931115,2.0051039008384977,0.57290956213340605,1.4527349611239939,0.10912563088255353,0.34783794843813942,3.8466784886100123,3.5329422998226709,5.1084435956895371,1.7664711499113355,0.81844223161915153,3.8534988405401718,1.9847224116764424
255,E23000024,Norfolk,E22000219,Broadland,E07000144,Broadland,138200,57800,34.8444161352664,16.075913634488298,7.2381421136822601E-3,5.066699479577582E-2,4.8423170740534323,6.832806155316054,4.3428852682093559,2.453730176538286,0.10133398959155164,7.0427122766128392,1.2160078750986196,0.77448120616400185,1.85255722151044,0.44152666893461784,0.60800393754930981,0.13028655804628067,0.1809535528420565,2.5188734555614265,2.3885868975151459,4.154693573253617,0.72381421136822599,0.34743082145674847,2.78668471376767,1.1581027381891615
256,E23000024,Norfolk,E22000220,Great Yarmouth,E07000145,Great Yarmouth,100500,44500,96.12151717414875,43.082095713674661,0,1.9894756736861998E-2,13.717434770066349,20.232967601388655,9.1117985854827968,4.2276358065831747,0.88531667479035903,22.421390842443476,3.3224243750559541,2.6658974027395081,6.0162528622098499,0.65652697231644608,2.9643187537924378,0.85547453968506604,0.79579026947448006,7.1123755334281649,7.3710073710073711,10.623800097484308,3.3323717534243853,1.512001512001512,7.5799023167444215,2.4570024570024569
257,E23000024,Norfolk,E22000221,King's Lynn and West Norfolk,E07000146,King's Lynn and West Norfolk,156200,67500,57.328143605239241,25.203897417512771,0,2.5607210990614956E-2,8.2967363609592457,11.145538583665159,5.7360152618977507,2.9256238556777587,0.24967030715849581,13.475794783811121,1.8373173885766232,1.1587262973253267,2.6823954829052861,0.67859109125129635,1.2867623522784017,0.33289374287799445,0.64018027476537398,5.147049409113607,4.2315916161991218,5.8448459086078639,2.3558634111365757,0.80022534345671736,4.6669142030395756,1.8053083748383545
258,E23000024,Norfolk,E22000222,North Norfolk,E07000147,North Norfolk,103200,48400,41.960142224633543,19.609172907563678,9.6883265353575488E-3,8.7194938818217924E-2,6.3361655541238369,8.2835191877307039,4.8926049003555621,3.0421345321022701,0.21314318377786606,8.3028958408014191,1.201352490384336,0.600676245192168,1.2813094155575762,0.600676245192168,0.71693616361645851,0.19376653070715094,0.14532489803036322,2.9161862871426218,3.1293294709204882,4.3209936347694669,1.0947808984954028,0.54254628598002264,3.313407675092281,1.5210672660511351
259,E23000024,Norfolk,E22000223,Norwich,E07000148,Norwich,147200,64500,108.86521449633786,40.140778084276612,1.3588618173417945E-2,4.076585452025383E-2,12.807272628446412,19.31622073351361,7.9629302496229162,5.9314318326969335,1.4811593809025558,33.652212906469536,3.0778220162791645,1.936378089712057,4.4210722263588975,1.1414439265671072,3.0574390890190375,1.0938837629601446,2.8943756709380226,17.257545080240789,6.2711472870323819,9.9128969575083907,4.409506597274123,1.6034569444633175,9.1587286488836952,2.5750431438627008
260,E23000024,Norfolk,E22000224,South Norfolk,E07000149,South Norfolk,148400,61400,41.711575770640223,18.639523604225051,0,3.3681827980168146E-2,5.5507652511317094,8.4069842638499672,4.6480922612632032,2.9505281310627294,0.16840913990084069,9.329866350506574,1.7110368613925415,1.104763957749515,2.6715754149901443,0.60627290364302655,1.0845548609614142,0.14146367751670619,0.45807286053028667,2.9505281310627294,2.984209959042897,4.3045376158654882,1.0104548394050441,0.53890924768269033,3.0583099805992671,1.7110368613925415
261,E23000024,Norfolk,,Unassigned Norfolk,,,[x],[x],[x],[x],[x],[x],[x],[x],[x],[x],[x],[x],[x],[x],[x],[x],[x],[x],[x],[x],[x],[x],[x],[x],[x],[x]
262,W15000001,North Wales,,,,,697100,301400,75.217144947390324,34.254032691880106,4.3034506501796691E-3,2.4386220351018124E-2,7.8896595253293933,14.030683603135781,12.304999892413734,3.7038365262546353,0.2653794567610796,16.769112700200107,2.2693529761947455,1.56071810246516,3.6098926985938671,0.70863487372958556,1.7199457765218076,0.15205525630634831,0.43464851566814655,7.2341005429520235,4.9590096325570387,7.6931352789711882,2.9449947282729534,0.80761423868371784,6.6086657151259125,2.1703736112406129
263,W15000001,North Wales,W14000003,Conwy,W06000003,Conwy,114900,52200,81.912421338486041,38.880330051962297,8.7039019592483301E-3,2.6111705877744994E-2,9.0520580376182647,16.633156644123559,13.160299762383476,4.3606548815834145,0.30463656857369159,16.493894212775587,2.4719081564265259,1.5841101565831961,3.4842538527807023,0.88779799984332974,1.5405906467869546,0.21759754898120826,0.44389899992166487,6.5801498811917378,5.2397489794674961,7.7464727437310144,3.2726671366773723,0.93131750963957138,7.7029532339347728,2.2194949996083242
264,W15000001,North Wales,W14000004,Denbighshire,W06000004,Denbighshire,98200,42400,94.712938636687639,44.713956945887048,2.0366183988106148E-2,7.1281643958371513E-2,10.60059876580925,19.612635180546221,14.409075171585101,4.4500112014011934,0.26476039184537992,20.620761287957475,2.5661391825013746,1.7514918229771288,4.0574650279540467,0.81464735952424594,1.7107594550009166,0.27494348383943301,0.78409808354208677,9.3480784505407222,5.9367426325329422,8.706543654915377,3.67609620985316,1.1506893953279975,8.0650088592900353,3.0651106902099752
265,W15000001,North Wales,W14000005,Flintshire,W06000005,Flintshire,155900,66900,63.470779574893982,28.87076802658677,0,1.2831452456260786E-2,6.0628612855832209,11.516228579494054,11.278846709053232,2.9512340649399809,0.27587622780960691,15.346417137687901,2.155684012651812,1.4563698537855991,3.3920086070350557,0.69931415886621284,1.6167630094888592,5.7741536053173538E-2,0.35286494254717166,6.7621754444494346,4.4011881924974494,6.0821084642676135,2.2326727273893767,0.57741536053173537,5.3058055906638346,1.8284819750171621
266,W15000001,North Wales,W14000002,Gwynedd,W06000002,Gwynedd,120800,51100,69.694486520490344,30.907269913006051,0,2.4831764793523878E-2,7.2674298295713209,12.059960434721429,11.555047883919777,3.7082102091662321,0.29798117752228653,14.915613385976675,1.9286003989636877,1.2829745143320668,3.0324966251247236,0.64562588463162085,1.390578828437337,0.18209960848584175,0.28970392259111188,6.0258415898951272,5.0987890376035692,7.4412521831259877,3.1122478541216592,0.81944823818628798,6.4065953167291596,2.0858682426560056
267,W15000001,North Wales,W14000001,Isle of Anglesey,W06000001,Isle of Anglesey,69100,30800,56.543699437023314,27.931748122205015,0,0,6.237608000347338,10.724054589924309,10.970085531933369,3.1839298377643024,7.2362041767370516E-2,10.37671678944093,1.5919649188821512,1.1288478515709799,2.5309883834122915,0.46311706731117125,1.1867374849848762,5.7889633413896406E-2,0.23155853365558562,3.8930778470845331,3.415488371419888,5.6008220327944773,2.2287508864350114,0.60784115084591228,5.0219256986555134,1.5196028771147807
268,W15000001,North Wales,,Unassigned North Wales,,,[x],[x],[x],[x],[x],[x],[x],[x],[x],[x],[x],[x],[x],[x],[x],[x],[x],[x],[x],[x],[x],[x],[x],[x],[x],[x]
269,W15000001,North Wales,W14000006,Wrexham,W06000006,Wrexham,138200,57900,83.055445043220359,35.046475460233644,0,1.4467069333429781E-2,8.4126008173894178,14.076458461427176,12.542949112083619,3.6963362146913088,0.2893413866685956,20.680675612137872,2.6547072226843644,1.9819884986798799,4.7310713977380647,0.67271872400448485,2.5462042026836413,0.13743715866758291,0.49911389200332745,9.5337986907302259,5.3094144453687289,10.011211978733408,3.1682881840211223,0.81015588267206773,7.1033310427140224,2.249629281348331
270,E23000009,North Yorkshire ,,,,,844600,359900,52.138896552214085,21.196560147104268,3.5520992314441295E-3,7.222601770603064E-2,6.7987179289840647,9.0543009409510855,5.2677631602316435,2.656970225120209,0.47242919778206921,14.974466326691303,2.410691345073416,1.5641076949125652,3.6706680004445924,0.84658365016085091,1.8636680634310199,0.16931673003217018,0.89868110555536485,5.9687107419032861,3.6633983406960455,5.458392485652479,1.9797033049915282,0.57544007549394893,3.6752386714675263,1.1496961179107499
271,E23000009,North Yorkshire,E22000371,City of York,E06000014,York,209300,85500,65.704416127968798,24.252153596972782,4.7778080372286799E-3,9.5556160744573598E-3,7.9693838060974391,11.065403414221624,5.2030329525420331,3.0052412554168395,0.92689475922236397,21.934916698916872,2.7233505812203478,1.6770106210672666,4.107376895712413,1.046339960153081,2.4032374427260264,0.40133587512720914,2.5465716838428865,9.6225053869785615,4.2379157290218394,6.5169301627799197,2.5226826436567431,0.65933750913755784,4.8303639256381956,1.0558955762275384
272,E23000009,North Yorkshire,E22000372,North Yorkshire,E06000065,North Yorkshire,635300,274400,47.365687030711356,20.049742629118331,3.1482676657169392E-3,1.4167204495726227E-2,6.3909833614053868,8.3696695893084829,5.2717742062430144,2.5154658649078341,0.32112330190312782,12.643442945519228,2.2982353959733657,1.5237615502069988,3.5273882750779815,0.77447384576636702,1.6780266658271286,9.2873896138649714E-2,0.34945771089458022,4.7570324428982946,3.4678168337872086,5.0938970831300079,1.7787712311300707,0.53992790467045515,3.272624238512758,1.1506918318195414
273,E23000009,North Yorkshire,,Unassigned North Yorkshire,,,[x],[x],[x],[x],[x],[x],[x],[x],[x],[x],[x],[x],[x],[x],[x],[x],[x],[x],[x],[x],[x],[x],[x],[x],[x],[x]
274,E23000022,Northamptonshire,,,,,813700,321500,70.350579218908607,27.653309278071777,8.6028694256478581E-3,9.8318507721689794E-3,8.0989870735741967,10.126806295334049,9.4090811889657147,3.7717437524733253,1.3715431827175726,20.951673995492097,3.2383658480831579,2.1814418900749923,5.520342852166773,1.0569239580081653,4.3972952578525764,0.26914691488812581,0.46332596763846318,7.5447164862931713,5.0388235207366021,5.5672854997406844,3.0908880865006232,1.2191494957489535,5.0339075953505175,1.6910783328130645
275,E23000022,Northamptonshire,E22000233,Corby,E06000061,North Northamptonshire,79200,29900,75.380944565780013,30.866925048288749,1.2624509222203987E-2,0,9.5188799535418056,10.692959311206778,10.642461274317961,3.850475312772216,1.4391940513312544,21.120803928747272,2.625897918218429,1.6664352173309263,4.4182621502209134,0.95946270088750296,2.512277335218593,0.22724116599967176,0.61860095188799535,9.695623082652661,5.441163474769918,5.9461438436580778,3.6484831652169523,1.3381979775536226,5.2770448548812663,1.8936763833305981
276,E23000022,Northamptonshire,E22000357,Daventry and South Northamptonshire,E06000062,West Northamptonshire,191300,77100,39.838201401627394,16.948089616355457,0,1.0452105838023716E-2,5.0640452785224905,5.4559992474483803,6.4175929845465616,2.440566713178538,0.31878922805972332,10.567079002241977,2.4719230306926088,1.5312335052704744,3.7998158451023878,0.94068952542213435,2.7436777824812255,8.8842899623201591E-2,0.11497316421826087,1.4267124468902372,3.7209496783364431,3.3655780798436368,1.4476166585662846,0.47557081563007908,2.8481988408614627,1.4267124468902372
277,E23000022,Northamptonshire,E22000235,East Northamptonshire,E06000061,North Northamptonshire,95700,40100,57.585385226370136,21.23657037749258,0,0,6.1347769742067637,7.3366498056101328,7.7651435976756824,2.7590819781781701,0.6584172902470633,19.99289327369257,2.570962752393295,1.766230508757995,4.2182507987220452,0.80473224363529949,4.9851594832991939,0.12541281718991681,0.21947243008235442,8.5698758413109815,3.5220099494168302,5.1732787090840686,1.7348773044605159,0.8778897203294177,3.8564441285899416,1.2959324442958071
278,E23000022,Northamptonshire,E22000236,Kettering,E06000061,North Northamptonshire,110100,44200,70.083824504363776,30.051493492929861,2.7245234354424174E-2,9.0817447848080581E-3,8.7457202277701587,11.116055616605061,10.153390669415408,3.9868859605307372,1.0353189054681187,16.274486654376037,2.7245234354424173,1.8345124465312275,4.5666229597142465,0.89001098891118957,3.015139268556275,0.1907166404809692,0.22704361962020145,5.2401667408342494,4.8768969494419263,6.1937499432390952,4.0686216635940093,1.3440982281515923,5.3854746573911783,1.7436949986831471
279,E23000022,Northamptonshire,E22000237,Northampton,E06000062,West Northamptonshire,248500,95500,94.936046558427435,35.401791823296925,1.2074280976567845E-2,2.0123801627613076E-2,10.311435953988941,14.022264974120791,11.035892812583009,4.8015390683484798,2.4873018811729759,30.801490771224575,4.5882267710957807,3.2117587397670468,8.3523476586213388,1.3764680313287343,6.1095861741433302,0.52321884231794002,0.84519966835974925,12.15880094340382,6.5764583719039535,6.9869839251072596,3.9040175157569368,1.7507707416023375,6.9185629995733748,1.8835878323445838
280,E23000022,Northamptonshire,,Unassigned Northamptonshire,,,[x],[x],[x],[x],[x],[x],[x],[x],[x],[x],[x],[x],[x],[x],[x],[x],[x],[x],[x],[x],[x],[x],[x],[x],[x],[x]
281,E23000022,Northamptonshire,E22000239,Wellingborough,E06000061,North Northamptonshire,88900,34700,73.324706014741466,28.177572722669218,0,0,8.2934788724469701,10.116468800990265,9.7676250492319809,3.7472570753389975,1.6429415405390198,22.145951724525968,3.0045574748213584,2.0255443650481064,5.1853772361939328,0.97901310977325162,5.8178135373881732,0.21380746075507795,0.55139818826309572,7.6520564901817361,4.9063185731165255,5.6265121251336296,3.9610645360940757,1.3953750070331403,4.895065548866258,1.7329657345411578
282,E23000007,Northumbria,,,,,1509800,645400,90.297514453815026,32.515371149595744,7.9480252137853202E-3,4.9675157586158251E-2,10.339056132265737,11.677636045354081,10.441055789175982,3.8819479814996467,1.4306445384813575,27.810140223034836,4.3767125510577829,3.0235612584108318,7.0729904727670494,1.3531512926469507,4.1501938324649004,0.60073823907527379,0.6192836312407729,11.882960030043535,6.1802519391525683,10.084719325424606,2.8294969761075741,0.99284081628868293,8.2454138238677857,2.5069396195147862
283,E23000007,Northumbria,E22000244,Gateshead,E08000037,Gateshead,202800,89000,87.773722627737229,30.59775103570724,9.8638784770171632E-3,5.4251331623594398E-2,9.7553758137699749,10.120339317419608,10.657920694417044,3.4424935884789898,1.543696981653186,28.077530084829355,4.4732688893272838,2.8802525152890119,6.5611342673212816,1.5930163740382717,4.9516669954626158,0.55730913395146964,0.38469126060366937,11.220161767607022,6.4904320378772935,10.125271256658118,2.5547445255474455,0.94693233379364761,8.0834484119155654,2.4018544091536795
284,E23000007,Northumbria,E22000245,Newcastle upon Tyne,E08000021,Newcastle upon Tyne,320600,122800,107.38135712169181,36.630744997738645,6.2382058919854657E-3,4.6786544189890984E-2,12.342290357293242,14.045320565805275,10.190109324558255,4.5133419628514844,2.2488732240607603,35.670061290372885,4.7691084044228873,3.4559660641599477,9.0205975738826005,1.3131423402629405,5.9013427738182491,1.3661670903448169,1.1478298841253256,14.079630698211195,8.4059824394504155,10.349183574803886,4.22326538887416,1.2632366931270567,10.059107000826563,2.4235429890363531
285,E23000007,Northumbria,E22000246,North Tyneside,E08000022,North Tyneside,215000,96200,81.757935123822818,28.768747820020927,1.3951866062085804E-2,1.8602488082781074E-2,8.6734100685966755,9.8779211719567481,10.184862225322636,3.6739913963492619,1.423090338332752,26.387629345424951,3.7763050808045575,2.934542495058714,6.5572748339897533,0.84176258574584351,3.7763050808045575,0.38600162771770724,0.57667713056621328,12.41251017323567,5.4598302522962445,8.9152424136728285,2.4648296709684923,0.84176258574584351,7.329380304615742,1.9532612486920127
286,E23000007,Northumbria,E22000358,Northumberland,E06000057,Northumberland,331400,146900,69.304809607145003,26.796813710699414,0,7.5432985335827651E-2,7.9536539738096677,9.7580109830426665,9.0097157685112546,3.2798262024017864,0.43751131494780038,18.625912739122562,3.2587049665077545,2.1935912135658682,4.9484732564629645,1.0651137529418866,2.7005008750226303,0.21121235894031742,0.45259791201496591,7.4316577152857395,4.5712389113511565,8.4032345664112,2.1362621447106394,0.74829521453141024,6.6833625007543294,2.1935912135658682
287,E23000007,Northumbria,E22000247,South Tyneside,E08000023,South Tyneside,151400,68300,96.642513194137109,37.670169690804727,0,3.3026626065934359E-2,11.328132740615485,14.544926119437491,11.764084204685817,3.890536550567067,1.2682224409318794,27.022385447147489,4.3727252911297088,2.6751567113406827,5.9316324438325667,1.6975685797890259,3.183766752756072,0.32366093544615671,0.57466329354725776,12.715251035384727,5.8523181388835681,11.453633919666036,2.4241543532395817,1.1757478879472629,8.6793973301275482,3.0582655737055218
288,E23000007,Northumbria,E22000248,Sunderland,E08000024,Sunderland,288600,122200,93.57740310319258,33.537071301358949,1.3859725716028079E-2,3.8114245719077219E-2,11.247167418556787,11.139754544257569,11.098175367109485,3.9500218290680023,1.5245698287630887,28.845554146483444,5.4156878235379722,3.7490558061855954,8.8577439768159607,1.6666320173523765,4.0643645662252341,0.46083588005793363,0.4192567029098494,12.705903550168742,5.7795056235837086,11.340720567139975,2.467031177452998,0.98057559440898667,7.9797370810031669,2.9521215775139811
289,E23000007,Northumbria,,Unassigned Northumbria,,,[x],[x],[x],[x],[x],[x],[x],[x],[x],[x],[x],[x],[x],[x],[x],[x],[x],[x],[x],[x],[x],[x],[x],[x],[x],[x]
290,E23000019,Nottinghamshire,,,,,1188100,481900,85.36811184337887,29.903458492201771,1.0941932008517874E-2,2.2725551094614046E-2,9.5674570108325128,11.850112365224856,8.4522216330412689,3.742982433990691,1.5756382092265737,27.964211465461371,3.4105160383472635,2.2978057217887535,5.6652168138654631,1.1127103165585099,4.4432660825358345,0.8669376899056469,0.96457339090472938,11.827386814130243,6.4515314496376535,8.676110395677096,3.2505954936073866,1.4300263448055281,6.159466033717985,2.6656229746904696
291,E23000019,Nottinghamshire,E22000251,Ashfield,E07000170,Ashfield,129600,54500,79.65455499644986,29.458524989966968,1.5435433581329301E-2,1.5435433581329301E-2,9.5854042540054945,10.943722409162474,8.8985274596363411,3.5038434229617512,1.3274472879943198,24.920507517056151,3.5578674404964032,2.3539036211527185,5.5957142332954168,1.2039638193436852,3.6504800419843795,0.37816812274256784,0.69459451115981841,10.797085790139846,5.8423116105331401,8.0881671966165527,2.531411107338005,1.412342172691631,5.8500293273238047,2.5622819745006638
292,E23000019,Nottinghamshire,E22000252,Bassetlaw,E07000171,Bassetlaw,124900,51500,79.968304025228719,27.653937584542607,8.0040340331527082E-3,8.0040340331527082E-3,9.5007883973522649,9.4447601591201966,8.6923809600038417,2.6573392990066993,0.88844777767995076,28.062143320233396,4.2181259354714777,3.049536966631182,7.4048160457116197,1.1685889688402955,5.7709085379031029,0.52026221215492607,0.57629045038699511,11.701897756469259,5.2746584278476352,9.2206472061919218,2.1610891889512316,0.92046391381256143,4.7223800795600983,3.6818556552502457
293,E23000019,Nottinghamshire,E22000255,Mansfield,E07000174,Mansfield,113100,48000,92.418108858208555,37.122805777015685,8.8387632802418292E-3,2.6516289840725484E-2,12.011879297848644,15.140801499054252,9.9347699269918142,4.1895737948346259,1.4053633615584507,25.340734324453322,2.8195654863971433,2.0063992646148949,4.7249339133692736,0.81316622178224818,3.4647952058547968,0.6363909561774117,0.48613198041330058,11.985363008007919,5.9484876876027508,9.3514115504958539,3.6857642878608425,1.6263324435644964,6.7262988562640311,2.9698244621612542
294,E23000019,Nottinghamshire,E22000256,Newark and Sherwood,E07000175,Newark and Sherwood,127900,53400,68.443770232863642,24.967549223527204,2.3458392630936929E-2,0,8.7499804513394732,9.2582456250097742,6.9358647545470182,3.0808688988630499,0.73502963576935709,21.268942652049482,2.9244796146568035,1.8219351610027681,4.3672214724846308,1.1025444536540356,3.1199662199146112,0.328417496833117,1.1260028462849725,8.83599455765291,4.9340819167070666,8.7421609871291626,1.4544203431180895,0.92269677681685247,4.433636207247079,2.8384655083433685
295,E23000019,Nottinghamshire,E22000257,Nottingham,E06000018,Nottingham,331100,124700,124.92260108675625,41.364999682853231,1.5102226974389643E-2,3.0204453948779287E-2,13.289959737462887,17.503481063317597,10.526252201149582,5.1528798436617462,3.1050178659345105,42.413094234875871,4.648465462717132,3.0174249494830505,8.0082086142352118,1.6310405132340815,6.9107790634807005,2.0690050954913812,1.8243490185062687,16.814819513285428,10.145676081394964,11.707246350546852,5.9381956463300076,2.286477163922592,9.8738359958559485,3.0808543027754873
296,E23000019,Nottinghamshire,E22000366,South Nottinghamshire,Combined Local Authorities,,361500,149800,53.206263140422706,18.529379218767293,2.7664047803474603E-3,3.0430452583822064E-2,5.3917229168972005,7.3669359300652868,5.7375235144406327,2.7138430895208585,0.81608941020250081,17.926302976651542,2.1245988713068495,1.5657851056766625,3.7786990860355036,0.55881376563018703,2.5893548744052231,0.29877171627752569,0.44539116963594116,8.3960385083545415,4.0721478366714621,5.3723580834347686,1.7290029877171627,0.8797167201504924,3.6101582383534359,1.6294124156246543
297,E23000019,Nottinghamshire,,Unassigned Nottinghamshire,,,[x],[x],[x],[x],[x],[x],[x],[x],[x],[x],[x],[x],[x],[x],[x],[x],[x],[x],[x],[x],[x],[x],[x],[x],[x],[x]
298,W15000003,South Wales,,,,,1363600,563600,78.383732007588961,30.47095069454172,1.5400851153707094E-2,4.0335562545423344E-2,7.7700960939774601,10.762994834847873,11.882123352017254,3.4307229379543709,0.75684182812503431,20.896021520122677,2.2455907729833871,1.342074171965904,3.247173805421538,0.90351660101748288,4.2895037332396573,0.4840267505450801,0.83677957935141878,8.3047256411704353,4.7353950428327005,6.997853414698719,2.8432904725201147,0.88738237599931358,9.8250096622006655,2.275659101426339
299,W15000003,South Wales,W14000013,Bridgend,W06000013,Bridgend,147500,62400,70.100996407510337,30.719175760862196,1.3556564766488172E-2,3.3891411916220429E-2,8.3711787433064462,10.68257303599268,11.617976004880363,3.4569240154544838,0.34569240154544839,14.803768725005083,1.4912221243136987,1.0370772046363452,2.4538499783483827,0.45414491967735376,2.3927336812851623,0.27790957771300756,0.22368331864705485,6.6562733003456929,3.7619467227004675,6.2089066630515823,2.5893038703992408,0.6100454144919677,9.0896766759303205,2.2775028807700126
300,W15000003,South Wales,W14000015,Cardiff,W06000015,Cardiff,383900,147300,93.785407859470354,29.792742740005053,1.5628296593812756E-2,4.1675457583500691E-2,7.7360068139373155,11.56754419552041,10.431887976370016,3.5007384370140575,1.6722277355379651,33.246596287237672,3.4199922379460252,1.7659975151008416,4.6013831296191983,1.6539947228451835,7.4703257718424974,0.87778932535248322,2.1827520909358484,13.218934202266624,6.0768026588941932,7.9678265467455365,3.2298479627213035,1.1408656513483313,11.088276433310151,2.1462860655502856
301,W15000003,South Wales,W14000023,Cwm Taf,Combined Local Authorities,,301800,129100,76.549950963500933,33.977655260158507,2.3192938744135499E-2,5.3012431415166858E-2,8.2666260238025817,12.113340578365626,13.521483287830996,3.5385797969623876,0.41415962043099108,15.77451162297559,2.0973043178625388,1.4479020330267447,3.384474786824557,0.6494022848357941,3.5849656744506588,0.32138786545444908,0.14247090942826093,5.4205211122008112,4.207861743578869,7.110292363559255,2.4286320142073317,0.86145201049646136,9.8901317358920657,2.5545365388183527
302,W15000003,South Wales,W14000012,Neath Port Talbot,W06000012,Neath Port Talbot,143200,62400,67.267485287855408,31.225348868054926,6.9808515242689309E-3,2.7923406097075724E-2,7.6091281614531345,9.5707474397727044,14.010569009207742,3.4834449106101961,0.26527235792221937,12.048949730888175,1.4729596716207443,1.0052426194947262,2.3090614627262958,0.46771705212601833,1.9755809813681071,0.16754043658245435,0.26527235792221937,4.0558747356002485,4.1117215477943994,6.150130192880928,2.003504387465183,0.60035323108712801,9.3892453001417113,2.1012363088049479
303,W15000003,South Wales,W14000011,Swansea,W06000011,Swansea,251300,104900,74.200967752204505,29.11215102027823,7.9584885238595474E-3,2.3875465571578644E-2,7.7475885779772709,9.5700824499411077,11.762646038264412,3.4897972177124119,0.39792442619297741,18.276668895043453,1.6593448572247158,1.0942921720306877,2.6203702821424146,0.56505268519402796,3.1873746538057492,0.45761309012192403,0.53719797536051961,8.0460318976220027,4.3891064209085409,6.760736001018687,3.792219781619075,0.94706013433928637,9.1124693598191833,2.3119409161811988
304,W15000003,South Wales,,Unassigned South Wales,,,[x],[x],[x],[x],[x],[x],[x],[x],[x],[x],[x],[x],[x],[x],[x],[x],[x],[x],[x],[x],[x],[x],[x],[x],[x],[x]
305,W15000003,South Wales,W14000014,Vale of Glamorgan,W06000014,Vale of Glamorgan ,135700,57400,60.835549531099211,23.905468421944409,2.2100587138931656E-2,5.8934899037151087E-2,5.7756201056408063,8.2582527275807962,9.7905601025467242,2.3942302733842631,0.53041409133435979,16.619641528476606,1.7754138334941765,0.99452642125192459,2.3502785515320337,0.78088741224225189,2.9835792637557739,0.23573959614860435,0.257840183287536,7.4110635539217498,3.9560050978687662,5.5988154085293536,1.547041099725216,0.5967158527511548,7.7646729481446561,1.8785499068091909
306,E23000011,South Yorkshire,,,,,1430600,587400,101.5907055877055,37.775151105497393,5.5919693727837453E-3,1.1183938745567491E-2,10.278039707176523,13.975030458758177,13.505305031444342,3.9877731589664087,1.5769353631250163,30.360898713357749,5.530457709683124,4.1331643626587855,10.066154364724028,1.3972933470243383,7.3590316945834084,0.67802628645002916,0.59624373437306677,9.844662080785783,6.3524772074823348,9.9250466405195503,3.9101845839190337,1.4490190637225879,8.8562814941462555,3.7494154644515012
307,E23000011,South Yorkshire,E22000259,Barnsley,E08000016,Barnsley,251800,108100,95.070898041863614,36.581006474162926,3.9718790960003181E-3,1.1915637288000953E-2,9.8860070699447906,12.968185248441037,13.710926639393097,3.5190848790562814,1.3146919807761051,26.091273781626089,5.981649918576478,4.4763077411923584,10.430066726513841,1.5053421773841205,6.0571156214004853,0.36144099773602895,0.28200341581602256,7.4353576677125943,5.9737061603844781,10.450013901576837,3.1099813321682488,1.2074512451840966,8.6348651547046895,4.1625292926083333
308,E23000011,South Yorkshire,E22000260,Doncaster,E08000017,Doncaster,319800,133500,117.25485903710538,43.500695823495384,0,1.2509186433787312E-2,11.733616874892499,16.30572451644176,15.448845245727332,4.2062139383609836,1.8732506684596499,35.591762700733355,6.1295013525557831,4.5220708958141138,10.83235322760677,1.6074304567416697,9.6320735540162303,0.59731365221334409,0.80058793176238796,10.857973824527388,7.5743123856582182,11.843072256188139,4.3156693196566227,1.5323753381389458,9.3318530796053363,5.0599659124669678
309,E23000011,South Yorkshire,E22000261,Rotherham,E08000018,Rotherham,276600,113900,93.085558307272365,37.126484571304616,7.2307886982772651E-3,1.446157739655453E-2,9.7254107991829208,12.921419403821471,14.45796200220539,3.7166253909145142,1.3160035430864621,26.634610170104306,4.848243822194906,3.4165476599360076,8.2944940358638135,1.4316961622588984,6.2040167031218925,0.34346246316817003,0.3109239140259224,9.2228709846526495,5.705092282940762,8.3117916086697168,2.7079303675048356,1.4100037961640668,8.427484227842152,3.4346246316817006
310,E23000011,South Yorkshire,E22000262,Sheffield,E08000019,Sheffield,582500,231900,96.926486670226069,34.355777665997707,6.8670353120123331E-3,8.5837941400154164E-3,9.4627746599529949,13.124621240083572,11.752930936509108,3.5313729092023425,1.5691175687948182,30.626977491575005,5.2841836725934899,4.0961865636153565,10.287098874282684,1.1879971089781336,7.1228323773847926,0.96825197899373894,0.73992305486932886,10.546049480422941,5.9657369273107141,9.2773647065286617,4.4240874997639459,1.4867131450506703,8.7280018815676748,2.9270738017452569
311,E23000011,South Yorkshire,,Unassigned South Yorkshire,,,[x],[x],[x],[x],[x],[x],[x],[x],[x],[x],[x],[x],[x],[x],[x],[x],[x],[x],[x],[x],[x],[x],[x],[x],[x],[x]
312,E23000015,Staffordshire,,,,,1177600,485700,75.077829239337007,32.181307735029016,7.642805826875162E-3,3.8214029134375813E-2,8.4215228205689989,9.9772584066618091,13.736669672836959,3.6184439587016741,0.99186635619890984,18.931230033169776,3.0961855605318713,2.1179064146918503,5.1352375304737432,0.97827914584002074,4.146646761403491,0.21654616509479627,0.62755927845119397,5.8815636841041528,4.9627285835842727,6.2382279560249936,2.7947193306940177,1.0411199937498832,7.2895383575440436,1.9913755182246951
313,E23000015,Staffordshire,E22000263,Cannock Chase,E07000192,Cannock Chase,104100,43500,72.246560602567058,32.664668357543611,0,1.9214510798555066E-2,8.8290677119360552,9.3382522480977634,14.478133886711245,3.3529321343478595,0.82622396433786793,18.003996618246099,1.8061640150641765,1.0760126047190839,2.5763709974236289,0.73015141034509257,4.0350472676965641,0.15371608638844053,0.41311198216893397,7.5224809776343093,4.0734762892936747,5.0534163400199832,2.9302128967796479,0.86465298593497808,6.7827223118899393,1.7677349934670663
314,E23000015,Staffordshire,E22000264,East Staffordshire,E07000193,East Staffordshire,129700,51300,65.217223640472312,30.240862570280505,0,3.8562691367355913E-2,7.5968501993691149,9.2010581602511188,13.404391519292915,3.0078899266537609,0.8638042866287724,14.676960334415659,2.4140244795964798,1.5964954226085346,4.0361105153352703,0.81752905698794531,2.7610887019026831,0.29307645439190494,0.47046483468174211,4.5118348899806415,4.2264709738622077,4.6660856554500656,2.7071009339883849,0.69412844461240641,6.4322569200749662,1.9281345683677955
315,E23000015,Staffordshire,E22000265,Lichfield,E07000194,Lichfield,111900,45600,55.399706964943,22.361791087445948,8.9339956402101281E-3,6.253796948147089E-2,5.3067934102848158,6.8523746560411682,10.131151055998284,2.5997927313011475,0.71471965121681025,16.894185755637352,2.5372547618196766,1.759997141121395,4.3166728750794316,0.77725762069828108,6.2448629525068791,0.12507593896294178,0.40202980380945574,4.0202980380945572,3.5646642604438408,3.8594861165707752,1.5098452631955115,0.73258764249723052,5.199585462602295,1.5277132544759318
316,E23000015,Staffordshire,E22000266,Newcastle-under-Lyme,E07000195,Newcastle-under-Lyme,127700,53400,70.454954708088337,31.215013270490971,0,4.6975189270866774E-2,7.7509062296930171,9.4968174309268996,13.920314420600187,3.6484063667039859,0.78291982118111292,17.05982290353645,2.8576573473110618,1.9807871475882155,4.7348130403862712,0.87687019972284641,2.9594369240646068,0.20355915350708934,0.47758109092047879,5.9345322445528357,4.6270561431803774,5.6291935142922007,2.607123004533106,0.88469939793465757,6.9601572103000935,1.6676192191157704
317,E23000015,Staffordshire,E22000267,South Staffordshire,E07000196,South Staffordshire,114400,46100,50.79398372704788,22.69648584637704,8.7395016736145706E-3,2.6218505020843712E-2,6.0389956564676686,6.2749622016552618,10.347569981559651,2.5781529937162984,0.42823558200711398,12.340176363143772,2.7179850204941314,1.9314298698688201,4.792055162843142,0.78655515062531134,4.1075657865988484,5.2437010041687424E-2,0.15731103012506226,1.9838668799105077,3.3210106359735372,4.3784903384809004,2.0188248866049658,0.60302561547940536,4.0638682782307756,1.6867238230076123
318,E23000015,Staffordshire,E22000268,Stafford,E07000197,Stafford,141600,60000,63.706236401141595,27.960665743592642,2.1193026081550763E-2,2.8257368108734353E-2,7.1208567634010569,8.0604142530164751,12.729944332984825,3.6734578541354659,0.4874395998756676,14.340614315182684,2.1334312922094436,1.3846110373279834,3.2641641408253674,0.74882025488146031,2.1334312922094436,0.14835118257085533,0.98194354177851884,4.0761253496849301,4.8673316567294922,5.4819294130944636,2.7833507587103337,0.91130012150668283,6.1742349317584555,1.8932436632852017
319,E23000015,Staffordshire,E22000269,Staffordshire Moorlands,E07000198,Staffordshire Moorlands,96700,42400,55.488303276737952,26.331853783199346,0,6.2079026600862897E-2,7.2632461123009593,7.2735926167344367,11.732936027563088,2.6280121261031959,0.41386017733908603,11.929519611799154,2.4417750463006072,1.9451428334937042,4.4387779194409029,0.49663221280690317,2.0693008866954297,9.3118539901294345E-2,0.22762309753649729,3.2901884098457335,3.807513631519591,5.0387476591033726,1.4381641162533239,0.88979938127903491,5.3387962876742092,1.4795501339872323
320,E23000015,Staffordshire,E22000270,Stoke-on-Trent,E06000021,Stoke-on-Trent,270400,110400,111.02154016825368,45.069797540907828,7.3957659240085055E-3,4.0676712582046776E-2,12.280669316816123,15.176111676065453,17.564944069520202,5.0365165942497923,1.9635758528242582,28.225940648978458,5.1918276786539703,3.5943422390681334,8.8014777789851131,1.5974854395858371,5.6836461126005364,0.34020523250439122,1.1315521863733011,8.4533604511417213,7.4253489877045391,10.649902930572248,4.1416289174447627,1.7527965239900156,11.370990108163078,2.810391051123232
321,E23000015,Staffordshire,E22000271,Tamworth,E07000199,Tamworth,81100,32900,67.803296472995797,28.933515785840207,1.2327872085999236E-2,0,7.4706904841155373,9.8499697967133901,11.600527632925282,3.1805909981878027,0.80131168558995036,19.860201930544768,2.7244597310058314,1.7505578362118914,4.3187347931873479,0.97390189479393952,5.6338375433016514,0.27121318589198318,0.40681977883797482,6.5461000776655949,4.2777716138417352,4.2654437417557354,2.1080661267058693,0.94924615062194118,6.2009196592576155,1.5040003944919067
322,E23000015,Staffordshire,,Unassigned Staffordshire,,,[x],[x],[x],[x],[x],[x],[x],[x],[x],[x],[x],[x],[x],[x],[x],[x],[x],[x],[x],[x],[x],[x],[x],[x],[x],[x]
323,E23000025,Suffolk,,,,,786200,333500,56.062404051735435,23.152228797897816,1.1447017479595692E-2,4.8331851580515138E-2,7.3629760210421624,10.912823330547893,4.8166505772476533,3.3755982656496628,0.33323539773934124,15.206726776227343,2.2665094609599468,1.4563150015707851,3.4329436667436206,0.81019445938916168,2.5374222079770452,0.30779758111801747,0.53419414904779894,5.4971121718680642,4.06369120525647,5.6891676873590589,1.8455135958770388,0.88523601842206678,3.7864190040840415,1.7882785084790602
324,E23000025,Suffolk,E22000273,Ipswich,E07000202,Ipswich,140300,59500,90.480060453113182,34.57518855953348,2.138671457290731E-2,5.7031238861086159E-2,11.363474343071417,16.981051370888405,6.1522448921396693,4.6908193963243372,0.76992172462466313,30.069720689507676,2.2741206495858108,1.5327145443916905,3.6124132600769525,0.74140610519411998,4.7834951594736017,0.63447253232958345,0.96953106063846461,15.483981350784893,5.924119936695325,8.0414046794131497,2.9157220867730302,1.5184567346764188,5.8385730784036953,2.0602535038567371
325,E23000025,Suffolk,E22000274,Suffolk Coastal,E07000244,Suffolk Coastal,132000,57700,38.292843669749793,15.968608200955996,7.5752410820474356E-3,3.7876205410237181E-2,4.8027028460180752,7.7873478323447642,3.3331060761008717,2.62860865547046,0.15150482164094872,9.4614761114772481,1.9544121991682384,1.3938443590967282,3.1881345947257165,0.56056784007151028,1.4998977342453923,0.19695626813323333,0.28785916111780258,2.484679074911559,3.0376716739010217,4.098205425387663,1.1665871266353052,0.47724018816898844,2.2422713602860411,2.0983417797271398
326,E23000025,Suffolk,,Unassigned Suffolk,,Unassigned Suffolk,[x],[x],[x],[x],[x],[x],[x],[x],[x],[x],[x],[x],[x],[x],[x],[x],[x],[x],[x],[x],[x],[x],[x],[x],[x],[x]
327,E23000025,Suffolk,E22000278,Waveney,E07000244,Waveney,117700,53000,61.960817644808976,25.430283455866729,8.4994262887255114E-3,6.7995410309804091E-2,8.4059325995495318,11.73770770472993,5.2101483149887384,3.8587395350813818,0.25498278866176532,16.811865199099064,3.2127831371382434,1.8783732098083381,4.1669023511887922,1.3344099273299053,2.8898049381666739,0.36547533041519698,0.95193574433725714,5.0996557732353063,4.2922102758063829,7.7854744804725673,1.7593812417661807,0.81594492371764904,3.5697590412647147,1.6743869788789258
328,E23000025,Suffolk,E22000373,Western Suffolk,Combined Local Authorities,,396300,163300,46.617023263090694,20.222411195756674,1.0093541899554118E-2,4.0374167598216472E-2,6.3412676983948746,9.3869939665853295,4.4436818212786999,2.8489022011491496,0.26243208938840706,11.070092078335978,2.0363720782350434,1.3096370614671466,3.1788809604018007,0.72673501676789642,1.9379600447143908,0.19682406704130531,0.32804011173550884,2.9826416313182418,3.5882541452914887,4.6834034413931107,1.6603876424766524,0.79486642458988677,3.5554501341179381,1.5190780558828947
329,E23000031,Surrey,,,,,1248600,481800,59.421823106413413,22.855101794018974,2.4025967265420469E-3,4.0043278775700776E-2,5.2801067393639052,10.890170095839585,6.6423790833132443,2.2608435196760657,0.54458859134953053,16.637982331303675,2.4322287528360649,1.8748263122783104,4.8588020904679476,0.55740244055775479,3.4925747748166218,0.37480508934055928,0.53097387656579231,5.0951067914201671,4.7122930463244677,5.4458859134953057,2.5699776318244756,0.67272708343177301,6.5422708863739922,1.8924453549396187
330,E23000031,Surrey,E22000279,Elmbridge,E07000207,Elmbridge,141900,55600,51.505714245451856,19.397432464805604,0,2.1137776024125247E-2,4.4037033383594268,8.9412792582049807,6.0313120922170711,1.8389865140988966,0.48616884855488068,15.127601707932302,2.2899257359469019,1.8812620661471471,4.8019855400884861,0.40866366979975483,4.0725448473147985,0.44389329650663023,0.68345475811338308,3.628651550808168,4.0091315192424224,4.4671166664318021,2.6492679283570313,0.71163845947888338,5.4112706621760633,1.4162309936163917
331,E23000031,Surrey,E22000280,Epsom and Ewell,E07000208,Epsom and Ewell,83300,31300,67.044472192872917,24.193161079627316,1.2006531553164921E-2,0,5.9432331188166359,11.358178849294015,6.8797425799635006,2.0050907693785418,0.72039189318989538,22.188070310248776,3.4698876188646621,2.9055806358659111,7.7264455157881295,0.56430698299875126,5.9672461819229659,0.54029391989242148,0.87647680338103928,6.5075401018153878,4.8266256843722983,5.8231678032849867,3.1577177984823743,0.55230045144558637,6.8197099221976751,1.5848621650177697
332,E23000031,Surrey,E22000281,Guildford,E07000209,Guildford,151400,55800,72.100106369624541,27.801452176613218,6.6068089773320387E-3,4.6247662841324269E-2,6.9173289992666449,14.231066537173211,6.6002021683547065,3.2109091629833708,0.75317622341585233,20.144160571885383,2.0811448278595921,1.4799252109223766,4.0175048425281581,0.60121961693721548,3.3958998143486681,0.52854471818656312,1.0042349645544699,7.5251554251811923,5.6091808217549,6.7587655838106748,2.5898691191141587,0.59461280795988347,8.1660158959823992,2.0811448278595921
333,E23000031,Surrey,E22000282,Mole Valley,E07000210,Mole Valley,88700,37100,54.357506002773114,21.215434736047076,0,3.3818440068087791E-2,4.9938563167209642,9.8749844998816361,6.3127754793763877,1.9501967105930627,0.42836690752911205,15.421208671048033,3.2916614999605454,2.4800189383264382,5.9235325794291862,0.81164256163410708,2.7392936455151111,0.20291064040852677,0.36073002739293647,4.6105806626159698,4.2160321951549449,4.8473097430925831,2.4574733116143794,0.49600378766528769,6.0647735855437448,1.4767385496398338
334,E23000031,Surrey,E22000283,Reigate and Banstead,E07000211,Reigate and Banstead,159100,59800,59.767240187514929,24.187163019844913,6.2840122161197482E-3,2.5136048864478993E-2,5.4796586524564201,11.587718526524815,7.0883657797830759,2.3879246421255043,0.52157301393793909,15.188457526361431,2.4633327887189411,1.9480437869971219,5.1799619022156866,0.51528900172181935,3.74527128080737,0.33305264745434665,0.3016325863737479,4.1537320748551538,4.1914361481518716,5.5927708723465752,2.6832732162831325,0.76036547815048949,6.145763947365114,2.2999484710998281
335,E23000031,Surrey,E22000284,Runnymede,E07000212,Runnymede,92100,34800,71.647235068064873,27.269371892572568,0,4.3422566707918109E-2,5.7643457304761281,13.862654421502855,7.5989491738856687,2.6813434942139427,0.74903927571158735,19.811546060487636,2.5944983607981067,1.8671703684404786,4.9357208448117538,0.72732799235762835,3.6366399617881413,0.27139104192448815,0.52107080049501731,6.9150437482359584,5.8729021472459237,5.7860570138300869,4.4833800125925443,0.87930697583534168,7.9137627825180745,2.0734275603030894
336,E23000031,Surrey,E22000285,Spelthorne,E07000213,Spelthorne,107100,41800,75.331079440387029,28.064702915740515,0,2.8018006238676053E-2,6.2480153912247598,13.514018342454751,8.2746511758223278,2.8298186301062818,0.84054018716028167,20.154285821020977,2.8858546425836336,2.1013504679007045,5.3840631730078972,0.78450417468292954,4.2867549545174368,0.67243214972822529,0.53234211853484503,6.4441414348954922,5.3327605207613429,6.9391262117787704,3.8851635317630797,1.0740235724825822,8.9003866484860943,2.6430319218484413
337,E23000031,Surrey,E22000286,Surrey Heath,E07000214,Surrey Heath,94500,36000,51.70808110739533,20.266265927274265,0,5.2914532447191298E-2,4.4448207255640693,9.260043178258476,6.5084874910045301,2.2859078017186638,0.3492359141514626,13.239216018287262,1.4181094695847267,1.1323709943698936,2.9720571079384479,0.28573847521483298,2.4658172120391146,0.25398975574651822,0.32807010117258606,4.032087372475976,4.74114210726834,4.6247301358845192,1.6403505058629302,0.51856241798247471,5.8417643821699192,2.9420480040638362
338,E23000031,Surrey,E22000287,Tandridge,E07000215,Tandridge,90600,35600,53.915616099618042,19.605678581679289,0,0.1103923343563023,4.7468703773209988,8.3677389442077157,6.3806769257942726,1.6779634822157949,0.28702006932638596,15.642593778288035,2.4948667564524318,1.9318658512352902,4.9121428170437316,0.56300090521714174,4.31634027333142,0.26494160245512555,9.9353100920672066E-2,3.4442408319166318,5.0228512132117551,6.0936568564678861,2.2961605546110877,0.47468703773209991,6.4137946261011631,1.4240611131962997
339,E23000032,Surrey,,unassigned Surrey,,unassigned Surrey,[x],[x],[x],[x],[x],[x],[x],[x],[x],[x],[x],[x],[x],[x],[x],[x],[x],[x],[x],[x],[x],[x],[x],[x],[x],[x]
340,E23000031,Surrey,E22000288,Waverley,E07000216,Waverley,134300,52400,37.502606416252121,14.916147865717434,0,5.2128325042447347E-2,3.3511066098716156,6.4936999195734408,5.0192130112299305,1.4223585833010635,0.21596020374728189,10.887373030294004,2.2117303625152664,1.6978940156682851,4.3474115740299366,0.51383634684698098,1.7500223407107325,0.20106639659229691,0.17872568585981949,3.2245092490542433,3.3213189955616453,3.5149384885764499,0.97554436865151462,0.43936731107205623,3.9096243781835507,1.2212921867087665
341,E23000031,Surrey,E22000289,Woking,E07000217,Woking,105700,41400,62.311339055062973,24.792058971034926,0,3.7850471711503707E-2,5.7816595539321911,12.112150947681185,6.860397997710046,2.3372666281853536,0.65292063702343883,17.344978661796574,2.0723133262048279,1.6181076656667834,4.1274438812454743,0.45420566053804445,2.6495330198052596,0.35011686333140929,0.87056084936458522,6.0844633276242206,5.3179912754662704,5.6870333746534314,1.9871497648539447,0.86109823143670927,7.0117998845560612,1.6370329015225353
342,E23000033,Sussex,,,,,1759800,736700,74.041831151348262,26.421349377681075,3.9777496052083514E-3,3.1253746898065621E-2,8.3822549180611983,11.538883354765828,6.4649796083507738,3.3424461682622177,1.0808113927294694,23.285177938946088,2.5457597473333453,1.5530270958620607,3.7097566736255709,0.99273265147128431,2.8605702160884059,0.5762054428116099,0.75747717482039034,10.997909408457492,5.547255949434847,6.5672645981989888,2.8850049636632571,1.4132376097361672,7.0525500500344078,1.9939890520965864
343,E23000033,Sussex,E22000290,Adur,E07000223,Adur,64900,27700,55.171138405584919,19.987979472637889,0,0,6.05649647860192,7.936630245496155,5.9948527485398149,2.3886945399066097,0.90924501841606442,18.215722233352341,1.6952025767079166,1.2020527362110682,2.8169014084507045,0.49314984049684846,2.465749202484242,0.2003421227018447,0.29280771779500381,9.3236141718935421,4.2380064417697918,4.9469093374840112,1.4486276564594922,0.73972476074527271,4.7773890798132195,1.7568463067700226
344,E23000033,Sussex,E22000291,Arun,E07000224,Arun,170100,72600,70.57931131809201,26.184260043277824,5.8801392416972433E-3,2.9400696208486218E-2,8.6496848245366458,10.90177815410669,6.5975162291843077,2.9047887853984382,1.2054285445479349,21.944679650014113,3.0929532411327498,1.6170382914667418,3.78579295154185,1.475914949666008,3.5986452159187126,0.2469658481512842,0.84674005080440307,9.0024931790384795,5.1568821149684823,7.4148555837802235,2.0404083168689433,1.1701477090977515,5.8389782670053627,1.8757644181014208
345,E23000033,Sussex,E22000292,Brighton and Hove,E06000043,Brighton and Hove,283900,121400,99.816817557332584,32.384542220030298,3.522739282065734E-3,2.1136435692394408E-2,10.053897911015605,15.126642477190265,7.1793426568499665,4.3224010990946562,1.8987564730334308,34.276253214499597,3.1317152217564375,1.8177334695459189,4.2507269896450319,1.313981752210519,2.9661464754993485,1.6239828090323036,1.3351181879029133,16.634374889914397,8.5849156303941943,7.246274703209215,5.0727445661746575,1.5077324127241343,10.487194842709691,2.6209180258569065
346,E23000033,Sussex,E22000293,Chichester,E07000225,Chichester,128900,54100,60.488311849473376,21.406300898133928,0,9.3070873470147517E-2,6.5227170490328383,9.2295282857896286,5.5609846898413142,2.8774411714520607,0.72129926939364331,18.598662881784477,2.6370080816541797,1.5279135061349218,3.640126388144644,1.1090945755192578,2.43535452246886,0.34901577551305318,0.93846464082398751,7.5154730327144117,4.7233468286099871,6.9725596041385511,1.4736221632773356,0.93070873470147519,6.3133075837250061,1.194409542866893
347,E23000033,Sussex,E22000294,Crawley,E07000226,Crawley,124000,45500,109.17037610476743,37.715308689761954,0,2.4191987613702344E-2,11.52345009999355,18.321398619443908,7.8462679827107937,3.9836139603896519,1.628927165989291,34.505838333010779,2.9191665053867495,1.5563512031481839,4.2411989627741402,1.3628153022385652,4.1287658860718661,1.0725114508741371,0.83059157473711365,15.894135862202438,9.660667053738468,7.346300238694278,5.838333010773499,5.459325204825495,10.313850719308432,2.378878782014064
348,E23000033,Sussex,E22000295,Eastbourne,E07000061,Eastbourne,104300,45600,110.35018559548816,38.202936916717022,9.5914980960876278E-3,9.5914980960876278E-3,13.006071418294823,16.593291706231597,8.5843907959984271,4.2586251546629068,1.8895251249292626,38.039881449083531,2.9349984174028139,1.9470741135057885,4.4492175513961341,0.98792430389702568,3.3378413374384945,0.6905878629183092,1.0934307829539898,23.125101909667272,6.857921138702654,9.1215146893793335,4.9204385232929537,1.7456526534879484,9.8408770465859075,2.3307340373492935
349,E23000033,Sussex,E22000296,Hastings,E07000062,Hastings,91200,40400,110.00997599184382,39.366798583628409,0,5.4813141998925667E-2,13.28670562053958,17.013999276466524,9.0112805446233786,4.516602900711475,1.8197963143643319,36.352075773687503,3.1901248643374736,1.7649831723654064,3.9806161301488405,1.4251416919720674,5.6238283690897726,0.47139302119076071,0.83315975838367007,19.250375470022693,6.9831942906631301,9.767701904208554,4.0452098795207139,1.9294225983621833,9.8444403030070493,2.3679277343535885
350,E23000033,Sussex,E22000297,Horsham,E07000227,Horsham,151500,62400,44.409685786128655,16.16277611684189,0,1.3199490499666714E-2,5.4051913596135188,6.3885534018386894,4.3558318648900158,1.9733238297001734,0.44878267698866825,13.984860184396881,2.0657202631978406,1.3265487952165047,3.2227548942583657,0.73917146798133593,1.9667240844503404,0.19799235749500069,0.31018802674216778,6.2961569683410215,3.1480784841705107,4.6726196368820165,1.1681549092205041,0.49498089373750176,4.1776387431445148,1.3265487952165047
351,E23000033,Sussex,E22000298,Lewes,E07000063,Lewes,102400,43700,55.185955862958295,22.273673104539725,0,7.8153238963297275E-2,6.7602551703252152,9.1536981135761959,6.2815665816750199,2.6767484344929322,0.49822689839102013,13.530279495520842,1.9049851997303713,1.269990133153581,2.9755773764563163,0.6349950665767905,1.4556040756914119,0.19538309740824322,0.38099703994607426,6.0080302453034786,3.5852798374412629,5.6954172894502895,2.0417533679161415,0.8401473188554458,5.1190371520959719,2.5106728016959252
352,E23000033,Sussex,E22000299,Mid Sussex,E07000228,Mid Sussex,161800,63400,45.006336743840997,17.143210410806468,6.1821891131649724E-3,3.0910945565824858E-2,5.4155976631325151,7.3258940991004913,4.3646255138944703,2.2441346480788851,0.44511761614787798,12.426200117461592,2.3121387283236996,1.5950047911965626,4.072419617066279,0.7171339371271368,2.4048715650211743,0.20401224073444407,0.3091094556582486,3.5980340638620136,3.5980340638620136,4.8468362647213379,1.1560693641618498,0.7171339371271368,4.5068158634972644,1.5208185218385832
353,E23000033,Sussex,E22000300,Rother,E07000064,Rother,96100,42100,57.493264539752218,22.510480272122997,1.0402255208929297E-2,2.0804510417858593E-2,7.6872665993987495,8.8939282036345482,5.8980787034629101,2.8086089064109099,0.5409172708643234,15.592980558185015,2.1116578074126471,1.3939021979965256,3.183049075965604,0.71775560941612149,2.2156803595019401,0.16643608334286875,0.36407893231252536,6.8654884378933358,3.8696389377216978,6.9070974587290523,1.1442480729822226,0.89459394796791936,5.3883681982253755,1.7059698542644046
354,E23000033,Sussex,,Unassigned Sussex,,,[x],[x],[x],[x],[x],[x],[x],[x],[x],[x],[x],[x],[x],[x],[x],[x],[x],[x],[x],[x],[x],[x],[x],[x],[x],[x]
355,E23000033,Sussex,E22000301,Wealden,E07000065,Wealden,166900,68300,41.052555899058163,16.404246650849569,0,2.3965298248136698E-2,5.1824957461595611,6.2729168164497811,4.9248687899920913,2.1089462458360293,0.25163563160543534,11.593213027536128,2.0310590265295856,1.3540393510197235,3.3108702021681808,0.67701967550986175,1.6176576317492271,8.9869868430512617E-2,9.5861192992546793E-2,4.5354326934598701,3.2233326143743857,4.2059098425479906,0.85076808780885271,0.57516715795528073,3.7685431495194956,1.2941261053993818
356,E23000033,Sussex,E22000302,Worthing,E07000229,Worthing,113900,49500,80.252226301090758,28.445716895297981,1.7564505646988565E-2,8.7822528234942823E-3,8.7032125480828348,13.059209948535999,6.6569476402086663,3.3636028313983104,1.1943863839952225,26.619008308011171,1.8969666098747651,1.3524669348181195,3.1099174054403362,0.54449967505664554,3.1528287636344476,0.3161611016457942,1.5895877610524651,15.527022991937892,4.1364410798658069,6.5603428591502295,2.8717966732826303,1.3261201763476367,8.0884548504382341,1.7827973231693395
357,E23000029,Thames Valley,,,,,2640200,988600,64.076560837602898,24.047411541772767,5.3026265803247557E-3,6.4389037046800601E-3,6.1203673508191239,10.40148079634846,7.5138218643201782,2.7819851594632379,0.80031785458758631,20.813945604899018,2.4096650217161497,1.6582070834758413,4.4284802463278918,0.75145793824030827,4.1750609139228416,0.61245337002750933,1.0949923888370621,6.8805367470128216,5.6412371633826366,5.2367225071121473,2.8372839795151958,0.53670156173715555,5.7726665507663997,1.2495260777493835
358,E23000029,Thames Valley,E22000303,Aylesbury Vale,E06000060,Buckinghamshire,217600,81900,52.753737757207794,21.417704996392082,0,4.5960740335605323E-3,5.2762929905274918,9.2059362892217464,6.9308796426092831,2.5738014587938984,0.58370140226218759,14.859107350501203,1.3420536177996756,0.83648547410801699,2.2233080869777666,0.50556814369165859,3.0931578245862381,0.25738014587938984,0.34010947848347939,4.4214232202852326,5.4049830634671867,4.3019252954126586,2.3761702753507956,0.4090505889868874,4.7155719584331059,1.5167044310749758
359,E23000029,Thames Valley,E22000304,Bracknell Forest,E06000036,Bracknell Forest,130800,50300,52.604620583153675,20.878247175206031,0,0,5.160313747075822,8.3941103619100037,7.3238230662202035,2.6374936929498647,0.64981728666880723,15.863186703973826,1.6130758527896274,1.0932220234545815,2.8455446332630236,0.51985382933504576,3.5090133480115595,0.2446370961576686,0.84094001804198582,5.2061832026053851,4.4493371863675977,4.1282509976606576,2.0641254988303288,0.35931073498157579,4.9003868324082989,1.12380166047429
360,E23000029,Thames Valley,E22000305,Cherwell,E07000177,Cherwell,170400,65900,63.687465527560356,25.002053677255816,1.1735298604672996E-2,5.8676493023364978E-3,6.4778848297794935,10.450283407461303,8.0562824921080125,3.109854130238344,0.67477966976869719,19.961742926548766,2.5406921479117033,1.6781477004682384,4.3404358647483763,0.86254444744346526,2.6815157311677797,0.38726485395420884,0.72758851348972575,8.5374297348996038,5.0872519451257432,5.0755166465210708,2.171030241864504,0.5750296316289768,5.8676493023364982,1.2498093013976741
361,E23000029,Thames Valley,E22000306,Chiltern,E06000060,Buckinghamshire,99000,38800,41.77521963041503,14.944966171867112,1.0097950116126428E-2,0,3.9987882459860646,6.1193577703726145,4.8167222053923053,1.7469453700898716,0.51499545592244778,14.551146117338179,3.463596889831364,2.8577198828637784,7.2992700729927007,0.60587700696758562,3.4030091891346057,0.30293850348379281,0.24235080278703422,2.7062506311218821,4.433000100979501,3.7867312935474096,1.5045945673028374,0.28274260325153994,3.6857517923861454,0.75734625870948202
362,E23000029,Thames Valley,E22000307,Milton Keynes,E06000042,Milton Keynes,305900,113100,87.755489008905343,33.898471315923679,3.2692131657752611E-3,1.3076852663101044E-2,8.5914921996573863,14.884727543774764,10.405905506662656,3.942671077924965,1.1605706738502177,28.298309162950659,2.9553687018608361,1.9451818336362805,5.2605055390028914,1.0101868682245558,6.3161198362778048,0.65057341998927698,0.94480260490905044,10.252252487871219,7.1791921120424735,6.9241934851120028,3.7170953694864721,0.78461115978606266,7.5486131997750787,1.4809535640961933
363,E23000029,Thames Valley,E22000308,Oxford,E07000178,Oxford,166000,55200,96.287507378006907,30.710577351626775,6.0228627871399838E-3,1.806858836141995E-2,8.0947275859161376,14.707830926195838,7.8839273883662377,3.9269065372152689,1.3370755387450763,36.871965982870975,2.7825626076586722,1.9032246407362348,5.7220461747397016,0.8793379669224376,4.2882783044436685,2.1019791127118541,5.5651252153173445,12.810629148246745,9.3233915944926942,6.5829890263440021,5.2579592131732049,1.0058180854523773,9.0403170434971152,1.5538985990821157
364,E23000029,Thames Valley,E22000309,Reading,E06000038,Reading,182900,67700,97.945950674386438,33.634579321731806,5.4672593175766919E-3,5.4672593175766919E-3,9.0537814299070032,15.55435275850569,9.015510614683965,4.0348373763715983,1.7276539443542345,37.406988250859726,3.6575964834588066,2.1322311338549098,5.7624964907873935,1.5253653496038972,5.3907176871306186,1.4870945343808604,2.509472026767702,15.548885499188113,8.813222019933626,6.5497766624568765,3.6521292241412304,0.79275260104862033,8.6710732776766335,1.4761600157457069
365,E23000029,Thames Valley,E22000310,Slough,E06000039,Slough,167400,52400,88.337047903010884,34.154123769860007,1.1950358211987405E-2,5.9751791059937023E-3,8.4728039722990705,16.551246123602553,9.1121481366403962,3.0772172395867563,1.5475713884523687,28.549405768437911,2.9338129410429077,2.2108162692176698,7.0582400183132714,0.72299667182523797,9.6797901517097973,1.0874825972908537,1.2727131495766586,6.1185834045375511,7.4570235242801406,7.0088850913306127,3.9376430308498498,0.95602865695899231,7.6243285392479638,1.4818444182864383
366,E23000029,Thames Valley,E22000311,South Bucks,E06000060,Buckinghamshire,74200,28300,58.770416689127266,19.217292868308988,0,2.6952724920489463E-2,4.9188722979893269,8.6653010619373614,5.6061667834618074,1.7788798447523044,0.71424721039297068,21.346558137027653,3.6790469516468112,2.8300361166513937,7.4265303957279771,0.84901083499541807,7.0616139291682396,0.36386178642660777,0.28300361166513938,4.0833378254541532,5.8756940326667024,6.4956067058379601,2.4526979677645411,0.40429087380734191,4.9053959355290822,1.4554471457064311
367,E23000029,Thames Valley,E22000312,South Oxfordshire,E07000179,South Oxfordshire,156500,61500,40.640378347287019,16.360963763021665,6.391001469930338E-3,0,4.0774589378155559,6.2951364478813829,5.9819773758547967,1.949255448328753,0.34511407937623828,11.554930657634051,1.8469994248098676,1.0225602351888541,2.6023876907062231,0.82443918962101359,2.153767495366524,0.20451204703777082,0.3387230779063079,3.4703137981721732,3.5406148143414073,3.8985108966575059,1.3229373042755799,0.3259410749664472,3.8537738863679936,1.0289512366587845
368,E23000029,Thames Valley,,Unassigned Thames Valley,,,[x],[x],[x],[x],[x],[x],[x],[x],[x],[x],[x],[x],[x],[x],[x],[x],[x],[x],[x],[x],[x],[x],[x],[x],[x],[x]
369,E23000029,Thames Valley,E22000313,Vale of White Horse,E07000180,Vale of White Horse,149300,57500,46.368524309159206,19.237078749489445,1.3391631569432261E-2,0,4.2585388390794598,7.5327927578056473,7.4323555210349053,2.2899689983729168,0.26783263138864521,11.563673860204759,2.002048919630123,1.3056840780196455,3.3921302578018997,0.69636484161047763,1.7275204724567619,0.3280949734510904,0.52227363120785819,3.0599878136152716,3.923748049843653,4.4125426021279299,2.1158777879702977,0.41514057865240012,4.9749911280440857,1.0914179729087294
370,E23000029,Thames Valley,E22000314,West Berkshire,E06000037,West Berkshire,165100,66600,54.980861475846702,20.676873879548427,0,6.0564949852221521E-3,5.5538059014487136,7.6796356412616893,7.4373758418528029,2.4407674790445273,0.59959300353699307,16.564513784582587,2.1016037598720869,1.3142594117932072,3.2559605083499634,0.78734434807887976,2.9313435728475215,0.20592082949755317,0.60564949852221528,6.7287659285818116,3.9912301952613984,5.5901448713600468,2.3256940743253063,0.41184165899510633,5.1177382625127184,1.2536944619409855
371,E23000029,Thames Valley,E22000315,West Oxfordshire,E07000181,West Oxfordshire,120900,48000,42.772922334030639,18.868704574958038,0,0,4.8949487766762312,7.3341546704591503,6.6396011278226572,2.1663455734614399,0.27286032032147906,11.625503344606047,2.2572990135685997,1.7529208457016232,4.4178631712755534,0.50437816786697653,2.2903729917893849,0.25632333121108641,0.31420279309746074,3.2329813710817672,3.2743238438577489,3.6629430879519767,1.480060525380144,0.18190688021431939,3.7787020117247256,0.73589601541247385
372,E23000029,Thames Valley,E22000316,Windsor and Maidenhead,E06000040,Windsor and Maidenhead,158900,60900,57.133689435835485,20.642620310425752,6.2915636423120239E-3,0,5.0395424774919304,8.9591866266523219,6.6375996426391852,2.0447581837514077,0.55994916416577012,18.302158635485675,2.8123289481134748,2.2460882203053925,5.8615877185781136,0.5662407278080821,4.8948365137187544,0.83677796442749919,1.1953970920392845,3.7686466217449022,4.7941714954417618,4.9766268410688106,3.4855262578408612,0.40266007310796953,5.6435325871538851,1.0758573828353559
373,E23000029,Thames Valley,E22000317,Wokingham,E06000041,Wokingham,187200,69200,39.214743589743591,14.877136752136751,5.341880341880342E-3,5.341880341880342E-3,3.8034188034188037,5.865384615384615,5.1976495726495724,1.6506410256410255,0.40064102564102561,13.274572649572649,1.4797008547008546,1.0683760683760686,2.8914269191846178,0.41132478632478636,2.2115384615384612,0.17094017094017094,0.80128205128205121,5.0534188034188032,3.5576923076923079,3.466880341880342,1.3675213675213675,0.21367521367521367,3.1570512820512824,0.80662393162393164
374,E23000029,Thames Valley,E22000318,Wycombe,E06000060,Buckinghamshire,188000,71400,58.852634323077666,21.408696484909104,5.3202526055937142E-3,5.3202526055937142E-3,5.6554285197461169,9.4168471119008732,6.3257803480509249,2.2345060943493595,0.72887460696633877,18.97202079154718,1.7450428546347381,1.3141023935816472,3.4575436042442398,0.43094046105309081,3.8731438968722234,0.43094046105309081,0.21281010422374855,6.825884092976735,5.8841993817866474,4.9371944179909661,3.7773793499715365,0.51074425013699654,5.1393640170035271,1.1438543102026484
375,E23000017,Warwickshire,,,,,632200,253300,62.571278078224381,23.476487922468433,7.9088020221225012E-3,3.6380489301763505E-2,7.4864719941411595,9.246971324265628,6.6987553127377586,3.1445396839959066,0.78297140019012756,20.162699875199102,3.4735458481162023,2.3504959609748073,5.8672331218339249,1.1230498871413952,5.3052243964397743,0.31160679967162652,0.51565389184238708,6.1198310047183915,4.4368379344107236,5.5092714886105343,1.5501251963360103,0.89053110769099353,5.2482810218804916,1.8063703818527792
376,E23000017,Warwickshire,E22000319,North Warwickshire,E07000218,North Warwickshire,67100,27600,61.236348466111416,22.974805190935236,1.4899354857934652E-2,7.4496774289673259E-2,7.9562554941371033,8.2840413010116656,6.6451122666388542,2.8606761327234533,0.92376000119194834,19.458557444462656,3.7099393596257282,2.100809034968786,5.11147362697118,1.6091303246569424,8.1499471072902541,0.25328903258488905,0.16389290343728116,2.4583935515592179,4.7230954899652842,6.0640374271794037,1.1919483886347721,0.73006838803879792,5.5425600071516898,1.489935485793465
377,E23000017,Warwickshire,E22000320,Nuneaton and Bedworth,E07000219,Nuneaton and Bedworth,141600,56600,81.354854660403348,30.770317521986367,7.0638929113834631E-3,2.8255571645533852E-2,10.186133578214955,11.690742768339632,8.8581217108748618,4.0970578886024089,1.2856285098717903,25.853848055663477,4.1959523893617776,2.8891322007558364,7.2260207416830093,1.3068201886059407,6.2374174407515977,0.52272807544237632,0.62868646911312831,9.5857026807473584,4.6833610002472357,7.0003178751810129,1.9355066577190689,1.1372867587327375,6.7813371949281249,2.4935541977183626
378,E23000017,Warwickshire,E22000321,Rugby,E07000220,Rugby,122400,47000,55.091601431629869,22.193531517102748,0,8.1714033568125004E-3,7.0600925002859984,8.9395152723528728,6.1857523411070616,2.9417052084524999,0.55565542826324987,14.512412361698997,2.2716501331938748,1.2257105035218749,3.1905389883864381,1.045939629672,3.293075552795437,0.16342806713624997,0.43308437791106247,4.812956577162562,3.538217653499812,5.638268316200624,1.8058801418555621,0.89068296589256235,4.8456421905898122,1.7078233015738125
379,E23000017,Warwickshire,E22000359,South Warwickshire,Combined Local Authorities,,301100,122100,56.105490009862294,20.11642154828041,9.9619122886829368E-3,4.3168286584292719E-2,6.1996300809903468,8.3181967610502507,5.5454645073668338,2.7428465168173681,0.60435601218009805,19.867373741063332,3.5696852367780521,2.6100210196349294,6.4388757362518527,0.95966421714312278,5.0241244309257604,0.28557481894224418,0.57447027531404937,5.8376806011682003,4.5758383779350282,4.5758383779350282,1.3016898723879036,0.7936323456650739,4.5858002902237116,1.5175313053093671
380,E23000017,Warwickshire,,Unassigned Warwickshire,,,[x],[x],[x],[x],[x],[x],[x],[x],[x],[x],[x],[x],[x],[x],[x],[x],[x],[x],[x],[x],[x],[x],[x],[x],[x],[x]
381,E23000016,West Mercia,,,,,1340800,558900,59.569037912790293,24.825218113772678,1.0441418421943684E-2,9.919347500846501E-2,6.8078048111072826,9.2786918991000977,8.6290865101348881,3.0302487891683709,0.63692652373856473,16.830074864970086,2.7341599953461104,1.8831843939577002,4.5181666085120469,0.85097560138841033,2.3895931874219691,0.20584510603260409,0.51013787147210576,6.4759168684097865,4.514421836287509,5.5555804160756077,1.7459543232692978,0.75327375758308013,4.5904950276473846,1.6012660965652208
382,E23000016,West Mercia,E22000326,"Herefordshire, County of",E06000019,"Herefordshire, County of",191000,82800,50.354101346789015,21.026239616429464,1.5702942207938362E-2,0.16226373614869638,6.1660219736504631,7.8671740461771185,6.8150769182452491,2.952153135092412,0.24601276125770097,13.316094992331729,2.1879432809727448,1.470842253476893,3.3928592989700683,0.71710102749585181,1.303344203258884,0.18843530649526033,0.54960297727784257,5.092987589441341,3.9937816348856563,5.2395483833820995,1.6906834443880301,0.62288337424822171,3.8681580972221496,1.3923275424372012
383,E23000016,West Mercia,E22000368,North Worcestershire,Combined Local Authorities,,293400,123000,63.821158990611529,25.558452180135973,6.8155872480362588E-3,9.8826015096525763E-2,6.9382678185009121,9.460035100274327,9.0545076590161688,3.0670142616163165,0.86898737412462301,19.294927499190649,3.2101415938250777,2.2559593791000019,5.3831204208917107,0.95418221472507625,3.7894665099081601,0.21809879193716028,0.31692480703368603,6.8667041523965304,4.8935916440900336,5.8307348906950196,1.6664110821448654,0.89284192949274988,4.9821942783145055,1.659595494896829
384,E23000016,West Mercia,E22000360,Shropshire,E06000051,Shropshire,332500,139500,47.564332014859154,20.941180009324569,1.2031703538824804E-2,8.4221924771773621E-2,5.7692018468664932,7.5739573776902134,7.501767156457265,2.6048638161555702,0.3729828097035689,12.103893760057753,2.141643229910815,1.4197410175813268,3.3823244881726136,0.72190221232948815,1.5490818306236933,0.14438044246589762,0.47224436389887353,4.1358980914710255,3.6606458016874468,4.7976417861063902,1.4257568693507392,0.51736325216946655,3.4260275826803626,1.3746221293107339
385,E23000016,West Mercia,E22000332,South Worcester,Combined Local Authorities,,327900,137000,63.614046322980037,25.143711022673561,1.5247853864568561E-2,0.12198283091654849,7.0140127777015389,9.4963633868533002,8.4961041733376028,2.7903572572160469,0.78678925941173783,20.285744781422014,3.5862952289465255,2.5067471753350716,6.0004817905087275,1.0795480536114541,2.7568119787139964,0.23481694951435586,0.70750041931598129,7.9868258542610118,5.0134943506701433,5.9771587149108756,1.4119512678590489,0.7227482731805499,4.9647012183035235,1.5308845280026837
386,E23000016,West Mercia,E22000333,Telford and Wrekin,E06000020,Telford and Wrekin,196000,76500,72.982158896056177,31.915979423532296,0,2.5516453008900139E-2,8.2928472278925458,12.671470564219808,10.926145178411039,3.8989140197599412,0.86245611170082459,18.46370539724014,2.0821425655262513,1.4187147872948478,3.6330845933689671,0.66342777823140364,2.1280721809422714,0.23985465828366132,0.49501918837266273,8.6602841512207061,4.8583326528945863,5.8943006450559325,2.924185514819956,1.0767943169755858,5.8994039356577117,2.046419531313791
387,E23000016,West Mercia,,Unassigned West Mercia,,,[x],[x],[x],[x],[x],[x],[x],[x],[x],[x],[x],[x],[x],[x],[x],[x],[x],[x],[x],[x],[x],[x],[x],[x],[x],[x]
388,E23000014,West Midlands,,,,,3036600,1131700,99.130443373438425,39.630113235010811,1.1855345031704816E-2,2.4040005203179209E-2,9.9321446154504791,18.28390587514675,11.378167394178696,3.9745044218790389,2.2083873272947914,31.842139494600055,4.7075599230061203,3.4041305997981302,9.1339896280574404,1.3034293232079905,9.0690096341144137,0.83711908529426771,0.58881546990800582,10.467611032715812,6.1720243495614344,8.2266215065838324,3.1205902644565229,2.211021848412948,5.8618094878984914,2.0552557873019373
389,E23000014,West Midlands,E22000335,Birmingham,E08000025,Birmingham,1183600,423400,114.15845314958035,46.153404223322049,1.6897343568617579E-2,2.8725484066649883E-2,11.523988313797188,21.79334886762452,12.790444214265076,4.8444684011226595,3.1445956381197311,35.036641889528546,5.5803477135359554,4.1998347439798991,11.740726219774302,1.3805129695560561,10.171355961129352,1.2520931584345625,0.57873401722515194,10.329346123495926,7.1247649157076012,9.0603556214927448,3.916804239205554,2.8421331882414762,6.9473428082371171,2.2127071403104721
390,E23000014,West Midlands,E22000336,Coventry,E08000026,Coventry,369000,134100,88.356917940741297,34.349883206061364,1.0839344653222267E-2,1.3549180816527832E-2,8.793418349926565,16.55709895779701,8.9749773728680378,3.8696460412003493,1.8724967888441464,29.683545332849178,4.6229804945992967,3.4116837296017084,9.3867660764212495,1.2112967649975883,7.563152731785836,0.84546888295133671,1.3576279178160888,9.2974478763013977,5.9968674293952189,7.2569412453323068,2.7288050164487054,1.7912017039449795,4.9806788681556311,1.8237197379046464
391,E23000014,West Midlands,E22000337,Dudley,E08000027,Dudley,331900,137100,74.5398126110927,30.578736480583256,0,1.5063416985508993E-2,7.6793299792124845,12.785828337300032,10.098514747085229,2.795770192510469,1.030337721808815,24.466001867863707,4.4316572771367451,3.1603048835597867,7.653805743637637,1.2713523935769588,6.9351971801283403,0.31331907329858705,0.19582442081161691,8.3150061760009635,4.2749977404874526,6.3868888018558128,1.7262675865393307,1.5665953664929353,4.3292260416352848,1.659988551803091
392,E23000014,West Midlands,E22000338,Sandwell,E08000028,Sandwell,353900,130300,95.876900469112087,40.747753348781998,1.4129881874187532E-2,1.6955858249025037E-2,10.015260272424124,18.631662239303679,12.069745096930989,3.3120443113095575,2.0347029898830047,28.542361385858815,3.4900808229243201,2.4529474933589559,6.6640563220243996,1.0371333295653649,9.0176906121064828,0.51432770022042618,0.33629118860566326,9.3963714463347099,5.7875996156672134,7.6979596450573675,3.5550782795455831,2.1618719267506923,5.8469451195388009,1.9781834623862544
393,E23000014,West Midlands,E22000339,Solihull,E08000029,Solihull,221200,89500,79.523779390893225,26.143318176476438,0,2.7119624664394645E-2,6.5222697317869125,11.530360419811789,8.0635684002133416,2.6170437801140829,1.5458186058704948,32.168394789416112,4.2984605093065511,3.3131141465002125,8.1905847384711645,0.9853463628063388,9.568707569087243,0.41131430740998548,0.4474738069625116,12.488587157953734,4.9538514386960886,7.2816192223899616,1.9435731009482828,1.3288616085553375,4.7820938158215895,1.7130562913009284
394,E23000014,West Midlands,,Unassigned West Midlands,,,[x],[x],[x],[x],[x],[x],[x],[x],[x],[x],[x],[x],[x],[x],[x],[x],[x],[x],[x],[x],[x],[x],[x],[x],[x],[x]
395,E23000014,West Midlands,E22000340,Walsall,E08000030,Walsall,295700,112200,92.945704448758448,35.586009104498814,0,1.3528230034023498E-2,9.0808244103382734,15.334248743565636,11.157407720560881,3.3888216235228863,1.5997132015232787,31.074344388151975,4.3121233233449896,2.7597589269407936,7.2709775722419741,1.5523643964041964,8.9793626850830979,0.47348805119082243,0.39231867098668149,11.238577100765021,5.6784745567813637,9.1991964231359784,2.6346227991260762,1.8364572271186899,5.3165944033712345,2.3099452783095127
396,E23000014,West Midlands,E22000341,Wolverhampton,E08000031,Wolverhampton,281300,105200,91.978339632570197,38.616751584883254,2.4888800395376373E-2,3.5555429136251961E-2,9.9057425573597957,18.24349068981088,10.407074108180948,3.5306541132298195,1.1804402473235651,29.82744950240177,3.1893219935218009,1.8986599158758546,5.0781212853162421,1.2906620776459463,7.6053062922442942,0.72533075437953998,0.65777543902066127,11.839957902371903,5.8097571208635701,7.7475280087893017,2.4035470096106324,1.7564381993308469,4.9102047637163952,2.0053262032846106
397,E23000010,West Yorkshire,,,,,2435200,972800,107.8930337757819,45.807469994694557,1.2319134572583519E-2,6.9808429244639952E-2,9.5251548515215774,17.53628806407264,18.66389951528312,4.3687757572572021,1.4967748505688976,29.907163001861012,5.8499463707008275,4.3170353920523512,10.806482450387627,1.532910978648476,6.4088244424770329,0.90011809943676913,0.66605454255768226,8.4648880026412225,7.6173315440474765,8.4845986179573565,4.2094482834517883,0.93050529804914184,9.6458823703328953,3.0424156016090431
398,E23000010,West Yorkshire,E22000342,Bradford,E08000032,Bradford,563600,209900,116.99860718056085,51.612388108693146,8.8714613958357363E-3,7.2745983445853035E-2,10.037171423248552,20.775188296768128,20.718410943834776,4.7852662769137968,1.4034651928212134,29.417765988591302,6.2987375910433725,4.8757551831513206,13.093445653624045,1.4229824078920521,7.4733190798520246,0.93505203112108659,0.49680183816680124,6.1496970395933319,8.0641584088146843,9.875710825844342,5.4115914514597989,0.83569166348772628,10.313961018798627,3.3427666539509051
399,E23000010,West Yorkshire,E22000343,Calderdale,E08000033,Calderdale,210900,90500,103.40920404496299,45.588800022756473,4.7409317827325787E-3,8.53367720891864E-2,10.041293515827601,16.593261239564022,18.864167563492931,4.3189888540693788,1.0287821968529696,25.160124970961792,5.2624342788331617,3.3897662246537936,7.9028229104494105,1.8726680541793683,5.2434705517022318,0.62106206353796778,0.34608802013947826,6.8316826989176453,6.855387357831308,8.6190139810078268,4.2668386044593207,0.73010349454081702,10.444272717359871,3.2522792029545489
400,E23000010,West Yorkshire,E22000344,Kirklees,E08000034,Kirklees,447800,178000,87.572318224750873,38.805663541343364,1.3397432605331732E-2,6.6987163026658664E-2,7.8107032089084001,13.881973084557895,17.032602652245075,3.8316657251248754,0.83287372696478934,21.50287933155743,4.3653301239039228,3.2779051774378303,8.2465424067769941,1.0874249464660921,4.6265800597078917,0.53143149334482531,0.27911317927774437,5.667113992055322,6.0333104832677229,6.8840474537062875,3.7334178860191094,0.79938014545145997,8.5788226782807531,2.6035677363027996
401,E23000010,West Yorkshire,E22000345,Leeds,E08000035,Leeds,845200,341400,114.61933366383141,44.876353099720895,1.18316731523955E-2,6.9806871599133444E-2,9.7209026620081431,17.512059432860582,17.561752460100642,4.3741695644406162,2.1841268639322093,37.018938959215042,7.1770929342431105,5.2390648718807276,12.968603561387066,1.9380280623623829,6.9747713233371469,1.2896523736111096,1.1571376343042798,11.905029525940352,8.515255167779042,8.4904086541590118,4.0239520391297097,1.1228257821623331,9.5812889188098751,2.9472697822617193
402,E23000010,West Yorkshire,,Unassigned West Yorkshire,,,[x],[x],[x],[x],[x],[x],[x],[x],[x],[x],[x],[x],[x],[x],[x],[x],[x],[x],[x],[x],[x],[x],[x],[x],[x],[x]
403,E23000010,West Yorkshire,E22000346,Wakefield,E08000036,Wakefield,367700,153000,105.75631143483488,47.687303150141702,2.1758878982554821E-2,5.9836917202025747E-2,10.077080828795701,17.616532396250946,19.912094128910478,4.3844141149847955,1.1369014268384894,27.263875365141189,4.2565807009622869,3.1387182932335325,7.5406108286830724,1.1178624077287538,6.3127947648137166,0.56029113380078666,0.45149673888801245,8.4506046248497277,7.2321074018266573,8.2112569560416251,3.3399879238221648,0.90843319752166363,9.609264930670772,3.2148743696724744
404,E23000038,Wiltshire ,,,,,767600,311000,56.089632934892357,23.285021007719116,7.8168257173566111E-3,1.3028042862261016E-2,7.478096602937824,9.9534247467674177,5.8326547894342573,3.1488779598084879,0.36478520014330845,14.277432172751849,2.1574438979904245,1.4552323877145557,3.5921711893077433,0.70221151027586881,2.3880402566524443,0.29703937725955121,0.65140214311305089,5.2229423834804409,3.5605641142559357,5.6932547308080643,1.8265316092889947,0.59147314594665024,5.3349835520958857,1.5672735563300004
405,E23000038,Wiltshire ,E22000350,Swindon,E06000030,Swindon,243900,95900,69.564325986673509,28.863147104049204,8.2009226037929265E-3,8.2009226037929265E-3,9.0415171706817024,12.768836494105587,7.0363915940543311,3.6453100973859556,0.66837519220912356,18.099436186570987,1.9190158892875449,1.3613531522296258,3.4630228434338166,0.55766273705791902,3.1245515120451053,0.4592516658124039,1.0415171706817017,7.6145566376217317,3.9405433111225014,6.0317785750896977,2.4561763198359814,0.92260379292670425,7.0404920553562276,1.8370066632496156
406,E23000038,Wiltshire,,Unassigned Wiltshire,,,[x],[x],[x],[x],[x],[x],[x],[x],[x],[x],[x],[x],[x],[x],[x],[x],[x],[x],[x],[x],[x],[x],[x],[x],[x],[x]
407,E23000038,Wiltshire,E22000361,Wiltshire,E06000054,Wiltshire,523700,215100,49.257208325377128,20.496467443192667,7.637960664502578E-3,1.5275921329005156E-2,6.723314874928394,8.6022531983960278,5.1479854878747373,2.728661447393546,0.22341034943670038,12.457513843803705,2.2627458468588886,1.4970402902425053,3.6450875006974019,0.7657055566163834,2.0374260072560628,0.22150085927057478,0.46782509070078288,4.0996753866717581,3.3683406530456366,5.5203360702692379,1.493221309910254,0.43345426771052131,4.5063967920565213,1.3977468016039718
