Location,Safety reason,Buy reason,Rent reason,Market reason,Local transport reason,National transport reason,Quiet reason,Condition reason,Crime sources,Buy sources,Rent sources,Market sources,Transport sources,Environment sources
Barnsley,"Identical-radius centre proxy: 2047 violence/sexual-offence and 851 ASB records in 12 months; relative composite places it in screening band 4/5, but this is not a population-normalised town or neighbourhood rate.","Median of 214 achieved standard flat/maisonette sales; this is an all-size flat screening proxy, not a one-bedroom estimate.",Official one-bedroom modelled average for Barnsley LA; underlying observation count is not published in the table.,"Rightmove's filtered snapshot returned 25 sale and 21 rental results; these are portal headline counts, not deduplicated properties, and the query does not verify tower stock.","Broad screen indicates basic bus and rail coverage with less network depth; this is a town-level judgement, not a neighbourhood accessibility audit.","Approximate representative faster weekday journey from Barnsley: London 145 min (1 change), Birmingham 105 min (1 change); recheck against the exact travel date.","Major radial roads, rail and nearby M1 create exposed corridors, but this is a mixed town-wide noise screen.",Industrial legacy and uneven renewal make the overall fabric less consistently cared-for; this is a coarse judgement.,https://api.postcodes.io/places?q=Barnsley | https://api.postcodes.io/postcodes?lon=-1.482593&lat=53.553523&limit=1&radius=2000 | https://data.police.uk/api/crimes-street/all-crime?lat=53.553523&lng=-1.482593&date=2026-07 | https://data.police.uk/docs/method/crime-street/,https://www.gov.uk/government/statistical-data-sets/price-paid-data-downloads,https://www.ons.gov.uk/economy/inflationandpriceindices/datasets/priceindexofprivaterentsukmonthlypricestatistics | https://www.ons.gov.uk/economy/inflationandpriceindices/bulletins/privaterentandhousepricesuk/august2026,https://www.rightmove.co.uk/property-for-sale/find.html?locationIdentifier=REGION%5E108&minBedrooms=1&maxBedrooms=1&propertyTypes=flat&includeSSTC=false&mustHave=&dontShow=retirement%2CsharedOwnership&furnishTypes=&keywords= | https://www.rightmove.co.uk/property-to-rent/find.html?locationIdentifier=REGION%5E108&minBedrooms=1&maxBedrooms=1&propertyTypes=flat&includeSSTC=true&mustHave=&dontShow=houseShare%2Cretirement&furnishTypes=&keywords= | https://los.rightmove.co.uk/typeahead?query=Barnsley,https://www.nationalrail.co.uk/journey-planner/ | https://www.traveline.info/ | https://www.travelsouthyorkshire.com/,https://www.gov.uk/government/publications/strategic-noise-mapping-2022/explaining-the-2022-noise-maps | https://www.gov.uk/government/statistics/english-indices-of-deprivation-2025 | https://www.openstreetmap.org/search?query=Barnsley%2C%20UK
Birmingham,"Identical-radius centre proxy: 7628 violence/sexual-offence and 985 ASB records in 12 months; relative composite places it in screening band 2/5, but this is not a population-normalised town or neighbourhood rate.","Median of 3183 achieved standard flat/maisonette sales; this is an all-size flat screening proxy, not a one-bedroom estimate.",Official one-bedroom modelled average for Birmingham LA; underlying observation count is not published in the table.,"Rightmove's filtered snapshot returned 854 sale and 1257 rental results; these are portal headline counts, not deduplicated properties, and the query does not verify tower stock.","Broad screen indicates a dense multimodal network; this is a town-level judgement, not a neighbourhood accessibility audit.","Approximate representative faster weekday journey from Birmingham New Street: London 82 min (0 changes), Birmingham 0 min (0 changes); recheck against the exact travel date.","Dense road and rail corridors, airport influence and a large nightlife core make persistent noise exposure comparatively likely.","Major renewed central districts coexist with extensive uneven and deprived urban fabric, producing a mixed city-wide judgement.",https://api.postcodes.io/places?q=Birmingham | https://api.postcodes.io/postcodes?lon=-1.902941&lat=52.479284&limit=1&radius=2000 | https://data.police.uk/api/crimes-street/all-crime?lat=52.479284&lng=-1.902941&date=2026-07 | https://data.police.uk/docs/method/crime-street/,https://www.gov.uk/government/statistical-data-sets/price-paid-data-downloads,https://www.ons.gov.uk/economy/inflationandpriceindices/datasets/priceindexofprivaterentsukmonthlypricestatistics | https://www.ons.gov.uk/economy/inflationandpriceindices/bulletins/privaterentandhousepricesuk/august2026,https://www.rightmove.co.uk/property-for-sale/find.html?locationIdentifier=REGION%5E162&minBedrooms=1&maxBedrooms=1&propertyTypes=flat&includeSSTC=false&mustHave=&dontShow=retirement%2CsharedOwnership&furnishTypes=&keywords= | https://www.rightmove.co.uk/property-to-rent/find.html?locationIdentifier=REGION%5E162&minBedrooms=1&maxBedrooms=1&propertyTypes=flat&includeSSTC=true&mustHave=&dontShow=houseShare%2Cretirement&furnishTypes=&keywords= | https://los.rightmove.co.uk/typeahead?query=Birmingham,https://www.nationalrail.co.uk/journey-planner/ | https://www.traveline.info/ | https://www.tfwm.org.uk/,https://www.gov.uk/government/publications/strategic-noise-mapping-2022/explaining-the-2022-noise-maps | https://www.gov.uk/government/statistics/english-indices-of-deprivation-2025 | https://www.openstreetmap.org/search?query=Birmingham%2C%20UK
Blackburn,"Identical-radius centre proxy: 2399 violence/sexual-offence and 1597 ASB records in 12 months; relative composite places it in screening band 3/5, but this is not a population-normalised town or neighbourhood rate.","Median of 141 achieved standard flat/maisonette sales; this is an all-size flat screening proxy, not a one-bedroom estimate.",Official one-bedroom modelled average for Blackburn with Darwen LA; underlying observation count is not published in the table and the LA is broader than the named town.,"Rightmove's filtered snapshot returned 8 sale and 2 rental results; these are portal headline counts, not deduplicated properties, and the query does not verify tower stock.","Broad screen indicates basic bus and rail coverage with less network depth; this is a town-level judgement, not a neighbourhood accessibility audit.","Approximate representative faster weekday journey from Blackburn: London 170 min (1 change), Birmingham 135 min (1 change); recheck against the exact travel date.","The M65, arterial roads and rail create noisy corridors, while much of the wider urban area is less intensively active.",Strong heritage assets are offset by visibly uneven town-centre and industrial-era fabric in this broad proxy assessment.,https://api.postcodes.io/places?q=Blackburn | https://api.postcodes.io/postcodes?lon=-2.481528&lat=53.750073&limit=1&radius=2000 | https://data.police.uk/api/crimes-street/all-crime?lat=53.750073&lng=-2.481528&date=2026-07 | https://data.police.uk/docs/method/crime-street/,https://www.gov.uk/government/statistical-data-sets/price-paid-data-downloads,https://www.ons.gov.uk/economy/inflationandpriceindices/datasets/priceindexofprivaterentsukmonthlypricestatistics | https://www.ons.gov.uk/economy/inflationandpriceindices/bulletins/privaterentandhousepricesuk/august2026,https://www.rightmove.co.uk/property-for-sale/find.html?locationIdentifier=REGION%5E167&minBedrooms=1&maxBedrooms=1&propertyTypes=flat&includeSSTC=false&mustHave=&dontShow=retirement%2CsharedOwnership&furnishTypes=&keywords= | https://www.rightmove.co.uk/property-to-rent/find.html?locationIdentifier=REGION%5E167&minBedrooms=1&maxBedrooms=1&propertyTypes=flat&includeSSTC=true&mustHave=&dontShow=houseShare%2Cretirement&furnishTypes=&keywords= | https://los.rightmove.co.uk/typeahead?query=Blackburn,https://www.nationalrail.co.uk/journey-planner/ | https://www.traveline.info/,https://www.gov.uk/government/publications/strategic-noise-mapping-2022/explaining-the-2022-noise-maps | https://www.gov.uk/government/statistics/english-indices-of-deprivation-2025 | https://www.openstreetmap.org/search?query=Blackburn%2C%20UK
Blackpool,"Identical-radius centre proxy: 5053 violence/sexual-offence and 2641 ASB records in 12 months; relative composite places it in screening band 1/5, but this is not a population-normalised town or neighbourhood rate.","Median of 297 achieved standard flat/maisonette sales; this is an all-size flat screening proxy, not a one-bedroom estimate.",Official one-bedroom modelled average for Blackpool LA; underlying observation count is not published in the table.,"Rightmove's filtered snapshot returned 77 sale and 75 rental results; these are portal headline counts, not deduplicated properties, and the query does not verify tower stock.","Broad screen indicates a useful town/city bus-and-rail network; this is a town-level judgement, not a neighbourhood accessibility audit.","Approximate representative faster weekday journey from Blackpool North: London 185 min (1 change), Birmingham 130 min (1 change); recheck against the exact travel date.","Visitor traffic, entertainment/nightlife and the promenade corridor raise evening and seasonal noise risk.","Distinctive resort heritage is offset by concentrated deprivation and uneven upkeep, so pleasantness is not consistent town-wide.",https://api.postcodes.io/places?q=Blackpool | https://api.postcodes.io/postcodes?lon=-3.051542&lat=53.820860&limit=1&radius=2000 | https://data.police.uk/api/crimes-street/all-crime?lat=53.820860&lng=-3.051542&date=2026-07 | https://data.police.uk/docs/method/crime-street/,https://www.gov.uk/government/statistical-data-sets/price-paid-data-downloads,https://www.ons.gov.uk/economy/inflationandpriceindices/datasets/priceindexofprivaterentsukmonthlypricestatistics | https://www.ons.gov.uk/economy/inflationandpriceindices/bulletins/privaterentandhousepricesuk/august2026,https://www.rightmove.co.uk/property-for-sale/find.html?locationIdentifier=REGION%5E168&minBedrooms=1&maxBedrooms=1&propertyTypes=flat&includeSSTC=false&mustHave=&dontShow=retirement%2CsharedOwnership&furnishTypes=&keywords= | https://www.rightmove.co.uk/property-to-rent/find.html?locationIdentifier=REGION%5E168&minBedrooms=1&maxBedrooms=1&propertyTypes=flat&includeSSTC=true&mustHave=&dontShow=houseShare%2Cretirement&furnishTypes=&keywords= | https://los.rightmove.co.uk/typeahead?query=Blackpool,https://www.nationalrail.co.uk/journey-planner/ | https://www.traveline.info/ | https://www.blackpooltransport.com/,https://www.gov.uk/government/publications/strategic-noise-mapping-2022/explaining-the-2022-noise-maps | https://www.gov.uk/government/statistics/english-indices-of-deprivation-2025 | https://www.openstreetmap.org/search?query=Blackpool%2C%20UK
Bolton,Unknown: Greater Manchester Police crime data are unavailable on Police.uk; sparse point-query returns are cross-force records and cannot support a comparable indicator.,"Median of 493 achieved standard flat/maisonette sales; this is an all-size flat screening proxy, not a one-bedroom estimate.",Official one-bedroom modelled average for Bolton LA; underlying observation count is not published in the table.,"Rightmove's filtered snapshot returned 64 sale and 78 rental results; these are portal headline counts, not deduplicated properties, and the query does not verify tower stock.","Broad screen indicates a useful town/city bus-and-rail network; this is a town-level judgement, not a neighbourhood accessibility audit.","Approximate representative faster weekday journey from Bolton: London 155 min (1 change), Birmingham 110 min (1 change); recheck against the exact travel date.","M61 access, busy radial roads and rail create local noise pressure, with quieter residential parts away from them.",Civic and heritage pockets coexist with substantial deprived and uneven post-industrial fabric.,https://api.postcodes.io/places?q=Bolton | https://api.postcodes.io/postcodes?lon=-2.431041&lat=53.577709&limit=1&radius=2000 | https://data.police.uk/api/crimes-street/all-crime?lat=53.577709&lng=-2.431041&date=2026-07 | https://data.police.uk/docs/method/crime-street/ | https://data.police.uk/changelog/,https://www.gov.uk/government/statistical-data-sets/price-paid-data-downloads,https://www.ons.gov.uk/economy/inflationandpriceindices/datasets/priceindexofprivaterentsukmonthlypricestatistics | https://www.ons.gov.uk/economy/inflationandpriceindices/bulletins/privaterentandhousepricesuk/august2026,https://www.rightmove.co.uk/property-for-sale/find.html?locationIdentifier=REGION%5E182&minBedrooms=1&maxBedrooms=1&propertyTypes=flat&includeSSTC=false&mustHave=&dontShow=retirement%2CsharedOwnership&furnishTypes=&keywords= | https://www.rightmove.co.uk/property-to-rent/find.html?locationIdentifier=REGION%5E182&minBedrooms=1&maxBedrooms=1&propertyTypes=flat&includeSSTC=true&mustHave=&dontShow=houseShare%2Cretirement&furnishTypes=&keywords= | https://los.rightmove.co.uk/typeahead?query=Bolton,https://www.nationalrail.co.uk/journey-planner/ | https://www.traveline.info/ | https://tfgm.com/,https://www.gov.uk/government/publications/strategic-noise-mapping-2022/explaining-the-2022-noise-maps | https://www.gov.uk/government/statistics/english-indices-of-deprivation-2025 | https://www.openstreetmap.org/search?query=Bolton%2C%20UK
Bradford,"Identical-radius centre proxy: 5287 violence/sexual-offence and 978 ASB records in 12 months; relative composite places it in screening band 2/5, but this is not a population-normalised town or neighbourhood rate.","Median of 453 achieved standard flat/maisonette sales; this is an all-size flat screening proxy, not a one-bedroom estimate.",Official one-bedroom modelled average for Bradford LA; underlying observation count is not published in the table.,"Rightmove's filtered snapshot returned 76 sale and 91 rental results; these are portal headline counts, not deduplicated properties, and the query does not verify tower stock.","Broad screen indicates a useful town/city bus-and-rail network; this is a town-level judgement, not a neighbourhood accessibility audit.","Approximate representative faster weekday journey from Bradford Interchange: London 170 min (1 change), Birmingham 145 min (1 change); recheck against the exact travel date.","Dense radial traffic, rail corridors, industry and a sizeable nightlife centre make quietness inconsistent.","High-quality historic architecture is offset by vacancy, deprivation and uneven upkeep across the built-up area.",https://api.postcodes.io/places?q=Bradford | https://api.postcodes.io/postcodes?lon=-1.754561&lat=53.790778&limit=1&radius=2000 | https://data.police.uk/api/crimes-street/all-crime?lat=53.790778&lng=-1.754561&date=2026-07 | https://data.police.uk/docs/method/crime-street/,https://www.gov.uk/government/statistical-data-sets/price-paid-data-downloads,https://www.ons.gov.uk/economy/inflationandpriceindices/datasets/priceindexofprivaterentsukmonthlypricestatistics | https://www.ons.gov.uk/economy/inflationandpriceindices/bulletins/privaterentandhousepricesuk/august2026,https://www.rightmove.co.uk/property-for-sale/find.html?locationIdentifier=REGION%5E198&minBedrooms=1&maxBedrooms=1&propertyTypes=flat&includeSSTC=false&mustHave=&dontShow=retirement%2CsharedOwnership&furnishTypes=&keywords= | https://www.rightmove.co.uk/property-to-rent/find.html?locationIdentifier=REGION%5E198&minBedrooms=1&maxBedrooms=1&propertyTypes=flat&includeSSTC=true&mustHave=&dontShow=houseShare%2Cretirement&furnishTypes=&keywords= | https://los.rightmove.co.uk/typeahead?query=Bradford,https://www.nationalrail.co.uk/journey-planner/ | https://www.traveline.info/ | https://www.wymetro.com/,https://www.gov.uk/government/publications/strategic-noise-mapping-2022/explaining-the-2022-noise-maps | https://www.gov.uk/government/statistics/english-indices-of-deprivation-2025 | https://www.openstreetmap.org/search?query=Bradford%2C%20UK
Burnley,"Identical-radius centre proxy: 2417 violence/sexual-offence and 1565 ASB records in 12 months; relative composite places it in screening band 3/5, but this is not a population-normalised town or neighbourhood rate.","Median of 98 achieved standard flat/maisonette sales; this is an all-size flat screening proxy, not a one-bedroom estimate.",Official one-bedroom modelled average for Burnley LA; underlying observation count is not published in the table.,"Rightmove's filtered snapshot returned 5 sale and 22 rental results; these are portal headline counts, not deduplicated properties, and the query does not verify tower stock.","Broad screen indicates basic bus and rail coverage with less network depth; this is a town-level judgement, not a neighbourhood accessibility audit.","Approximate representative faster weekday journey from Burnley Manchester Road: London 190 min (2 changes), Birmingham 155 min (2 changes); recheck against the exact travel date.","M65, rail and industrial corridors are conspicuous, but the town is less continuously busy than a major city.","Industrial heritage and nearby landscape are positives, but deprivation and uneven town-centre fabric weaken the broad condition score.",https://api.postcodes.io/places?q=Burnley | https://api.postcodes.io/postcodes?lon=-2.244390&lat=53.787517&limit=1&radius=2000 | https://data.police.uk/api/crimes-street/all-crime?lat=53.787517&lng=-2.244390&date=2026-07 | https://data.police.uk/docs/method/crime-street/,https://www.gov.uk/government/statistical-data-sets/price-paid-data-downloads,https://www.ons.gov.uk/economy/inflationandpriceindices/datasets/priceindexofprivaterentsukmonthlypricestatistics | https://www.ons.gov.uk/economy/inflationandpriceindices/bulletins/privaterentandhousepricesuk/august2026,https://www.rightmove.co.uk/property-for-sale/find.html?locationIdentifier=REGION%5E252&minBedrooms=1&maxBedrooms=1&propertyTypes=flat&includeSSTC=false&mustHave=&dontShow=retirement%2CsharedOwnership&furnishTypes=&keywords= | https://www.rightmove.co.uk/property-to-rent/find.html?locationIdentifier=REGION%5E252&minBedrooms=1&maxBedrooms=1&propertyTypes=flat&includeSSTC=true&mustHave=&dontShow=houseShare%2Cretirement&furnishTypes=&keywords= | https://los.rightmove.co.uk/typeahead?query=Burnley,https://www.nationalrail.co.uk/journey-planner/ | https://www.traveline.info/,https://www.gov.uk/government/publications/strategic-noise-mapping-2022/explaining-the-2022-noise-maps | https://www.gov.uk/government/statistics/english-indices-of-deprivation-2025 | https://www.openstreetmap.org/search?query=Burnley%2C%20UK
Burton-on-Trent,"Identical-radius centre proxy: 1710 violence/sexual-offence and 499 ASB records in 12 months; relative composite places it in screening band 5/5, but this is not a population-normalised town or neighbourhood rate.","Median of 147 achieved standard flat/maisonette sales; this is an all-size flat screening proxy, not a one-bedroom estimate.",Official one-bedroom modelled average for East Staffordshire LA; underlying observation count is not published in the table and the LA is broader than the named town.,"Rightmove's filtered snapshot returned 26 sale and 34 rental results; these are portal headline counts, not deduplicated properties, and the query does not verify tower stock.","Broad screen indicates basic bus and rail coverage with less network depth; this is a town-level judgement, not a neighbourhood accessibility audit.","Approximate representative faster weekday journey from Burton-on-Trent: London 95 min (1 change), Birmingham 30 min (0 changes); recheck against the exact travel date.","The A38, railways and major brewing/industrial activity create conspicuous transport and industrial noise corridors.",A serviceable centre and riverside assets are balanced by traffic-dominated and industrial urban fabric.,https://api.postcodes.io/places?q=Burton%20upon%20Trent | https://api.postcodes.io/postcodes?lon=-1.644791&lat=52.807376&limit=1&radius=2000 | https://data.police.uk/api/crimes-street/all-crime?lat=52.807376&lng=-1.644791&date=2026-07 | https://data.police.uk/docs/method/crime-street/,https://www.gov.uk/government/statistical-data-sets/price-paid-data-downloads,https://www.ons.gov.uk/economy/inflationandpriceindices/datasets/priceindexofprivaterentsukmonthlypricestatistics | https://www.ons.gov.uk/economy/inflationandpriceindices/bulletins/privaterentandhousepricesuk/august2026,https://www.rightmove.co.uk/property-for-sale/find.html?locationIdentifier=REGION%5E256&minBedrooms=1&maxBedrooms=1&propertyTypes=flat&includeSSTC=false&mustHave=&dontShow=retirement%2CsharedOwnership&furnishTypes=&keywords= | https://www.rightmove.co.uk/property-to-rent/find.html?locationIdentifier=REGION%5E256&minBedrooms=1&maxBedrooms=1&propertyTypes=flat&includeSSTC=true&mustHave=&dontShow=houseShare%2Cretirement&furnishTypes=&keywords=,https://www.nationalrail.co.uk/journey-planner/ | https://www.traveline.info/,https://www.gov.uk/government/publications/strategic-noise-mapping-2022/explaining-the-2022-noise-maps | https://www.gov.uk/government/statistics/english-indices-of-deprivation-2025 | https://www.openstreetmap.org/search?query=Burton-on-Trent%2C%20UK
Cardiff,"Identical-radius centre proxy: 4514 violence/sexual-offence and 1753 ASB records in 12 months; relative composite places it in screening band 2/5, but this is not a population-normalised town or neighbourhood rate.","Median of 1883 achieved standard flat/maisonette sales; this is an all-size flat screening proxy, not a one-bedroom estimate.",Official one-bedroom modelled average for Cardiff LA; underlying observation count is not published in the table.,"Rightmove's filtered snapshot returned 259 sale and 468 rental results; these are portal headline counts, not deduplicated properties, and the query does not verify tower stock.","Broad screen indicates a dense multimodal network; this is a town-level judgement, not a neighbourhood accessibility audit.","Approximate representative faster weekday journey from Cardiff Central: London 110 min (0 changes), Birmingham 120 min (0 changes); recheck against the exact travel date.","Capital-city traffic, dense rail approaches, major events and nightlife make central noise exposure comparatively likely.","Substantial civic, park and renewed waterfront assets make the city broadly pleasant despite uneven inner corridors.",https://api.postcodes.io/places?q=Cardiff | https://api.postcodes.io/postcodes?lon=-3.176855&lat=51.480005&limit=1&radius=2000 | https://data.police.uk/api/crimes-street/all-crime?lat=51.480005&lng=-3.176855&date=2026-07 | https://data.police.uk/docs/method/crime-street/,https://www.gov.uk/government/statistical-data-sets/price-paid-data-downloads,https://www.ons.gov.uk/economy/inflationandpriceindices/datasets/priceindexofprivaterentsukmonthlypricestatistics | https://www.ons.gov.uk/economy/inflationandpriceindices/bulletins/privaterentandhousepricesuk/august2026,https://www.rightmove.co.uk/property-for-sale/find.html?locationIdentifier=REGION%5E281&minBedrooms=1&maxBedrooms=1&propertyTypes=flat&includeSSTC=false&mustHave=&dontShow=retirement%2CsharedOwnership&furnishTypes=&keywords= | https://www.rightmove.co.uk/property-to-rent/find.html?locationIdentifier=REGION%5E281&minBedrooms=1&maxBedrooms=1&propertyTypes=flat&includeSSTC=true&mustHave=&dontShow=houseShare%2Cretirement&furnishTypes=&keywords= | https://los.rightmove.co.uk/typeahead?query=Cardiff,https://www.nationalrail.co.uk/journey-planner/ | https://www.traveline.info/ | https://tfw.wales/,https://datamap.gov.wales/layergroups/geonode%3AEnvironmental_Noise_Mapping_2022 | https://stats.gov.wales/en-GB/c67b9e08-dacc-439a-a244-2fce79b11400 | https://www.openstreetmap.org/search?query=Cardiff%2C%20UK
Chester,"Identical-radius centre proxy: 1929 violence/sexual-offence and 438 ASB records in 12 months; relative composite places it in screening band 5/5, but this is not a population-normalised town or neighbourhood rate.","Median of 570 achieved standard flat/maisonette sales; this is an all-size flat screening proxy, not a one-bedroom estimate.",Official one-bedroom modelled average for Cheshire West and Chester LA; underlying observation count is not published in the table and the LA is broader than the named town.,"Rightmove's filtered snapshot returned 43 sale and 54 rental results; these are portal headline counts, not deduplicated properties, and the query does not verify tower stock.","Broad screen indicates a useful town/city bus-and-rail network; this is a town-level judgement, not a neighbourhood accessibility audit.","Approximate representative faster weekday journey from Chester: London 125 min (0 changes), Birmingham 75 min (0 changes); recheck against the exact travel date.","The A55 and railways are clear noise sources, but the compact city has many areas away from intensive urban activity.","Exceptional historic fabric, river setting and generally strong public realm support a strongly favourable broad judgement.",https://api.postcodes.io/places?q=Chester | https://api.postcodes.io/postcodes?lon=-2.891644&lat=53.190204&limit=1&radius=2000 | https://data.police.uk/api/crimes-street/all-crime?lat=53.190204&lng=-2.891644&date=2026-07 | https://data.police.uk/docs/method/crime-street/,https://www.gov.uk/government/statistical-data-sets/price-paid-data-downloads,https://www.ons.gov.uk/economy/inflationandpriceindices/datasets/priceindexofprivaterentsukmonthlypricestatistics | https://www.ons.gov.uk/economy/inflationandpriceindices/bulletins/privaterentandhousepricesuk/august2026,https://www.rightmove.co.uk/property-for-sale/find.html?locationIdentifier=REGION%5E313&minBedrooms=1&maxBedrooms=1&propertyTypes=flat&includeSSTC=false&mustHave=&dontShow=retirement%2CsharedOwnership&furnishTypes=&keywords= | https://www.rightmove.co.uk/property-to-rent/find.html?locationIdentifier=REGION%5E313&minBedrooms=1&maxBedrooms=1&propertyTypes=flat&includeSSTC=true&mustHave=&dontShow=houseShare%2Cretirement&furnishTypes=&keywords= | https://los.rightmove.co.uk/typeahead?query=Chester,https://www.nationalrail.co.uk/journey-planner/ | https://www.traveline.info/,https://www.gov.uk/government/publications/strategic-noise-mapping-2022/explaining-the-2022-noise-maps | https://www.gov.uk/government/statistics/english-indices-of-deprivation-2025 | https://www.openstreetmap.org/search?query=Chester%2C%20UK
Chesterfield,"Identical-radius centre proxy: 1799 violence/sexual-offence and 878 ASB records in 12 months; relative composite places it in screening band 4/5, but this is not a population-normalised town or neighbourhood rate.","Median of 204 achieved standard flat/maisonette sales; this is an all-size flat screening proxy, not a one-bedroom estimate.",Official one-bedroom modelled average for Chesterfield LA; underlying observation count is not published in the table.,"Rightmove's filtered snapshot returned 14 sale and 31 rental results; these are portal headline counts, not deduplicated properties, and the query does not verify tower stock.","Broad screen indicates basic bus and rail coverage with less network depth; this is a town-level judgement, not a neighbourhood accessibility audit.","Approximate representative faster weekday journey from Chesterfield: London 115 min (0 changes), Birmingham 65 min (0 changes); recheck against the exact travel date.","The A61, rail and industrial corridors bring noise, while the town's scale leaves plausible calmer areas.",A coherent historic centre and nearby landscape support a favourable judgement despite some post-industrial and arterial-road fabric.,https://api.postcodes.io/places?q=Chesterfield | https://api.postcodes.io/postcodes?lon=-1.429206&lat=53.236330&limit=1&radius=2000 | https://data.police.uk/api/crimes-street/all-crime?lat=53.236330&lng=-1.429206&date=2026-07 | https://data.police.uk/docs/method/crime-street/,https://www.gov.uk/government/statistical-data-sets/price-paid-data-downloads,https://www.ons.gov.uk/economy/inflationandpriceindices/datasets/priceindexofprivaterentsukmonthlypricestatistics | https://www.ons.gov.uk/economy/inflationandpriceindices/bulletins/privaterentandhousepricesuk/august2026,https://www.rightmove.co.uk/property-for-sale/find.html?locationIdentifier=REGION%5E315&minBedrooms=1&maxBedrooms=1&propertyTypes=flat&includeSSTC=false&mustHave=&dontShow=retirement%2CsharedOwnership&furnishTypes=&keywords= | https://www.rightmove.co.uk/property-to-rent/find.html?locationIdentifier=REGION%5E315&minBedrooms=1&maxBedrooms=1&propertyTypes=flat&includeSSTC=true&mustHave=&dontShow=houseShare%2Cretirement&furnishTypes=&keywords= | https://los.rightmove.co.uk/typeahead?query=Chesterfield,https://www.nationalrail.co.uk/journey-planner/ | https://www.traveline.info/,https://www.gov.uk/government/publications/strategic-noise-mapping-2022/explaining-the-2022-noise-maps | https://www.gov.uk/government/statistics/english-indices-of-deprivation-2025 | https://www.openstreetmap.org/search?query=Chesterfield%2C%20UK
Coventry,"Identical-radius centre proxy: 4663 violence/sexual-offence and 555 ASB records in 12 months; relative composite places it in screening band 3/5, but this is not a population-normalised town or neighbourhood rate.","Median of 830 achieved standard flat/maisonette sales; this is an all-size flat screening proxy, not a one-bedroom estimate.",Official one-bedroom modelled average for Coventry LA; underlying observation count is not published in the table.,"Rightmove's filtered snapshot returned 88 sale and 184 rental results; these are portal headline counts, not deduplicated properties, and the query does not verify tower stock.","Broad screen indicates a useful town/city bus-and-rail network; this is a town-level judgement, not a neighbourhood accessibility audit.","Approximate representative faster weekday journey from Coventry: London 60 min (0 changes), Birmingham 20 min (0 changes); recheck against the exact travel date.","The inner ring road, motorway approaches, rail and a substantial night-time economy create widespread noise pressure.",Major public-realm renewal and heritage pockets coexist with traffic-heavy and uneven reconstructed urban fabric.,https://api.postcodes.io/places?q=Coventry | https://api.postcodes.io/postcodes?lon=-1.506857&lat=52.407707&limit=1&radius=2000 | https://data.police.uk/api/crimes-street/all-crime?lat=52.407707&lng=-1.506857&date=2026-07 | https://data.police.uk/docs/method/crime-street/,https://www.gov.uk/government/statistical-data-sets/price-paid-data-downloads,https://www.ons.gov.uk/economy/inflationandpriceindices/datasets/priceindexofprivaterentsukmonthlypricestatistics | https://www.ons.gov.uk/economy/inflationandpriceindices/bulletins/privaterentandhousepricesuk/august2026,https://www.rightmove.co.uk/property-for-sale/find.html?locationIdentifier=REGION%5E368&minBedrooms=1&maxBedrooms=1&propertyTypes=flat&includeSSTC=false&mustHave=&dontShow=retirement%2CsharedOwnership&furnishTypes=&keywords= | https://www.rightmove.co.uk/property-to-rent/find.html?locationIdentifier=REGION%5E368&minBedrooms=1&maxBedrooms=1&propertyTypes=flat&includeSSTC=true&mustHave=&dontShow=houseShare%2Cretirement&furnishTypes=&keywords= | https://los.rightmove.co.uk/typeahead?query=Coventry,https://www.nationalrail.co.uk/journey-planner/ | https://www.traveline.info/ | https://www.tfwm.org.uk/,https://www.gov.uk/government/publications/strategic-noise-mapping-2022/explaining-the-2022-noise-maps | https://www.gov.uk/government/statistics/english-indices-of-deprivation-2025 | https://www.openstreetmap.org/search?query=Coventry%2C%20UK
Darlington,"Identical-radius centre proxy: 2195 violence/sexual-offence and 1576 ASB records in 12 months; relative composite places it in screening band 3/5, but this is not a population-normalised town or neighbourhood rate.","Median of 220 achieved standard flat/maisonette sales; this is an all-size flat screening proxy, not a one-bedroom estimate.",Official one-bedroom modelled average for Darlington LA; underlying observation count is not published in the table.,"Rightmove's filtered snapshot returned 23 sale and 24 rental results; these are portal headline counts, not deduplicated properties, and the query does not verify tower stock.","Broad screen indicates a useful town/city bus-and-rail network; this is a town-level judgement, not a neighbourhood accessibility audit.","Approximate representative faster weekday journey from Darlington: London 135 min (0 changes), Birmingham 145 min (1 change); recheck against the exact travel date.","A1(M)/A66 approaches and a major rail corridor are conspicuous, but the town is not continuously high-intensity.",Victorian and civic assets are balanced by ordinary and sometimes uneven edge and centre fabric.,https://api.postcodes.io/places?q=Darlington | https://api.postcodes.io/postcodes?lon=-1.553611&lat=54.523274&limit=1&radius=2000 | https://data.police.uk/api/crimes-street/all-crime?lat=54.523274&lng=-1.553611&date=2026-07 | https://data.police.uk/docs/method/crime-street/,https://www.gov.uk/government/statistical-data-sets/price-paid-data-downloads,https://www.ons.gov.uk/economy/inflationandpriceindices/datasets/priceindexofprivaterentsukmonthlypricestatistics | https://www.ons.gov.uk/economy/inflationandpriceindices/bulletins/privaterentandhousepricesuk/august2026,https://www.rightmove.co.uk/property-for-sale/find.html?locationIdentifier=REGION%5E406&minBedrooms=1&maxBedrooms=1&propertyTypes=flat&includeSSTC=false&mustHave=&dontShow=retirement%2CsharedOwnership&furnishTypes=&keywords= | https://www.rightmove.co.uk/property-to-rent/find.html?locationIdentifier=REGION%5E406&minBedrooms=1&maxBedrooms=1&propertyTypes=flat&includeSSTC=true&mustHave=&dontShow=houseShare%2Cretirement&furnishTypes=&keywords= | https://los.rightmove.co.uk/typeahead?query=Darlington,https://www.nationalrail.co.uk/journey-planner/ | https://www.traveline.info/,https://www.gov.uk/government/publications/strategic-noise-mapping-2022/explaining-the-2022-noise-maps | https://www.gov.uk/government/statistics/english-indices-of-deprivation-2025 | https://www.openstreetmap.org/search?query=Darlington%2C%20UK
Derby,"Identical-radius centre proxy: 4711 violence/sexual-offence and 1581 ASB records in 12 months; relative composite places it in screening band 2/5, but this is not a population-normalised town or neighbourhood rate.","Median of 532 achieved standard flat/maisonette sales; this is an all-size flat screening proxy, not a one-bedroom estimate.",Official one-bedroom modelled average for Derby LA; underlying observation count is not published in the table.,"Rightmove's filtered snapshot returned 73 sale and 214 rental results; these are portal headline counts, not deduplicated properties, and the query does not verify tower stock.","Broad screen indicates a useful town/city bus-and-rail network; this is a town-level judgement, not a neighbourhood accessibility audit.","Approximate representative faster weekday journey from Derby: London 90 min (0 changes), Birmingham 35 min (0 changes); recheck against the exact travel date.","Ring roads, a major rail corridor, industry and proximity to East Midlands Airport increase transport-noise exposure.",Renewal and historic pockets coexist with traffic-dominated approaches and extensive industrial urban form.,https://api.postcodes.io/places?q=Derby | https://api.postcodes.io/postcodes?lon=-1.478054&lat=52.924693&limit=1&radius=2000 | https://data.police.uk/api/crimes-street/all-crime?lat=52.924693&lng=-1.478054&date=2026-07 | https://data.police.uk/docs/method/crime-street/,https://www.gov.uk/government/statistical-data-sets/price-paid-data-downloads,https://www.ons.gov.uk/economy/inflationandpriceindices/datasets/priceindexofprivaterentsukmonthlypricestatistics | https://www.ons.gov.uk/economy/inflationandpriceindices/bulletins/privaterentandhousepricesuk/august2026,https://www.rightmove.co.uk/property-for-sale/find.html?locationIdentifier=REGION%5E418&minBedrooms=1&maxBedrooms=1&propertyTypes=flat&includeSSTC=false&mustHave=&dontShow=retirement%2CsharedOwnership&furnishTypes=&keywords= | https://www.rightmove.co.uk/property-to-rent/find.html?locationIdentifier=REGION%5E418&minBedrooms=1&maxBedrooms=1&propertyTypes=flat&includeSSTC=true&mustHave=&dontShow=houseShare%2Cretirement&furnishTypes=&keywords= | https://los.rightmove.co.uk/typeahead?query=Derby,https://www.nationalrail.co.uk/journey-planner/ | https://www.traveline.info/,https://www.gov.uk/government/publications/strategic-noise-mapping-2022/explaining-the-2022-noise-maps | https://www.gov.uk/government/statistics/english-indices-of-deprivation-2025 | https://www.openstreetmap.org/search?query=Derby%2C%20UK
Doncaster,"Identical-radius centre proxy: 3126 violence/sexual-offence and 1193 ASB records in 12 months; relative composite places it in screening band 3/5, but this is not a population-normalised town or neighbourhood rate.","Median of 281 achieved standard flat/maisonette sales; this is an all-size flat screening proxy, not a one-bedroom estimate.",Official one-bedroom modelled average for Doncaster LA; underlying observation count is not published in the table.,"Rightmove's filtered snapshot returned 25 sale and 27 rental results; these are portal headline counts, not deduplicated properties, and the query does not verify tower stock.","Broad screen indicates a useful town/city bus-and-rail network; this is a town-level judgement, not a neighbourhood accessibility audit.","Approximate representative faster weekday journey from Doncaster: London 100 min (0 changes), Birmingham 95 min (0 changes); recheck against the exact travel date.","Motorways, a nationally important railway and extensive logistics/industrial land create multiple persistent noise corridors.","Civic assets and renewal are offset by extensive post-industrial, logistics and deprived urban fabric.",https://api.postcodes.io/places?q=Doncaster | https://api.postcodes.io/postcodes?lon=-1.132352&lat=53.522723&limit=1&radius=2000 | https://data.police.uk/api/crimes-street/all-crime?lat=53.522723&lng=-1.132352&date=2026-07 | https://data.police.uk/docs/method/crime-street/,https://www.gov.uk/government/statistical-data-sets/price-paid-data-downloads,https://www.ons.gov.uk/economy/inflationandpriceindices/datasets/priceindexofprivaterentsukmonthlypricestatistics | https://www.ons.gov.uk/economy/inflationandpriceindices/bulletins/privaterentandhousepricesuk/august2026,https://www.rightmove.co.uk/property-for-sale/find.html?locationIdentifier=REGION%5E430&minBedrooms=1&maxBedrooms=1&propertyTypes=flat&includeSSTC=false&mustHave=&dontShow=retirement%2CsharedOwnership&furnishTypes=&keywords= | https://www.rightmove.co.uk/property-to-rent/find.html?locationIdentifier=REGION%5E430&minBedrooms=1&maxBedrooms=1&propertyTypes=flat&includeSSTC=true&mustHave=&dontShow=houseShare%2Cretirement&furnishTypes=&keywords= | https://los.rightmove.co.uk/typeahead?query=Doncaster,https://www.nationalrail.co.uk/journey-planner/ | https://www.traveline.info/ | https://www.travelsouthyorkshire.com/,https://www.gov.uk/government/publications/strategic-noise-mapping-2022/explaining-the-2022-noise-maps | https://www.gov.uk/government/statistics/english-indices-of-deprivation-2025 | https://www.openstreetmap.org/search?query=Doncaster%2C%20UK
Gateshead,"Identical-radius centre proxy: 3208 violence/sexual-offence and 2044 ASB records in 12 months; relative composite places it in screening band 2/5, but this is not a population-normalised town or neighbourhood rate.","Median of 597 achieved standard flat/maisonette sales; this is an all-size flat screening proxy, not a one-bedroom estimate.",Official one-bedroom modelled average for Gateshead LA; underlying observation count is not published in the table.,"Rightmove's filtered snapshot returned 32 sale and 27 rental results; these are portal headline counts, not deduplicated properties, and the query does not verify tower stock.","Broad screen indicates a dense multimodal network; this is a town-level judgement, not a neighbourhood accessibility audit.","Approximate representative faster weekday journey from Newcastle used; short Metro connection from Gateshead: London 180 min (0 changes), Birmingham 190 min (0 changes); recheck against the exact travel date.","The A1/A184, rail, river crossings and adjacency to Newcastle's urban core make noise exposure likely.",Strong riverside cultural assets and regeneration coexist with large traffic corridors and uneven post-industrial fabric.,https://api.postcodes.io/places?q=Gateshead | https://api.postcodes.io/postcodes?lon=-1.604945&lat=54.959914&limit=1&radius=2000 | https://data.police.uk/api/crimes-street/all-crime?lat=54.959914&lng=-1.604945&date=2026-07 | https://data.police.uk/docs/method/crime-street/,https://www.gov.uk/government/statistical-data-sets/price-paid-data-downloads,https://www.ons.gov.uk/economy/inflationandpriceindices/datasets/priceindexofprivaterentsukmonthlypricestatistics | https://www.ons.gov.uk/economy/inflationandpriceindices/bulletins/privaterentandhousepricesuk/august2026,https://www.rightmove.co.uk/property-for-sale/find.html?locationIdentifier=REGION%5E544&minBedrooms=1&maxBedrooms=1&propertyTypes=flat&includeSSTC=false&mustHave=&dontShow=retirement%2CsharedOwnership&furnishTypes=&keywords= | https://www.rightmove.co.uk/property-to-rent/find.html?locationIdentifier=REGION%5E544&minBedrooms=1&maxBedrooms=1&propertyTypes=flat&includeSSTC=true&mustHave=&dontShow=houseShare%2Cretirement&furnishTypes=&keywords= | https://los.rightmove.co.uk/typeahead?query=Gateshead,https://www.nationalrail.co.uk/journey-planner/ | https://www.traveline.info/ | https://www.nexus.org.uk/,https://www.gov.uk/government/publications/strategic-noise-mapping-2022/explaining-the-2022-noise-maps | https://www.gov.uk/government/statistics/english-indices-of-deprivation-2025 | https://www.openstreetmap.org/search?query=Gateshead%2C%20UK
Gloucester,"Identical-radius centre proxy: 1819 violence/sexual-offence and 941 ASB records in 12 months; relative composite places it in screening band 4/5, but this is not a population-normalised town or neighbourhood rate.","Median of 681 achieved standard flat/maisonette sales; this is an all-size flat screening proxy, not a one-bedroom estimate.",Official one-bedroom modelled average for Gloucester LA; underlying observation count is not published in the table.,"Rightmove's filtered snapshot returned 74 sale and 65 rental results; these are portal headline counts, not deduplicated properties, and the query does not verify tower stock.","Broad screen indicates a useful town/city bus-and-rail network; this is a town-level judgement, not a neighbourhood accessibility audit.","Approximate representative faster weekday journey from Gloucester: London 105 min (0 changes), Birmingham 55 min (0 changes); recheck against the exact travel date.","M5 access, rail and industrial/port approaches create noise corridors, with calmer fabric beyond them.","Historic core and renewed docks support a favourable broad judgement, although arterial and edge areas are mixed.",https://api.postcodes.io/places?q=Gloucester | https://api.postcodes.io/postcodes?lon=-2.246934&lat=51.864550&limit=1&radius=2000 | https://data.police.uk/api/crimes-street/all-crime?lat=51.864550&lng=-2.246934&date=2026-07 | https://data.police.uk/docs/method/crime-street/,https://www.gov.uk/government/statistical-data-sets/price-paid-data-downloads,https://www.ons.gov.uk/economy/inflationandpriceindices/datasets/priceindexofprivaterentsukmonthlypricestatistics | https://www.ons.gov.uk/economy/inflationandpriceindices/bulletins/privaterentandhousepricesuk/august2026,https://www.rightmove.co.uk/property-for-sale/find.html?locationIdentifier=REGION%5E556&minBedrooms=1&maxBedrooms=1&propertyTypes=flat&includeSSTC=false&mustHave=&dontShow=retirement%2CsharedOwnership&furnishTypes=&keywords= | https://www.rightmove.co.uk/property-to-rent/find.html?locationIdentifier=REGION%5E556&minBedrooms=1&maxBedrooms=1&propertyTypes=flat&includeSSTC=true&mustHave=&dontShow=houseShare%2Cretirement&furnishTypes=&keywords= | https://los.rightmove.co.uk/typeahead?query=Gloucester,https://www.nationalrail.co.uk/journey-planner/ | https://www.traveline.info/,https://www.gov.uk/government/publications/strategic-noise-mapping-2022/explaining-the-2022-noise-maps | https://www.gov.uk/government/statistics/english-indices-of-deprivation-2025 | https://www.openstreetmap.org/search?query=Gloucester%2C%20UK
Halifax,"Identical-radius centre proxy: 2608 violence/sexual-offence and 618 ASB records in 12 months; relative composite places it in screening band 4/5, but this is not a population-normalised town or neighbourhood rate.","Median of 216 achieved standard flat/maisonette sales; this is an all-size flat screening proxy, not a one-bedroom estimate.",Official one-bedroom modelled average for Calderdale LA; underlying observation count is not published in the table and the LA is broader than the named town.,"Rightmove's filtered snapshot returned 34 sale and 49 rental results; these are portal headline counts, not deduplicated properties, and the query does not verify tower stock.","Broad screen indicates a useful town/city bus-and-rail network; this is a town-level judgement, not a neighbourhood accessibility audit.","Approximate representative faster weekday journey from Halifax: London 180 min (1 change), Birmingham 145 min (1 change); recheck against the exact travel date.","Valley roads, rail and town-centre activity create concentrated noise, while the wider hilly urban area is mixed.",Outstanding civic and industrial architecture is tempered by deprivation and uneven upkeep in parts of the town.,https://api.postcodes.io/places?q=Halifax | https://api.postcodes.io/postcodes?lon=-1.860176&lat=53.722827&limit=1&radius=2000 | https://data.police.uk/api/crimes-street/all-crime?lat=53.722827&lng=-1.860176&date=2026-07 | https://data.police.uk/docs/method/crime-street/,https://www.gov.uk/government/statistical-data-sets/price-paid-data-downloads,https://www.ons.gov.uk/economy/inflationandpriceindices/datasets/priceindexofprivaterentsukmonthlypricestatistics | https://www.ons.gov.uk/economy/inflationandpriceindices/bulletins/privaterentandhousepricesuk/august2026,https://www.rightmove.co.uk/property-for-sale/find.html?locationIdentifier=REGION%5E588&minBedrooms=1&maxBedrooms=1&propertyTypes=flat&includeSSTC=false&mustHave=&dontShow=retirement%2CsharedOwnership&furnishTypes=&keywords= | https://www.rightmove.co.uk/property-to-rent/find.html?locationIdentifier=REGION%5E588&minBedrooms=1&maxBedrooms=1&propertyTypes=flat&includeSSTC=true&mustHave=&dontShow=houseShare%2Cretirement&furnishTypes=&keywords= | https://los.rightmove.co.uk/typeahead?query=Halifax,https://www.nationalrail.co.uk/journey-planner/ | https://www.traveline.info/ | https://www.wymetro.com/,https://www.gov.uk/government/publications/strategic-noise-mapping-2022/explaining-the-2022-noise-maps | https://www.gov.uk/government/statistics/english-indices-of-deprivation-2025 | https://www.openstreetmap.org/search?query=Halifax%2C%20UK
Hartlepool,"Identical-radius centre proxy: 2928 violence/sexual-offence and 1192 ASB records in 12 months; relative composite places it in screening band 3/5, but this is not a population-normalised town or neighbourhood rate.","Median of 106 achieved standard flat/maisonette sales; this is an all-size flat screening proxy, not a one-bedroom estimate.",Official one-bedroom modelled average for Hartlepool LA; underlying observation count is not published in the table.,"Rightmove's filtered snapshot returned 16 sale and 9 rental results; these are portal headline counts, not deduplicated properties, and the query does not verify tower stock.","Broad screen indicates basic bus and rail coverage with less network depth; this is a town-level judgement, not a neighbourhood accessibility audit.","Approximate representative faster weekday journey from Hartlepool: London 195 min (1 change), Birmingham 195 min (1 change); recheck against the exact travel date.","Port industry, rail and arterial traffic are conspicuous, but overall urban intensity is moderate.","The marina and heritage areas are positives, while deprivation and extensive industrial/post-industrial fabric reduce consistency.",https://api.postcodes.io/places?q=Hartlepool | https://api.postcodes.io/postcodes?lon=-1.212911&lat=54.685388&limit=1&radius=2000 | https://data.police.uk/api/crimes-street/all-crime?lat=54.685388&lng=-1.212911&date=2026-07 | https://data.police.uk/docs/method/crime-street/,https://www.gov.uk/government/statistical-data-sets/price-paid-data-downloads,https://www.ons.gov.uk/economy/inflationandpriceindices/datasets/priceindexofprivaterentsukmonthlypricestatistics | https://www.ons.gov.uk/economy/inflationandpriceindices/bulletins/privaterentandhousepricesuk/august2026,https://www.rightmove.co.uk/property-for-sale/find.html?locationIdentifier=REGION%5E601&minBedrooms=1&maxBedrooms=1&propertyTypes=flat&includeSSTC=false&mustHave=&dontShow=retirement%2CsharedOwnership&furnishTypes=&keywords= | https://www.rightmove.co.uk/property-to-rent/find.html?locationIdentifier=REGION%5E601&minBedrooms=1&maxBedrooms=1&propertyTypes=flat&includeSSTC=true&mustHave=&dontShow=houseShare%2Cretirement&furnishTypes=&keywords= | https://los.rightmove.co.uk/typeahead?query=Hartlepool,https://www.nationalrail.co.uk/journey-planner/ | https://www.traveline.info/,https://www.gov.uk/government/publications/strategic-noise-mapping-2022/explaining-the-2022-noise-maps | https://www.gov.uk/government/statistics/english-indices-of-deprivation-2025 | https://www.openstreetmap.org/search?query=Hartlepool%2C%20UK
Huddersfield,"Identical-radius centre proxy: 2621 violence/sexual-offence and 498 ASB records in 12 months; relative composite places it in screening band 4/5, but this is not a population-normalised town or neighbourhood rate.","Median of 288 achieved standard flat/maisonette sales; this is an all-size flat screening proxy, not a one-bedroom estimate.",Official one-bedroom modelled average for Kirklees LA; underlying observation count is not published in the table and the LA is broader than the named town.,"Rightmove's filtered snapshot returned 33 sale and 91 rental results; these are portal headline counts, not deduplicated properties, and the query does not verify tower stock.","Broad screen indicates a useful town/city bus-and-rail network; this is a town-level judgement, not a neighbourhood accessibility audit.","Approximate representative faster weekday journey from Huddersfield: London 175 min (1 change), Birmingham 135 min (1 change); recheck against the exact travel date.","Ring-road traffic, rail and town-centre nightlife are evident, with lower-intensity residential areas beyond.",Strong stone architecture and landscape setting are balanced by traffic-heavy approaches and uneven central upkeep.,https://api.postcodes.io/places?q=Huddersfield | https://api.postcodes.io/postcodes?lon=-1.782201&lat=53.644281&limit=1&radius=2000 | https://data.police.uk/api/crimes-street/all-crime?lat=53.644281&lng=-1.782201&date=2026-07 | https://data.police.uk/docs/method/crime-street/,https://www.gov.uk/government/statistical-data-sets/price-paid-data-downloads,https://www.ons.gov.uk/economy/inflationandpriceindices/datasets/priceindexofprivaterentsukmonthlypricestatistics | https://www.ons.gov.uk/economy/inflationandpriceindices/bulletins/privaterentandhousepricesuk/august2026,https://www.rightmove.co.uk/property-for-sale/find.html?locationIdentifier=REGION%5E664&minBedrooms=1&maxBedrooms=1&propertyTypes=flat&includeSSTC=false&mustHave=&dontShow=retirement%2CsharedOwnership&furnishTypes=&keywords= | https://www.rightmove.co.uk/property-to-rent/find.html?locationIdentifier=REGION%5E664&minBedrooms=1&maxBedrooms=1&propertyTypes=flat&includeSSTC=true&mustHave=&dontShow=houseShare%2Cretirement&furnishTypes=&keywords= | https://los.rightmove.co.uk/typeahead?query=Huddersfield,https://www.nationalrail.co.uk/journey-planner/ | https://www.traveline.info/ | https://www.wymetro.com/,https://www.gov.uk/government/publications/strategic-noise-mapping-2022/explaining-the-2022-noise-maps | https://www.gov.uk/government/statistics/english-indices-of-deprivation-2025 | https://www.openstreetmap.org/search?query=Huddersfield%2C%20UK
Hull (Kingston upon Hull),"Identical-radius centre proxy: 2361 violence/sexual-offence and 405 ASB records in 12 months; relative composite places it in screening band 4/5, but this is not a population-normalised town or neighbourhood rate.","Median of 406 achieved standard flat/maisonette sales; this is an all-size flat screening proxy, not a one-bedroom estimate.","Official one-bedroom modelled average for Kingston upon Hull, City of LA; underlying observation count is not published in the table.","Rightmove's filtered snapshot returned 92 sale and 128 rental results; these are portal headline counts, not deduplicated properties, and the query does not verify tower stock.","Broad screen indicates a useful town/city bus-and-rail network; this is a town-level judgement, not a neighbourhood accessibility audit.","Approximate representative faster weekday journey from Hull: London 165 min (0 changes), Birmingham 145 min (1 change); recheck against the exact travel date.","Port, industry, freight traffic and broad arterial roads create substantial persistent-noise exposure.",Renewed old town and waterfront areas coexist with extensive deprived and industrial urban fabric.,https://api.postcodes.io/places?q=Kingston%20upon%20Hull | https://api.postcodes.io/postcodes?lon=-0.332576&lat=53.744587&limit=1&radius=2000 | https://data.police.uk/api/crimes-street/all-crime?lat=53.744587&lng=-0.332576&date=2026-07 | https://data.police.uk/docs/method/crime-street/,https://www.gov.uk/government/statistical-data-sets/price-paid-data-downloads,https://www.ons.gov.uk/economy/inflationandpriceindices/datasets/priceindexofprivaterentsukmonthlypricestatistics | https://www.ons.gov.uk/economy/inflationandpriceindices/bulletins/privaterentandhousepricesuk/august2026,https://www.rightmove.co.uk/property-for-sale/find.html?locationIdentifier=REGION%5E61244&minBedrooms=1&maxBedrooms=1&propertyTypes=flat&includeSSTC=false&mustHave=&dontShow=retirement%2CsharedOwnership&furnishTypes=&keywords= | https://www.rightmove.co.uk/property-to-rent/find.html?locationIdentifier=REGION%5E61244&minBedrooms=1&maxBedrooms=1&propertyTypes=flat&includeSSTC=true&mustHave=&dontShow=houseShare%2Cretirement&furnishTypes=&keywords= | https://los.rightmove.co.uk/typeahead?query=Kingston%20upon%20Hull,https://www.nationalrail.co.uk/journey-planner/ | https://www.traveline.info/,https://www.gov.uk/government/publications/strategic-noise-mapping-2022/explaining-the-2022-noise-maps | https://www.gov.uk/government/statistics/english-indices-of-deprivation-2025 | https://www.openstreetmap.org/search?query=Hull%20%28Kingston%20upon%20Hull%29%2C%20UK
Ipswich,"Identical-radius centre proxy: 2451 violence/sexual-offence and 442 ASB records in 12 months; relative composite places it in screening band 4/5, but this is not a population-normalised town or neighbourhood rate.","Median of 545 achieved standard flat/maisonette sales; this is an all-size flat screening proxy, not a one-bedroom estimate.",Official one-bedroom modelled average for Ipswich LA; underlying observation count is not published in the table.,"Rightmove's filtered snapshot returned 117 sale and 80 rental results; these are portal headline counts, not deduplicated properties, and the query does not verify tower stock.","Broad screen indicates a useful town/city bus-and-rail network; this is a town-level judgement, not a neighbourhood accessibility audit.","Approximate representative faster weekday journey from Ipswich: London 65 min (0 changes), Birmingham 170 min (1 change); recheck against the exact travel date.","A14 approaches, rail and port activity create noise corridors, but the town's overall intensity is moderate.","Waterfront renewal and historic fabric are balanced by uneven centre, arterial and industrial areas.",https://api.postcodes.io/places?q=Ipswich | https://api.postcodes.io/postcodes?lon=1.152832&lat=52.057066&limit=1&radius=2000 | https://data.police.uk/api/crimes-street/all-crime?lat=52.057066&lng=1.152832&date=2026-07 | https://data.police.uk/docs/method/crime-street/,https://www.gov.uk/government/statistical-data-sets/price-paid-data-downloads,https://www.ons.gov.uk/economy/inflationandpriceindices/datasets/priceindexofprivaterentsukmonthlypricestatistics | https://www.ons.gov.uk/economy/inflationandpriceindices/bulletins/privaterentandhousepricesuk/august2026,https://www.rightmove.co.uk/property-for-sale/find.html?locationIdentifier=REGION%5E689&minBedrooms=1&maxBedrooms=1&propertyTypes=flat&includeSSTC=false&mustHave=&dontShow=retirement%2CsharedOwnership&furnishTypes=&keywords= | https://www.rightmove.co.uk/property-to-rent/find.html?locationIdentifier=REGION%5E689&minBedrooms=1&maxBedrooms=1&propertyTypes=flat&includeSSTC=true&mustHave=&dontShow=houseShare%2Cretirement&furnishTypes=&keywords= | https://los.rightmove.co.uk/typeahead?query=Ipswich,https://www.nationalrail.co.uk/journey-planner/ | https://www.traveline.info/,https://www.gov.uk/government/publications/strategic-noise-mapping-2022/explaining-the-2022-noise-maps | https://www.gov.uk/government/statistics/english-indices-of-deprivation-2025 | https://www.openstreetmap.org/search?query=Ipswich%2C%20UK
Kettering,"Identical-radius centre proxy: 1819 violence/sexual-offence and 1216 ASB records in 12 months; relative composite places it in screening band 4/5, but this is not a population-normalised town or neighbourhood rate.","Median of 210 achieved standard flat/maisonette sales; this is an all-size flat screening proxy, not a one-bedroom estimate.",Official one-bedroom modelled average for North Northamptonshire LA; underlying observation count is not published in the table and the LA is broader than the named town.,"Rightmove's filtered snapshot returned 15 sale and 30 rental results; these are portal headline counts, not deduplicated properties, and the query does not verify tower stock.","Broad screen indicates basic bus and rail coverage with less network depth; this is a town-level judgement, not a neighbourhood accessibility audit.","Approximate representative faster weekday journey from Kettering: London 55 min (0 changes), Birmingham 70 min (0 changes); recheck against the exact travel date.","A14 traffic and the Midland Main Line are conspicuous, while the smaller town scale allows calmer areas.",Historic pockets and ordinary maintained suburbs are balanced by traffic and commercial-edge fabric.,https://api.postcodes.io/places?q=Kettering | https://api.postcodes.io/postcodes?lon=-0.728307&lat=52.399947&limit=1&radius=2000 | https://data.police.uk/api/crimes-street/all-crime?lat=52.399947&lng=-0.728307&date=2026-07 | https://data.police.uk/docs/method/crime-street/,https://www.gov.uk/government/statistical-data-sets/price-paid-data-downloads,https://www.ons.gov.uk/economy/inflationandpriceindices/datasets/priceindexofprivaterentsukmonthlypricestatistics | https://www.ons.gov.uk/economy/inflationandpriceindices/bulletins/privaterentandhousepricesuk/august2026,https://www.rightmove.co.uk/property-for-sale/find.html?locationIdentifier=REGION%5E732&minBedrooms=1&maxBedrooms=1&propertyTypes=flat&includeSSTC=false&mustHave=&dontShow=retirement%2CsharedOwnership&furnishTypes=&keywords= | https://www.rightmove.co.uk/property-to-rent/find.html?locationIdentifier=REGION%5E732&minBedrooms=1&maxBedrooms=1&propertyTypes=flat&includeSSTC=true&mustHave=&dontShow=houseShare%2Cretirement&furnishTypes=&keywords= | https://los.rightmove.co.uk/typeahead?query=Kettering,https://www.nationalrail.co.uk/journey-planner/ | https://www.traveline.info/,https://www.gov.uk/government/publications/strategic-noise-mapping-2022/explaining-the-2022-noise-maps | https://www.gov.uk/government/statistics/english-indices-of-deprivation-2025 | https://www.openstreetmap.org/search?query=Kettering%2C%20UK
Lancaster,"Identical-radius centre proxy: 1646 violence/sexual-offence and 1154 ASB records in 12 months; relative composite places it in screening band 4/5, but this is not a population-normalised town or neighbourhood rate.","Median of 231 achieved standard flat/maisonette sales; this is an all-size flat screening proxy, not a one-bedroom estimate.",Official one-bedroom modelled average for Lancaster LA; underlying observation count is not published in the table.,"Rightmove's filtered snapshot returned 26 sale and 9 rental results; these are portal headline counts, not deduplicated properties, and the query does not verify tower stock.","Broad screen indicates a useful town/city bus-and-rail network; this is a town-level judgement, not a neighbourhood accessibility audit.","Approximate representative faster weekday journey from Lancaster: London 145 min (0 changes), Birmingham 110 min (0 changes); recheck against the exact travel date.","M6 and West Coast Main Line corridors are clear sources, but the compact historic city has substantial lower-intensity fabric.","Coherent historic architecture, river and nearby landscape support a favourable broad condition judgement.",https://api.postcodes.io/places?q=Lancaster | https://api.postcodes.io/postcodes?lon=-2.803161&lat=54.050069&limit=1&radius=2000 | https://data.police.uk/api/crimes-street/all-crime?lat=54.050069&lng=-2.803161&date=2026-07 | https://data.police.uk/docs/method/crime-street/,https://www.gov.uk/government/statistical-data-sets/price-paid-data-downloads,https://www.ons.gov.uk/economy/inflationandpriceindices/datasets/priceindexofprivaterentsukmonthlypricestatistics | https://www.ons.gov.uk/economy/inflationandpriceindices/bulletins/privaterentandhousepricesuk/august2026,https://www.rightmove.co.uk/property-for-sale/find.html?locationIdentifier=REGION%5E769&minBedrooms=1&maxBedrooms=1&propertyTypes=flat&includeSSTC=false&mustHave=&dontShow=retirement%2CsharedOwnership&furnishTypes=&keywords= | https://www.rightmove.co.uk/property-to-rent/find.html?locationIdentifier=REGION%5E769&minBedrooms=1&maxBedrooms=1&propertyTypes=flat&includeSSTC=true&mustHave=&dontShow=houseShare%2Cretirement&furnishTypes=&keywords= | https://los.rightmove.co.uk/typeahead?query=Lancaster,https://www.nationalrail.co.uk/journey-planner/ | https://www.traveline.info/,https://www.gov.uk/government/publications/strategic-noise-mapping-2022/explaining-the-2022-noise-maps | https://www.gov.uk/government/statistics/english-indices-of-deprivation-2025 | https://www.openstreetmap.org/search?query=Lancaster%2C%20UK
Leeds,"Identical-radius centre proxy: 5009 violence/sexual-offence and 1514 ASB records in 12 months; relative composite places it in screening band 2/5, but this is not a population-normalised town or neighbourhood rate.","Median of 2152 achieved standard flat/maisonette sales; this is an all-size flat screening proxy, not a one-bedroom estimate.",Official one-bedroom modelled average for Leeds LA; underlying observation count is not published in the table.,"Rightmove's filtered snapshot returned 453 sale and 627 rental results; these are portal headline counts, not deduplicated properties, and the query does not verify tower stock.","Broad screen indicates a dense multimodal network; this is a town-level judgement, not a neighbourhood accessibility audit.","Approximate representative faster weekday journey from Leeds: London 130 min (0 changes), Birmingham 115 min (0 changes); recheck against the exact travel date.","Motorways, dense rail, arterial traffic, nightlife and airport influence make quietness inconsistent across the large city.","A strong renewed centre, civic fabric and parks support pleasantness, though conditions vary considerably.",https://api.postcodes.io/places?q=Leeds | https://api.postcodes.io/postcodes?lon=-1.550264&lat=53.800703&limit=1&radius=2000 | https://data.police.uk/api/crimes-street/all-crime?lat=53.800703&lng=-1.550264&date=2026-07 | https://data.police.uk/docs/method/crime-street/,https://www.gov.uk/government/statistical-data-sets/price-paid-data-downloads,https://www.ons.gov.uk/economy/inflationandpriceindices/datasets/priceindexofprivaterentsukmonthlypricestatistics | https://www.ons.gov.uk/economy/inflationandpriceindices/bulletins/privaterentandhousepricesuk/august2026,https://www.rightmove.co.uk/property-for-sale/find.html?locationIdentifier=REGION%5E787&minBedrooms=1&maxBedrooms=1&propertyTypes=flat&includeSSTC=false&mustHave=&dontShow=retirement%2CsharedOwnership&furnishTypes=&keywords= | https://www.rightmove.co.uk/property-to-rent/find.html?locationIdentifier=REGION%5E787&minBedrooms=1&maxBedrooms=1&propertyTypes=flat&includeSSTC=true&mustHave=&dontShow=houseShare%2Cretirement&furnishTypes=&keywords= | https://los.rightmove.co.uk/typeahead?query=Leeds,https://www.nationalrail.co.uk/journey-planner/ | https://www.traveline.info/ | https://www.wymetro.com/,https://www.gov.uk/government/publications/strategic-noise-mapping-2022/explaining-the-2022-noise-maps | https://www.gov.uk/government/statistics/english-indices-of-deprivation-2025 | https://www.openstreetmap.org/search?query=Leeds%2C%20UK
Leicester,"Identical-radius centre proxy: 5784 violence/sexual-offence and 2366 ASB records in 12 months; relative composite places it in screening band 1/5, but this is not a population-normalised town or neighbourhood rate.","Median of 803 achieved standard flat/maisonette sales; this is an all-size flat screening proxy, not a one-bedroom estimate.",Official one-bedroom modelled average for Leicester LA; underlying observation count is not published in the table.,"Rightmove's filtered snapshot returned 190 sale and 386 rental results; these are portal headline counts, not deduplicated properties, and the query does not verify tower stock.","Broad screen indicates a useful town/city bus-and-rail network; this is a town-level judgement, not a neighbourhood accessibility audit.","Approximate representative faster weekday journey from Leicester: London 65 min (0 changes), Birmingham 55 min (0 changes); recheck against the exact travel date.","Dense radial traffic, ring roads, rail and a large night-time economy create widespread urban noise pressure.","Historic and renewed central pockets coexist with traffic-heavy and uneven fabric, yielding a mixed judgement.",https://api.postcodes.io/places?q=Leicester | https://api.postcodes.io/postcodes?lon=-1.133462&lat=52.633614&limit=1&radius=2000 | https://data.police.uk/api/crimes-street/all-crime?lat=52.633614&lng=-1.133462&date=2026-07 | https://data.police.uk/docs/method/crime-street/,https://www.gov.uk/government/statistical-data-sets/price-paid-data-downloads,https://www.ons.gov.uk/economy/inflationandpriceindices/datasets/priceindexofprivaterentsukmonthlypricestatistics | https://www.ons.gov.uk/economy/inflationandpriceindices/bulletins/privaterentandhousepricesuk/august2026,https://www.rightmove.co.uk/property-for-sale/find.html?locationIdentifier=REGION%5E789&minBedrooms=1&maxBedrooms=1&propertyTypes=flat&includeSSTC=false&mustHave=&dontShow=retirement%2CsharedOwnership&furnishTypes=&keywords= | https://www.rightmove.co.uk/property-to-rent/find.html?locationIdentifier=REGION%5E789&minBedrooms=1&maxBedrooms=1&propertyTypes=flat&includeSSTC=true&mustHave=&dontShow=houseShare%2Cretirement&furnishTypes=&keywords= | https://los.rightmove.co.uk/typeahead?query=Leicester,https://www.nationalrail.co.uk/journey-planner/ | https://www.traveline.info/,https://www.gov.uk/government/publications/strategic-noise-mapping-2022/explaining-the-2022-noise-maps | https://www.gov.uk/government/statistics/english-indices-of-deprivation-2025 | https://www.openstreetmap.org/search?query=Leicester%2C%20UK
Lincoln,"Identical-radius centre proxy: 2430 violence/sexual-offence and 1967 ASB records in 12 months; relative composite places it in screening band 2/5, but this is not a population-normalised town or neighbourhood rate.","Median of 285 achieved standard flat/maisonette sales; this is an all-size flat screening proxy, not a one-bedroom estimate.",Official one-bedroom modelled average for Lincoln LA; underlying observation count is not published in the table.,"Rightmove's filtered snapshot returned 47 sale and 68 rental results; these are portal headline counts, not deduplicated properties, and the query does not verify tower stock.","Broad screen indicates basic bus and rail coverage with less network depth; this is a town-level judgement, not a neighbourhood accessibility audit.","Approximate representative faster weekday journey from Lincoln: London 120 min (0 changes), Birmingham 105 min (1 change); recheck against the exact travel date.","The A46, rail, tourism and student/nightlife activity create concentrated noise, with calmer areas elsewhere.",Cathedral-quarter heritage and a distinctive setting support a favourable judgement despite mixed lower-city approaches.,https://api.postcodes.io/places?q=Lincoln | https://api.postcodes.io/postcodes?lon=-0.538440&lat=53.234841&limit=1&radius=2000 | https://data.police.uk/api/crimes-street/all-crime?lat=53.234841&lng=-0.538440&date=2026-07 | https://data.police.uk/docs/method/crime-street/,https://www.gov.uk/government/statistical-data-sets/price-paid-data-downloads,https://www.ons.gov.uk/economy/inflationandpriceindices/datasets/priceindexofprivaterentsukmonthlypricestatistics | https://www.ons.gov.uk/economy/inflationandpriceindices/bulletins/privaterentandhousepricesuk/august2026,https://www.rightmove.co.uk/property-for-sale/find.html?locationIdentifier=REGION%5E804&minBedrooms=1&maxBedrooms=1&propertyTypes=flat&includeSSTC=false&mustHave=&dontShow=retirement%2CsharedOwnership&furnishTypes=&keywords= | https://www.rightmove.co.uk/property-to-rent/find.html?locationIdentifier=REGION%5E804&minBedrooms=1&maxBedrooms=1&propertyTypes=flat&includeSSTC=true&mustHave=&dontShow=houseShare%2Cretirement&furnishTypes=&keywords= | https://los.rightmove.co.uk/typeahead?query=Lincoln,https://www.nationalrail.co.uk/journey-planner/ | https://www.traveline.info/,https://www.gov.uk/government/publications/strategic-noise-mapping-2022/explaining-the-2022-noise-maps | https://www.gov.uk/government/statistics/english-indices-of-deprivation-2025 | https://www.openstreetmap.org/search?query=Lincoln%2C%20UK
Liverpool,"Identical-radius centre proxy: 6195 violence/sexual-offence and 1908 ASB records in 12 months; relative composite places it in screening band 1/5, but this is not a population-normalised town or neighbourhood rate.","Median of 2356 achieved standard flat/maisonette sales; this is an all-size flat screening proxy, not a one-bedroom estimate.",Official one-bedroom modelled average for Liverpool LA; underlying observation count is not published in the table.,"Rightmove's filtered snapshot returned 965 sale and 347 rental results; these are portal headline counts, not deduplicated properties, and the query does not verify tower stock.","Broad screen indicates a dense multimodal network; this is a town-level judgement, not a neighbourhood accessibility audit.","Approximate representative faster weekday journey from Liverpool Lime Street: London 135 min (0 changes), Birmingham 95 min (0 changes); recheck against the exact travel date.","Port activity, dense road and rail infrastructure and a major nightlife economy create substantial noise pressure.","Exceptional civic and waterfront fabric plus renewal outweigh, but do not remove, marked variation and deprived areas.",https://api.postcodes.io/places?q=Liverpool | https://api.postcodes.io/postcodes?lon=-2.978495&lat=53.409350&limit=1&radius=2000 | https://data.police.uk/api/crimes-street/all-crime?lat=53.409350&lng=-2.978495&date=2026-07 | https://data.police.uk/docs/method/crime-street/,https://www.gov.uk/government/statistical-data-sets/price-paid-data-downloads,https://www.ons.gov.uk/economy/inflationandpriceindices/datasets/priceindexofprivaterentsukmonthlypricestatistics | https://www.ons.gov.uk/economy/inflationandpriceindices/bulletins/privaterentandhousepricesuk/august2026,https://www.rightmove.co.uk/property-for-sale/find.html?locationIdentifier=REGION%5E813&minBedrooms=1&maxBedrooms=1&propertyTypes=flat&includeSSTC=false&mustHave=&dontShow=retirement%2CsharedOwnership&furnishTypes=&keywords= | https://www.rightmove.co.uk/property-to-rent/find.html?locationIdentifier=REGION%5E813&minBedrooms=1&maxBedrooms=1&propertyTypes=flat&includeSSTC=true&mustHave=&dontShow=houseShare%2Cretirement&furnishTypes=&keywords= | https://los.rightmove.co.uk/typeahead?query=Liverpool,https://www.nationalrail.co.uk/journey-planner/ | https://www.traveline.info/ | https://www.merseytravel.gov.uk/,https://www.gov.uk/government/publications/strategic-noise-mapping-2022/explaining-the-2022-noise-maps | https://www.gov.uk/government/statistics/english-indices-of-deprivation-2025 | https://www.openstreetmap.org/search?query=Liverpool%2C%20UK
Loughborough,"Identical-radius centre proxy: 1448 violence/sexual-offence and 703 ASB records in 12 months; relative composite places it in screening band 5/5, but this is not a population-normalised town or neighbourhood rate.","Median of 206 achieved standard flat/maisonette sales; this is an all-size flat screening proxy, not a one-bedroom estimate.",Official one-bedroom modelled average for Charnwood LA; underlying observation count is not published in the table and the LA is broader than the named town.,"Rightmove's filtered snapshot returned 17 sale and 20 rental results; these are portal headline counts, not deduplicated properties, and the query does not verify tower stock.","Broad screen indicates basic bus and rail coverage with less network depth; this is a town-level judgement, not a neighbourhood accessibility audit.","Approximate representative faster weekday journey from Loughborough: London 75 min (0 changes), Birmingham 75 min (0 changes); recheck against the exact travel date.","M1 proximity, rail and university/nightlife activity create noise corridors but not continuous big-city intensity.",A functional centre and greener university/residential fabric are balanced by ordinary industrial and arterial areas.,https://api.postcodes.io/places?q=Loughborough | https://api.postcodes.io/postcodes?lon=-1.206164&lat=52.772100&limit=1&radius=2000 | https://data.police.uk/api/crimes-street/all-crime?lat=52.772100&lng=-1.206164&date=2026-07 | https://data.police.uk/docs/method/crime-street/,https://www.gov.uk/government/statistical-data-sets/price-paid-data-downloads,https://www.ons.gov.uk/economy/inflationandpriceindices/datasets/priceindexofprivaterentsukmonthlypricestatistics | https://www.ons.gov.uk/economy/inflationandpriceindices/bulletins/privaterentandhousepricesuk/august2026,https://www.rightmove.co.uk/property-for-sale/find.html?locationIdentifier=REGION%5E871&minBedrooms=1&maxBedrooms=1&propertyTypes=flat&includeSSTC=false&mustHave=&dontShow=retirement%2CsharedOwnership&furnishTypes=&keywords= | https://www.rightmove.co.uk/property-to-rent/find.html?locationIdentifier=REGION%5E871&minBedrooms=1&maxBedrooms=1&propertyTypes=flat&includeSSTC=true&mustHave=&dontShow=houseShare%2Cretirement&furnishTypes=&keywords= | https://los.rightmove.co.uk/typeahead?query=Loughborough,https://www.nationalrail.co.uk/journey-planner/ | https://www.traveline.info/,https://www.gov.uk/government/publications/strategic-noise-mapping-2022/explaining-the-2022-noise-maps | https://www.gov.uk/government/statistics/english-indices-of-deprivation-2025 | https://www.openstreetmap.org/search?query=Loughborough%2C%20UK
Manchester,Unknown: Greater Manchester Police crime data are unavailable on Police.uk; sparse point-query returns are cross-force records and cannot support a comparable indicator.,"Median of 4478 achieved standard flat/maisonette sales; this is an all-size flat screening proxy, not a one-bedroom estimate.",Official one-bedroom modelled average for Manchester LA; underlying observation count is not published in the table.,"Rightmove's filtered snapshot returned 1372 sale and 1456 rental results; these are portal headline counts, not deduplicated properties, and the query does not verify tower stock.","Broad screen indicates a dense multimodal network; this is a town-level judgement, not a neighbourhood accessibility audit.","Approximate representative faster weekday journey from Manchester Piccadilly: London 125 min (0 changes), Birmingham 90 min (0 changes); recheck against the exact travel date.","Dense road, tram and rail networks, major nightlife and airport-related activity make persistent quiet comparatively scarce.","Extensive renewal, civic architecture and active public realm support a favourable score despite pronounced spatial inequality.",https://api.postcodes.io/places?q=Manchester | https://api.postcodes.io/postcodes?lon=-2.245278&lat=53.478940&limit=1&radius=2000 | https://data.police.uk/api/crimes-street/all-crime?lat=53.478940&lng=-2.245278&date=2026-07 | https://data.police.uk/docs/method/crime-street/ | https://data.police.uk/changelog/,https://www.gov.uk/government/statistical-data-sets/price-paid-data-downloads,https://www.ons.gov.uk/economy/inflationandpriceindices/datasets/priceindexofprivaterentsukmonthlypricestatistics | https://www.ons.gov.uk/economy/inflationandpriceindices/bulletins/privaterentandhousepricesuk/august2026,https://www.rightmove.co.uk/property-for-sale/find.html?locationIdentifier=REGION%5E904&minBedrooms=1&maxBedrooms=1&propertyTypes=flat&includeSSTC=false&mustHave=&dontShow=retirement%2CsharedOwnership&furnishTypes=&keywords= | https://www.rightmove.co.uk/property-to-rent/find.html?locationIdentifier=REGION%5E904&minBedrooms=1&maxBedrooms=1&propertyTypes=flat&includeSSTC=true&mustHave=&dontShow=houseShare%2Cretirement&furnishTypes=&keywords= | https://los.rightmove.co.uk/typeahead?query=Manchester,https://www.nationalrail.co.uk/journey-planner/ | https://www.traveline.info/ | https://tfgm.com/,https://www.gov.uk/government/publications/strategic-noise-mapping-2022/explaining-the-2022-noise-maps | https://www.gov.uk/government/statistics/english-indices-of-deprivation-2025 | https://www.openstreetmap.org/search?query=Manchester%2C%20UK
Merthyr Tydfil,"Identical-radius centre proxy: 878 violence/sexual-offence and 417 ASB records in 12 months; relative composite places it in screening band 5/5, but this is not a population-normalised town or neighbourhood rate.","Median of 22 achieved standard flat/maisonette sales; this is an all-size flat screening proxy, not a one-bedroom estimate.",Official one-bedroom modelled average for Merthyr Tydfil LA; underlying observation count is not published in the table.,"Rightmove's filtered snapshot returned 3 sale and 3 rental results; these are portal headline counts, not deduplicated properties, and the query does not verify tower stock.","Broad screen indicates basic bus and rail coverage with less network depth; this is a town-level judgement, not a neighbourhood accessibility audit.","Approximate representative faster weekday journey from Merthyr Tydfil: London 205 min (1 change), Birmingham 185 min (2 changes); recheck against the exact travel date.","The A470, valley rail and industrial legacy create linear noise corridors, while surrounding low-density landscape moderates the town-wide picture.",Dramatic landscape and heritage are offset by concentrated deprivation and uneven post-industrial town fabric.,https://api.postcodes.io/places?q=Merthyr%20Tydfil | https://api.postcodes.io/postcodes?lon=-3.378347&lat=51.745911&limit=1&radius=2000 | https://data.police.uk/api/crimes-street/all-crime?lat=51.745911&lng=-3.378347&date=2026-07 | https://data.police.uk/docs/method/crime-street/,https://www.gov.uk/government/statistical-data-sets/price-paid-data-downloads,https://www.ons.gov.uk/economy/inflationandpriceindices/datasets/priceindexofprivaterentsukmonthlypricestatistics | https://www.ons.gov.uk/economy/inflationandpriceindices/bulletins/privaterentandhousepricesuk/august2026,https://www.rightmove.co.uk/property-for-sale/find.html?locationIdentifier=REGION%5E931&minBedrooms=1&maxBedrooms=1&propertyTypes=flat&includeSSTC=false&mustHave=&dontShow=retirement%2CsharedOwnership&furnishTypes=&keywords= | https://www.rightmove.co.uk/property-to-rent/find.html?locationIdentifier=REGION%5E931&minBedrooms=1&maxBedrooms=1&propertyTypes=flat&includeSSTC=true&mustHave=&dontShow=houseShare%2Cretirement&furnishTypes=&keywords= | https://los.rightmove.co.uk/typeahead?query=Merthyr%20Tydfil,https://www.nationalrail.co.uk/journey-planner/ | https://www.traveline.info/ | https://tfw.wales/,https://datamap.gov.wales/layergroups/geonode%3AEnvironmental_Noise_Mapping_2022 | https://stats.gov.wales/en-GB/c67b9e08-dacc-439a-a244-2fce79b11400 | https://www.openstreetmap.org/search?query=Merthyr%20Tydfil%2C%20UK
Middlesbrough,"Identical-radius centre proxy: 3270 violence/sexual-offence and 1498 ASB records in 12 months; relative composite places it in screening band 2/5, but this is not a population-normalised town or neighbourhood rate.","Median of 183 achieved standard flat/maisonette sales; this is an all-size flat screening proxy, not a one-bedroom estimate.",Official one-bedroom modelled average for Middlesbrough LA; underlying observation count is not published in the table.,"Rightmove's filtered snapshot returned 14 sale and 50 rental results; these are portal headline counts, not deduplicated properties, and the query does not verify tower stock.","Broad screen indicates a useful town/city bus-and-rail network; this is a town-level judgement, not a neighbourhood accessibility audit.","Approximate representative faster weekday journey from Middlesbrough: London 180 min (0 changes), Birmingham 175 min (0 changes); recheck against the exact travel date.","A66 traffic, rail, port and heavy Teesside industry create conspicuous and persistent noise sources.","Regeneration and civic assets are outweighed in the broad screen by deprived, industrial and traffic-dominated fabric.",https://api.postcodes.io/places?q=Middlesbrough | https://api.postcodes.io/postcodes?lon=-1.236825&lat=54.576431&limit=1&radius=2000 | https://data.police.uk/api/crimes-street/all-crime?lat=54.576431&lng=-1.236825&date=2026-07 | https://data.police.uk/docs/method/crime-street/,https://www.gov.uk/government/statistical-data-sets/price-paid-data-downloads,https://www.ons.gov.uk/economy/inflationandpriceindices/datasets/priceindexofprivaterentsukmonthlypricestatistics | https://www.ons.gov.uk/economy/inflationandpriceindices/bulletins/privaterentandhousepricesuk/august2026,https://www.rightmove.co.uk/property-for-sale/find.html?locationIdentifier=REGION%5E933&minBedrooms=1&maxBedrooms=1&propertyTypes=flat&includeSSTC=false&mustHave=&dontShow=retirement%2CsharedOwnership&furnishTypes=&keywords= | https://www.rightmove.co.uk/property-to-rent/find.html?locationIdentifier=REGION%5E933&minBedrooms=1&maxBedrooms=1&propertyTypes=flat&includeSSTC=true&mustHave=&dontShow=houseShare%2Cretirement&furnishTypes=&keywords= | https://los.rightmove.co.uk/typeahead?query=Middlesbrough,https://www.nationalrail.co.uk/journey-planner/ | https://www.traveline.info/,https://www.gov.uk/government/publications/strategic-noise-mapping-2022/explaining-the-2022-noise-maps | https://www.gov.uk/government/statistics/english-indices-of-deprivation-2025 | https://www.openstreetmap.org/search?query=Middlesbrough%2C%20UK
Neath,"Identical-radius centre proxy: 1009 violence/sexual-offence and 319 ASB records in 12 months; relative composite places it in screening band 5/5, but this is not a population-normalised town or neighbourhood rate.","Median of 42 achieved standard flat/maisonette sales; this is an all-size flat screening proxy, not a one-bedroom estimate.",Official one-bedroom modelled average for Neath Port Talbot LA; underlying observation count is not published in the table and the LA is broader than the named town.,"Rightmove's filtered snapshot returned 3 sale and 3 rental results; these are portal headline counts, not deduplicated properties, and the query does not verify tower stock.","Broad screen indicates basic bus and rail coverage with less network depth; this is a town-level judgement, not a neighbourhood accessibility audit.","Approximate representative faster weekday journey from Neath: London 150 min (0 changes), Birmingham 165 min (1 change); recheck against the exact travel date.","M4, rail and nearby industry create strong linear noise sources, but the smaller centre and valley setting moderate intensity.","Historic and landscape assets are balanced by traffic, industry and uneven post-industrial fabric.",https://api.postcodes.io/places?q=Neath | https://api.postcodes.io/postcodes?lon=-3.803389&lat=51.664226&limit=1&radius=2000 | https://data.police.uk/api/crimes-street/all-crime?lat=51.664226&lng=-3.803389&date=2026-07 | https://data.police.uk/docs/method/crime-street/,https://www.gov.uk/government/statistical-data-sets/price-paid-data-downloads,https://www.ons.gov.uk/economy/inflationandpriceindices/datasets/priceindexofprivaterentsukmonthlypricestatistics | https://www.ons.gov.uk/economy/inflationandpriceindices/bulletins/privaterentandhousepricesuk/august2026,https://www.rightmove.co.uk/property-for-sale/find.html?locationIdentifier=REGION%5E968&minBedrooms=1&maxBedrooms=1&propertyTypes=flat&includeSSTC=false&mustHave=&dontShow=retirement%2CsharedOwnership&furnishTypes=&keywords= | https://www.rightmove.co.uk/property-to-rent/find.html?locationIdentifier=REGION%5E968&minBedrooms=1&maxBedrooms=1&propertyTypes=flat&includeSSTC=true&mustHave=&dontShow=houseShare%2Cretirement&furnishTypes=&keywords= | https://los.rightmove.co.uk/typeahead?query=Neath,https://www.nationalrail.co.uk/journey-planner/ | https://www.traveline.info/ | https://tfw.wales/,https://datamap.gov.wales/layergroups/geonode%3AEnvironmental_Noise_Mapping_2022 | https://stats.gov.wales/en-GB/c67b9e08-dacc-439a-a244-2fce79b11400 | https://www.openstreetmap.org/search?query=Neath%2C%20UK
Newcastle upon Tyne,"Identical-radius centre proxy: 3596 violence/sexual-offence and 2989 ASB records in 12 months; relative composite places it in screening band 1/5, but this is not a population-normalised town or neighbourhood rate.","Median of 1733 achieved standard flat/maisonette sales; this is an all-size flat screening proxy, not a one-bedroom estimate.",Official one-bedroom modelled average for Newcastle upon Tyne LA; underlying observation count is not published in the table.,"Rightmove's filtered snapshot returned 119 sale and 124 rental results; these are portal headline counts, not deduplicated properties, and the query does not verify tower stock.","Broad screen indicates a dense multimodal network; this is a town-level judgement, not a neighbourhood accessibility audit.","Approximate representative faster weekday journey from Newcastle: London 170 min (0 changes), Birmingham 185 min (0 changes); recheck against the exact travel date.","A1/A167 traffic, rail, metro and a major nightlife core make central quietness comparatively weak.","Strong historic streets, river setting and public realm support a favourable condition score despite uneven outer fabric.",https://api.postcodes.io/places?q=Newcastle%20upon%20Tyne | https://api.postcodes.io/postcodes?lon=-1.610189&lat=54.978011&limit=1&radius=2000 | https://data.police.uk/api/crimes-street/all-crime?lat=54.978011&lng=-1.610189&date=2026-07 | https://data.police.uk/docs/method/crime-street/,https://www.gov.uk/government/statistical-data-sets/price-paid-data-downloads,https://www.ons.gov.uk/economy/inflationandpriceindices/datasets/priceindexofprivaterentsukmonthlypricestatistics | https://www.ons.gov.uk/economy/inflationandpriceindices/bulletins/privaterentandhousepricesuk/august2026,https://www.rightmove.co.uk/property-for-sale/find.html?locationIdentifier=REGION%5E984&minBedrooms=1&maxBedrooms=1&propertyTypes=flat&includeSSTC=false&mustHave=&dontShow=retirement%2CsharedOwnership&furnishTypes=&keywords= | https://www.rightmove.co.uk/property-to-rent/find.html?locationIdentifier=REGION%5E984&minBedrooms=1&maxBedrooms=1&propertyTypes=flat&includeSSTC=true&mustHave=&dontShow=houseShare%2Cretirement&furnishTypes=&keywords= | https://los.rightmove.co.uk/typeahead?query=Newcastle%20upon%20Tyne,https://www.nationalrail.co.uk/journey-planner/ | https://www.traveline.info/ | https://www.nexus.org.uk/,https://www.gov.uk/government/publications/strategic-noise-mapping-2022/explaining-the-2022-noise-maps | https://www.gov.uk/government/statistics/english-indices-of-deprivation-2025 | https://www.openstreetmap.org/search?query=Newcastle%20upon%20Tyne%2C%20UK
Newport,"Identical-radius centre proxy: 3122 violence/sexual-offence and 2020 ASB records in 12 months; relative composite places it in screening band 2/5, but this is not a population-normalised town or neighbourhood rate.","Median of 541 achieved standard flat/maisonette sales; this is an all-size flat screening proxy, not a one-bedroom estimate.",Official one-bedroom modelled average for Newport LA; underlying observation count is not published in the table.,"Rightmove's filtered snapshot returned 31 sale and 43 rental results; these are portal headline counts, not deduplicated properties, and the query does not verify tower stock.","Broad screen indicates a useful town/city bus-and-rail network; this is a town-level judgement, not a neighbourhood accessibility audit.","Approximate representative faster weekday journey from Newport (South Wales): London 100 min (0 changes), Birmingham 105 min (0 changes); recheck against the exact travel date.","M4, dense rail approaches, port industry and arterial traffic create multiple persistent noise corridors.","Riverfront renewal and heritage pockets are offset by substantial deprived, traffic-heavy and post-industrial fabric.",https://api.postcodes.io/places?q=Casnewydd | https://api.postcodes.io/postcodes?lon=-2.996742&lat=51.587902&limit=1&radius=2000 | https://data.police.uk/api/crimes-street/all-crime?lat=51.587902&lng=-2.996742&date=2026-07 | https://data.police.uk/docs/method/crime-street/,https://www.gov.uk/government/statistical-data-sets/price-paid-data-downloads,https://www.ons.gov.uk/economy/inflationandpriceindices/datasets/priceindexofprivaterentsukmonthlypricestatistics | https://www.ons.gov.uk/economy/inflationandpriceindices/bulletins/privaterentandhousepricesuk/august2026,https://www.rightmove.co.uk/property-for-sale/find.html?locationIdentifier=REGION%5E991&minBedrooms=1&maxBedrooms=1&propertyTypes=flat&includeSSTC=false&mustHave=&dontShow=retirement%2CsharedOwnership&furnishTypes=&keywords= | https://www.rightmove.co.uk/property-to-rent/find.html?locationIdentifier=REGION%5E991&minBedrooms=1&maxBedrooms=1&propertyTypes=flat&includeSSTC=true&mustHave=&dontShow=houseShare%2Cretirement&furnishTypes=&keywords= | https://los.rightmove.co.uk/typeahead?query=Newport,https://www.nationalrail.co.uk/journey-planner/ | https://www.traveline.info/ | https://tfw.wales/,https://datamap.gov.wales/layergroups/geonode%3AEnvironmental_Noise_Mapping_2022 | https://stats.gov.wales/en-GB/c67b9e08-dacc-439a-a244-2fce79b11400 | https://www.openstreetmap.org/search?query=Newport%2C%20UK
Northampton,"Identical-radius centre proxy: 3637 violence/sexual-offence and 2665 ASB records in 12 months; relative composite places it in screening band 1/5, but this is not a population-normalised town or neighbourhood rate.","Median of 717 achieved standard flat/maisonette sales; this is an all-size flat screening proxy, not a one-bedroom estimate.",Official one-bedroom modelled average for West Northamptonshire LA; underlying observation count is not published in the table and the LA is broader than the named town.,"Rightmove's filtered snapshot returned 104 sale and 137 rental results; these are portal headline counts, not deduplicated properties, and the query does not verify tower stock.","Broad screen indicates a useful town/city bus-and-rail network; this is a town-level judgement, not a neighbourhood accessibility audit.","Approximate representative faster weekday journey from Northampton: London 60 min (0 changes), Birmingham 60 min (0 changes); recheck against the exact travel date.","M1/A45 traffic, a major rail corridor and extensive logistics activity create notable noise exposure.",Historic and maintained residential pockets are balanced by road-dominated growth and uneven central fabric.,https://api.postcodes.io/places?q=Northampton | https://api.postcodes.io/postcodes?lon=-0.895046&lat=52.237858&limit=1&radius=2000 | https://data.police.uk/api/crimes-street/all-crime?lat=52.237858&lng=-0.895046&date=2026-07 | https://data.police.uk/docs/method/crime-street/,https://www.gov.uk/government/statistical-data-sets/price-paid-data-downloads,https://www.ons.gov.uk/economy/inflationandpriceindices/datasets/priceindexofprivaterentsukmonthlypricestatistics | https://www.ons.gov.uk/economy/inflationandpriceindices/bulletins/privaterentandhousepricesuk/august2026,https://www.rightmove.co.uk/property-for-sale/find.html?locationIdentifier=REGION%5E1014&minBedrooms=1&maxBedrooms=1&propertyTypes=flat&includeSSTC=false&mustHave=&dontShow=retirement%2CsharedOwnership&furnishTypes=&keywords= | https://www.rightmove.co.uk/property-to-rent/find.html?locationIdentifier=REGION%5E1014&minBedrooms=1&maxBedrooms=1&propertyTypes=flat&includeSSTC=true&mustHave=&dontShow=houseShare%2Cretirement&furnishTypes=&keywords= | https://los.rightmove.co.uk/typeahead?query=Northampton,https://www.nationalrail.co.uk/journey-planner/ | https://www.traveline.info/,https://www.gov.uk/government/publications/strategic-noise-mapping-2022/explaining-the-2022-noise-maps | https://www.gov.uk/government/statistics/english-indices-of-deprivation-2025 | https://www.openstreetmap.org/search?query=Northampton%2C%20UK
Norwich,"Identical-radius centre proxy: 3200 violence/sexual-offence and 1530 ASB records in 12 months; relative composite places it in screening band 2/5, but this is not a population-normalised town or neighbourhood rate.","Median of 1272 achieved standard flat/maisonette sales; this is an all-size flat screening proxy, not a one-bedroom estimate.",Official one-bedroom modelled average for Norwich LA; underlying observation count is not published in the table.,"Rightmove's filtered snapshot returned 144 sale and 112 rental results; these are portal headline counts, not deduplicated properties, and the query does not verify tower stock.","Broad screen indicates a useful town/city bus-and-rail network; this is a town-level judgement, not a neighbourhood accessibility audit.","Approximate representative faster weekday journey from Norwich: London 110 min (0 changes), Birmingham 210 min (1 change); recheck against the exact travel date.","With no urban motorway, noise is concentrated on ring roads, rail and the nightlife core rather than dominating city-wide.","Exceptionally coherent historic fabric, waterways, parks and a generally attractive centre support the highest condition score.",https://api.postcodes.io/places?q=Norwich | https://api.postcodes.io/postcodes?lon=1.293307&lat=52.628869&limit=1&radius=2000 | https://data.police.uk/api/crimes-street/all-crime?lat=52.628869&lng=1.293307&date=2026-07 | https://data.police.uk/docs/method/crime-street/,https://www.gov.uk/government/statistical-data-sets/price-paid-data-downloads,https://www.ons.gov.uk/economy/inflationandpriceindices/datasets/priceindexofprivaterentsukmonthlypricestatistics | https://www.ons.gov.uk/economy/inflationandpriceindices/bulletins/privaterentandhousepricesuk/august2026,https://www.rightmove.co.uk/property-for-sale/find.html?locationIdentifier=REGION%5E1018&minBedrooms=1&maxBedrooms=1&propertyTypes=flat&includeSSTC=false&mustHave=&dontShow=retirement%2CsharedOwnership&furnishTypes=&keywords= | https://www.rightmove.co.uk/property-to-rent/find.html?locationIdentifier=REGION%5E1018&minBedrooms=1&maxBedrooms=1&propertyTypes=flat&includeSSTC=true&mustHave=&dontShow=houseShare%2Cretirement&furnishTypes=&keywords= | https://los.rightmove.co.uk/typeahead?query=Norwich,https://www.nationalrail.co.uk/journey-planner/ | https://www.traveline.info/,https://www.gov.uk/government/publications/strategic-noise-mapping-2022/explaining-the-2022-noise-maps | https://www.gov.uk/government/statistics/english-indices-of-deprivation-2025 | https://www.openstreetmap.org/search?query=Norwich%2C%20UK
Nottingham,"Identical-radius centre proxy: 5448 violence/sexual-offence and 3157 ASB records in 12 months; relative composite places it in screening band 1/5, but this is not a population-normalised town or neighbourhood rate.","Median of 1524 achieved standard flat/maisonette sales; this is an all-size flat screening proxy, not a one-bedroom estimate.",Official one-bedroom modelled average for Nottingham LA; underlying observation count is not published in the table.,"Rightmove's filtered snapshot returned 225 sale and 509 rental results; these are portal headline counts, not deduplicated properties, and the query does not verify tower stock.","Broad screen indicates a dense multimodal network; this is a town-level judgement, not a neighbourhood accessibility audit.","Approximate representative faster weekday journey from Nottingham: London 100 min (0 changes), Birmingham 75 min (0 changes); recheck against the exact travel date.","Ring roads, rail, tram corridors and a major nightlife economy create substantial urban noise pressure.","Historic, civic and renewed central districts plus strong parks support a favourable score despite spatial variation.",https://api.postcodes.io/places?q=Nottingham | https://api.postcodes.io/postcodes?lon=-1.151204&lat=52.956196&limit=1&radius=2000 | https://data.police.uk/api/crimes-street/all-crime?lat=52.956196&lng=-1.151204&date=2026-07 | https://data.police.uk/docs/method/crime-street/,https://www.gov.uk/government/statistical-data-sets/price-paid-data-downloads,https://www.ons.gov.uk/economy/inflationandpriceindices/datasets/priceindexofprivaterentsukmonthlypricestatistics | https://www.ons.gov.uk/economy/inflationandpriceindices/bulletins/privaterentandhousepricesuk/august2026,https://www.rightmove.co.uk/property-for-sale/find.html?locationIdentifier=REGION%5E1019&minBedrooms=1&maxBedrooms=1&propertyTypes=flat&includeSSTC=false&mustHave=&dontShow=retirement%2CsharedOwnership&furnishTypes=&keywords= | https://www.rightmove.co.uk/property-to-rent/find.html?locationIdentifier=REGION%5E1019&minBedrooms=1&maxBedrooms=1&propertyTypes=flat&includeSSTC=true&mustHave=&dontShow=houseShare%2Cretirement&furnishTypes=&keywords= | https://los.rightmove.co.uk/typeahead?query=Nottingham,https://www.nationalrail.co.uk/journey-planner/ | https://www.traveline.info/ | https://www.transportnottingham.com/,https://www.gov.uk/government/publications/strategic-noise-mapping-2022/explaining-the-2022-noise-maps | https://www.gov.uk/government/statistics/english-indices-of-deprivation-2025 | https://www.openstreetmap.org/search?query=Nottingham%2C%20UK
Peterborough,"Identical-radius centre proxy: 3013 violence/sexual-offence and 1510 ASB records in 12 months; relative composite places it in screening band 2/5, but this is not a population-normalised town or neighbourhood rate.","Median of 420 achieved standard flat/maisonette sales; this is an all-size flat screening proxy, not a one-bedroom estimate.",Official one-bedroom modelled average for Peterborough LA; underlying observation count is not published in the table.,"Rightmove's filtered snapshot returned 91 sale and 134 rental results; these are portal headline counts, not deduplicated properties, and the query does not verify tower stock.","Broad screen indicates a useful town/city bus-and-rail network; this is a town-level judgement, not a neighbourhood accessibility audit.","Approximate representative faster weekday journey from Peterborough: London 50 min (0 changes), Birmingham 100 min (0 changes); recheck against the exact travel date.","A1/A47 traffic, a very busy rail corridor and logistics/industrial land create multiple persistent noise sources.",Cathedral and riverside assets are balanced by traffic-dominated modern growth and uneven central/edge fabric.,https://api.postcodes.io/places?q=Peterborough | https://api.postcodes.io/postcodes?lon=-0.242498&lat=52.572509&limit=1&radius=2000 | https://data.police.uk/api/crimes-street/all-crime?lat=52.572509&lng=-0.242498&date=2026-07 | https://data.police.uk/docs/method/crime-street/,https://www.gov.uk/government/statistical-data-sets/price-paid-data-downloads,https://www.ons.gov.uk/economy/inflationandpriceindices/datasets/priceindexofprivaterentsukmonthlypricestatistics | https://www.ons.gov.uk/economy/inflationandpriceindices/bulletins/privaterentandhousepricesuk/august2026,https://www.rightmove.co.uk/property-for-sale/find.html?locationIdentifier=REGION%5E1061&minBedrooms=1&maxBedrooms=1&propertyTypes=flat&includeSSTC=false&mustHave=&dontShow=retirement%2CsharedOwnership&furnishTypes=&keywords= | https://www.rightmove.co.uk/property-to-rent/find.html?locationIdentifier=REGION%5E1061&minBedrooms=1&maxBedrooms=1&propertyTypes=flat&includeSSTC=true&mustHave=&dontShow=houseShare%2Cretirement&furnishTypes=&keywords= | https://los.rightmove.co.uk/typeahead?query=Peterborough,https://www.nationalrail.co.uk/journey-planner/ | https://www.traveline.info/,https://www.gov.uk/government/publications/strategic-noise-mapping-2022/explaining-the-2022-noise-maps | https://www.gov.uk/government/statistics/english-indices-of-deprivation-2025 | https://www.openstreetmap.org/search?query=Peterborough%2C%20UK
Plymouth,"Identical-radius centre proxy: 4645 violence/sexual-offence and 2025 ASB records in 12 months; relative composite places it in screening band 1/5, but this is not a population-normalised town or neighbourhood rate.","Median of 1343 achieved standard flat/maisonette sales; this is an all-size flat screening proxy, not a one-bedroom estimate.",Official one-bedroom modelled average for Plymouth LA; underlying observation count is not published in the table.,"Rightmove's filtered snapshot returned 147 sale and 124 rental results; these are portal headline counts, not deduplicated properties, and the query does not verify tower stock.","Broad screen indicates a useful town/city bus-and-rail network; this is a town-level judgement, not a neighbourhood accessibility audit.","Approximate representative faster weekday journey from Plymouth: London 190 min (0 changes), Birmingham 205 min (0 changes); recheck against the exact travel date.","A38, rail, naval/port activity and nightlife create noise corridors, while coastal topography provides lower-intensity areas.","Waterfront, parks and historic assets support a favourable judgement despite reconstructed and uneven inner fabric.",https://api.postcodes.io/places?q=Plymouth | https://api.postcodes.io/postcodes?lon=-4.142068&lat=50.370015&limit=1&radius=2000 | https://data.police.uk/api/crimes-street/all-crime?lat=50.370015&lng=-4.142068&date=2026-07 | https://data.police.uk/docs/method/crime-street/,https://www.gov.uk/government/statistical-data-sets/price-paid-data-downloads,https://www.ons.gov.uk/economy/inflationandpriceindices/datasets/priceindexofprivaterentsukmonthlypricestatistics | https://www.ons.gov.uk/economy/inflationandpriceindices/bulletins/privaterentandhousepricesuk/august2026,https://www.rightmove.co.uk/property-for-sale/find.html?locationIdentifier=REGION%5E1073&minBedrooms=1&maxBedrooms=1&propertyTypes=flat&includeSSTC=false&mustHave=&dontShow=retirement%2CsharedOwnership&furnishTypes=&keywords= | https://www.rightmove.co.uk/property-to-rent/find.html?locationIdentifier=REGION%5E1073&minBedrooms=1&maxBedrooms=1&propertyTypes=flat&includeSSTC=true&mustHave=&dontShow=houseShare%2Cretirement&furnishTypes=&keywords= | https://los.rightmove.co.uk/typeahead?query=Plymouth,https://www.nationalrail.co.uk/journey-planner/ | https://www.traveline.info/,https://www.gov.uk/government/publications/strategic-noise-mapping-2022/explaining-the-2022-noise-maps | https://www.gov.uk/government/statistics/english-indices-of-deprivation-2025 | https://www.openstreetmap.org/search?query=Plymouth%2C%20UK
Portsmouth,"Identical-radius centre proxy: 4741 violence/sexual-offence and 1484 ASB records in 12 months; relative composite places it in screening band 2/5, but this is not a population-normalised town or neighbourhood rate.","Median of 541 achieved standard flat/maisonette sales; this is an all-size flat screening proxy, not a one-bedroom estimate.",Official one-bedroom modelled average for Portsmouth LA; underlying observation count is not published in the table.,"Rightmove's filtered snapshot returned 177 sale and 176 rental results; these are portal headline counts, not deduplicated properties, and the query does not verify tower stock.","Broad screen indicates a useful town/city bus-and-rail network; this is a town-level judgement, not a neighbourhood accessibility audit.","Approximate representative faster weekday journey from Portsmouth & Southsea: London 95 min (0 changes), Birmingham 165 min (0 changes); recheck against the exact travel date.","Dense island roads, rail, ferry/naval port activity and nightlife make quietness relatively difficult at city scale.","Historic waterfront, seafront and coherent terraces support pleasantness, despite density and traffic pressure.",https://api.postcodes.io/places?q=Portsmouth | https://api.postcodes.io/postcodes?lon=-1.091170&lat=50.796850&limit=1&radius=2000 | https://data.police.uk/api/crimes-street/all-crime?lat=50.796850&lng=-1.091170&date=2026-07 | https://data.police.uk/docs/method/crime-street/,https://www.gov.uk/government/statistical-data-sets/price-paid-data-downloads,https://www.ons.gov.uk/economy/inflationandpriceindices/datasets/priceindexofprivaterentsukmonthlypricestatistics | https://www.ons.gov.uk/economy/inflationandpriceindices/bulletins/privaterentandhousepricesuk/august2026,https://www.rightmove.co.uk/property-for-sale/find.html?locationIdentifier=REGION%5E1089&minBedrooms=1&maxBedrooms=1&propertyTypes=flat&includeSSTC=false&mustHave=&dontShow=retirement%2CsharedOwnership&furnishTypes=&keywords= | https://www.rightmove.co.uk/property-to-rent/find.html?locationIdentifier=REGION%5E1089&minBedrooms=1&maxBedrooms=1&propertyTypes=flat&includeSSTC=true&mustHave=&dontShow=houseShare%2Cretirement&furnishTypes=&keywords= | https://los.rightmove.co.uk/typeahead?query=Portsmouth,https://www.nationalrail.co.uk/journey-planner/ | https://www.traveline.info/,https://www.gov.uk/government/publications/strategic-noise-mapping-2022/explaining-the-2022-noise-maps | https://www.gov.uk/government/statistics/english-indices-of-deprivation-2025 | https://www.openstreetmap.org/search?query=Portsmouth%2C%20UK
Preston,"Identical-radius centre proxy: 3087 violence/sexual-offence and 2352 ASB records in 12 months; relative composite places it in screening band 2/5, but this is not a population-normalised town or neighbourhood rate.","Median of 470 achieved standard flat/maisonette sales; this is an all-size flat screening proxy, not a one-bedroom estimate.",Official one-bedroom modelled average for Preston LA; underlying observation count is not published in the table.,"Rightmove's filtered snapshot returned 72 sale and 136 rental results; these are portal headline counts, not deduplicated properties, and the query does not verify tower stock.","Broad screen indicates a useful town/city bus-and-rail network; this is a town-level judgement, not a neighbourhood accessibility audit.","Approximate representative faster weekday journey from Preston: London 130 min (0 changes), Birmingham 100 min (0 changes); recheck against the exact travel date.","M6/M55 approaches, major rail, ring-road traffic and nightlife create substantial transport-noise exposure.",Civic and park assets are balanced by traffic-heavy approaches and uneven centre/industrial fabric.,https://api.postcodes.io/places?q=Preston | https://api.postcodes.io/postcodes?lon=-2.698528&lat=53.760554&limit=1&radius=2000 | https://data.police.uk/api/crimes-street/all-crime?lat=53.760554&lng=-2.698528&date=2026-07 | https://data.police.uk/docs/method/crime-street/,https://www.gov.uk/government/statistical-data-sets/price-paid-data-downloads,https://www.ons.gov.uk/economy/inflationandpriceindices/datasets/priceindexofprivaterentsukmonthlypricestatistics | https://www.ons.gov.uk/economy/inflationandpriceindices/bulletins/privaterentandhousepricesuk/august2026,https://www.rightmove.co.uk/property-for-sale/find.html?locationIdentifier=REGION%5E1097&minBedrooms=1&maxBedrooms=1&propertyTypes=flat&includeSSTC=false&mustHave=&dontShow=retirement%2CsharedOwnership&furnishTypes=&keywords= | https://www.rightmove.co.uk/property-to-rent/find.html?locationIdentifier=REGION%5E1097&minBedrooms=1&maxBedrooms=1&propertyTypes=flat&includeSSTC=true&mustHave=&dontShow=houseShare%2Cretirement&furnishTypes=&keywords= | https://los.rightmove.co.uk/typeahead?query=Preston,https://www.nationalrail.co.uk/journey-planner/ | https://www.traveline.info/,https://www.gov.uk/government/publications/strategic-noise-mapping-2022/explaining-the-2022-noise-maps | https://www.gov.uk/government/statistics/english-indices-of-deprivation-2025 | https://www.openstreetmap.org/search?query=Preston%2C%20UK
Rotherham,"Identical-radius centre proxy: 1825 violence/sexual-offence and 846 ASB records in 12 months; relative composite places it in screening band 4/5, but this is not a population-normalised town or neighbourhood rate.","Median of 260 achieved standard flat/maisonette sales; this is an all-size flat screening proxy, not a one-bedroom estimate.",Official one-bedroom modelled average for Rotherham LA; underlying observation count is not published in the table.,"Rightmove's filtered snapshot returned 19 sale and 25 rental results; these are portal headline counts, not deduplicated properties, and the query does not verify tower stock.","Broad screen indicates a useful town/city bus-and-rail network; this is a town-level judgement, not a neighbourhood accessibility audit.","Approximate representative faster weekday journey from Rotherham Central: London 145 min (1 change), Birmingham 100 min (1 change); recheck against the exact travel date.","M1/M18 approaches, rail, steel industry and freight corridors create conspicuous persistent noise sources.","Renewal and heritage pockets are outweighed by extensive industrial, arterial and deprived urban fabric.",https://api.postcodes.io/places?q=Rotherham | https://api.postcodes.io/postcodes?lon=-1.354738&lat=53.430720&limit=1&radius=2000 | https://data.police.uk/api/crimes-street/all-crime?lat=53.430720&lng=-1.354738&date=2026-07 | https://data.police.uk/docs/method/crime-street/,https://www.gov.uk/government/statistical-data-sets/price-paid-data-downloads,https://www.ons.gov.uk/economy/inflationandpriceindices/datasets/priceindexofprivaterentsukmonthlypricestatistics | https://www.ons.gov.uk/economy/inflationandpriceindices/bulletins/privaterentandhousepricesuk/august2026,https://www.rightmove.co.uk/property-for-sale/find.html?locationIdentifier=REGION%5E1145&minBedrooms=1&maxBedrooms=1&propertyTypes=flat&includeSSTC=false&mustHave=&dontShow=retirement%2CsharedOwnership&furnishTypes=&keywords= | https://www.rightmove.co.uk/property-to-rent/find.html?locationIdentifier=REGION%5E1145&minBedrooms=1&maxBedrooms=1&propertyTypes=flat&includeSSTC=true&mustHave=&dontShow=houseShare%2Cretirement&furnishTypes=&keywords= | https://los.rightmove.co.uk/typeahead?query=Rotherham,https://www.nationalrail.co.uk/journey-planner/ | https://www.traveline.info/ | https://www.travelsouthyorkshire.com/,https://www.gov.uk/government/publications/strategic-noise-mapping-2022/explaining-the-2022-noise-maps | https://www.gov.uk/government/statistics/english-indices-of-deprivation-2025 | https://www.openstreetmap.org/search?query=Rotherham%2C%20UK
Salford,Unknown: Greater Manchester Police crime data are unavailable on Police.uk; sparse point-query returns are cross-force records and cannot support a comparable indicator.,"Median of 1850 achieved standard flat/maisonette sales; this is an all-size flat screening proxy, not a one-bedroom estimate.",Official one-bedroom modelled average for Salford LA; underlying observation count is not published in the table.,"Rightmove's filtered snapshot returned 513 sale and 531 rental results; these are portal headline counts, not deduplicated properties, and the query does not verify tower stock.","Broad screen indicates a dense multimodal network; this is a town-level judgement, not a neighbourhood accessibility audit.","Approximate representative faster weekday journey from Manchester Piccadilly used; Salford origin is ambiguous: London 135 min (0 changes), Birmingham 95 min (0 changes); recheck against the exact travel date.","Motorways, rail, dense Manchester urban activity and nightlife/venue areas create widespread noise pressure.","Major waterfront regeneration coexists with traffic infrastructure, deprivation and highly uneven urban fabric.",https://api.postcodes.io/places?q=Salford | https://api.postcodes.io/postcodes?lon=-2.294998&lat=53.480643&limit=1&radius=2000 | https://data.police.uk/api/crimes-street/all-crime?lat=53.480643&lng=-2.294998&date=2026-07 | https://data.police.uk/docs/method/crime-street/ | https://data.police.uk/changelog/,https://www.gov.uk/government/statistical-data-sets/price-paid-data-downloads,https://www.ons.gov.uk/economy/inflationandpriceindices/datasets/priceindexofprivaterentsukmonthlypricestatistics | https://www.ons.gov.uk/economy/inflationandpriceindices/bulletins/privaterentandhousepricesuk/august2026,https://www.rightmove.co.uk/property-for-sale/find.html?locationIdentifier=REGION%5E1164&minBedrooms=1&maxBedrooms=1&propertyTypes=flat&includeSSTC=false&mustHave=&dontShow=retirement%2CsharedOwnership&furnishTypes=&keywords= | https://www.rightmove.co.uk/property-to-rent/find.html?locationIdentifier=REGION%5E1164&minBedrooms=1&maxBedrooms=1&propertyTypes=flat&includeSSTC=true&mustHave=&dontShow=houseShare%2Cretirement&furnishTypes=&keywords= | https://los.rightmove.co.uk/typeahead?query=Salford,https://www.nationalrail.co.uk/journey-planner/ | https://www.traveline.info/ | https://tfgm.com/,https://www.gov.uk/government/publications/strategic-noise-mapping-2022/explaining-the-2022-noise-maps | https://www.gov.uk/government/statistics/english-indices-of-deprivation-2025 | https://www.openstreetmap.org/search?query=Salford%2C%20UK
Sheffield,"Identical-radius centre proxy: 4093 violence/sexual-offence and 2297 ASB records in 12 months; relative composite places it in screening band 1/5, but this is not a population-normalised town or neighbourhood rate.","Median of 1707 achieved standard flat/maisonette sales; this is an all-size flat screening proxy, not a one-bedroom estimate.",Official one-bedroom modelled average for Sheffield LA; underlying observation count is not published in the table.,"Rightmove's filtered snapshot returned 257 sale and 401 rental results; these are portal headline counts, not deduplicated properties, and the query does not verify tower stock.","Broad screen indicates a dense multimodal network; this is a town-level judgement, not a neighbourhood accessibility audit.","Approximate representative faster weekday journey from Sheffield: London 120 min (0 changes), Birmingham 75 min (0 changes); recheck against the exact travel date.","Arterial roads, rail, tram, industry and nightlife create busy corridors, but hills and extensive green space moderate the city-wide score.","Strong parks, stone neighbourhood fabric and renewed centre support a favourable judgement despite marked variation.",https://api.postcodes.io/places?q=Sheffield | https://api.postcodes.io/postcodes?lon=-1.468536&lat=53.382508&limit=1&radius=2000 | https://data.police.uk/api/crimes-street/all-crime?lat=53.382508&lng=-1.468536&date=2026-07 | https://data.police.uk/docs/method/crime-street/,https://www.gov.uk/government/statistical-data-sets/price-paid-data-downloads,https://www.ons.gov.uk/economy/inflationandpriceindices/datasets/priceindexofprivaterentsukmonthlypricestatistics | https://www.ons.gov.uk/economy/inflationandpriceindices/bulletins/privaterentandhousepricesuk/august2026,https://www.rightmove.co.uk/property-for-sale/find.html?locationIdentifier=REGION%5E1195&minBedrooms=1&maxBedrooms=1&propertyTypes=flat&includeSSTC=false&mustHave=&dontShow=retirement%2CsharedOwnership&furnishTypes=&keywords= | https://www.rightmove.co.uk/property-to-rent/find.html?locationIdentifier=REGION%5E1195&minBedrooms=1&maxBedrooms=1&propertyTypes=flat&includeSSTC=true&mustHave=&dontShow=houseShare%2Cretirement&furnishTypes=&keywords= | https://los.rightmove.co.uk/typeahead?query=Sheffield,https://www.nationalrail.co.uk/journey-planner/ | https://www.traveline.info/ | https://www.travelsouthyorkshire.com/,https://www.gov.uk/government/publications/strategic-noise-mapping-2022/explaining-the-2022-noise-maps | https://www.gov.uk/government/statistics/english-indices-of-deprivation-2025 | https://www.openstreetmap.org/search?query=Sheffield%2C%20UK
Shrewsbury,"Identical-radius centre proxy: 1093 violence/sexual-offence and 356 ASB records in 12 months; relative composite places it in screening band 5/5, but this is not a population-normalised town or neighbourhood rate.","Median of 309 achieved standard flat/maisonette sales; this is an all-size flat screening proxy, not a one-bedroom estimate.",Official one-bedroom modelled average for Shropshire LA; underlying observation count is not published in the table and the LA is broader than the named town.,"Rightmove's filtered snapshot returned 33 sale and 33 rental results; these are portal headline counts, not deduplicated properties, and the query does not verify tower stock.","Broad screen indicates basic bus and rail coverage with less network depth; this is a town-level judgement, not a neighbourhood accessibility audit.","Approximate representative faster weekday journey from Shrewsbury: London 150 min (1 change), Birmingham 60 min (0 changes); recheck against the exact travel date.","Bypass roads and rail are clear sources, but the compact town and rural edge offer broadly lower urban intensity.","Exceptional historic fabric, river setting and coherent public realm support the highest broad condition score.",https://api.postcodes.io/places?q=Shrewsbury | https://api.postcodes.io/postcodes?lon=-2.754329&lat=52.708167&limit=1&radius=2000 | https://data.police.uk/api/crimes-street/all-crime?lat=52.708167&lng=-2.754329&date=2026-07 | https://data.police.uk/docs/method/crime-street/,https://www.gov.uk/government/statistical-data-sets/price-paid-data-downloads,https://www.ons.gov.uk/economy/inflationandpriceindices/datasets/priceindexofprivaterentsukmonthlypricestatistics | https://www.ons.gov.uk/economy/inflationandpriceindices/bulletins/privaterentandhousepricesuk/august2026,https://www.rightmove.co.uk/property-for-sale/find.html?locationIdentifier=REGION%5E1208&minBedrooms=1&maxBedrooms=1&propertyTypes=flat&includeSSTC=false&mustHave=&dontShow=retirement%2CsharedOwnership&furnishTypes=&keywords= | https://www.rightmove.co.uk/property-to-rent/find.html?locationIdentifier=REGION%5E1208&minBedrooms=1&maxBedrooms=1&propertyTypes=flat&includeSSTC=true&mustHave=&dontShow=houseShare%2Cretirement&furnishTypes=&keywords= | https://los.rightmove.co.uk/typeahead?query=Shrewsbury,https://www.nationalrail.co.uk/journey-planner/ | https://www.traveline.info/,https://www.gov.uk/government/publications/strategic-noise-mapping-2022/explaining-the-2022-noise-maps | https://www.gov.uk/government/statistics/english-indices-of-deprivation-2025 | https://www.openstreetmap.org/search?query=Shrewsbury%2C%20UK
St Helens,"Identical-radius centre proxy: 2022 violence/sexual-offence and 523 ASB records in 12 months; relative composite places it in screening band 4/5, but this is not a population-normalised town or neighbourhood rate.","Median of 146 achieved standard flat/maisonette sales; this is an all-size flat screening proxy, not a one-bedroom estimate.",Official one-bedroom modelled average for St. Helens LA; underlying observation count is not published in the table.,"Rightmove's filtered snapshot returned 9 sale and 24 rental results; these are portal headline counts, not deduplicated properties, and the query does not verify tower stock.","Broad screen indicates basic bus and rail coverage with less network depth; this is a town-level judgement, not a neighbourhood accessibility audit.","Approximate representative faster weekday journey from St Helens Central: London 145 min (1 change), Birmingham 90 min (1 change); recheck against the exact travel date.","M62 access, arterial roads, rail and industrial/logistics land create multiple noise corridors.","Regeneration efforts are offset by extensive post-industrial, deprived and traffic-dominated fabric.",https://api.postcodes.io/places?q=St%20Helens | https://api.postcodes.io/postcodes?lon=-2.738189&lat=53.455338&limit=1&radius=2000 | https://data.police.uk/api/crimes-street/all-crime?lat=53.455338&lng=-2.738189&date=2026-07 | https://data.police.uk/docs/method/crime-street/,https://www.gov.uk/government/statistical-data-sets/price-paid-data-downloads,https://www.ons.gov.uk/economy/inflationandpriceindices/datasets/priceindexofprivaterentsukmonthlypricestatistics | https://www.ons.gov.uk/economy/inflationandpriceindices/bulletins/privaterentandhousepricesuk/august2026,https://www.rightmove.co.uk/property-for-sale/find.html?locationIdentifier=REGION%5E1250&minBedrooms=1&maxBedrooms=1&propertyTypes=flat&includeSSTC=false&mustHave=&dontShow=retirement%2CsharedOwnership&furnishTypes=&keywords= | https://www.rightmove.co.uk/property-to-rent/find.html?locationIdentifier=REGION%5E1250&minBedrooms=1&maxBedrooms=1&propertyTypes=flat&includeSSTC=true&mustHave=&dontShow=houseShare%2Cretirement&furnishTypes=&keywords= | https://los.rightmove.co.uk/typeahead?query=St%20Helens,https://www.nationalrail.co.uk/journey-planner/ | https://www.traveline.info/ | https://www.merseytravel.gov.uk/,https://www.gov.uk/government/publications/strategic-noise-mapping-2022/explaining-the-2022-noise-maps | https://www.gov.uk/government/statistics/english-indices-of-deprivation-2025 | https://www.openstreetmap.org/search?query=St%20Helens%2C%20UK
Stafford,"Identical-radius centre proxy: 1575 violence/sexual-offence and 693 ASB records in 12 months; relative composite places it in screening band 5/5, but this is not a population-normalised town or neighbourhood rate.","Median of 203 achieved standard flat/maisonette sales; this is an all-size flat screening proxy, not a one-bedroom estimate.",Official one-bedroom modelled average for Stafford LA; underlying observation count is not published in the table.,"Rightmove's filtered snapshot returned 20 sale and 20 rental results; these are portal headline counts, not deduplicated properties, and the query does not verify tower stock.","Broad screen indicates basic bus and rail coverage with less network depth; this is a town-level judgement, not a neighbourhood accessibility audit.","Approximate representative faster weekday journey from Stafford: London 75 min (0 changes), Birmingham 35 min (0 changes); recheck against the exact travel date.","M6 and West Coast Main Line corridors are conspicuous, but the smaller town has substantial quieter fabric away from them.","Historic centre, waterways and generally maintained residential fabric support a favourable broad judgement.",https://api.postcodes.io/places?q=Stafford | https://api.postcodes.io/postcodes?lon=-2.116656&lat=52.805800&limit=1&radius=2000 | https://data.police.uk/api/crimes-street/all-crime?lat=52.805800&lng=-2.116656&date=2026-07 | https://data.police.uk/docs/method/crime-street/,https://www.gov.uk/government/statistical-data-sets/price-paid-data-downloads,https://www.ons.gov.uk/economy/inflationandpriceindices/datasets/priceindexofprivaterentsukmonthlypricestatistics | https://www.ons.gov.uk/economy/inflationandpriceindices/bulletins/privaterentandhousepricesuk/august2026,https://www.rightmove.co.uk/property-for-sale/find.html?locationIdentifier=REGION%5E1255&minBedrooms=1&maxBedrooms=1&propertyTypes=flat&includeSSTC=false&mustHave=&dontShow=retirement%2CsharedOwnership&furnishTypes=&keywords= | https://www.rightmove.co.uk/property-to-rent/find.html?locationIdentifier=REGION%5E1255&minBedrooms=1&maxBedrooms=1&propertyTypes=flat&includeSSTC=true&mustHave=&dontShow=houseShare%2Cretirement&furnishTypes=&keywords= | https://los.rightmove.co.uk/typeahead?query=Stafford,https://www.nationalrail.co.uk/journey-planner/ | https://www.traveline.info/,https://www.gov.uk/government/publications/strategic-noise-mapping-2022/explaining-the-2022-noise-maps | https://www.gov.uk/government/statistics/english-indices-of-deprivation-2025 | https://www.openstreetmap.org/search?query=Stafford%2C%20UK
Stockport,Unknown: Greater Manchester Police crime data are unavailable on Police.uk; sparse point-query returns are cross-force records and cannot support a comparable indicator.,"Median of 830 achieved standard flat/maisonette sales; this is an all-size flat screening proxy, not a one-bedroom estimate.",Official one-bedroom modelled average for Stockport LA; underlying observation count is not published in the table.,"Rightmove's filtered snapshot returned 41 sale and 89 rental results; these are portal headline counts, not deduplicated properties, and the query does not verify tower stock.","Broad screen indicates a useful town/city bus-and-rail network; this is a town-level judgement, not a neighbourhood accessibility audit.","Approximate representative faster weekday journey from Stockport: London 120 min (0 changes), Birmingham 75 min (0 changes); recheck against the exact travel date.","M60, A6, dense rail and Manchester Airport flight paths create significant transport-noise exposure.","A strong historic market core, viaduct and generally attractive residential fabric support a favourable score despite traffic corridors.",https://api.postcodes.io/places?q=Stockport | https://api.postcodes.io/postcodes?lon=-2.158961&lat=53.408023&limit=1&radius=2000 | https://data.police.uk/api/crimes-street/all-crime?lat=53.408023&lng=-2.158961&date=2026-07 | https://data.police.uk/docs/method/crime-street/ | https://data.police.uk/changelog/,https://www.gov.uk/government/statistical-data-sets/price-paid-data-downloads,https://www.ons.gov.uk/economy/inflationandpriceindices/datasets/priceindexofprivaterentsukmonthlypricestatistics | https://www.ons.gov.uk/economy/inflationandpriceindices/bulletins/privaterentandhousepricesuk/august2026,https://www.rightmove.co.uk/property-for-sale/find.html?locationIdentifier=REGION%5E1268&minBedrooms=1&maxBedrooms=1&propertyTypes=flat&includeSSTC=false&mustHave=&dontShow=retirement%2CsharedOwnership&furnishTypes=&keywords= | https://www.rightmove.co.uk/property-to-rent/find.html?locationIdentifier=REGION%5E1268&minBedrooms=1&maxBedrooms=1&propertyTypes=flat&includeSSTC=true&mustHave=&dontShow=houseShare%2Cretirement&furnishTypes=&keywords= | https://los.rightmove.co.uk/typeahead?query=Stockport,https://www.nationalrail.co.uk/journey-planner/ | https://www.traveline.info/ | https://tfgm.com/,https://www.gov.uk/government/publications/strategic-noise-mapping-2022/explaining-the-2022-noise-maps | https://www.gov.uk/government/statistics/english-indices-of-deprivation-2025 | https://www.openstreetmap.org/search?query=Stockport%2C%20UK
Stockton-on-Tees,"Identical-radius centre proxy: 2853 violence/sexual-offence and 1260 ASB records in 12 months; relative composite places it in screening band 3/5, but this is not a population-normalised town or neighbourhood rate.","Median of 188 achieved standard flat/maisonette sales; this is an all-size flat screening proxy, not a one-bedroom estimate.",Official one-bedroom modelled average for Stockton-on-Tees LA; underlying observation count is not published in the table.,"Rightmove's filtered snapshot returned 14 sale and 36 rental results; these are portal headline counts, not deduplicated properties, and the query does not verify tower stock.","Broad screen indicates basic bus and rail coverage with less network depth; this is a town-level judgement, not a neighbourhood accessibility audit.","Approximate representative faster weekday journey from Thornaby used for representative mainline journeys: London 185 min (1 change), Birmingham 180 min (1 change); recheck against the exact travel date.","A19/A66, rail and nearby Teesside industry create prominent and persistent noise sources.","High-street and riverside renewal is balanced by industrial, deprived and uneven surrounding fabric.",https://api.postcodes.io/places?q=Stockton-on-Tees | https://api.postcodes.io/postcodes?lon=-1.312668&lat=54.563971&limit=1&radius=2000 | https://data.police.uk/api/crimes-street/all-crime?lat=54.563971&lng=-1.312668&date=2026-07 | https://data.police.uk/docs/method/crime-street/,https://www.gov.uk/government/statistical-data-sets/price-paid-data-downloads,https://www.ons.gov.uk/economy/inflationandpriceindices/datasets/priceindexofprivaterentsukmonthlypricestatistics | https://www.ons.gov.uk/economy/inflationandpriceindices/bulletins/privaterentandhousepricesuk/august2026,https://www.rightmove.co.uk/property-for-sale/find.html?locationIdentifier=REGION%5E1270&minBedrooms=1&maxBedrooms=1&propertyTypes=flat&includeSSTC=false&mustHave=&dontShow=retirement%2CsharedOwnership&furnishTypes=&keywords= | https://www.rightmove.co.uk/property-to-rent/find.html?locationIdentifier=REGION%5E1270&minBedrooms=1&maxBedrooms=1&propertyTypes=flat&includeSSTC=true&mustHave=&dontShow=houseShare%2Cretirement&furnishTypes=&keywords=,https://www.nationalrail.co.uk/journey-planner/ | https://www.traveline.info/,https://www.gov.uk/government/publications/strategic-noise-mapping-2022/explaining-the-2022-noise-maps | https://www.gov.uk/government/statistics/english-indices-of-deprivation-2025 | https://www.openstreetmap.org/search?query=Stockton-on-Tees%2C%20UK
Stoke-on-Trent,"Identical-radius centre proxy: 2370 violence/sexual-offence and 1510 ASB records in 12 months; relative composite places it in screening band 3/5, but this is not a population-normalised town or neighbourhood rate.","Median of 346 achieved standard flat/maisonette sales; this is an all-size flat screening proxy, not a one-bedroom estimate.",Official one-bedroom modelled average for Stoke-on-Trent LA; underlying observation count is not published in the table.,"Rightmove's filtered snapshot returned 26 sale and 53 rental results; these are portal headline counts, not deduplicated properties, and the query does not verify tower stock.","Broad screen indicates a useful town/city bus-and-rail network; this is a town-level judgement, not a neighbourhood accessibility audit.","Approximate representative faster weekday journey from Stoke-on-Trent: London 85 min (0 changes), Birmingham 50 min (0 changes); recheck against the exact travel date.","A500/M6 access, rail and dispersed industrial land create widespread road and industrial noise corridors.","Ceramic heritage and renewal pockets are offset by vacancy, deprivation and fragmented post-industrial urban fabric.",https://api.postcodes.io/places?q=Stoke-on-Trent | https://api.postcodes.io/postcodes?lon=-2.173369&lat=53.022184&limit=1&radius=2000 | https://data.police.uk/api/crimes-street/all-crime?lat=53.022184&lng=-2.173369&date=2026-07 | https://data.police.uk/docs/method/crime-street/,https://www.gov.uk/government/statistical-data-sets/price-paid-data-downloads,https://www.ons.gov.uk/economy/inflationandpriceindices/datasets/priceindexofprivaterentsukmonthlypricestatistics | https://www.ons.gov.uk/economy/inflationandpriceindices/bulletins/privaterentandhousepricesuk/august2026,https://www.rightmove.co.uk/property-for-sale/find.html?locationIdentifier=REGION%5E1271&minBedrooms=1&maxBedrooms=1&propertyTypes=flat&includeSSTC=false&mustHave=&dontShow=retirement%2CsharedOwnership&furnishTypes=&keywords= | https://www.rightmove.co.uk/property-to-rent/find.html?locationIdentifier=REGION%5E1271&minBedrooms=1&maxBedrooms=1&propertyTypes=flat&includeSSTC=true&mustHave=&dontShow=houseShare%2Cretirement&furnishTypes=&keywords=,https://www.nationalrail.co.uk/journey-planner/ | https://www.traveline.info/,https://www.gov.uk/government/publications/strategic-noise-mapping-2022/explaining-the-2022-noise-maps | https://www.gov.uk/government/statistics/english-indices-of-deprivation-2025 | https://www.openstreetmap.org/search?query=Stoke-on-Trent%2C%20UK
Sunderland,"Identical-radius centre proxy: 2043 violence/sexual-offence and 1312 ASB records in 12 months; relative composite places it in screening band 3/5, but this is not a population-normalised town or neighbourhood rate.","Median of 363 achieved standard flat/maisonette sales; this is an all-size flat screening proxy, not a one-bedroom estimate.",Official one-bedroom modelled average for Sunderland LA; underlying observation count is not published in the table.,"Rightmove's filtered snapshot returned 49 sale and 56 rental results; these are portal headline counts, not deduplicated properties, and the query does not verify tower stock.","Broad screen indicates a useful town/city bus-and-rail network; this is a town-level judgement, not a neighbourhood accessibility audit.","Approximate representative faster weekday journey from Sunderland; direct London service is limited: London 195 min (0 changes), Birmingham 205 min (1 change); recheck against the exact travel date.","A19 approaches, Metro/rail, port industry and nightlife create multiple urban noise sources.","Seafront and renewed riverside/civic areas are positives, while deprived and post-industrial fabric remains extensive.",https://api.postcodes.io/places?q=Sunderland | https://api.postcodes.io/postcodes?lon=-1.383803&lat=54.902165&limit=1&radius=2000 | https://data.police.uk/api/crimes-street/all-crime?lat=54.902165&lng=-1.383803&date=2026-07 | https://data.police.uk/docs/method/crime-street/,https://www.gov.uk/government/statistical-data-sets/price-paid-data-downloads,https://www.ons.gov.uk/economy/inflationandpriceindices/datasets/priceindexofprivaterentsukmonthlypricestatistics | https://www.ons.gov.uk/economy/inflationandpriceindices/bulletins/privaterentandhousepricesuk/august2026,https://www.rightmove.co.uk/property-for-sale/find.html?locationIdentifier=REGION%5E1295&minBedrooms=1&maxBedrooms=1&propertyTypes=flat&includeSSTC=false&mustHave=&dontShow=retirement%2CsharedOwnership&furnishTypes=&keywords= | https://www.rightmove.co.uk/property-to-rent/find.html?locationIdentifier=REGION%5E1295&minBedrooms=1&maxBedrooms=1&propertyTypes=flat&includeSSTC=true&mustHave=&dontShow=houseShare%2Cretirement&furnishTypes=&keywords= | https://los.rightmove.co.uk/typeahead?query=Sunderland,https://www.nationalrail.co.uk/journey-planner/ | https://www.traveline.info/ | https://www.nexus.org.uk/,https://www.gov.uk/government/publications/strategic-noise-mapping-2022/explaining-the-2022-noise-maps | https://www.gov.uk/government/statistics/english-indices-of-deprivation-2025 | https://www.openstreetmap.org/search?query=Sunderland%2C%20UK
Swansea,"Identical-radius centre proxy: 2514 violence/sexual-offence and 880 ASB records in 12 months; relative composite places it in screening band 3/5, but this is not a population-normalised town or neighbourhood rate.","Median of 455 achieved standard flat/maisonette sales; this is an all-size flat screening proxy, not a one-bedroom estimate.",Official one-bedroom modelled average for Swansea LA; underlying observation count is not published in the table.,"Rightmove's filtered snapshot returned 25 sale and 16 rental results; these are portal headline counts, not deduplicated properties, and the query does not verify tower stock.","Broad screen indicates a useful town/city bus-and-rail network; this is a town-level judgement, not a neighbourhood accessibility audit.","Approximate representative faster weekday journey from Swansea: London 170 min (0 changes), Birmingham 185 min (1 change); recheck against the exact travel date.","M4/A483 approaches, rail, port and nightlife create corridors of noise, moderated by the coastal setting and lower-intensity areas.","Bay, parks and waterfront renewal support a favourable judgement despite uneven centre and post-industrial corridors.",https://api.postcodes.io/places?q=Swansea | https://api.postcodes.io/postcodes?lon=-3.941418&lat=51.620110&limit=1&radius=2000 | https://data.police.uk/api/crimes-street/all-crime?lat=51.620110&lng=-3.941418&date=2026-07 | https://data.police.uk/docs/method/crime-street/,https://www.gov.uk/government/statistical-data-sets/price-paid-data-downloads,https://www.ons.gov.uk/economy/inflationandpriceindices/datasets/priceindexofprivaterentsukmonthlypricestatistics | https://www.ons.gov.uk/economy/inflationandpriceindices/bulletins/privaterentandhousepricesuk/august2026,https://www.rightmove.co.uk/property-for-sale/find.html?locationIdentifier=REGION%5E1305&minBedrooms=1&maxBedrooms=1&propertyTypes=flat&includeSSTC=false&mustHave=&dontShow=retirement%2CsharedOwnership&furnishTypes=&keywords= | https://www.rightmove.co.uk/property-to-rent/find.html?locationIdentifier=REGION%5E1305&minBedrooms=1&maxBedrooms=1&propertyTypes=flat&includeSSTC=true&mustHave=&dontShow=houseShare%2Cretirement&furnishTypes=&keywords= | https://los.rightmove.co.uk/typeahead?query=Swansea,https://www.nationalrail.co.uk/journey-planner/ | https://www.traveline.info/ | https://tfw.wales/,https://datamap.gov.wales/layergroups/geonode%3AEnvironmental_Noise_Mapping_2022 | https://stats.gov.wales/en-GB/c67b9e08-dacc-439a-a244-2fce79b11400 | https://www.openstreetmap.org/search?query=Swansea%2C%20UK
Swindon,"Identical-radius centre proxy: 2502 violence/sexual-offence and 1707 ASB records in 12 months; relative composite places it in screening band 2/5, but this is not a population-normalised town or neighbourhood rate.","Median of 906 achieved standard flat/maisonette sales; this is an all-size flat screening proxy, not a one-bedroom estimate.",Official one-bedroom modelled average for Swindon LA; underlying observation count is not published in the table.,"Rightmove's filtered snapshot returned 87 sale and 121 rental results; these are portal headline counts, not deduplicated properties, and the query does not verify tower stock.","Broad screen indicates a useful town/city bus-and-rail network; this is a town-level judgement, not a neighbourhood accessibility audit.","Approximate representative faster weekday journey from Swindon: London 55 min (0 changes), Birmingham 95 min (1 change); recheck against the exact travel date.","M4 access, a busy rail corridor and broad arterial roads create substantial transport-noise exposure.",Maintained residential and park areas are balanced by road-dominated modern form and uneven central fabric.,https://api.postcodes.io/places?q=Swindon | https://api.postcodes.io/postcodes?lon=-1.785458&lat=51.561532&limit=1&radius=2000 | https://data.police.uk/api/crimes-street/all-crime?lat=51.561532&lng=-1.785458&date=2026-07 | https://data.police.uk/docs/method/crime-street/,https://www.gov.uk/government/statistical-data-sets/price-paid-data-downloads,https://www.ons.gov.uk/economy/inflationandpriceindices/datasets/priceindexofprivaterentsukmonthlypricestatistics | https://www.ons.gov.uk/economy/inflationandpriceindices/bulletins/privaterentandhousepricesuk/august2026,https://www.rightmove.co.uk/property-for-sale/find.html?locationIdentifier=REGION%5E1306&minBedrooms=1&maxBedrooms=1&propertyTypes=flat&includeSSTC=false&mustHave=&dontShow=retirement%2CsharedOwnership&furnishTypes=&keywords= | https://www.rightmove.co.uk/property-to-rent/find.html?locationIdentifier=REGION%5E1306&minBedrooms=1&maxBedrooms=1&propertyTypes=flat&includeSSTC=true&mustHave=&dontShow=houseShare%2Cretirement&furnishTypes=&keywords= | https://los.rightmove.co.uk/typeahead?query=Swindon,https://www.nationalrail.co.uk/journey-planner/ | https://www.traveline.info/,https://www.gov.uk/government/publications/strategic-noise-mapping-2022/explaining-the-2022-noise-maps | https://www.gov.uk/government/statistics/english-indices-of-deprivation-2025 | https://www.openstreetmap.org/search?query=Swindon%2C%20UK
Telford,"Identical-radius centre proxy: 1223 violence/sexual-offence and 438 ASB records in 12 months; relative composite places it in screening band 5/5, but this is not a population-normalised town or neighbourhood rate.","Median of 180 achieved standard flat/maisonette sales; this is an all-size flat screening proxy, not a one-bedroom estimate.",Official one-bedroom modelled average for Telford and Wrekin LA; underlying observation count is not published in the table and the LA is broader than the named town.,"Rightmove's filtered snapshot returned 31 sale and 22 rental results; these are portal headline counts, not deduplicated properties, and the query does not verify tower stock.","Broad screen indicates basic bus and rail coverage with less network depth; this is a town-level judgement, not a neighbourhood accessibility audit.","Approximate representative faster weekday journey from Telford Central: London 125 min (1 change), Birmingham 40 min (0 changes); recheck against the exact travel date.","M54/A442 traffic and dispersed industrial estates create local noise, but low-density form reduces continuous urban intensity.","Green space and maintained newer districts are balanced by fragmented, car-oriented townscape and industrial edges.",https://api.postcodes.io/places?q=Telford | https://api.postcodes.io/postcodes?lon=-2.448752&lat=52.675404&limit=1&radius=2000 | https://data.police.uk/api/crimes-street/all-crime?lat=52.675404&lng=-2.448752&date=2026-07 | https://data.police.uk/docs/method/crime-street/,https://www.gov.uk/government/statistical-data-sets/price-paid-data-downloads,https://www.ons.gov.uk/economy/inflationandpriceindices/datasets/priceindexofprivaterentsukmonthlypricestatistics | https://www.ons.gov.uk/economy/inflationandpriceindices/bulletins/privaterentandhousepricesuk/august2026,https://www.rightmove.co.uk/property-for-sale/find.html?locationIdentifier=REGION%5E1323&minBedrooms=1&maxBedrooms=1&propertyTypes=flat&includeSSTC=false&mustHave=&dontShow=retirement%2CsharedOwnership&furnishTypes=&keywords= | https://www.rightmove.co.uk/property-to-rent/find.html?locationIdentifier=REGION%5E1323&minBedrooms=1&maxBedrooms=1&propertyTypes=flat&includeSSTC=true&mustHave=&dontShow=houseShare%2Cretirement&furnishTypes=&keywords= | https://los.rightmove.co.uk/typeahead?query=Telford,https://www.nationalrail.co.uk/journey-planner/ | https://www.traveline.info/ | https://www.tfwm.org.uk/,https://www.gov.uk/government/publications/strategic-noise-mapping-2022/explaining-the-2022-noise-maps | https://www.gov.uk/government/statistics/english-indices-of-deprivation-2025 | https://www.openstreetmap.org/search?query=Telford%2C%20UK
Torbay,"Identical-radius centre proxy: 2517 violence/sexual-offence and 940 ASB records in 12 months; relative composite places it in screening band 3/5, but this is not a population-normalised town or neighbourhood rate.","Median of 936 achieved standard flat/maisonette sales; this is an all-size flat screening proxy, not a one-bedroom estimate.",Official one-bedroom modelled average for Torbay LA; underlying observation count is not published in the table.,"Rightmove's filtered snapshot returned 165 sale and 51 rental results; these are portal headline counts, not deduplicated properties, and the query does not verify tower stock.","Broad screen indicates basic bus and rail coverage with less network depth; this is a town-level judgement, not a neighbourhood accessibility audit.","Approximate representative faster weekday journey from Torquay used; some faster itineraries connect at Newton Abbot: London 180 min (1 change), Birmingham 195 min (1 change); recheck against the exact travel date.","Seasonal visitor traffic, rail and resort nightlife create hotspots, but much of the coastal conurbation is lower-intensity.","Coastal scenery, parks and resort heritage support a favourable score despite pockets of deprivation and uneven upkeep.",https://api.postcodes.io/places?q=Torquay | https://api.postcodes.io/postcodes?lon=-3.531407&lat=50.468826&limit=1&radius=2000 | https://data.police.uk/api/crimes-street/all-crime?lat=50.468826&lng=-3.531407&date=2026-07 | https://data.police.uk/docs/method/crime-street/,https://www.gov.uk/government/statistical-data-sets/price-paid-data-downloads,https://www.ons.gov.uk/economy/inflationandpriceindices/datasets/priceindexofprivaterentsukmonthlypricestatistics | https://www.ons.gov.uk/economy/inflationandpriceindices/bulletins/privaterentandhousepricesuk/august2026,https://www.rightmove.co.uk/property-for-sale/find.html?locationIdentifier=REGION%5E61274&minBedrooms=1&maxBedrooms=1&propertyTypes=flat&includeSSTC=false&mustHave=&dontShow=retirement%2CsharedOwnership&furnishTypes=&keywords= | https://www.rightmove.co.uk/property-to-rent/find.html?locationIdentifier=REGION%5E61274&minBedrooms=1&maxBedrooms=1&propertyTypes=flat&includeSSTC=true&mustHave=&dontShow=houseShare%2Cretirement&furnishTypes=&keywords= | https://los.rightmove.co.uk/typeahead?query=Torbay,https://www.nationalrail.co.uk/journey-planner/ | https://www.traveline.info/,https://www.gov.uk/government/publications/strategic-noise-mapping-2022/explaining-the-2022-noise-maps | https://www.gov.uk/government/statistics/english-indices-of-deprivation-2025 | https://www.openstreetmap.org/search?query=Torbay%2C%20UK
Wakefield,"Identical-radius centre proxy: 2844 violence/sexual-offence and 612 ASB records in 12 months; relative composite places it in screening band 4/5, but this is not a population-normalised town or neighbourhood rate.","Median of 273 achieved standard flat/maisonette sales; this is an all-size flat screening proxy, not a one-bedroom estimate.",Official one-bedroom modelled average for Wakefield LA; underlying observation count is not published in the table.,"Rightmove's filtered snapshot returned 46 sale and 46 rental results; these are portal headline counts, not deduplicated properties, and the query does not verify tower stock.","Broad screen indicates a useful town/city bus-and-rail network; this is a town-level judgement, not a neighbourhood accessibility audit.","Approximate representative faster weekday journey from Wakefield Westgate: London 120 min (0 changes), Birmingham 110 min (1 change); recheck against the exact travel date.","M1/M62 approaches, major rail and arterial traffic create multiple persistent noise corridors.",Historic and cultural assets are balanced by traffic infrastructure and uneven post-industrial urban fabric.,https://api.postcodes.io/places?q=Wakefield | https://api.postcodes.io/postcodes?lon=-1.498169&lat=53.683704&limit=1&radius=2000 | https://data.police.uk/api/crimes-street/all-crime?lat=53.683704&lng=-1.498169&date=2026-07 | https://data.police.uk/docs/method/crime-street/,https://www.gov.uk/government/statistical-data-sets/price-paid-data-downloads,https://www.ons.gov.uk/economy/inflationandpriceindices/datasets/priceindexofprivaterentsukmonthlypricestatistics | https://www.ons.gov.uk/economy/inflationandpriceindices/bulletins/privaterentandhousepricesuk/august2026,https://www.rightmove.co.uk/property-for-sale/find.html?locationIdentifier=REGION%5E1386&minBedrooms=1&maxBedrooms=1&propertyTypes=flat&includeSSTC=false&mustHave=&dontShow=retirement%2CsharedOwnership&furnishTypes=&keywords= | https://www.rightmove.co.uk/property-to-rent/find.html?locationIdentifier=REGION%5E1386&minBedrooms=1&maxBedrooms=1&propertyTypes=flat&includeSSTC=true&mustHave=&dontShow=houseShare%2Cretirement&furnishTypes=&keywords= | https://los.rightmove.co.uk/typeahead?query=Wakefield,https://www.nationalrail.co.uk/journey-planner/ | https://www.traveline.info/ | https://www.wymetro.com/,https://www.gov.uk/government/publications/strategic-noise-mapping-2022/explaining-the-2022-noise-maps | https://www.gov.uk/government/statistics/english-indices-of-deprivation-2025 | https://www.openstreetmap.org/search?query=Wakefield%2C%20UK
Walsall,"Identical-radius centre proxy: 3067 violence/sexual-offence and 263 ASB records in 12 months; relative composite places it in screening band 4/5, but this is not a population-normalised town or neighbourhood rate.","Median of 404 achieved standard flat/maisonette sales; this is an all-size flat screening proxy, not a one-bedroom estimate.",Official one-bedroom modelled average for Walsall LA; underlying observation count is not published in the table.,"Rightmove's filtered snapshot returned 36 sale and 44 rental results; these are portal headline counts, not deduplicated properties, and the query does not verify tower stock.","Broad screen indicates a useful town/city bus-and-rail network; this is a town-level judgement, not a neighbourhood accessibility audit.","Approximate representative faster weekday journey from Walsall: London 115 min (1 change), Birmingham 25 min (0 changes); recheck against the exact travel date.","M6, dense arterial roads, rail and industrial land create widespread transport and industrial noise pressure.","Civic and park pockets are outweighed by traffic-dominated, industrial and deprived urban fabric in the broad screen.",https://api.postcodes.io/places?q=Walsall | https://api.postcodes.io/postcodes?lon=-1.980341&lat=52.586221&limit=1&radius=2000 | https://data.police.uk/api/crimes-street/all-crime?lat=52.586221&lng=-1.980341&date=2026-07 | https://data.police.uk/docs/method/crime-street/,https://www.gov.uk/government/statistical-data-sets/price-paid-data-downloads,https://www.ons.gov.uk/economy/inflationandpriceindices/datasets/priceindexofprivaterentsukmonthlypricestatistics | https://www.ons.gov.uk/economy/inflationandpriceindices/bulletins/privaterentandhousepricesuk/august2026,https://www.rightmove.co.uk/property-for-sale/find.html?locationIdentifier=REGION%5E1392&minBedrooms=1&maxBedrooms=1&propertyTypes=flat&includeSSTC=false&mustHave=&dontShow=retirement%2CsharedOwnership&furnishTypes=&keywords= | https://www.rightmove.co.uk/property-to-rent/find.html?locationIdentifier=REGION%5E1392&minBedrooms=1&maxBedrooms=1&propertyTypes=flat&includeSSTC=true&mustHave=&dontShow=houseShare%2Cretirement&furnishTypes=&keywords= | https://los.rightmove.co.uk/typeahead?query=Walsall,https://www.nationalrail.co.uk/journey-planner/ | https://www.traveline.info/ | https://www.tfwm.org.uk/,https://www.gov.uk/government/publications/strategic-noise-mapping-2022/explaining-the-2022-noise-maps | https://www.gov.uk/government/statistics/english-indices-of-deprivation-2025 | https://www.openstreetmap.org/search?query=Walsall%2C%20UK
Warrington,"Identical-radius centre proxy: 2355 violence/sexual-offence and 452 ASB records in 12 months; relative composite places it in screening band 4/5, but this is not a population-normalised town or neighbourhood rate.","Median of 498 achieved standard flat/maisonette sales; this is an all-size flat screening proxy, not a one-bedroom estimate.",Official one-bedroom modelled average for Warrington LA; underlying observation count is not published in the table.,"Rightmove's filtered snapshot returned 56 sale and 40 rental results; these are portal headline counts, not deduplicated properties, and the query does not verify tower stock.","Broad screen indicates a useful town/city bus-and-rail network; this is a town-level judgement, not a neighbourhood accessibility audit.","Approximate representative faster weekday journey from Warrington Bank Quay: London 105 min (0 changes), Birmingham 70 min (0 changes); recheck against the exact travel date.","M6/M62/M56, busy railways and extensive logistics/industry create unusually dense transport-noise corridors.","Waterways and maintained districts are balanced by logistics, road infrastructure and a mixed town centre.",https://api.postcodes.io/places?q=Warrington | https://api.postcodes.io/postcodes?lon=-2.590897&lat=53.389570&limit=1&radius=2000 | https://data.police.uk/api/crimes-street/all-crime?lat=53.389570&lng=-2.590897&date=2026-07 | https://data.police.uk/docs/method/crime-street/,https://www.gov.uk/government/statistical-data-sets/price-paid-data-downloads,https://www.ons.gov.uk/economy/inflationandpriceindices/datasets/priceindexofprivaterentsukmonthlypricestatistics | https://www.ons.gov.uk/economy/inflationandpriceindices/bulletins/privaterentandhousepricesuk/august2026,https://www.rightmove.co.uk/property-for-sale/find.html?locationIdentifier=REGION%5E1403&minBedrooms=1&maxBedrooms=1&propertyTypes=flat&includeSSTC=false&mustHave=&dontShow=retirement%2CsharedOwnership&furnishTypes=&keywords= | https://www.rightmove.co.uk/property-to-rent/find.html?locationIdentifier=REGION%5E1403&minBedrooms=1&maxBedrooms=1&propertyTypes=flat&includeSSTC=true&mustHave=&dontShow=houseShare%2Cretirement&furnishTypes=&keywords= | https://los.rightmove.co.uk/typeahead?query=Warrington,https://www.nationalrail.co.uk/journey-planner/ | https://www.traveline.info/,https://www.gov.uk/government/publications/strategic-noise-mapping-2022/explaining-the-2022-noise-maps | https://www.gov.uk/government/statistics/english-indices-of-deprivation-2025 | https://www.openstreetmap.org/search?query=Warrington%2C%20UK
Wigan,Unknown: Greater Manchester Police crime data are unavailable on Police.uk; sparse point-query returns are cross-force records and cannot support a comparable indicator.,"Median of 200 achieved standard flat/maisonette sales; this is an all-size flat screening proxy, not a one-bedroom estimate.",Official one-bedroom modelled average for Wigan LA; underlying observation count is not published in the table.,"Rightmove's filtered snapshot returned 15 sale and 23 rental results; these are portal headline counts, not deduplicated properties, and the query does not verify tower stock.","Broad screen indicates a useful town/city bus-and-rail network; this is a town-level judgement, not a neighbourhood accessibility audit.","Approximate representative faster weekday journey from Wigan North Western: London 120 min (0 changes), Birmingham 85 min (0 changes); recheck against the exact travel date.","M6/M61 access, rail and arterial roads create clear corridors, but overall activity is below major-city intensity.","Renewal and historic pockets are balanced by post-industrial, traffic-heavy and uneven centre fabric.",https://api.postcodes.io/places?q=Wigan | https://api.postcodes.io/postcodes?lon=-2.629695&lat=53.545539&limit=1&radius=2000 | https://data.police.uk/api/crimes-street/all-crime?lat=53.545539&lng=-2.629695&date=2026-07 | https://data.police.uk/docs/method/crime-street/ | https://data.police.uk/changelog/,https://www.gov.uk/government/statistical-data-sets/price-paid-data-downloads,https://www.ons.gov.uk/economy/inflationandpriceindices/datasets/priceindexofprivaterentsukmonthlypricestatistics | https://www.ons.gov.uk/economy/inflationandpriceindices/bulletins/privaterentandhousepricesuk/august2026,https://www.rightmove.co.uk/property-for-sale/find.html?locationIdentifier=REGION%5E1452&minBedrooms=1&maxBedrooms=1&propertyTypes=flat&includeSSTC=false&mustHave=&dontShow=retirement%2CsharedOwnership&furnishTypes=&keywords= | https://www.rightmove.co.uk/property-to-rent/find.html?locationIdentifier=REGION%5E1452&minBedrooms=1&maxBedrooms=1&propertyTypes=flat&includeSSTC=true&mustHave=&dontShow=houseShare%2Cretirement&furnishTypes=&keywords= | https://los.rightmove.co.uk/typeahead?query=Wigan,https://www.nationalrail.co.uk/journey-planner/ | https://www.traveline.info/ | https://tfgm.com/,https://www.gov.uk/government/publications/strategic-noise-mapping-2022/explaining-the-2022-noise-maps | https://www.gov.uk/government/statistics/english-indices-of-deprivation-2025 | https://www.openstreetmap.org/search?query=Wigan%2C%20UK
Wolverhampton,"Identical-radius centre proxy: 3338 violence/sexual-offence and 346 ASB records in 12 months; relative composite places it in screening band 4/5, but this is not a population-normalised town or neighbourhood rate.","Median of 462 achieved standard flat/maisonette sales; this is an all-size flat screening proxy, not a one-bedroom estimate.",Official one-bedroom modelled average for Wolverhampton LA; underlying observation count is not published in the table.,"Rightmove's filtered snapshot returned 51 sale and 94 rental results; these are portal headline counts, not deduplicated properties, and the query does not verify tower stock.","Broad screen indicates a useful town/city bus-and-rail network; this is a town-level judgement, not a neighbourhood accessibility audit.","Approximate representative faster weekday journey from Wolverhampton: London 105 min (0 changes), Birmingham 20 min (0 changes); recheck against the exact travel date.","Ring roads, rail/Metro, industry and nearby motorway corridors create substantial persistent noise pressure.","Civic assets and renewal are offset by extensive deprived, traffic-dominated and post-industrial fabric.",https://api.postcodes.io/places?q=Wolverhampton | https://api.postcodes.io/postcodes?lon=-2.129916&lat=52.586205&limit=1&radius=2000 | https://data.police.uk/api/crimes-street/all-crime?lat=52.586205&lng=-2.129916&date=2026-07 | https://data.police.uk/docs/method/crime-street/,https://www.gov.uk/government/statistical-data-sets/price-paid-data-downloads,https://www.ons.gov.uk/economy/inflationandpriceindices/datasets/priceindexofprivaterentsukmonthlypricestatistics | https://www.ons.gov.uk/economy/inflationandpriceindices/bulletins/privaterentandhousepricesuk/august2026,https://www.rightmove.co.uk/property-for-sale/find.html?locationIdentifier=REGION%5E1476&minBedrooms=1&maxBedrooms=1&propertyTypes=flat&includeSSTC=false&mustHave=&dontShow=retirement%2CsharedOwnership&furnishTypes=&keywords= | https://www.rightmove.co.uk/property-to-rent/find.html?locationIdentifier=REGION%5E1476&minBedrooms=1&maxBedrooms=1&propertyTypes=flat&includeSSTC=true&mustHave=&dontShow=houseShare%2Cretirement&furnishTypes=&keywords= | https://los.rightmove.co.uk/typeahead?query=Wolverhampton,https://www.nationalrail.co.uk/journey-planner/ | https://www.traveline.info/ | https://www.tfwm.org.uk/,https://www.gov.uk/government/publications/strategic-noise-mapping-2022/explaining-the-2022-noise-maps | https://www.gov.uk/government/statistics/english-indices-of-deprivation-2025 | https://www.openstreetmap.org/search?query=Wolverhampton%2C%20UK
Worcester,"Identical-radius centre proxy: 2289 violence/sexual-offence and 935 ASB records in 12 months; relative composite places it in screening band 4/5, but this is not a population-normalised town or neighbourhood rate.","Median of 466 achieved standard flat/maisonette sales; this is an all-size flat screening proxy, not a one-bedroom estimate.",Official one-bedroom modelled average for Worcester LA; underlying observation count is not published in the table.,"Rightmove's filtered snapshot returned 52 sale and 52 rental results; these are portal headline counts, not deduplicated properties, and the query does not verify tower stock.","Broad screen indicates basic bus and rail coverage with less network depth; this is a town-level judgement, not a neighbourhood accessibility audit.","Approximate representative faster weekday journey from Worcester Foregate Street; city has multiple stations: London 125 min (0 changes), Birmingham 45 min (0 changes); recheck against the exact travel date.","M5 and railways create defined corridors, but the small historic city has much lower-intensity fabric away from them.","Coherent historic centre, river setting and generally attractive urban fabric support the highest condition score.",https://api.postcodes.io/places?q=Worcester | https://api.postcodes.io/postcodes?lon=-2.221088&lat=52.192932&limit=1&radius=2000 | https://data.police.uk/api/crimes-street/all-crime?lat=52.192932&lng=-2.221088&date=2026-07 | https://data.police.uk/docs/method/crime-street/,https://www.gov.uk/government/statistical-data-sets/price-paid-data-downloads,https://www.ons.gov.uk/economy/inflationandpriceindices/datasets/priceindexofprivaterentsukmonthlypricestatistics | https://www.ons.gov.uk/economy/inflationandpriceindices/bulletins/privaterentandhousepricesuk/august2026,https://www.rightmove.co.uk/property-for-sale/find.html?locationIdentifier=REGION%5E1483&minBedrooms=1&maxBedrooms=1&propertyTypes=flat&includeSSTC=false&mustHave=&dontShow=retirement%2CsharedOwnership&furnishTypes=&keywords= | https://www.rightmove.co.uk/property-to-rent/find.html?locationIdentifier=REGION%5E1483&minBedrooms=1&maxBedrooms=1&propertyTypes=flat&includeSSTC=true&mustHave=&dontShow=houseShare%2Cretirement&furnishTypes=&keywords= | https://los.rightmove.co.uk/typeahead?query=Worcester,https://www.nationalrail.co.uk/journey-planner/ | https://www.traveline.info/,https://www.gov.uk/government/publications/strategic-noise-mapping-2022/explaining-the-2022-noise-maps | https://www.gov.uk/government/statistics/english-indices-of-deprivation-2025 | https://www.openstreetmap.org/search?query=Worcester%2C%20UK
Wrexham,"Identical-radius centre proxy: 2095 violence/sexual-offence and 936 ASB records in 12 months; relative composite places it in screening band 4/5, but this is not a population-normalised town or neighbourhood rate.","Median of 186 achieved standard flat/maisonette sales; this is an all-size flat screening proxy, not a one-bedroom estimate.",Official one-bedroom modelled average for Wrexham LA; underlying observation count is not published in the table.,"Rightmove's filtered snapshot returned 3 sale and 11 rental results; these are portal headline counts, not deduplicated properties, and the query does not verify tower stock.","Broad screen indicates basic bus and rail coverage with less network depth; this is a town-level judgement, not a neighbourhood accessibility audit.","Approximate representative faster weekday journey from Wrexham General: London 140 min (1 change), Birmingham 75 min (1 change); recheck against the exact travel date.","A483, rail and large industrial estates create noticeable corridors, while the town's scale limits continuous intensity.","Historic and maintained pockets are balanced by industrial edges and a mixed, sometimes uneven centre.",https://api.postcodes.io/places?q=Wrexham | https://api.postcodes.io/postcodes?lon=-2.994781&lat=53.047921&limit=1&radius=2000 | https://data.police.uk/api/crimes-street/all-crime?lat=53.047921&lng=-2.994781&date=2026-07 | https://data.police.uk/docs/method/crime-street/,https://www.gov.uk/government/statistical-data-sets/price-paid-data-downloads,https://www.ons.gov.uk/economy/inflationandpriceindices/datasets/priceindexofprivaterentsukmonthlypricestatistics | https://www.ons.gov.uk/economy/inflationandpriceindices/bulletins/privaterentandhousepricesuk/august2026,https://www.rightmove.co.uk/property-for-sale/find.html?locationIdentifier=REGION%5E1489&minBedrooms=1&maxBedrooms=1&propertyTypes=flat&includeSSTC=false&mustHave=&dontShow=retirement%2CsharedOwnership&furnishTypes=&keywords= | https://www.rightmove.co.uk/property-to-rent/find.html?locationIdentifier=REGION%5E1489&minBedrooms=1&maxBedrooms=1&propertyTypes=flat&includeSSTC=true&mustHave=&dontShow=houseShare%2Cretirement&furnishTypes=&keywords= | https://los.rightmove.co.uk/typeahead?query=Wrexham,https://www.nationalrail.co.uk/journey-planner/ | https://www.traveline.info/ | https://tfw.wales/,https://datamap.gov.wales/layergroups/geonode%3AEnvironmental_Noise_Mapping_2022 | https://stats.gov.wales/en-GB/c67b9e08-dacc-439a-a244-2fce79b11400 | https://www.openstreetmap.org/search?query=Wrexham%2C%20UK
